// Generated by twine-cli 0.1.0: twine font --ttf assets/fonts/DejaVuSans.ttf --size 16 --bpp 4 --range 0x20-0x7F --range 0xB0 --range 0x2022 --range 0x0590-0x05FF --range 0x0600-0x06FF --range 0xFB50-0xFDFF --range 0xFE70-0xFEFF --symbols fa --compress --name DEJAVU_16_PERSIAN_HEBREW --out crates/twine-assets/src/fonts/dejavu_16_persian_hebrew.rs
// Source: DejaVuSans.ttf SHA-256 7da195a74c55bef988d0d48f9508bd5d849425c1770dba5d7bfc6ce9ed848954
// Symbols: fa-solid-900.ttf SHA-256 f9d6933d04c59a42aca30bd88eec38bb9cbeb69b1547fd550ef73eba0bce7a1a
// Symbols: fa-brands-400.ttf SHA-256 e4e76807a21a2ac963e707ddffb3623283618c04345724b26bdc23d0dafdfde6
// 625 glyphs, line height 19 px, base line 4 px, 4 bpp, compressed bitmaps, 220 kerning pairs.
// Do not edit: regenerate with the command above.

#[rustfmt::skip]
static DEJAVU_16_PERSIAN_HEBREW_BITMAP: [u8; 27471] = [
    0x6a, 0xf5, 0x00, 0xfc, 0x22, 0xf3, 0x5e, 0x23, 0x9f, 0x00, 0x59, 0x05, 0x82, 0x40, 0xd4, 0x00,
    0xff, 0x12, 0x06, 0xa0, 0x00, 0xc4, 0xe0, 0x06, 0x40, 0x0f, 0x2e, 0x00, 0x20, 0x40, 0x3d, 0x86,
    0x06, 0x28, 0x01, 0x1a, 0x21, 0x7d, 0x2c, 0x95, 0x04, 0x3a, 0xac, 0x66, 0x9c, 0xaa, 0x84, 0x1b,
    0xd0, 0x7d, 0xc1, 0xae, 0xe1, 0x80, 0x58, 0x80, 0x62, 0x80, 0x12, 0xb3, 0x10, 0x5a, 0x45, 0xd8,
    0x83, 0x36, 0xc0, 0xb5, 0x0f, 0x74, 0x21, 0x37, 0x49, 0x76, 0x08, 0xbb, 0x18, 0x05, 0x86, 0x06,
    0x28, 0x01, 0xe5, 0xc0, 0x43, 0x10, 0x0c, 0x00, 0x84, 0x40, 0x1e, 0x77, 0x00, 0x71, 0x77, 0x98,
    0x80, 0xd6, 0xb2, 0x6f, 0x13, 0x26, 0x45, 0xf5, 0x9e, 0x91, 0x80, 0x48, 0x3a, 0x6c, 0x20, 0x19,
    0xda, 0x62, 0xe4, 0xc0, 0x13, 0xce, 0xc9, 0x8a, 0x00, 0x1e, 0xdd, 0x1c, 0x80, 0x79, 0x82, 0x61,
    0x07, 0x9d, 0x6f, 0x4a, 0x61, 0xee, 0x5d, 0x2b, 0x66, 0x58, 0xc0, 0x1f, 0xf9, 0x10, 0x01, 0x01,
    0xad, 0xb2, 0x00, 0xd1, 0x00, 0x0d, 0x43, 0xc5, 0xe0, 0x11, 0xb4, 0x80, 0x42, 0x90, 0x70, 0x46,
    0x00, 0xf9, 0x10, 0x0e, 0x10, 0x10, 0x70, 0x60, 0x70, 0x0c, 0x22, 0x70, 0x30, 0x61, 0x88, 0x00,
    0x7a, 0x6e, 0x79, 0x8a, 0x11, 0x00, 0x20, 0x19, 0xeb, 0xa2, 0x4d, 0xec, 0xf7, 0xf9, 0x40, 0x24,
    0x75, 0x0f, 0x81, 0xf4, 0xeb, 0xb0, 0x80, 0x73, 0x03, 0x01, 0xe8, 0x28, 0xa8, 0x06, 0x18, 0xf0,
    0x10, 0x70, 0x0f, 0xd0, 0xe6, 0x02, 0x76, 0x08, 0x0a, 0x01, 0x23, 0xc0, 0x05, 0xed, 0x95, 0x22,
    0x01, 0x36, 0x08, 0x04, 0x7f, 0xf3, 0x00, 0x00, 0x2d, 0xed, 0xc0, 0x80, 0x64, 0xa0, 0xbc, 0x43,
    0x00, 0xda, 0x36, 0xcf, 0x84, 0x01, 0x84, 0x04, 0x03, 0xf5, 0x0d, 0x80, 0x7e, 0xb1, 0x59, 0x00,
    0xc8, 0x4c, 0xcd, 0xa6, 0x90, 0x01, 0x5b, 0xda, 0x9a, 0xcb, 0x48, 0x38, 0x21, 0x90, 0x01, 0xa5,
    0xa2, 0x58, 0x49, 0x00, 0x26, 0x97, 0x28, 0x09, 0x3a, 0x31, 0x3c, 0x01, 0x90, 0x5a, 0x7c, 0xec,
    0x1c, 0x87, 0x70, 0x2e, 0xeb, 0x3a, 0xcd, 0xfd, 0xc0, 0x59, 0x24, 0x00, 0xc4, 0x80, 0x00, 0x09,
    0x00, 0x2e, 0xc0, 0x6b, 0x61, 0x28, 0x42, 0xba, 0x08, 0x08, 0x1a, 0x04, 0x02, 0x20, 0x0f, 0x08,
    0x80, 0x1a, 0x04, 0x08, 0x08, 0x02, 0xba, 0x00, 0x94, 0x20, 0x35, 0xb0, 0x05, 0xd8, 0x11, 0x00,
    0x1f, 0x04, 0x18, 0x18, 0x01, 0x54, 0x00, 0x29, 0x20, 0x10, 0xe0, 0x01, 0x4c, 0x00, 0x2c, 0x01,
    0xe1, 0x60, 0x02, 0x98, 0x10, 0xe0, 0x29, 0x20, 0x55, 0x01, 0x81, 0xc1, 0xf0, 0x00, 0x00, 0x99,
    0x80, 0x11, 0x18, 0x08, 0x80, 0xc8, 0x7e, 0x7f, 0xd3, 0xe2, 0x79, 0x86, 0x66, 0x60, 0xc1, 0x24,
    0x89, 0x28, 0x09, 0xfd, 0x76, 0xef, 0x44, 0x59, 0x00, 0x0a, 0xd0, 0x02, 0x44, 0x00, 0x40, 0x00,
    0xff, 0xe2, 0x72, 0x80, 0x7f, 0xf6, 0x4e, 0xab, 0x0c, 0xd5, 0x4e, 0x01, 0xff, 0x1d, 0x56, 0x19,
    0xaa, 0x9c, 0x03, 0xff, 0xaa, 0x2f, 0x81, 0x0e, 0x51, 0x7e, 0x81, 0x00, 0xe3, 0xff, 0xc5, 0x77,
    0x80, 0x4f, 0x50, 0x08, 0x00, 0xd4, 0x60, 0x12, 0x29, 0x00, 0x5a, 0x82, 0x01, 0x3e, 0x80, 0x46,
    0x28, 0x01, 0x59, 0x90, 0x04, 0xb6, 0x01, 0x11, 0x10, 0x02, 0x52, 0x30, 0x0a, 0xd4, 0x02, 0x13,
    0xc0, 0x09, 0xc5, 0x00, 0x2c, 0x70, 0x0d, 0xb4, 0x01, 0x80, 0x01, 0x8c, 0xc4, 0x88, 0x05, 0x4d,
    0x76, 0x4c, 0x10, 0x54, 0xb7, 0x77, 0x93, 0x07, 0x8a, 0x80, 0x09, 0x2c, 0x19, 0x40, 0x31, 0x98,
    0x08, 0x40, 0x37, 0x80, 0x80, 0x7f, 0x18, 0x80, 0x6f, 0x00, 0x33, 0x00, 0x31, 0x08, 0xb0, 0x88,
    0x00, 0x14, 0x70, 0x61, 0xe2, 0x1b, 0x1a, 0x01, 0xd1, 0xde, 0x4a, 0x30, 0x01, 0xee, 0xb3, 0x94,
    0x00, 0x04, 0x7a, 0xa0, 0x80, 0x12, 0xe1, 0x14, 0xc0, 0x0b, 0x9f, 0x20, 0x18, 0x4c, 0x03, 0xff,
    0xd6, 0xaa, 0xe0, 0x45, 0x30, 0xaa, 0x30, 0x4d, 0x40, 0x38, 0xbd, 0xc8, 0x10, 0x85, 0x2a, 0x67,
    0xd0, 0x8d, 0x97, 0xa9, 0x35, 0x30, 0x0c, 0x80, 0x40, 0x1c, 0xc0, 0x40, 0x18, 0x64, 0x94, 0x03,
    0x51, 0xf8, 0x06, 0xb5, 0xd2, 0x00, 0xa9, 0x68, 0xc0, 0x2a, 0x4a, 0x40, 0x0a, 0x55, 0xc5, 0x56,
    0x35, 0x06, 0xaa, 0xe0, 0x39, 0xcd, 0xc9, 0x20, 0x52, 0x4a, 0x57, 0xc2, 0x6b, 0x87, 0x9d, 0x1a,
    0x00, 0xe3, 0x01, 0x00, 0xe7, 0x0a, 0x00, 0x56, 0xfc, 0xd9, 0x80, 0x3e, 0xdc, 0xe4, 0x80, 0x0a,
    0xd1, 0x87, 0x00, 0x1c, 0x2a, 0xe0, 0x1e, 0x61, 0x85, 0x22, 0x25, 0x15, 0x0d, 0x6e, 0xad, 0xe5,
    0xa7, 0xf3, 0x1b, 0xa6, 0x00, 0x00, 0xe6, 0xa6, 0x00, 0xf1, 0x42, 0xf8, 0x07, 0xb9, 0x84, 0x03,
    0xce, 0x32, 0x01, 0xe2, 0x99, 0x08, 0x07, 0xa5, 0xd0, 0x03, 0xcc, 0xb0, 0x01, 0xe1, 0x88, 0x00,
    0x88, 0x0c, 0x40, 0x86, 0x7b, 0xa1, 0x5e, 0x42, 0xbb, 0xe1, 0x4b, 0x51, 0x44, 0xe0, 0x24, 0x10,
    0x0f, 0xf0, 0x3a, 0xae, 0x90, 0x75, 0x10, 0x0f, 0xa2, 0xaa, 0x90, 0x0f, 0xfa, 0x6a, 0x54, 0x02,
    0x11, 0x02, 0xd5, 0x82, 0xf5, 0xd6, 0x42, 0x30, 0x80, 0x67, 0x1d, 0x00, 0xf1, 0x00, 0x78, 0x8c,
    0xa1, 0x48, 0x8b, 0xe1, 0x43, 0x5b, 0xaa, 0x0b, 0x39, 0xed, 0xcd, 0xd2, 0x00, 0x00, 0x1d, 0x66,
    0x28, 0xc0, 0x0b, 0x8c, 0x88, 0x15, 0x01, 0xb5, 0xc8, 0x85, 0xb0, 0x30, 0xc0, 0x07, 0xb0, 0x82,
    0x6a, 0x08, 0x00, 0xc1, 0x86, 0x65, 0xd4, 0x00, 0x14, 0xd4, 0xe1, 0x48, 0x08, 0x30, 0x00, 0x68,
    0x88, 0xc0, 0x20, 0x1e, 0xc0, 0x30, 0x0b, 0x40, 0x98, 0xbc, 0xc5, 0x95, 0x80, 0x1e, 0x19, 0xd2,
    0xd2, 0x00, 0x2c, 0xdc, 0xe9, 0x00, 0x7a, 0xaf, 0x40, 0x07, 0x0a, 0x8b, 0xd5, 0x6d, 0x0d, 0x00,
    0xea, 0x24, 0x00, 0xc6, 0x6a, 0x00, 0xeb, 0x06, 0x00, 0xe6, 0x51, 0x00, 0xca, 0x3e, 0x01, 0xdc,
    0x2a, 0x01, 0x89, 0x18, 0x03, 0x94, 0x28, 0x03, 0xa8, 0xc8, 0x02, 0x03, 0xad, 0xd5, 0x20, 0x00,
    0xb5, 0xea, 0x8d, 0x6a, 0x14, 0x3e, 0xee, 0xd1, 0xe0, 0x10, 0x20, 0x00, 0x90, 0x03, 0x41, 0x80,
    0x08, 0x7a, 0x09, 0x57, 0xba, 0xa9, 0x60, 0x1e, 0x35, 0x51, 0xd9, 0x84, 0x2f, 0xc4, 0x34, 0x7c,
    0x11, 0x44, 0x02, 0x43, 0x11, 0x38, 0x06, 0x20, 0x1b, 0x38, 0x21, 0x65, 0x50, 0x3b, 0xdb, 0xd2,
    0xb6, 0x00, 0x8e, 0xcc, 0x75, 0x08, 0x00, 0x03, 0xad, 0xc8, 0x10, 0x01, 0xeb, 0x5d, 0x9b, 0x40,
    0x10, 0x1a, 0xcf, 0xa6, 0xc0, 0xa8, 0x20, 0x03, 0x2d, 0x00, 0x18, 0x06, 0x15, 0x02, 0x40, 0x08,
    0x8c, 0x42, 0x4a, 0x91, 0x1c, 0x20, 0x05, 0xa7, 0xba, 0x47, 0x10, 0x02, 0xef, 0xf4, 0x2a, 0x80,
    0x3c, 0x87, 0xa0, 0x4c, 0x64, 0xd4, 0x8c, 0x03, 0x19, 0xb2, 0xf4, 0x00, 0x3e, 0xdc, 0xe9, 0x10,
    0x00, 0x04, 0x22, 0x5d, 0x1a, 0x70, 0xdb, 0x00, 0x7f, 0x17, 0xc0, 0x04, 0x04, 0x22, 0x5d, 0x1a,
    0x70, 0xdb, 0x00, 0x7f, 0x17, 0xc0, 0x87, 0x28, 0xbf, 0x40, 0x80, 0x00, 0xff, 0x10, 0x07, 0xc4,
    0xfb, 0x20, 0x18, 0x5b, 0x36, 0x56, 0x00, 0x0b, 0x5d, 0x0b, 0x7d, 0x06, 0x6e, 0xa0, 0xae, 0x94,
    0x00, 0xf0, 0x80, 0x80, 0x71, 0xf5, 0x8d, 0xfd, 0x20, 0x07, 0x25, 0x7c, 0x0d, 0xf4, 0x98, 0x06,
    0x16, 0xbd, 0x95, 0x80, 0x0f, 0x89, 0xf2, 0x80, 0x14, 0x4f, 0xe3, 0x4b, 0xbf, 0xe8, 0x5e, 0xef,
    0xeb, 0x00, 0xff, 0x0a, 0xf7, 0x7f, 0x52, 0x5d, 0xff, 0x40, 0x11, 0x00, 0x7f, 0x27, 0xd2, 0x00,
    0x7c, 0x90, 0xd7, 0xd0, 0x60, 0x18, 0x5b, 0x36, 0x57, 0x30, 0xe4, 0x01, 0x89, 0xf7, 0x12, 0xb6,
    0x00, 0x3e, 0x13, 0x00, 0xe2, 0x8d, 0xc5, 0x9e, 0x81, 0x7c, 0xd5, 0x56, 0xe3, 0x88, 0x24, 0xad,
    0xec, 0x10, 0x06, 0x4e, 0x94, 0x00, 0xf8, 0x39, 0xcd, 0xa2, 0x0e, 0x2b, 0x54, 0xc1, 0xeb, 0x78,
    0xb1, 0x43, 0x00, 0x8c, 0x04, 0x02, 0x28, 0x44, 0x00, 0x0b, 0x0a, 0x80, 0x28, 0x3d, 0x10, 0x09,
    0xd0, 0x40, 0x30, 0x88, 0x03, 0xb2, 0x00, 0x3b, 0xa4, 0x03, 0xc6, 0x01, 0x00, 0xe1, 0x34, 0x20,
    0x0f, 0xc9, 0x7d, 0xb3, 0xba, 0x70, 0x0e, 0x8a, 0xcd, 0xed, 0xf8, 0xbc, 0x10, 0x04, 0x2e, 0x39,
    0x00, 0x4b, 0x8d, 0x40, 0x4d, 0xe4, 0x0d, 0x52, 0x6e, 0x74, 0xcb, 0x6e, 0x41, 0x30, 0x43, 0xb2,
    0xc1, 0x5e, 0xba, 0x04, 0xd5, 0x10, 0xa1, 0x00, 0x1b, 0x93, 0x83, 0x02, 0x00, 0x10, 0x40, 0x21,
    0x00, 0x9c, 0x04, 0x02, 0x10, 0x06, 0x2a, 0xc0, 0x63, 0x20, 0x08, 0x00, 0x23, 0x5e, 0xd0, 0x02,
    0x9b, 0xb5, 0x0a, 0xe7, 0x49, 0xc5, 0xc1, 0x3e, 0xbb, 0x27, 0x74, 0x60, 0x3d, 0x30, 0x02, 0x86,
    0x08, 0xa2, 0x01, 0x1e, 0x26, 0xc3, 0x32, 0x36, 0xc8, 0x03, 0x16, 0x48, 0xee, 0x86, 0x34, 0xc0,
    0x00, 0x00, 0xcb, 0x4a, 0x01, 0xfa, 0x16, 0x40, 0x3e, 0x42, 0x73, 0x30, 0x07, 0xb4, 0xa0, 0x68,
    0x03, 0x85, 0xd4, 0x19, 0xc0, 0x39, 0xc6, 0x82, 0xc5, 0x40, 0x35, 0x19, 0x01, 0x9b, 0x80, 0x22,
    0x35, 0x5c, 0xc8, 0x40, 0x0a, 0x06, 0xaa, 0x94, 0x14, 0x00, 0xcb, 0xff, 0xc9, 0x40, 0xa3, 0xe0,
    0x1d, 0xc4, 0x9e, 0x2a, 0x01, 0xc8, 0x3a, 0x4a, 0xad, 0x2a, 0x00, 0x25, 0x03, 0x05, 0xab, 0x00,
    0xa2, 0x6b, 0x1d, 0x10, 0x01, 0xec, 0x01, 0x00, 0xe1, 0xe0, 0x40, 0x07, 0xee, 0xb9, 0xec, 0x40,
    0x0b, 0x74, 0xe1, 0x02, 0x00, 0xa6, 0x78, 0xf3, 0x80, 0x0f, 0x11, 0x14, 0x03, 0xc2, 0x6e, 0x00,
    0x44, 0x2b, 0x68, 0xf0, 0x02, 0x6e, 0xa1, 0xe9, 0x40, 0x00, 0x8a, 0x33, 0x72, 0x4c, 0x02, 0x5c,
    0x65, 0xa4, 0x5c, 0x40, 0x2b, 0x5f, 0x97, 0x8c, 0xb0, 0x05, 0x8c, 0x88, 0x06, 0x44, 0x03, 0xa1,
    0x00, 0x7c, 0x22, 0x20, 0x0f, 0xfe, 0x38, 0x81, 0x80, 0x7f, 0x22, 0x00, 0x3f, 0xb8, 0x60, 0x03,
    0x84, 0x81, 0x59, 0xe4, 0xc4, 0x9b, 0x1c, 0x01, 0x32, 0x4c, 0xed, 0x85, 0x40, 0x09, 0xb7, 0x59,
    0xbd, 0x02, 0x4a, 0xaa, 0x61, 0x44, 0x02, 0x25, 0x03, 0x32, 0x57, 0xb8, 0x06, 0x89, 0xac, 0xe4,
    0x86, 0x00, 0xf8, 0x68, 0xa0, 0x03, 0xfa, 0x84, 0xc0, 0x3f, 0x10, 0x30, 0x07, 0xff, 0x1c, 0xc0,
    0x40, 0x3f, 0x68, 0x28, 0x07, 0xcc, 0x8c, 0x20, 0x04, 0x42, 0xbd, 0xca, 0x40, 0x05, 0x37, 0x6a,
    0x1a, 0xb1, 0x00, 0x4a, 0xaf, 0x48, 0x12, 0x88, 0x07, 0xe9, 0xaa, 0xd2, 0x01, 0xff, 0xc9, 0xcd,
    0xdd, 0x20, 0x13, 0x55, 0x6c, 0x00, 0xa9, 0xdf, 0x28, 0x07, 0xff, 0x25, 0x15, 0x78, 0x02, 0x9a,
    0xae, 0x10, 0x4a, 0xaf, 0x19, 0x28, 0x80, 0x7d, 0x35, 0x58, 0xc0, 0x3f, 0xf8, 0xd9, 0xbb, 0x50,
    0x04, 0xd7, 0x77, 0x80, 0x54, 0xcd, 0x28, 0x07, 0xff, 0x54, 0x00, 0x8a, 0x2f, 0x72, 0x98, 0x03,
    0x2e, 0x31, 0x55, 0x84, 0xd8, 0x00, 0xa9, 0x7e, 0x5d, 0xd5, 0xb8, 0x00, 0x80, 0x91, 0x00, 0xc4,
    0xe0, 0x04, 0x41, 0x00, 0x7e, 0x11, 0x10, 0x06, 0x11, 0xc0, 0x1f, 0x0f, 0x76, 0x11, 0x01, 0x80,
    0x43, 0x98, 0x60, 0x09, 0x10, 0x01, 0x8c, 0xdc, 0x01, 0x70, 0xb8, 0x07, 0xf2, 0xb4, 0x4a, 0x09,
    0x26, 0x00, 0x69, 0x92, 0x5f, 0x6d, 0x85, 0x88, 0x04, 0xdb, 0xac, 0xc7, 0x5a, 0x00, 0x4a, 0x10,
    0x0c, 0x34, 0xa4, 0xa6, 0x01, 0x8d, 0x48, 0x03, 0xff, 0xa9, 0x9b, 0xbb, 0xc0, 0x33, 0x55, 0x65,
    0x00, 0xd4, 0xef, 0xa8, 0x03, 0xff, 0xbc, 0x4a, 0x12, 0x53, 0x00, 0xff, 0xe9, 0x00, 0x00, 0x25,
    0x08, 0x00, 0x94, 0xc0, 0x3f, 0xfc, 0x62, 0x01, 0xb8, 0x0c, 0x95, 0xd0, 0x7a, 0x8e, 0x43, 0xb7,
    0x44, 0x00, 0x4a, 0x10, 0x08, 0x66, 0x42, 0x4a, 0x60, 0x01, 0xd7, 0xd1, 0x00, 0xc3, 0xa5, 0xa8,
    0x01, 0x8b, 0x07, 0x0c, 0x03, 0x3f, 0x87, 0x90, 0x07, 0x58, 0x61, 0x00, 0x78, 0x88, 0x80, 0x1f,
    0x7a, 0x52, 0x80, 0x78, 0x6d, 0x29, 0x40, 0x3e, 0xb4, 0xa5, 0x00, 0xfa, 0xd2, 0x94, 0x03, 0xeb,
    0x4a, 0x50, 0x4a, 0x10, 0x0e, 0x25, 0x30, 0x0f, 0xff, 0xda, 0x2a, 0xe4, 0x00, 0x4d, 0x56, 0x80,
    0x4a, 0xa0, 0x80, 0x62, 0xaa, 0x11, 0x15, 0x48, 0x01, 0xa9, 0x54, 0xc0, 0x04, 0xe0, 0x0c, 0xc8,
    0x01, 0xb9, 0x08, 0x00, 0xa3, 0xa0, 0x19, 0xc9, 0x40, 0x1e, 0xa4, 0x01, 0x8e, 0xa8, 0x02, 0xbc,
    0x01, 0xe5, 0x23, 0x71, 0x40, 0x0f, 0x12, 0x55, 0x18, 0x03, 0xf7, 0x31, 0xd8, 0x07, 0xe4, 0x42,
    0x98, 0x07, 0xe1, 0xba, 0x00, 0xff, 0xe2, 0x80, 0x4a, 0x90, 0x0c, 0x34, 0x84, 0xac, 0xa0, 0x11,
    0xa9, 0x00, 0x0a, 0x40, 0x3f, 0x41, 0xb0, 0x07, 0xc8, 0x8b, 0x00, 0xfd, 0x04, 0xc0, 0x1f, 0x1a,
    0xc0, 0x80, 0x7d, 0x02, 0xc0, 0x1f, 0x13, 0x48, 0x80, 0x7d, 0x01, 0x20, 0x1f, 0x0b, 0x28, 0x07,
    0xe9, 0x10, 0x00, 0x00, 0x8a, 0x73, 0x6d, 0xc0, 0x39, 0x75, 0x11, 0x45, 0x18, 0x20, 0x03, 0xa4,
    0xc8, 0x79, 0xc2, 0xa0, 0x04, 0x84, 0x88, 0x04, 0x6c, 0x86, 0x08, 0x82, 0x00, 0xea, 0x0b, 0x11,
    0x10, 0x07, 0x88, 0x08, 0x03, 0xff, 0x08, 0x18, 0x07, 0x84, 0x0c, 0x11, 0x00, 0x1e, 0x40, 0xc0,
    0xe1, 0x70, 0x0c, 0x30, 0x2a, 0x0a, 0xa8, 0x81, 0x0a, 0x69, 0x50, 0x05, 0x50, 0xdb, 0xd6, 0x18,
    0x80, 0x19, 0xfb, 0x73, 0xb0, 0xc0, 0x00, 0x4a, 0xad, 0x04, 0x00, 0x25, 0x03, 0x06, 0xd5, 0x00,
    0xa2, 0x6b, 0xc6, 0x00, 0x3c, 0x2e, 0x42, 0x01, 0xe3, 0x00, 0xf0, 0xb2, 0xa0, 0x80, 0x37, 0xfa,
    0x4e, 0x40, 0x29, 0xab, 0xdc, 0x20, 0x09, 0x15, 0x08, 0x03, 0xff, 0xa4, 0x00, 0x8a, 0x73, 0x6d,
    0xc0, 0x39, 0x75, 0x11, 0x45, 0x18, 0x20, 0x03, 0xa4, 0xc8, 0x79, 0xc2, 0xa0, 0x04, 0x84, 0x88,
    0x04, 0x6c, 0x86, 0x08, 0x82, 0x00, 0xea, 0x0b, 0x11, 0x10, 0x07, 0x88, 0x08, 0x03, 0xff, 0x08,
    0x18, 0x07, 0x84, 0x0c, 0x11, 0x00, 0x1e, 0x40, 0xc0, 0xe1, 0x70, 0x0c, 0x30, 0x28, 0x0a, 0xa8,
    0x81, 0x0a, 0x69, 0x50, 0x80, 0x2a, 0x1b, 0x7a, 0xc7, 0x10, 0x03, 0x3f, 0x6e, 0x21, 0x80, 0x7e,
    0x23, 0xa2, 0xd2, 0x00, 0xfc, 0x39, 0xe6, 0x00, 0x4a, 0xad, 0x06, 0x01, 0x12, 0x81, 0x83, 0x63,
    0x00, 0x68, 0x9a, 0xf2, 0x80, 0x0f, 0x85, 0x04, 0x40, 0x1f, 0x10, 0x08, 0x04, 0xe6, 0x92, 0x8e,
    0x01, 0xab, 0x2d, 0x99, 0x00, 0x1b, 0x3b, 0x55, 0x90, 0x03, 0x08, 0x8a, 0x8e, 0x40, 0x3f, 0x41,
    0x30, 0x07, 0xc8, 0x76, 0x01, 0xfa, 0x09, 0x80, 0x03, 0xac, 0xdc, 0x93, 0x04, 0xc7, 0x4b, 0x45,
    0xb0, 0x82, 0xc8, 0x68, 0xc9, 0x02, 0x71, 0x00, 0xc2, 0x04, 0x8a, 0x01, 0xef, 0x0a, 0xeb, 0x72,
    0x00, 0x1f, 0xca, 0x34, 0x6b, 0x00, 0x05, 0xab, 0x70, 0xa0, 0x40, 0x38, 0xe8, 0x54, 0x03, 0xde,
    0x0f, 0x90, 0x62, 0x4c, 0xe6, 0x65, 0x6c, 0xed, 0x94, 0xe0, 0x9e, 0xdc, 0xc7, 0x59, 0x00, 0x0a,
    0xaf, 0xe8, 0x00, 0xe5, 0x70, 0x0e, 0xaa, 0xc2, 0xf5, 0x54, 0x00, 0x7f, 0xff, 0xc0, 0x3f, 0xf9,
    0x80, 0x6a, 0x00, 0xe3, 0xa3, 0xf5, 0x00, 0xe7, 0x56, 0x00, 0xff, 0xf8, 0x08, 0x08, 0x06, 0x10,
    0x1d, 0x04, 0x00, 0xd8, 0x0a, 0xa2, 0xb5, 0x12, 0x76, 0x60, 0x87, 0xad, 0x76, 0xc3, 0x48, 0x00,
    0xaf, 0xb3, 0x1f, 0x20, 0x00, 0x79, 0x00, 0xfa, 0x5c, 0x58, 0xc0, 0x39, 0x18, 0x5c, 0x28, 0x03,
    0xb8, 0x5c, 0x55, 0xc0, 0x30, 0xa3, 0x88, 0x70, 0xa8, 0x04, 0xe3, 0x40, 0x04, 0x2e, 0x00, 0xa8,
    0x8c, 0x02, 0x54, 0x20, 0x23, 0xa0, 0x0d, 0x40, 0xa1, 0x40, 0xc0, 0x18, 0x92, 0x81, 0x50, 0x40,
    0x3b, 0x4a, 0x0b, 0x80, 0x3c, 0xe2, 0xe2, 0xa0, 0x1e, 0x17, 0x06, 0x00, 0xc0, 0x4a, 0x20, 0x08,
    0x6a, 0x40, 0x32, 0x51, 0x3a, 0xa0, 0x04, 0xaa, 0x61, 0x00, 0xb5, 0x48, 0xc7, 0x00, 0x2c, 0x31,
    0x40, 0x09, 0x10, 0x00, 0x44, 0x00, 0x46, 0x88, 0xc0, 0x00, 0x91, 0x80, 0x30, 0x48, 0x05, 0x33,
    0x50, 0x00, 0x81, 0x80, 0x05, 0x04, 0x05, 0x05, 0x42, 0x10, 0xc0, 0x40, 0x01, 0x8e, 0x06, 0x18,
    0x98, 0xa0, 0x22, 0x00, 0x32, 0x20, 0x0d, 0x00, 0x0b, 0x82, 0x58, 0x01, 0xb0, 0x4d, 0x30, 0x01,
    0x8a, 0x80, 0x60, 0x19, 0x42, 0x41, 0x40, 0x08, 0x7e, 0x08, 0x01, 0x8c, 0x54, 0xc4, 0x00, 0x62,
    0xa8, 0x01, 0xe4, 0x04, 0x00, 0xca, 0x18, 0x01, 0x08, 0x90, 0x0e, 0x79, 0x00, 0x5b, 0x38, 0x04,
    0x91, 0xe0, 0x03, 0x78, 0x30, 0x19, 0x46, 0x00, 0xa0, 0xbc, 0x20, 0xe4, 0x03, 0xb8, 0xed, 0xa0,
    0x80, 0x38, 0xd9, 0x10, 0xc0, 0x1f, 0x28, 0x38, 0x07, 0xd0, 0x72, 0x6e, 0x01, 0xc6, 0xee, 0x67,
    0x83, 0x00, 0xde, 0x70, 0x12, 0x5e, 0x01, 0x41, 0xf8, 0x00, 0x64, 0xdc, 0x0d, 0xdc, 0x60, 0x12,
    0x3c, 0x10, 0x89, 0x00, 0xe1, 0xa6, 0xc6, 0x70, 0x0d, 0x68, 0xe8, 0xd0, 0x40, 0x05, 0x55, 0x88,
    0x41, 0x70, 0x0d, 0xaa, 0x80, 0x03, 0xc6, 0xf6, 0x16, 0x01, 0x8d, 0xe1, 0x6c, 0x40, 0x3a, 0x05,
    0x14, 0x03, 0xf0, 0x80, 0x7f, 0xf8, 0x00, 0x1a, 0xaf, 0xe1, 0x00, 0xfc, 0xa8, 0x03, 0x55, 0xe3,
    0x0a, 0x10, 0x0f, 0x33, 0x21, 0x00, 0x3c, 0x72, 0xae, 0x01, 0xe2, 0xd3, 0xb0, 0x0f, 0xb8, 0x38,
    0x40, 0x3d, 0x27, 0x44, 0x01, 0xe6, 0x64, 0x20, 0x07, 0x92, 0x59, 0xc0, 0x3c, 0x54, 0x38, 0xab,
    0xe1, 0x61, 0x15, 0x57, 0xca, 0x12, 0x2a, 0x37, 0x20, 0x0f, 0xa8, 0x03, 0xff, 0xc2, 0x7f, 0x51,
    0xba, 0xb0, 0x94, 0x00, 0xc7, 0xc0, 0x1b, 0xd0, 0x40, 0x24, 0x14, 0x00, 0x85, 0x30, 0x03, 0x6b,
    0x80, 0x67, 0x13, 0x00, 0x84, 0xec, 0x03, 0x5a, 0x80, 0x64, 0x22, 0x00, 0x46, 0x4a, 0x01, 0x96,
    0xc0, 0x36, 0x18, 0x80, 0x49, 0x06, 0x12, 0x29, 0xf3, 0x7d, 0xb9, 0x80, 0x3f, 0xfc, 0x2f, 0xec,
    0x0d, 0xba, 0xc0, 0x00, 0xc9, 0x50, 0x01, 0xf2, 0x53, 0xba, 0x40, 0x38, 0xe9, 0x36, 0x9a, 0x40,
    0x23, 0xd7, 0xa0, 0x5b, 0x78, 0x01, 0xa9, 0x90, 0x04, 0x9a, 0x48, 0x15, 0x5f, 0xc2, 0x73, 0x3f,
    0x8c, 0x4c, 0x20, 0x44, 0x70, 0x02, 0x1a, 0x40, 0x15, 0x60, 0x02, 0xad, 0xed, 0x91, 0x00, 0x39,
    0xc5, 0x51, 0xe8, 0x00, 0xb2, 0xa8, 0xf4, 0x84, 0x00, 0x26, 0x88, 0x68, 0x38, 0x2e, 0xd9, 0x09,
    0x80, 0x50, 0xbb, 0x53, 0x00, 0x11, 0x68, 0x04, 0x80, 0x11, 0x59, 0x02, 0x58, 0x05, 0xc5, 0xbf,
    0x30, 0x01, 0x1f, 0x66, 0xe9, 0x7d, 0x40, 0x12, 0x00, 0xfa, 0x7c, 0x03, 0xff, 0x9e, 0x77, 0xda,
    0xc0, 0x11, 0xf6, 0xd2, 0x4b, 0x00, 0x06, 0x19, 0x25, 0x60, 0x02, 0x50, 0x0b, 0xc4, 0xc0, 0x40,
    0x33, 0x03, 0x80, 0x79, 0xc1, 0xc0, 0x50, 0x02, 0xc1, 0x20, 0x04, 0x10, 0x2b, 0xb8, 0x40, 0xab,
    0x3e, 0x96, 0x42, 0x35, 0xbf, 0x36, 0x80, 0x00, 0x00, 0x15, 0x6f, 0x63, 0x81, 0x63, 0x5d, 0x53,
    0x82, 0x4f, 0x59, 0x1a, 0x41, 0x14, 0x40, 0x30, 0x87, 0x00, 0x7c, 0x20, 0x1c, 0x27, 0x60, 0x1e,
    0x93, 0x92, 0x02, 0x60, 0x5a, 0x7d, 0xfd, 0xc0, 0x02, 0xf6, 0xe7, 0x50, 0x00, 0xf8, 0x88, 0x01,
    0xf4, 0xc8, 0x03, 0xff, 0x90, 0x99, 0xd8, 0x80, 0x12, 0x5b, 0x55, 0x25, 0x80, 0x1e, 0x74, 0x8d,
    0xc4, 0x00, 0x4b, 0x00, 0x8c, 0x80, 0x40, 0x40, 0x33, 0x00, 0x42, 0x01, 0x9c, 0x04, 0xb0, 0x02,
    0x13, 0x00, 0x5a, 0x38, 0x15, 0x08, 0x01, 0x9e, 0x3f, 0x4d, 0x40, 0x28, 0xec, 0xe8, 0xbb, 0x00,
    0x15, 0x6f, 0x59, 0x80, 0x0b, 0x06, 0x2c, 0x70, 0xc2, 0x0a, 0xd5, 0x54, 0x70, 0x0a, 0xa2, 0x2c,
    0xaa, 0x10, 0x6d, 0xdc, 0xc0, 0x14, 0x7f, 0xf7, 0x09, 0xd8, 0x07, 0xd0, 0x72, 0x40, 0x2a, 0xc0,
    0x94, 0x9b, 0xfd, 0x62, 0x00, 0x5d, 0xd6, 0x6f, 0x38, 0x00, 0x84, 0x88, 0x00, 0x7e, 0xdc, 0x02,
    0x88, 0x77, 0x83, 0x02, 0x08, 0x9e, 0x03, 0xed, 0x91, 0x01, 0x7c, 0xa7, 0x80, 0x8a, 0x60, 0x1f,
    0xfd, 0x80, 0x00, 0x2e, 0x76, 0x24, 0x40, 0x12, 0x9a, 0xa6, 0x4a, 0x61, 0x07, 0x48, 0xbc, 0x40,
    0x27, 0x60, 0x11, 0x90, 0x04, 0x20, 0x19, 0x80, 0x21, 0x00, 0xce, 0x02, 0x76, 0x01, 0x11, 0x80,
    0x24, 0xe5, 0x17, 0xc4, 0x00, 0xb4, 0x97, 0x10, 0x51, 0x00, 0x2e, 0xfe, 0xaa, 0x88, 0x00, 0x80,
    0x01, 0x91, 0xb0, 0x1b, 0xed, 0xe7, 0x93, 0x01, 0xed, 0x8b, 0xf6, 0x00, 0x12, 0x00, 0xf4, 0xf8,
    0x07, 0xff, 0x30, 0xaf, 0xb5, 0xc0, 0x07, 0xf9, 0x6f, 0x0a, 0x03, 0x2e, 0xb4, 0x5e, 0x02, 0x80,
    0x13, 0xb0, 0x18, 0x07, 0xff, 0x68, 0x12, 0x6c, 0x27, 0x59, 0x6b, 0x15, 0x00, 0xff, 0xe1, 0x00,
    0x00, 0x09, 0x00, 0x1b, 0x00, 0x04, 0xe0, 0x05, 0x90, 0x03, 0x58, 0x00, 0x54, 0x03, 0xff, 0xa5,
    0xe0, 0x11, 0x92, 0x72, 0x4a, 0xde, 0xa8, 0x12, 0x00, 0xfa, 0x7c, 0x03, 0xff, 0xa4, 0x76, 0xe0,
    0x1c, 0x9a, 0x4e, 0x01, 0x9a, 0xe6, 0x40, 0x11, 0xc4, 0xd3, 0x80, 0x61, 0x75, 0x50, 0x07, 0x15,
    0x2c, 0x80, 0x79, 0x6d, 0xa4, 0x03, 0xc9, 0x6f, 0x40, 0x1e, 0x4d, 0x4a, 0x00, 0x12, 0x6c, 0x00,
    0xff, 0xe5, 0x00, 0x6a, 0x3b, 0xec, 0x40, 0x6c, 0xeb, 0x20, 0xe4, 0xec, 0xb7, 0xb7, 0xa9, 0x85,
    0xe0, 0x00, 0xcb, 0xad, 0x05, 0x6a, 0xb4, 0x19, 0x00, 0xa0, 0x00, 0x44, 0x82, 0x00, 0x20, 0x10,
    0x30, 0x0c, 0x62, 0x01, 0x38, 0x07, 0xff, 0xb8, 0x6a, 0x2b, 0xed, 0x70, 0xe4, 0xfc, 0xb7, 0x85,
    0x01, 0x97, 0x5a, 0x2f, 0x01, 0x40, 0x09, 0xd8, 0x0c, 0x03, 0xff, 0xb4, 0x00, 0x1d, 0xf7, 0x28,
    0x80, 0x07, 0x81, 0x76, 0x7c, 0x10, 0x82, 0xb5, 0x57, 0x8c, 0x82, 0x28, 0x04, 0x48, 0x81, 0x0e,
    0x00, 0xc4, 0x20, 0x01, 0x00, 0xc6, 0x02, 0x58, 0x01, 0x0a, 0x38, 0x5a, 0x38, 0x8a, 0xc6, 0x41,
    0xa2, 0x7b, 0x89, 0x46, 0x00, 0x7f, 0xcc, 0x72, 0x80, 0x6a, 0x3b, 0xed, 0x60, 0x07, 0x27, 0x6d,
    0x24, 0xb0, 0x00, 0x61, 0x92, 0x56, 0x00, 0x25, 0x00, 0xbc, 0x4c, 0x04, 0x03, 0x30, 0x38, 0x07,
    0x9c, 0x1c, 0x05, 0x00, 0x2c, 0x12, 0x00, 0x41, 0x02, 0xbb, 0x84, 0x0a, 0xb3, 0xe9, 0x64, 0x02,
    0x6f, 0xcd, 0xa0, 0x0e, 0x13, 0x20, 0x0f, 0xfd, 0x72, 0x01, 0xf0, 0x00, 0x26, 0x76, 0x24, 0x40,
    0x12, 0xda, 0xa9, 0x2a, 0x61, 0xe7, 0x48, 0xdc, 0x40, 0x04, 0xb0, 0x08, 0xc8, 0x04, 0x04, 0x03,
    0x30, 0x04, 0x20, 0x19, 0xc0, 0x4b, 0x00, 0x21, 0x30, 0x05, 0xa3, 0x81, 0x50, 0x80, 0x19, 0xe3,
    0xf4, 0xd4, 0x02, 0x8e, 0xce, 0x80, 0x0e, 0x13, 0x10, 0x0f, 0xfe, 0x3f, 0xc0, 0x6a, 0x3b, 0xe8,
    0xe4, 0xec, 0xbc, 0x01, 0x87, 0x54, 0x00, 0x28, 0x06, 0x10, 0x0e, 0x30, 0x0f, 0xfe, 0x50, 0x02,
    0xad, 0xed, 0xa1, 0x0e, 0x78, 0xa8, 0x30, 0x13, 0xb5, 0x45, 0x91, 0x11, 0x52, 0x88, 0x06, 0xe0,
    0xae, 0xc5, 0x00, 0x1e, 0x75, 0x3d, 0x20, 0x04, 0x2b, 0x61, 0x85, 0x06, 0x00, 0x60, 0xd3, 0x5c,
    0xff, 0x4b, 0xa8, 0xef, 0x66, 0x3a, 0x00, 0x02, 0x30, 0x0d, 0x5a, 0x01, 0xfc, 0xca, 0x37, 0x6a,
    0x57, 0x1e, 0xe7, 0x99, 0x02, 0xac, 0x01, 0xff, 0xc7, 0xf0, 0x0e, 0x21, 0x63, 0x30, 0x2b, 0x46,
    0x70, 0x79, 0x00, 0xd1, 0x0d, 0x50, 0x0c, 0x64, 0x01, 0xff, 0xd2, 0x70, 0x22, 0x00, 0x42, 0x41,
    0x83, 0x02, 0x54, 0x00, 0x46, 0x7e, 0xdc, 0x50, 0x04, 0xf6, 0x73, 0xdd, 0x00, 0x4b, 0x20, 0x0d,
    0x14, 0xa8, 0xa0, 0x10, 0xb1, 0x0a, 0xd0, 0x04, 0xe3, 0x41, 0xe4, 0x60, 0x0d, 0x32, 0x05, 0x1a,
    0x02, 0x4a, 0x00, 0x99, 0xc1, 0x45, 0xc0, 0x2b, 0x15, 0xa4, 0x10, 0x08, 0xcd, 0x05, 0xc0, 0x1d,
    0x44, 0x44, 0x00, 0x3b, 0x20, 0x02, 0xda, 0x80, 0x06, 0xd0, 0xd1, 0x40, 0x18, 0x9c, 0x00, 0x44,
    0x28, 0x26, 0x00, 0x11, 0x54, 0x00, 0xc3, 0x10, 0xc5, 0x02, 0x24, 0x0a, 0x02, 0x20, 0x00, 0x82,
    0x68, 0x44, 0x4c, 0x22, 0x68, 0x00, 0xc5, 0x31, 0x03, 0x11, 0x00, 0x80, 0x12, 0x62, 0x60, 0x21,
    0xe9, 0x88, 0x05, 0x88, 0x28, 0x06, 0x28, 0x80, 0x0c, 0xa0, 0x62, 0x00, 0x50, 0xc0, 0x00, 0x1a,
    0x80, 0x08, 0xad, 0x87, 0xdd, 0x80, 0x1c, 0xec, 0x0a, 0xd0, 0x52, 0x5c, 0x01, 0x49, 0x63, 0x59,
    0x00, 0x69, 0x13, 0x50, 0x0c, 0x30, 0x46, 0xa0, 0x1a, 0xcf, 0x1a, 0xc8, 0x00, 0xcb, 0x43, 0x05,
    0xc0, 0x72, 0xe8, 0x03, 0xc5, 0x20, 0x4b, 0x20, 0x0d, 0x12, 0xab, 0x00, 0x42, 0xdc, 0x2f, 0x40,
    0x13, 0x8a, 0x85, 0x12, 0x00, 0x29, 0x48, 0x0c, 0xdc, 0x06, 0x6e, 0x00, 0xa5, 0x4a, 0x89, 0x00,
    0x25, 0x1a, 0x7a, 0x00, 0xe6, 0x71, 0x60, 0x0e, 0xa0, 0x51, 0x00, 0xe6, 0x0e, 0x00, 0xf7, 0x9a,
    0x00, 0x6a, 0xe4, 0x80, 0x0e, 0xeb, 0xd4, 0x00, 0xc0, 0x1b, 0xbf, 0x40, 0x6e, 0xe3, 0x41, 0x13,
    0x34, 0xe8, 0x50, 0x01, 0xa8, 0xbc, 0x40, 0x29, 0x4d, 0x20, 0x09, 0x99, 0x46, 0x01, 0x2c, 0xc2,
    0x80, 0x45, 0x68, 0xa4, 0x59, 0xc5, 0x37, 0x74, 0x80, 0x00, 0xc2, 0x40, 0x10, 0xe7, 0x69, 0x80,
    0x18, 0xf3, 0xcc, 0x01, 0xe2, 0x60, 0x18, 0x4c, 0x03, 0xff, 0x10, 0x80, 0x4b, 0x09, 0x40, 0x14,
    0xb1, 0xa0, 0x05, 0x9e, 0x32, 0x01, 0x85, 0x18, 0x03, 0xff, 0x8e, 0x26, 0x01, 0xd8, 0x37, 0x02,
    0x00, 0x4b, 0x31, 0x30, 0x31, 0xc4, 0x00, 0xff, 0xe8, 0x20, 0x80, 0x21, 0x00, 0xed, 0xed, 0x30,
    0x0b, 0xf4, 0xe8, 0x03, 0x12, 0x90, 0x07, 0x08, 0x07, 0xff, 0x04, 0xd8, 0x03, 0xb4, 0xa5, 0x84,
    0x00, 0xa8, 0xf4, 0x60, 0x09, 0x5c, 0xc1, 0x00, 0x08, 0xa0, 0x0e, 0x70, 0x0e, 0x10, 0x0f, 0x38,
    0x80, 0x51, 0x47, 0x80, 0x10, 0x95, 0x30, 0x04, 0x00, 0x09, 0x88, 0x07, 0x08, 0xa3, 0xf3, 0xb1,
    0xcc, 0xd3, 0x68, 0x75, 0xb6, 0xb3, 0x98, 0x29, 0x4b, 0x42, 0x49, 0xed, 0xeb, 0x30, 0x05, 0xcc,
    0x28, 0x1d, 0xc4, 0x2c, 0xd1, 0x91, 0x0c, 0xa6, 0x82, 0x24, 0x24, 0x47, 0xf9, 0x10, 0x11, 0xdc,
    0x80, 0x57, 0x11, 0xcc, 0x40, 0x65, 0x74, 0x1a, 0x03, 0x11, 0x00, 0x08, 0x14, 0xcc, 0x86, 0x40,
    0x02, 0x60, 0x3d, 0x00, 0x0a, 0xa8, 0x64, 0xc0, 0x8a, 0x0e, 0x10, 0x88, 0x87, 0x84, 0x03, 0xbc,
    0x40, 0x0a, 0xa8, 0x64, 0xc0, 0x94, 0xc3, 0x84, 0x20, 0x2c, 0x78, 0x40, 0x1c, 0x41, 0xe2, 0x47,
    0x01, 0x47, 0x56, 0x01, 0x11, 0x80, 0x47, 0x57, 0x70, 0x88, 0x8c, 0xe5, 0x06, 0x20, 0x29, 0x9c,
    0x80, 0x23, 0x80, 0x14, 0x4c, 0x44, 0xaa, 0x5d, 0x21, 0xf4, 0xa7, 0x30, 0x01, 0xa8, 0x00, 0x30,
    0xc3, 0x30, 0xc3, 0x76, 0x00, 0xc6, 0x4c, 0x80, 0x04, 0x40, 0x0a, 0x18, 0x01, 0x97, 0x58, 0x6b,
    0x79, 0x57, 0x2c, 0x00, 0x27, 0x00, 0x3c, 0xcc, 0x57, 0x78, 0x13, 0x3c, 0x25, 0x99, 0x98, 0x25,
    0x07, 0xa1, 0x00, 0xff, 0xe9, 0x33, 0x80, 0x21, 0xe4, 0x12, 0x69, 0x4b, 0x11, 0x38, 0x2e, 0x08,
    0x07, 0xfe, 0x39, 0x16, 0x60, 0x00, 0x00, 0x35, 0x59, 0x84, 0xc6, 0xe8, 0x41, 0xa5, 0xd8, 0x88,
    0x06, 0x01, 0x08, 0x07, 0xff, 0x1c, 0x48, 0x82, 0x00, 0xad, 0xd5, 0x00, 0x2a, 0xac, 0x80, 0x42,
    0xe4, 0x05, 0x18, 0xd0, 0x80, 0x04, 0xe0, 0x00, 0x3b, 0x50, 0x08, 0xac, 0xcc, 0x36, 0x40, 0x01,
    0x47, 0x0b, 0x09, 0x00, 0xce, 0x02, 0x88, 0x60, 0x50, 0x20, 0xb6, 0x58, 0x4b, 0x61, 0x44, 0x75,
    0x9d, 0xac, 0x81, 0x89, 0x0f, 0x07, 0x80, 0x3c, 0xc0, 0x06, 0xf0, 0x60, 0x1e, 0x83, 0xe1, 0x3b,
    0xba, 0x94, 0x02, 0x1e, 0xe6, 0x9d, 0x40, 0x00, 0x95, 0x4d, 0x30, 0xe2, 0x01, 0xe4, 0x02, 0x00,
    0xfc, 0xe0, 0x1f, 0xfc, 0x71, 0x22, 0xce, 0x02, 0x24, 0xdd, 0xd6, 0x15, 0x20, 0x1b, 0xa5, 0x00,
    0x87, 0x4a, 0x98, 0x02, 0x68, 0x5a, 0x00, 0xe2, 0x20, 0x07, 0x78, 0x80, 0x77, 0x80, 0x80, 0x65,
    0x05, 0x02, 0x5a, 0x61, 0xc0, 0x7a, 0x79, 0x75, 0x05, 0xed, 0x29, 0xd0, 0x3b, 0xbf, 0x88, 0x7b,
    0xb3, 0x3f, 0x19, 0x2a, 0xe1, 0x55, 0x08, 0x07, 0xff, 0xa8, 0x6b, 0xbd, 0x26, 0x0b, 0xdd, 0x68,
    0x62, 0x1a, 0xac, 0xd2, 0xbe, 0x04, 0x01, 0xb5, 0x55, 0xa2, 0x01, 0x84, 0xc0, 0x3f, 0xfa, 0x60,
    0x6a, 0xe4, 0x00, 0xff, 0xe1, 0x00, 0x3b, 0xba, 0x87, 0x9c, 0x3c, 0x9c, 0xe1, 0x41, 0xc0, 0x80,
    0x06, 0x01, 0xff, 0xcb, 0x6b, 0xbd, 0x28, 0x1c, 0xbd, 0xcd, 0x0b, 0x50, 0x35, 0x53, 0x4a, 0xc8,
    0x07, 0xb4, 0x80, 0x3e, 0x10, 0x0f, 0xfe, 0xa0, 0x6a, 0x00, 0x56, 0x51, 0x07, 0x38, 0x03, 0x25,
    0xbc, 0x03, 0x99, 0x60, 0x90, 0x03, 0xc8, 0x04, 0x01, 0xf8, 0x40, 0xc0, 0x3e, 0xd1, 0x20, 0x08,
    0xc0, 0x90, 0x64, 0x80, 0xbc, 0x54, 0x69, 0xb7, 0xf4, 0x74, 0x00, 0x9b, 0xac, 0xdd, 0x18, 0x00,
    0xb6, 0x5e, 0x00, 0xf3, 0x50, 0x3b, 0xba, 0x4c, 0x00, 0x3d, 0xb8, 0x58, 0xa0, 0x4a, 0xcf, 0x69,
    0x20, 0x1e, 0xc3, 0x10, 0x0e, 0x20, 0x30, 0x0f, 0xff, 0x8b, 0xd1, 0x80, 0x3b, 0xba, 0x50, 0x00,
    0x3d, 0xcd, 0x1a, 0x80, 0x25, 0x53, 0x45, 0xb9, 0x00, 0x72, 0x8a, 0x80, 0x78, 0xfc, 0x03, 0xc7,
    0xe0, 0x1c, 0x62, 0x60, 0x45, 0x2f, 0x22, 0x17, 0x76, 0x85, 0xa0, 0x3a, 0x10, 0x0e, 0x65, 0x30,
    0x0f, 0xfe, 0x1f, 0x5d, 0xea, 0x7a, 0x9e, 0xe6, 0xa0, 0x12, 0xae, 0x30, 0xe0, 0x0e, 0xe2, 0x40,
    0x0c, 0x49, 0x60, 0x1d, 0x42, 0xe0, 0x1c, 0xce, 0x20, 0x19, 0x86, 0xc0, 0x3a, 0x90, 0x80, 0x00,
    0x6b, 0xbd, 0x4a, 0x00, 0xe5, 0xee, 0x69, 0x53, 0x80, 0x4a, 0xa6, 0x87, 0x90, 0x0f, 0xb4, 0x48,
    0x03, 0xc2, 0x01, 0xff, 0xca, 0x22, 0xe0, 0x08, 0x77, 0x74, 0x80, 0x00, 0x1b, 0x60, 0x7c, 0xda,
    0x20, 0x11, 0x5c, 0x4d, 0x43, 0xf0, 0x03, 0x89, 0xf5, 0x96, 0x0c, 0xc0, 0x80, 0x66, 0x00, 0x38,
    0x28, 0x00, 0x50, 0x02, 0x30, 0x08, 0x87, 0x40, 0x3e, 0x70, 0x70, 0x0f, 0xb4, 0x48, 0x08, 0x86,
    0x01, 0x1a, 0x80, 0x37, 0x60, 0x00, 0x6a, 0xe4, 0x00, 0xff, 0xe4, 0x5d, 0x00, 0x1b, 0xb3, 0x80,
    0x34, 0xe2, 0x02, 0xd0, 0xca, 0x01, 0x09, 0x80, 0x7f, 0xf0, 0xc4, 0x88, 0x20, 0x9b, 0xa6, 0x00,
    0x6b, 0xbd, 0x4a, 0x00, 0xe5, 0xcc, 0x8e, 0xa8, 0x00, 0x37, 0x7a, 0x64, 0xa6, 0x01, 0xe7, 0x05,
    0x00, 0xf0, 0x80, 0xf9, 0x80, 0x78, 0x48, 0x4c, 0x02, 0x40, 0x25, 0x2f, 0x20, 0x39, 0x24, 0x0e,
    0x0d, 0xfc, 0x1f, 0x00, 0x1e, 0x6e, 0x6e, 0x10, 0x00, 0x2b, 0x30, 0x0d, 0x6c, 0x4b, 0x60, 0x19,
    0x78, 0x11, 0x40, 0x3e, 0xc2, 0x20, 0x04, 0x20, 0x07, 0x04, 0x00, 0x08, 0x70, 0x09, 0xe0, 0x01,
    0x01, 0x40, 0x08, 0x80, 0x04, 0x99, 0x80, 0x16, 0x2f, 0x83, 0xc0, 0x02, 0x40, 0x85, 0xc2, 0x03,
    0xda, 0x8d, 0x91, 0x00, 0x0e, 0x6b, 0x90, 0x06, 0x6b, 0xbd, 0x04, 0x1c, 0xbd, 0xba, 0x4c, 0x20,
    0x35, 0x66, 0x68, 0x50, 0x18, 0x04, 0x2a, 0x78, 0x39, 0x20, 0x01, 0x74, 0xb4, 0xf0, 0x0e, 0x48,
    0x60, 0x0f, 0xff, 0x34, 0xc0, 0x6b, 0xba, 0x9c, 0x40, 0x1c, 0xbd, 0xa5, 0x58, 0x40, 0x12, 0xb4,
    0x60, 0x40, 0x78, 0x08, 0x00, 0x69, 0x41, 0x07, 0xec, 0x00, 0x40, 0x27, 0xb1, 0xe0, 0x03, 0x00,
    0x89, 0x90, 0x01, 0xa6, 0x22, 0x22, 0x92, 0x92, 0x02, 0x77, 0x6a, 0x1c, 0x40, 0x1b, 0x60, 0x09,
    0xac, 0x72, 0x4c, 0x01, 0xca, 0x0e, 0x7e, 0x00, 0x22, 0x00, 0x38, 0xd8, 0xd2, 0x80, 0x04, 0xb1,
    0xae, 0xc0, 0x16, 0x0d, 0x48, 0x06, 0x30, 0x50, 0x0f, 0xff, 0x0b, 0xd0, 0x80, 0x00, 0x1b, 0x70,
    0x09, 0x6c, 0x07, 0x21, 0x00, 0x06, 0x80, 0x07, 0x49, 0x10, 0x11, 0x00, 0x52, 0x70, 0x1c, 0x40,
    0x11, 0x43, 0x4b, 0x40, 0x06, 0x64, 0x6a, 0x40, 0x0e, 0x91, 0xf0, 0x08, 0x8a, 0x09, 0x56, 0x05,
    0xdd, 0xd0, 0x10, 0x00, 0x6b, 0xbf, 0xc2, 0xbd, 0xde, 0x75, 0x03, 0x55, 0xe4, 0x26, 0x10, 0x20,
    0x0c, 0xc3, 0x40, 0x9a, 0x20, 0x15, 0x21, 0x00, 0x80, 0x64, 0x2f, 0x00, 0xfb, 0x89, 0x00, 0x3c,
    0x4b, 0x40, 0x1f, 0x50, 0xb0, 0x07, 0xd1, 0xc2, 0x01, 0xff, 0xcb, 0x7a, 0x10, 0x0f, 0x80, 0x3b,
    0xba, 0x94, 0x00, 0x3d, 0xcd, 0x3a, 0xa0, 0x12, 0xa9, 0xa6, 0x4a, 0x80, 0x1c, 0xc1, 0x80, 0x1e,
    0x21, 0x00, 0xff, 0xea, 0x00, 0x3b, 0x20, 0x05, 0xa0, 0x02, 0x5c, 0x51, 0xc0, 0x50, 0x02, 0x70,
    0x20, 0x20, 0x20, 0x60, 0x00, 0x90, 0x17, 0x05, 0x89, 0x01, 0x83, 0x83, 0x26, 0x3c, 0x00, 0x10,
    0x48, 0x08, 0xeb, 0x58, 0x01, 0x4e, 0x00, 0xe1, 0x62, 0x00, 0x41, 0xd8, 0x00, 0x81, 0x0d, 0x6d,
    0xec, 0x80, 0x0c, 0x17, 0xb0, 0x5a, 0xa0, 0x00, 0x5b, 0xbe, 0x94, 0x00, 0x36, 0x21, 0x76, 0x85,
    0xb0, 0x1a, 0x86, 0x2b, 0x4a, 0xd8, 0x07, 0xec, 0x20, 0x0f, 0xf0, 0x80, 0x7f, 0xf0, 0x44, 0x03,
    0xc4, 0x80, 0xc0, 0x1e, 0xe9, 0x62, 0x00, 0xf6, 0x7c, 0x80, 0x66, 0xf1, 0x6a, 0x04, 0xb1, 0xe4,
    0x02, 0x40, 0x0f, 0xfe, 0xf8, 0xb6, 0x2b, 0x35, 0xe0, 0x46, 0x00, 0xff, 0xe1, 0xb5, 0x00, 0x50,
    0x40, 0x1f, 0xfc, 0x10, 0xb6, 0x5b, 0x5e, 0x24, 0x00, 0xff, 0xcd, 0x47, 0x40, 0x00, 0x3c, 0x80,
    0x12, 0x68, 0x06, 0xa8, 0x60, 0x78, 0x80, 0x00, 0x00, 0x3c, 0x80, 0xd3, 0x02, 0x4d, 0x04, 0x0b,
    0x0d, 0x50, 0xd5, 0x28, 0x0f, 0x10, 0x1b, 0x04, 0x00, 0x00, 0x84, 0xc4, 0xc8, 0x80, 0x1d, 0xc9,
    0xf4, 0x81, 0x74, 0x02, 0xf0, 0xc6, 0x81, 0x6c, 0x21, 0x8b, 0x56, 0x40, 0x0b, 0x70, 0x22, 0x00,
    0x72, 0xe8, 0x38, 0x80, 0x71, 0x01, 0x13, 0x80, 0x3d, 0xd4, 0x2a, 0x0a, 0x80, 0x12, 0x20, 0x02,
    0x8f, 0x60, 0x00, 0xaa, 0x02, 0x14, 0xb0, 0x05, 0xba, 0x0d, 0x32, 0x00, 0xc8, 0xa2, 0xf6, 0x01,
    0xe4, 0xb1, 0x60, 0x0f, 0x52, 0xa0, 0x80, 0x78, 0x93, 0x80, 0x3f, 0x4a, 0x00, 0x40, 0x00, 0xf1,
    0x08, 0x07, 0x86, 0xec, 0x60, 0x0b, 0xa0, 0x01, 0x3d, 0x90, 0x02, 0xd8, 0x40, 0x03, 0x40, 0x1a,
    0xdc, 0x22, 0x60, 0x03, 0x2e, 0x81, 0xea, 0xc0, 0x04, 0x40, 0x51, 0xe5, 0x80, 0x1b, 0xa8, 0x19,
    0xc5, 0x00, 0x24, 0x40, 0x05, 0x1e, 0xc0, 0x01, 0x54, 0x04, 0x29, 0x60, 0x0b, 0x74, 0x1a, 0x64,
    0x01, 0x91, 0x45, 0xec, 0x03, 0xc9, 0x62, 0xc0, 0x1e, 0xa5, 0x41, 0x00, 0xf1, 0x27, 0x00, 0x7e,
    0x94, 0x00, 0x80, 0x21, 0x00, 0x88, 0x40, 0x2f, 0x90, 0x00, 0xe1, 0x00, 0x4f, 0xe0, 0x09, 0x43,
    0x00, 0xa9, 0xc0, 0x9a, 0x40, 0x3e, 0xb4, 0x30, 0x0f, 0x13, 0xc0, 0x07, 0xd6, 0xe4, 0x01, 0xe2,
    0x7b, 0x00, 0xfa, 0x1c, 0x80, 0x3c, 0x69, 0x60, 0x0e, 0x60, 0x6e, 0x86, 0x20, 0x00, 0x88, 0x04,
    0x00, 0x21, 0x00, 0x88, 0x40, 0x3e, 0xf9, 0x00, 0x0e, 0x10, 0x07, 0xcf, 0xe0, 0x09, 0x43, 0x00,
    0xfa, 0x9c, 0x09, 0xa4, 0x03, 0xfe, 0xb4, 0x30, 0x0f, 0xf1, 0x3c, 0x00, 0x7f, 0xd6, 0xe4, 0x01,
    0xfe, 0x27, 0xb0, 0x0f, 0xfa, 0x1c, 0x80, 0x3f, 0xc6, 0x96, 0x00, 0xe6, 0x06, 0xe0, 0x06, 0xbc,
    0x31, 0x00, 0x04, 0x40, 0x20, 0x11, 0x80, 0x03, 0xb0, 0x91, 0x35, 0xc7, 0x03, 0x05, 0x50, 0x06,
    0x33, 0xc0, 0x15, 0x5e, 0x80, 0x2c, 0x91, 0xc0, 0x1b, 0xd9, 0x20, 0x00, 0x10, 0x2f, 0x84, 0x22,
    0x0b, 0xdd, 0x08, 0xed, 0x00, 0x3f, 0x93, 0xd4, 0x02, 0x06, 0xcd, 0xb6, 0x07, 0x97, 0xa3, 0x86,
    0xb2, 0xb7, 0x8f, 0x47, 0x00, 0xc2, 0x5e, 0x52, 0x01, 0x92, 0x9a, 0x00, 0x32, 0xcb, 0x98, 0x06,
    0x70, 0x50, 0x0e, 0x23, 0x00, 0xc3, 0xaa, 0x01, 0x8b, 0xdc, 0x03, 0xf8, 0x03, 0xab, 0x60, 0x3c,
    0x71, 0x10, 0x50, 0xe5, 0x38, 0x19, 0x80, 0x37, 0x16, 0x4d, 0x9a, 0xc1, 0x33, 0x8d, 0x42, 0xde,
    0x14, 0x75, 0x20, 0x00, 0x1a, 0x50, 0x2a, 0x16, 0xec, 0xc4, 0x70, 0xba, 0x47, 0x52, 0x00, 0x4d,
    0x80, 0x1f, 0xff, 0xf0, 0x0e, 0x0a, 0xc4, 0x11, 0x62, 0x03, 0x63, 0x05, 0xc3, 0x08, 0xa8, 0x03,
    0xff, 0xc2, 0x00, 0x85, 0x8c, 0x03, 0xa8, 0x58, 0x03, 0x84, 0x84, 0x03, 0x87, 0x88, 0x03, 0xae,
    0xcc, 0x01, 0xd3, 0xfc, 0xa0, 0x13, 0xb3, 0x0a, 0x88, 0x01, 0xa3, 0x3a, 0x08, 0x00, 0xc1, 0xa6,
    0x11, 0x00, 0x1a, 0x1e, 0x44, 0x40, 0x13, 0xed, 0x82, 0x80, 0x65, 0xb4, 0x35, 0x9a, 0xda, 0x5a,
    0x0c, 0x46, 0x4b, 0xb0, 0x80, 0x01, 0x20, 0x03, 0x60, 0x07, 0xff, 0x88, 0xe4, 0x86, 0x0c, 0x02,
    0x21, 0x37, 0xe0, 0x00, 0x22, 0x80, 0x7e, 0x5e, 0x20, 0x0f, 0xe3, 0x30, 0x80, 0x7c, 0x6b, 0xa0,
    0x2d, 0x0e, 0x40, 0x06, 0xc9, 0x3f, 0x83, 0xac, 0x20, 0x0c, 0x83, 0xb7, 0x8e, 0xc0, 0x19, 0x07,
    0x60, 0xe5, 0x1e, 0x40, 0x05, 0x8c, 0xba, 0xc1, 0x22, 0x01, 0x14, 0x6a, 0xc0, 0x07, 0xe2, 0x73,
    0x06, 0x78, 0x55, 0x3d, 0xe9, 0xf0, 0x44, 0x1a, 0xa9, 0x21, 0x3e, 0x60, 0x07, 0xee, 0xd6, 0xc2,
    0x00, 0x12, 0x6c, 0x00, 0xff, 0xe5, 0x00, 0x00, 0xff, 0x88, 0x91, 0x20, 0x1f, 0xd7, 0xcc, 0x20,
    0x1f, 0xc4, 0xe0, 0x20, 0x1f, 0x9d, 0x36, 0x5a, 0xd9, 0x10, 0xaf, 0x5d, 0x0e, 0xcf, 0x2f, 0x37,
    0x6a, 0x91, 0x6d, 0x80, 0x03, 0x67, 0x6e, 0xbb, 0x97, 0x04, 0x01, 0xc2, 0x4c, 0xa0, 0x1f, 0xf1,
    0x18, 0x07, 0x80, 0x03, 0x13, 0x00, 0x87, 0x0b, 0x04, 0x00, 0x3e, 0x7e, 0x20, 0x14, 0x53, 0x88,
    0x01, 0xdc, 0x33, 0x86, 0x16, 0xb7, 0xed, 0xc0, 0x24, 0x03, 0x04, 0x62, 0x60, 0x0b, 0x01, 0xa4,
    0xee, 0x34, 0x13, 0x64, 0x5f, 0xb8, 0x00, 0x00, 0xc4, 0x58, 0x03, 0xf9, 0x6e, 0xa8, 0x01, 0x11,
    0x22, 0x40, 0x0f, 0x31, 0x00, 0x0a, 0xf9, 0x84, 0x03, 0xf8, 0x9c, 0x04, 0x03, 0xf3, 0xa6, 0xcb,
    0x5b, 0x22, 0x15, 0xeb, 0xa1, 0xd9, 0xe5, 0xe6, 0xed, 0x52, 0x2d, 0xb0, 0x00, 0x6c, 0xed, 0xd7,
    0x72, 0xe0, 0x80, 0x00, 0x00, 0xe2, 0x20, 0x07, 0xfd, 0x56, 0x01, 0xfe, 0x2a, 0xb2, 0x00, 0xfe,
    0x5b, 0xaa, 0x00, 0x44, 0x48, 0x90, 0x03, 0xcc, 0x40, 0x02, 0xbe, 0x61, 0x00, 0xfe, 0x27, 0x01,
    0x00, 0xfc, 0xe9, 0xb2, 0xd6, 0xc8, 0x85, 0x7a, 0xe8, 0x76, 0x79, 0x79, 0xbb, 0x54, 0x8b, 0x6c,
    0x00, 0x1b, 0x3b, 0x75, 0xdc, 0xb8, 0x20, 0x00, 0x48, 0xac, 0xc5, 0xca, 0x80, 0x3c, 0xcc, 0xe6,
    0x8f, 0x80, 0x0b, 0xb0, 0xa2, 0xe7, 0x48, 0x04, 0xcf, 0x34, 0x60, 0x18, 0x61, 0xd8, 0x03, 0xca,
    0x34, 0x00, 0x51, 0x00, 0x88, 0x08, 0x01, 0xc4, 0x01, 0x18, 0x18, 0x02, 0xcc, 0x02, 0x41, 0x81,
    0x00, 0xe1, 0x15, 0x2f, 0xcb, 0x32, 0x75, 0x01, 0x31, 0x8a, 0xec, 0xaa, 0x40, 0x48, 0xac, 0xc5,
    0xca, 0x80, 0x3c, 0xcc, 0xe6, 0x8f, 0x80, 0x0b, 0xb0, 0xa2, 0xe7, 0x48, 0x04, 0xcf, 0x34, 0x60,
    0x18, 0x61, 0xd8, 0x03, 0xca, 0x34, 0x01, 0xf1, 0x01, 0x00, 0x7c, 0x60, 0x60, 0x1f, 0x20, 0xc0,
    0x80, 0x70, 0x8a, 0x97, 0xe5, 0x99, 0x3a, 0x80, 0x98, 0xc5, 0x76, 0x55, 0x20, 0x00, 0x8d, 0x00,
    0x3f, 0x2e, 0x00, 0x7e, 0x68, 0x00, 0xe4, 0x8a, 0xcc, 0x5c, 0xa8, 0x03, 0xcc, 0xce, 0x68, 0xf8,
    0x00, 0xbb, 0x0a, 0x2e, 0x74, 0x80, 0x4c, 0xf3, 0x46, 0x01, 0x86, 0x1d, 0x80, 0x3c, 0xa3, 0x40,
    0x1f, 0x10, 0x10, 0x07, 0xc6, 0x06, 0x01, 0xf2, 0x0c, 0x08, 0x07, 0x08, 0xa9, 0x7e, 0x59, 0x93,
    0xa8, 0x09, 0x8c, 0x57, 0x65, 0x52, 0x00, 0x00, 0x15, 0x28, 0x06, 0x2d, 0xa3, 0x00, 0xce, 0x9e,
    0x01, 0xda, 0x64, 0x01, 0x8c, 0x02, 0x42, 0x5b, 0x22, 0x05, 0xed, 0x1f, 0x00, 0x36, 0xf3, 0x4c,
    0x00, 0x00, 0x1a, 0x00, 0x73, 0x60, 0x07, 0x2c, 0x00, 0x71, 0x52, 0x80, 0x62, 0xda, 0x30, 0x0c,
    0xe9, 0xe0, 0x1d, 0xa6, 0x40, 0x18, 0xc0, 0x24, 0x25, 0xb2, 0x20, 0x5e, 0xd1, 0xf0, 0x03, 0x6f,
    0x34, 0xc0, 0x00, 0xf2, 0x10, 0x07, 0xa2, 0xc0, 0x3c, 0xc4, 0x01, 0xe1, 0x00, 0xf0, 0xa9, 0x80,
    0x74, 0x0d, 0x80, 0x45, 0x4c, 0xe6, 0xb3, 0x9a, 0x93, 0x01, 0x8a, 0xd3, 0xec, 0x00, 0x00, 0xe1,
    0x60, 0x0f, 0xb4, 0x40, 0x38, 0x6c, 0x40, 0x3c, 0x84, 0x01, 0xe8, 0xb0, 0x0f, 0x31, 0x00, 0x78,
    0x40, 0x3c, 0x2a, 0x60, 0x1d, 0x03, 0x60, 0x11, 0x53, 0x39, 0xac, 0xe6, 0xa4, 0xc0, 0x62, 0xb4,
    0xfb, 0x00, 0x00, 0x00, 0xff, 0xe1, 0x9e, 0x98, 0x07, 0xd2, 0xa0, 0x03, 0xa2, 0x00, 0x10, 0x07,
    0xe3, 0xe0, 0x03, 0x28, 0x83, 0x80, 0x12, 0xc4, 0x03, 0x62, 0x08, 0x60, 0x28, 0x08, 0x0f, 0x00,
    0x80, 0x7b, 0x5d, 0xc3, 0x0f, 0x24, 0x44, 0x30, 0x0e, 0x10, 0x28, 0x2d, 0x38, 0x29, 0x00, 0x78,
    0x07, 0x51, 0xfe, 0xe1, 0xe6, 0x3d, 0x00, 0xf4, 0x03, 0x49, 0x48, 0x90, 0x00, 0x4c, 0x40, 0x14,
    0xb9, 0x32, 0xd6, 0x75, 0x00, 0xfe, 0x79, 0x74, 0x43, 0x5c, 0x00, 0x7f, 0x80, 0x00, 0xfe, 0x15,
    0x00, 0xff, 0xe2, 0x17, 0x00, 0x7f, 0xf0, 0xc5, 0x65, 0x80, 0x3f, 0xf8, 0x45, 0xa3, 0x80, 0x1f,
    0xfc, 0x23, 0xb3, 0xa0, 0x08, 0xf4, 0xc0, 0x3e, 0x95, 0x00, 0x1d, 0x10, 0x00, 0x80, 0x3f, 0x1f,
    0x00, 0x19, 0x44, 0x1c, 0x00, 0x96, 0x20, 0x1b, 0x10, 0x43, 0x01, 0x40, 0x40, 0x78, 0x04, 0x03,
    0xda, 0xee, 0x18, 0x79, 0x22, 0x21, 0x80, 0x70, 0x81, 0x41, 0x69, 0xc1, 0x48, 0x03, 0xc0, 0x3a,
    0x8f, 0xf7, 0x0f, 0x31, 0xe8, 0x07, 0xa0, 0x1a, 0x4a, 0x44, 0x80, 0x02, 0x62, 0x00, 0xa5, 0xc9,
    0x96, 0xb3, 0xa8, 0x07, 0xf3, 0xcb, 0xa2, 0x1a, 0xe0, 0x03, 0xfc, 0x00, 0xff, 0xcd, 0x76, 0x81,
    0x00, 0xff, 0x8b, 0x24, 0x49, 0xb4, 0x03, 0xf3, 0x99, 0x78, 0x65, 0x4c, 0x19, 0x25, 0x88, 0x06,
    0xb8, 0xf1, 0xd3, 0x02, 0xd0, 0x3e, 0x01, 0x00, 0xcc, 0x84, 0x8c, 0xf5, 0x89, 0x22, 0x86, 0x01,
    0xc2, 0x42, 0xf1, 0x07, 0x76, 0x30, 0x03, 0xc0, 0x39, 0x53, 0xbf, 0xed, 0x93, 0x00, 0x1e, 0x80,
    0x68, 0x1d, 0x00, 0xfe, 0xa5, 0xc9, 0x96, 0xbb, 0x20, 0x07, 0xf3, 0xcb, 0xa2, 0x1a, 0xa4, 0x03,
    0xfc, 0x00, 0xfe, 0x61, 0x00, 0xff, 0xe2, 0x68, 0x07, 0xff, 0x16, 0xc4, 0x1a, 0xed, 0x02, 0x01,
    0xff, 0x16, 0x48, 0x93, 0x68, 0x07, 0xe7, 0x32, 0xf0, 0xca, 0x98, 0x32, 0x4b, 0x10, 0x0d, 0x71,
    0xe3, 0xa6, 0x05, 0xa0, 0x7c, 0x02, 0x01, 0x99, 0x09, 0x19, 0xeb, 0x12, 0x45, 0x0c, 0x03, 0x84,
    0x85, 0xe2, 0x0e, 0xec, 0x60, 0x07, 0x80, 0x72, 0xa7, 0x7f, 0xdb, 0x26, 0x00, 0x3d, 0x00, 0xd0,
    0x3a, 0x01, 0xfd, 0x4b, 0x93, 0x2d, 0x76, 0x40, 0x0f, 0xe7, 0x97, 0x44, 0x35, 0x48, 0x07, 0xf8,
    0x00, 0x88, 0x40, 0x3f, 0xed, 0x70, 0x0f, 0xff, 0xf8, 0x07, 0x1c, 0xdd, 0x28, 0x07, 0xd1, 0x88,
    0x43, 0x4c, 0x01, 0xd2, 0xee, 0xd9, 0xb3, 0xc0, 0x0d, 0x4d, 0x30, 0x00, 0x52, 0x36, 0x77, 0x01,
    0x90, 0xbc, 0x65, 0x1d, 0xda, 0x20, 0x00, 0x28, 0x83, 0x3c, 0xe1, 0x00, 0x00, 0x88, 0x40, 0x3f,
    0xed, 0x70, 0x0f, 0xff, 0x4a, 0xd0, 0x07, 0xfc, 0xfc, 0x01, 0xff, 0x13, 0xcd, 0xd2, 0x80, 0x7d,
    0x18, 0x84, 0x34, 0xc0, 0x1d, 0x2e, 0xed, 0x9b, 0x3c, 0x00, 0xd4, 0xd3, 0x00, 0x05, 0x23, 0x67,
    0x70, 0x19, 0x0b, 0xc6, 0x51, 0xdd, 0xa2, 0x00, 0x02, 0x88, 0x33, 0xce, 0x10, 0x00, 0xc6, 0x82,
    0x01, 0xc7, 0xb9, 0x66, 0x01, 0x87, 0x5b, 0x3c, 0x80, 0x32, 0x0d, 0x18, 0x00, 0x80, 0x21, 0x09,
    0x6b, 0xfc, 0x00, 0x92, 0x1e, 0x5e, 0x28, 0x02, 0x29, 0x2b, 0xc7, 0x40, 0x0b, 0x8f, 0x10, 0x03,
    0x84, 0xec, 0x40, 0x3f, 0xf8, 0x82, 0x54, 0x20, 0x1c, 0x21, 0x25, 0xf2, 0xcc, 0x8d, 0x70, 0x4c,
    0x62, 0xbb, 0x22, 0xb8, 0x00, 0x0c, 0x08, 0x07, 0xe1, 0x00, 0xfc, 0x32, 0x48, 0x20, 0x1c, 0x7b,
    0x96, 0x60, 0x18, 0x75, 0xb3, 0xc8, 0x03, 0x20, 0xd1, 0x80, 0x08, 0x02, 0x10, 0x96, 0xbf, 0xc0,
    0x09, 0x21, 0xe5, 0xe2, 0x80, 0x22, 0x92, 0xbc, 0x74, 0x00, 0xb8, 0xf1, 0x00, 0x38, 0x4e, 0xc4,
    0x03, 0xff, 0x88, 0x25, 0x42, 0x01, 0xc2, 0x12, 0x5f, 0x2c, 0xc8, 0xd7, 0x04, 0xc6, 0x2b, 0xb2,
    0x2b, 0x80, 0x17, 0x7c, 0xc7, 0x11, 0xac, 0x00, 0xff, 0x88, 0x03, 0xff, 0x82, 0x3a, 0x20, 0x1f,
    0xf8, 0x7c, 0x40, 0x3f, 0xf3, 0x54, 0x00, 0x7f, 0xd1, 0x2e, 0xea, 0x00, 0xff, 0x2a, 0x6c, 0xa9,
    0x10, 0xc0, 0x3e, 0x17, 0x11, 0x00, 0xf5, 0x00, 0x7d, 0x25, 0xd2, 0x02, 0x5c, 0x01, 0xf2, 0xfe,
    0x30, 0x91, 0x28, 0xc0, 0x3e, 0x58, 0x79, 0x0f, 0x0c, 0xdb, 0xbd, 0xbf, 0x6d, 0x4e, 0x07, 0xb4,
    0xa2, 0x00, 0x15, 0x9c, 0xd5, 0x00, 0x00, 0xf0, 0x90, 0x90, 0x07, 0xe4, 0xe7, 0x90, 0x0f, 0xcb,
    0x8d, 0x60, 0x1f, 0xcd, 0x4e, 0x01, 0xfa, 0x64, 0xf1, 0x00, 0x0f, 0x9d, 0x75, 0xd8, 0x03, 0xf0,
    0x8e, 0x20, 0x35, 0x00, 0xa1, 0x39, 0xc0, 0x43, 0xf0, 0x02, 0x6e, 0xca, 0x01, 0x11, 0xe0, 0x06,
    0x13, 0xc1, 0x23, 0x01, 0x00, 0xe3, 0x66, 0x01, 0x81, 0x00, 0x63, 0xe2, 0x80, 0x13, 0xb3, 0x13,
    0x8c, 0x1d, 0x00, 0xb8, 0x33, 0xb1, 0xdb, 0x44, 0x02, 0x2c, 0xa9, 0xae, 0x91, 0x00, 0x80, 0x00,
    0xfe, 0x21, 0x00, 0xfe, 0xf9, 0x00, 0xff, 0xe7, 0x14, 0xb0, 0x07, 0xe5, 0xc6, 0x00, 0xfc, 0xda,
    0xe0, 0x1f, 0x13, 0x10, 0x80, 0x7c, 0x66, 0x86, 0x00, 0xf8, 0x50, 0x80, 0x22, 0xfc, 0x90, 0x0f,
    0x28, 0x1b, 0xa2, 0x00, 0x21, 0x8a, 0x34, 0x91, 0xbf, 0xee, 0x9d, 0x74, 0x0b, 0x31, 0x51, 0x0a,
    0xda, 0x10, 0x00, 0xf8, 0x48, 0x03, 0xf2, 0xe9, 0x80, 0x7f, 0xff, 0xc0, 0x38, 0xd8, 0x03, 0xe1,
    0x8d, 0x00, 0xe3, 0x03, 0x62, 0x00, 0xc3, 0x46, 0x2e, 0xe4, 0x01, 0x5c, 0x28, 0x08, 0x2b, 0xfe,
    0xa1, 0xc4, 0x02, 0xcb, 0x9a, 0xdc, 0x30, 0x00, 0x00, 0x9b, 0x71, 0x40, 0x25, 0x91, 0x0a, 0x50,
    0x07, 0x16, 0x60, 0xbc, 0x19, 0x82, 0x42, 0x60, 0xf2, 0x07, 0xbc, 0x1d, 0x49, 0xbd, 0x54, 0xf4,
    0x31, 0x01, 0x55, 0x08, 0x07, 0xff, 0x15, 0x48, 0x03, 0xc0, 0x00, 0x8d, 0x00, 0x3f, 0x29, 0x80,
    0x7e, 0x67, 0x00, 0x3e, 0x08, 0x07, 0xc8, 0x68, 0xf4, 0x01, 0xc6, 0x25, 0x60, 0x1f, 0xbc, 0x4c,
    0x03, 0x84, 0x5e, 0x24, 0x01, 0xcc, 0x0b, 0x68, 0xc0, 0x13, 0x42, 0x93, 0xac, 0xfe, 0xfc, 0xad,
    0x80, 0x2b, 0x21, 0x63, 0x28, 0x40, 0x08, 0xa7, 0x10, 0x03, 0xb8, 0x67, 0x0c, 0x2d, 0x6f, 0xdb,
    0x80, 0x48, 0x06, 0x08, 0xc4, 0xc0, 0x16, 0x03, 0x49, 0xdc, 0x68, 0x26, 0xc8, 0xbf, 0x70, 0x00,
    0xff, 0xa7, 0xf9, 0x40, 0x27, 0x66, 0x15, 0x10, 0x03, 0x46, 0x74, 0x10, 0x01, 0x83, 0x4c, 0x22,
    0x00, 0x34, 0x3c, 0x88, 0x80, 0x27, 0xdb, 0x05, 0x00, 0xcb, 0x68, 0x6b, 0x35, 0xb4, 0xb4, 0x18,
    0x8c, 0x97, 0x61, 0x00, 0x00, 0xe1, 0x68, 0x72, 0x00, 0xe2, 0xf8, 0x3a, 0xc2, 0x00, 0xc8, 0x3b,
    0x78, 0xec, 0x01, 0x90, 0x76, 0x0e, 0x51, 0xe4, 0x00, 0x58, 0xcb, 0xac, 0x12, 0x20, 0x11, 0x46,
    0xac, 0x00, 0x7e, 0x27, 0x30, 0x67, 0x85, 0x53, 0xde, 0x9f, 0x04, 0x41, 0xaa, 0x92, 0x13, 0xe6,
    0x00, 0x7e, 0xed, 0x6c, 0x20, 0x00, 0x00, 0xe1, 0x68, 0x72, 0x00, 0xe2, 0xf8, 0x3a, 0xc2, 0x00,
    0xc8, 0x3b, 0x78, 0xec, 0x01, 0x90, 0x76, 0x0e, 0x51, 0xe4, 0x00, 0x58, 0xcb, 0xac, 0x12, 0x20,
    0x11, 0x46, 0xac, 0x00, 0x7e, 0x27, 0x30, 0x67, 0x85, 0x53, 0xde, 0x9f, 0x04, 0x41, 0xaa, 0x92,
    0x13, 0xe6, 0x00, 0x7e, 0xad, 0xab, 0x61, 0x00, 0xc3, 0x63, 0x40, 0x1c, 0x00, 0xc2, 0x32, 0xce,
    0x69, 0x15, 0xba, 0xe2, 0x20, 0x7e, 0x49, 0x98, 0x67, 0x6c, 0x80, 0x00, 0x36, 0xb8, 0x05, 0x95,
    0x60, 0x6d, 0x76, 0x14, 0x2a, 0x60, 0xc4, 0x18, 0x0d, 0x10, 0x01, 0x58, 0xb4, 0x46, 0xed, 0x28,
    0x8f, 0xef, 0xf2, 0x1c, 0x84, 0xea, 0x00, 0x00, 0xc4, 0x22, 0x7b, 0xd9, 0x33, 0x0c, 0xed, 0x90,
    0x00, 0x36, 0xb8, 0x05, 0x95, 0x60, 0x14, 0x48, 0xa0, 0xb7, 0x36, 0xa1, 0x8f, 0x40, 0x00, 0x00,
    0x0a, 0x41, 0x9b, 0x37, 0x62, 0x26, 0x62, 0x54, 0x40, 0x00, 0x11, 0x19, 0x54, 0xc8, 0x80, 0x33,
    0x00, 0xe7, 0x99, 0xaa, 0xc8, 0xd1, 0x67, 0xa2, 0x84, 0x00, 0xf9, 0xbb, 0x8a, 0x03, 0x1f, 0x96,
    0x00, 0x31, 0x30, 0x11, 0x2e, 0xe3, 0x08, 0x47, 0xfa, 0x00, 0x03, 0x00, 0x8e, 0x62, 0xe2, 0xea,
    0x97, 0x1b, 0x32, 0x1b, 0xc1, 0x4c, 0xc0, 0xb4, 0xda, 0x05, 0xd2, 0x00, 0x05, 0x71, 0x4f, 0x20,
    0x71, 0x03, 0x70, 0x23, 0x00, 0xc8, 0x20, 0x05, 0xcd, 0x33, 0x55, 0xf4, 0x91, 0x19, 0xec, 0x00,
    0x2a, 0x82, 0x01, 0x4f, 0xc0, 0x00, 0x06, 0x11, 0x30, 0x03, 0xa2, 0x1c, 0x00, 0x97, 0x74, 0x80,
    0x07, 0xfc, 0x20, 0x47, 0x1c, 0x83, 0xc8, 0x30, 0x22, 0x00, 0x2b, 0x00, 0x16, 0x2a, 0x06, 0x58,
    0x00, 0x54, 0x00, 0x69, 0x10, 0x1c, 0x18, 0x0c, 0x08, 0x04, 0x03, 0x08, 0x80, 0x30, 0x12, 0x10,
    0x08, 0x48, 0xf5, 0x80, 0x2b, 0xe2, 0x49, 0x20, 0x14, 0x40, 0x68, 0xed, 0xf8, 0x48, 0x38, 0x28,
    0xbe, 0x08, 0x09, 0x1d, 0x49, 0x00, 0x4e, 0x40, 0x1e, 0x36, 0x00, 0xf0, 0x80, 0x7d, 0xe6, 0x01,
    0xff, 0x80, 0x12, 0x00, 0x10, 0x88, 0x80, 0xf5, 0x43, 0x5d, 0x74, 0x88, 0x9c, 0x21, 0xc2, 0x06,
    0x1a, 0x9e, 0x0f, 0x44, 0x20, 0x80, 0xb7, 0x31, 0xe0, 0x02, 0x13, 0x46, 0x72, 0x00, 0x94, 0xc0,
    0x3e, 0x17, 0x00, 0xf8, 0xc4, 0x03, 0xe1, 0x00, 0xff, 0xe1, 0x80, 0x00, 0xc2, 0x20, 0x09, 0x73,
    0x94, 0x00, 0xf4, 0xd6, 0x80, 0x0a, 0x6a, 0x40, 0x09, 0x5a, 0x08, 0x02, 0xc1, 0x74, 0x00, 0x1d,
    0xad, 0xb0, 0x02, 0xca, 0xd0, 0x02, 0x10, 0x0f, 0x69, 0x4a, 0xbd, 0xa2, 0x21, 0xaa, 0x1d, 0x81,
    0xfb, 0x7f, 0x08, 0x00, 0x09, 0x80, 0x63, 0xfc, 0xa0, 0x0b, 0xca, 0x55, 0x81, 0x0e, 0x19, 0x6c,
    0x34, 0x90, 0x38, 0x8d, 0x50, 0x00, 0x80, 0xa5, 0xc0, 0x11, 0x70, 0x78, 0x04, 0x60, 0x46, 0x00,
    0x21, 0xe4, 0x44, 0x34, 0x82, 0x4a, 0xbc, 0xac, 0x90, 0xd7, 0x6f, 0x30, 0x00, 0x10, 0x0e, 0x10,
    0x4e, 0xcc, 0x6f, 0x40, 0x24, 0xaa, 0xc6, 0x60, 0x17, 0x99, 0x43, 0x08, 0x07, 0x85, 0xc0, 0x3c,
    0x62, 0x01, 0xee, 0x20, 0x0f, 0x10, 0x10, 0x07, 0x30, 0x38, 0x07, 0x18, 0x68, 0x07, 0x91, 0x00,
    0x12, 0x00, 0xc2, 0x40, 0x5a, 0xa0, 0x15, 0x70, 0x19, 0xb8, 0x00, 0x49, 0x20, 0x0a, 0x42, 0x0a,
    0x15, 0x00, 0x38, 0xd0, 0x33, 0x00, 0x21, 0x45, 0x41, 0xb0, 0x0d, 0xe5, 0xc2, 0x60, 0x19, 0x01,
    0x50, 0x03, 0x84, 0xc3, 0x40, 0x3c, 0xa0, 0x60, 0x1e, 0xe0, 0x50, 0x08, 0x00, 0x84, 0x80, 0x3e,
    0x6d, 0x20, 0x0f, 0x70, 0x30, 0x07, 0x90, 0x0c, 0x03, 0x88, 0x81, 0x80, 0x1c, 0x80, 0xca, 0x01,
    0xda, 0x74, 0x28, 0x01, 0x0a, 0x59, 0x96, 0x80, 0x4e, 0x0a, 0x0a, 0xe2, 0x00, 0xa5, 0x20, 0xa1,
    0x70, 0x43, 0xe0, 0x01, 0x2d, 0x80, 0x00, 0x8c, 0x80, 0x32, 0x76, 0x6c, 0x80, 0x06, 0x97, 0x1d,
    0x94, 0x08, 0x7c, 0xe0, 0xfc, 0x08, 0x7d, 0x09, 0xc4, 0x06, 0x9a, 0xf5, 0x18, 0x00, 0x9b, 0x94,
    0xa4, 0x01, 0x8d, 0x7c, 0x08, 0x03, 0x9c, 0x1c, 0x03, 0x88, 0x74, 0x03, 0xca, 0x80, 0x21, 0x00,
    0x88, 0x7e, 0x40, 0x03, 0x84, 0xfe, 0x00, 0x94, 0x3a, 0x70, 0x26, 0x90, 0x0d, 0x68, 0x60, 0x11,
    0x3c, 0x00, 0x6b, 0x72, 0x00, 0x89, 0xec, 0x03, 0x43, 0x90, 0x04, 0x69, 0x60, 0x0e, 0x68, 0x62,
    0x00, 0x08, 0x80, 0x00, 0x84, 0x40, 0x13, 0x50, 0x04, 0x2e, 0x01, 0x7b, 0x00, 0x05, 0xf0, 0x01,
    0x46, 0xd1, 0xad, 0xe0, 0x6b, 0x84, 0x00, 0x0a, 0x70, 0x5e, 0x30, 0xa4, 0x53, 0x7a, 0x00, 0x00,
    0xc4, 0x01, 0xe1, 0x80, 0x0f, 0x22, 0x88, 0x00, 0x67, 0xac, 0x3f, 0x98, 0x66, 0x04, 0x01, 0xac,
    0x00, 0x30, 0x11, 0x10, 0x05, 0x95, 0xce, 0x80, 0x14, 0x28, 0x42, 0x00, 0x00, 0xff, 0x88, 0x91,
    0x20, 0x1f, 0xd7, 0xcc, 0x20, 0x1f, 0xc4, 0xe0, 0x20, 0x1f, 0x9d, 0x36, 0x5a, 0xd9, 0x10, 0xaf,
    0x5d, 0x0e, 0xcf, 0x2f, 0x37, 0x6a, 0x91, 0x6d, 0x80, 0x03, 0x67, 0x6e, 0xbb, 0x97, 0x04, 0x00,
    0x00, 0xf9, 0xa9, 0xc0, 0x3f, 0x4c, 0x9e, 0x20, 0x01, 0xf3, 0xae, 0xbb, 0x00, 0x7e, 0x11, 0xc4,
    0x06, 0xa0, 0x14, 0x27, 0x38, 0x08, 0x7e, 0x00, 0x4d, 0xd9, 0x40, 0x22, 0x3c, 0x00, 0xc2, 0x78,
    0x24, 0x60, 0x20, 0x1c, 0x6c, 0xc0, 0x30, 0x20, 0x0c, 0x7c, 0x50, 0x02, 0x76, 0x62, 0x71, 0x83,
    0xa0, 0x17, 0x06, 0x76, 0x3b, 0x68, 0x80, 0x45, 0x95, 0x35, 0xd2, 0x20, 0x10, 0x11, 0x3b, 0x80,
    0x3c, 0x88, 0x07, 0xc5, 0x0b, 0xc4, 0x00, 0x53, 0x05, 0xf3, 0x00, 0x00, 0xc2, 0x20, 0x0f, 0xf9,
    0x1c, 0x03, 0xff, 0x0c, 0x40, 0x03, 0xf8, 0xeb, 0x94, 0x03, 0xfb, 0x5b, 0x20, 0x02, 0x22, 0x44,
    0x80, 0x2e, 0xd4, 0xa0, 0x15, 0xf3, 0x08, 0x07, 0xf1, 0x38, 0x08, 0x07, 0xe7, 0x4d, 0x96, 0xb6,
    0x44, 0x2b, 0xd7, 0x43, 0xb3, 0xcb, 0xcd, 0xda, 0xa4, 0x5b, 0x60, 0x00, 0xd9, 0xdb, 0xae, 0xe5,
    0xc1, 0x00, 0x00, 0x00, 0xe2, 0x20, 0x07, 0xfd, 0x56, 0x01, 0xff, 0x55, 0x80, 0x7f, 0xd5, 0x60,
    0x18, 0x89, 0x12, 0x01, 0x44, 0x80, 0x6b, 0xe6, 0x10, 0x0f, 0xe2, 0x70, 0x10, 0x0f, 0xce, 0x9b,
    0x2d, 0x6c, 0x88, 0x57, 0xae, 0x87, 0x67, 0x97, 0x9b, 0xb5, 0x48, 0xb6, 0xc0, 0x01, 0xb3, 0xb7,
    0x5d, 0xcb, 0x82, 0x00, 0x00, 0xff, 0x88, 0x91, 0x20, 0x1f, 0xd7, 0xcc, 0x20, 0x1f, 0xc4, 0xe0,
    0x20, 0x1f, 0x9d, 0x36, 0x5a, 0xd9, 0x10, 0xaf, 0x5d, 0x0e, 0xcf, 0x2f, 0x37, 0x6a, 0x91, 0x6d,
    0x80, 0x03, 0x67, 0x6d, 0xe7, 0x5c, 0x10, 0x07, 0x09, 0x65, 0x00, 0x7f, 0xd5, 0x60, 0x1f, 0xf5,
    0x50, 0x03, 0xc0, 0x00, 0xc4, 0x58, 0x03, 0xf9, 0x6e, 0xa8, 0x01, 0x11, 0x22, 0x40, 0x0f, 0x31,
    0x00, 0x0a, 0xf9, 0x84, 0x03, 0xf8, 0x9c, 0x04, 0x03, 0xf3, 0xa6, 0xcb, 0x5b, 0x22, 0x15, 0xeb,
    0xa1, 0xd9, 0xe5, 0xe6, 0xed, 0x52, 0x2d, 0xb0, 0x00, 0x6c, 0xe6, 0x24, 0x6b, 0x82, 0x00, 0xe1,
    0x05, 0xc2, 0x00, 0xfe, 0xb3, 0xc8, 0x00, 0xe0, 0x00, 0xc6, 0x89, 0x00, 0x7f, 0x29, 0x91, 0x80,
    0x7f, 0x31, 0x93, 0x80, 0x44, 0x48, 0x90, 0x08, 0x8c, 0x03, 0x5f, 0x30, 0x80, 0x4c, 0xe0, 0x18,
    0x9c, 0x04, 0x03, 0xf3, 0xa6, 0xcb, 0x5b, 0x22, 0x15, 0xeb, 0xa1, 0xd9, 0xe5, 0xe6, 0xed, 0x52,
    0x2d, 0xb0, 0x00, 0x6c, 0xed, 0xd7, 0x72, 0xe0, 0x80, 0x00, 0x00, 0xff, 0x88, 0x91, 0x20, 0x1f,
    0xd7, 0xcc, 0x20, 0x1f, 0xc4, 0xe0, 0x20, 0x1f, 0x9d, 0x36, 0x5a, 0xd9, 0x10, 0xaf, 0x5d, 0x0e,
    0xcf, 0x2f, 0x37, 0x6a, 0x91, 0x6d, 0x80, 0x03, 0x67, 0x5d, 0xb3, 0x17, 0x04, 0x01, 0xc3, 0x9b,
    0x74, 0x01, 0xfd, 0x17, 0x50, 0x01, 0xfe, 0xaa, 0x00, 0x78, 0x00, 0xc4, 0x58, 0x03, 0xfa, 0xae,
    0xac, 0x03, 0xfa, 0xae, 0xac, 0x03, 0xf9, 0x6e, 0xa8, 0x01, 0x11, 0x22, 0x40, 0x0f, 0x31, 0x00,
    0x0a, 0xf9, 0x84, 0x03, 0xf8, 0x9c, 0x04, 0x03, 0xf3, 0xa6, 0xcb, 0x5b, 0x22, 0x15, 0xeb, 0xa1,
    0xd9, 0xe5, 0xe6, 0xed, 0x52, 0x2d, 0xb0, 0x00, 0x6c, 0xed, 0xd7, 0x72, 0xe0, 0x80, 0x00, 0x00,
    0xff, 0x88, 0x91, 0x20, 0x1f, 0xd7, 0xcc, 0x20, 0x1f, 0xc4, 0xe0, 0x20, 0x1f, 0x9d, 0x36, 0x5a,
    0xd9, 0x10, 0xaf, 0x5d, 0x0e, 0xcf, 0x2f, 0x37, 0x6a, 0x91, 0x6d, 0x80, 0x03, 0x67, 0x5d, 0xb3,
    0x17, 0x04, 0x01, 0xc3, 0x9b, 0x74, 0x01, 0xfd, 0x55, 0x80, 0x3f, 0x96, 0xaa, 0x00, 0xe0, 0x00,
    0x8d, 0x40, 0x3e, 0x2f, 0x22, 0x00, 0x78, 0x5d, 0x00, 0x3f, 0x34, 0x88, 0x07, 0x8f, 0x68, 0xc0,
    0x32, 0x45, 0x66, 0x2e, 0x54, 0x01, 0xe6, 0x67, 0x34, 0x7c, 0x00, 0x5d, 0x85, 0x17, 0x3a, 0x40,
    0x26, 0x79, 0xa3, 0x00, 0xc3, 0x0e, 0xc0, 0x1e, 0x51, 0xa0, 0x0f, 0x88, 0x08, 0x03, 0xe3, 0x03,
    0x00, 0xf9, 0x06, 0x04, 0x03, 0x84, 0x54, 0xbf, 0x2c, 0xc9, 0xd4, 0x04, 0xc6, 0x2b, 0xb2, 0xa9,
    0x00, 0x00, 0x88, 0xc0, 0x3f, 0x25, 0x80, 0x7e, 0x5c, 0x00, 0xfc, 0xb8, 0x01, 0xf9, 0xa0, 0x03,
    0x92, 0x2b, 0x31, 0x72, 0xa0, 0x0f, 0x33, 0x39, 0xa3, 0xe0, 0x02, 0xec, 0x28, 0xb9, 0xd2, 0x01,
    0x33, 0xcd, 0x18, 0x06, 0x18, 0x76, 0x00, 0xf2, 0x8d, 0x00, 0x7c, 0x40, 0x40, 0x1f, 0x18, 0x18,
    0x07, 0xc8, 0x30, 0x20, 0x1c, 0x22, 0xa5, 0xf9, 0x66, 0x4e, 0xa0, 0x26, 0x31, 0x5d, 0x95, 0x48,
    0x48, 0xac, 0xc5, 0xca, 0x80, 0x3c, 0xcc, 0xe6, 0x8f, 0x80, 0x0b, 0xb0, 0xa2, 0xe7, 0x48, 0x04,
    0xcf, 0x34, 0x60, 0x18, 0x61, 0xd8, 0x03, 0xca, 0x34, 0x0a, 0x2a, 0x20, 0x02, 0x02, 0x0e, 0x29,
    0x30, 0x01, 0x81, 0x85, 0x9e, 0x10, 0x01, 0x06, 0x04, 0x03, 0x84, 0x54, 0xbf, 0x2c, 0xc9, 0xd4,
    0x04, 0xc6, 0x2b, 0xb2, 0xa9, 0x00, 0x48, 0xac, 0xc5, 0xca, 0x80, 0x3c, 0xcc, 0xe6, 0x8f, 0x80,
    0x0b, 0xb0, 0xa2, 0xe7, 0x48, 0x04, 0xcf, 0x34, 0x60, 0x18, 0x61, 0xd8, 0x20, 0x80, 0x25, 0x1a,
    0x00, 0x08, 0x06, 0x20, 0x20, 0x00, 0x80, 0x63, 0x03, 0x00, 0xf9, 0x06, 0x04, 0x20, 0x80, 0x02,
    0x2a, 0x5f, 0x96, 0x64, 0xea, 0x02, 0x63, 0x15, 0xd9, 0x54, 0x80, 0x00, 0x88, 0xc0, 0x3f, 0x25,
    0x80, 0x7c, 0x65, 0x68, 0x01, 0xe5, 0xc5, 0xc0, 0x0f, 0x34, 0x34, 0x00, 0x64, 0x8a, 0xcc, 0x5c,
    0xa8, 0x03, 0xcc, 0xce, 0x68, 0xf8, 0x00, 0xbb, 0x0a, 0x2e, 0x74, 0x80, 0x4c, 0xf3, 0x46, 0x01,
    0x86, 0x1d, 0x80, 0x3c, 0xa3, 0x40, 0x1f, 0x10, 0x10, 0x07, 0xc6, 0x06, 0x01, 0xf2, 0x0c, 0x08,
    0x07, 0x08, 0xa9, 0x7e, 0x59, 0x93, 0xa8, 0x09, 0x8c, 0x57, 0x65, 0x52, 0x00, 0x48, 0xac, 0xc5,
    0xca, 0x80, 0x3c, 0xcc, 0xe6, 0x8f, 0x80, 0x0b, 0xb0, 0xa2, 0xe7, 0x48, 0x04, 0xcf, 0x34, 0x60,
    0x18, 0x61, 0xd9, 0x09, 0x08, 0x00, 0xa3, 0x41, 0xcd, 0xec, 0x00, 0x20, 0x20, 0xa1, 0x94, 0x00,
    0x18, 0x18, 0x03, 0xd8, 0x02, 0x41, 0x81, 0x0a, 0x40, 0x00, 0x8a, 0x97, 0xe5, 0x99, 0x3a, 0x80,
    0x98, 0xc5, 0x76, 0x55, 0x20, 0x48, 0xac, 0xc5, 0xca, 0x80, 0x3c, 0xcc, 0xe6, 0x8f, 0x80, 0x0b,
    0xb0, 0xa2, 0xe7, 0x48, 0x04, 0xcf, 0x34, 0x60, 0x18, 0x61, 0xd9, 0xcd, 0xc8, 0x00, 0xa3, 0x41,
    0xe1, 0xe2, 0x00, 0x20, 0x20, 0xf0, 0x0e, 0x30, 0x30, 0x0f, 0x90, 0x60, 0x5c, 0xe0, 0xc0, 0x45,
    0x4b, 0xf2, 0xcc, 0x9d, 0x40, 0x4c, 0x62, 0xbb, 0x2a, 0x90, 0x00, 0x58, 0x07, 0x9c, 0x54, 0x40,
    0x21, 0xbc, 0x60, 0x03, 0x1b, 0xaa, 0x00, 0x1b, 0xb7, 0x0c, 0x02, 0x2a, 0x50, 0x0c, 0x5b, 0x46,
    0x01, 0x9d, 0x3c, 0x03, 0xb4, 0xc8, 0x03, 0x18, 0x04, 0x84, 0xb6, 0x44, 0x0b, 0xda, 0x3e, 0x00,
    0x6d, 0xe6, 0x98, 0x00, 0x00, 0x15, 0x28, 0x06, 0x2d, 0xa3, 0x00, 0xce, 0x9e, 0x01, 0xda, 0x64,
    0x01, 0x8c, 0x02, 0x42, 0x5b, 0x22, 0x05, 0xed, 0x0f, 0x00, 0x34, 0x8c, 0xc8, 0x00, 0x26, 0xa4,
    0xf0, 0x0a, 0x28, 0xe4, 0x00, 0x00, 0x15, 0x28, 0x06, 0x2d, 0xa3, 0x00, 0xce, 0x9e, 0x01, 0xda,
    0x64, 0x01, 0x8c, 0x02, 0x42, 0x5b, 0x22, 0x05, 0xed, 0x1f, 0x00, 0x36, 0xf3, 0x4c, 0x00, 0x48,
    0xe6, 0x01, 0xc6, 0xc0, 0x00, 0x00, 0x58, 0x07, 0x9c, 0x54, 0x40, 0x21, 0xbc, 0x60, 0x03, 0x1b,
    0xaa, 0x00, 0x1b, 0xb7, 0x0c, 0x02, 0x2a, 0x50, 0x0c, 0x5b, 0x46, 0x01, 0x9d, 0x3c, 0x03, 0xb4,
    0xc8, 0x03, 0x18, 0x04, 0x84, 0xb6, 0x44, 0x0b, 0xda, 0x3e, 0x00, 0x6d, 0xe6, 0x98, 0x00, 0x91,
    0xcc, 0x03, 0x8d, 0x80, 0x00, 0x00, 0x30, 0xb0, 0x04, 0x34, 0x54, 0x20, 0x01, 0xc3, 0xc1, 0x00,
    0x8a, 0x94, 0x03, 0x16, 0xd1, 0x80, 0x67, 0x4f, 0x00, 0xed, 0x32, 0x00, 0xc6, 0x01, 0x21, 0x2d,
    0x91, 0x02, 0xf6, 0x8f, 0x80, 0x1b, 0x79, 0xa6, 0x00, 0x00, 0x15, 0x28, 0x06, 0x2d, 0xa3, 0x00,
    0xce, 0x9e, 0x01, 0xda, 0x64, 0x01, 0x8c, 0x02, 0x42, 0x5b, 0x22, 0x05, 0xed, 0x1f, 0x00, 0x36,
    0xf3, 0x4c, 0x00, 0x58, 0xb2, 0xc0, 0x15, 0xae, 0xa0, 0x00, 0x00, 0x94, 0x03, 0x86, 0x04, 0x03,
    0x3e, 0x38, 0x04, 0x34, 0x54, 0x20, 0x01, 0xc3, 0xc1, 0x00, 0x8a, 0x94, 0x03, 0x16, 0xd1, 0x80,
    0x67, 0x4f, 0x00, 0xed, 0x32, 0x00, 0xc6, 0x01, 0x21, 0x2d, 0x91, 0x02, 0xf6, 0x8f, 0x80, 0x1b,
    0x79, 0xa6, 0x00, 0x01, 0xe3, 0xe1, 0x00, 0x0e, 0x96, 0x88, 0x04, 0x5c, 0x40, 0x18, 0x70, 0x40,
    0x31, 0x4a, 0x80, 0x62, 0xda, 0x30, 0x0c, 0xe9, 0xe0, 0x1d, 0xa6, 0x40, 0x18, 0xc0, 0x24, 0x25,
    0xb2, 0x20, 0x5e, 0xd1, 0xf0, 0x03, 0x6f, 0x34, 0xc0, 0x00, 0x28, 0xa8, 0x04, 0x30, 0x50, 0x20,
    0x01, 0xb2, 0xb1, 0x00, 0x0d, 0x15, 0x08, 0x00, 0x70, 0xf0, 0x40, 0x22, 0xa5, 0x00, 0xc5, 0xb4,
    0x60, 0x19, 0xd3, 0xc0, 0x3b, 0x4c, 0x80, 0x31, 0x80, 0x48, 0x4b, 0x64, 0x40, 0xbd, 0xa3, 0xe0,
    0x06, 0xde, 0x69, 0x80, 0x00, 0xe4, 0x00, 0xfd, 0x00, 0x1f, 0xcf, 0x68, 0x01, 0x88, 0x9c, 0x24,
    0x01, 0x9d, 0x87, 0x18, 0x03, 0x2c, 0x41, 0x80, 0x3e, 0x42, 0x00, 0xfa, 0x2c, 0x03, 0xe6, 0x20,
    0x0f, 0x84, 0x03, 0xe1, 0x53, 0x00, 0xf4, 0x0d, 0x80, 0x62, 0xa6, 0x73, 0x05, 0x9c, 0xd4, 0x98,
    0x00, 0x62, 0xb4, 0xfb, 0x00, 0x40, 0x00, 0xcb, 0x41, 0x68, 0x01, 0x95, 0xac, 0x10, 0x03, 0xbc,
    0x64, 0x03, 0xc7, 0x44, 0x01, 0xf2, 0x10, 0x07, 0xd1, 0x60, 0x1f, 0x31, 0x00, 0x7c, 0x20, 0x1f,
    0x0a, 0x98, 0x07, 0xa0, 0x6c, 0x03, 0x15, 0x33, 0x98, 0x2c, 0xe6, 0xa4, 0xc0, 0x03, 0x15, 0xa7,
    0xd8, 0x02, 0x00, 0xf2, 0x10, 0x07, 0xe8, 0xb0, 0x0f, 0xcc, 0x40, 0x1f, 0x84, 0x03, 0xf0, 0xa9,
    0x80, 0x7d, 0x02, 0x44, 0x00, 0xc5, 0x4c, 0x05, 0xe0, 0xb3, 0x9a, 0x8a, 0x74, 0x63, 0x8a, 0xd3,
    0xf4, 0xbf, 0x02, 0x00, 0xf2, 0x10, 0x07, 0xd1, 0x60, 0x1f, 0x31, 0x00, 0x7c, 0x20, 0x1f, 0x0a,
    0x98, 0x07, 0xa0, 0x6c, 0x03, 0x15, 0x33, 0x98, 0x2c, 0xe6, 0xa4, 0xc3, 0xb6, 0x2b, 0x4f, 0xb0,
    0x19, 0x00, 0x00, 0xf2, 0x10, 0x07, 0xfa, 0x2c, 0x03, 0xfc, 0xc4, 0x01, 0xfe, 0x10, 0x0f, 0xf0,
    0xa9, 0x80, 0x7f, 0x40, 0xd8, 0x07, 0xc5, 0x4c, 0xf6, 0x43, 0x20, 0xb3, 0x9a, 0x93, 0x1d, 0xca,
    0xe0, 0xc5, 0x69, 0xf6, 0x06, 0x77, 0x80, 0x00, 0xf2, 0x10, 0x07, 0xd1, 0x60, 0x1f, 0x31, 0x00,
    0x48, 0x80, 0x00, 0x80, 0x62, 0x20, 0x0a, 0x98, 0x04, 0xcc, 0x08, 0x1b, 0x00, 0xc5, 0x4c, 0xe6,
    0x0b, 0x39, 0xa9, 0x30, 0xed, 0x8a, 0xd3, 0xec, 0x06, 0x40, 0x00, 0xc2, 0xc2, 0xc0, 0x1e, 0xd3,
    0xd0, 0x0e, 0x1b, 0x2b, 0x00, 0xf9, 0x08, 0x03, 0xe8, 0xb0, 0x0f, 0x98, 0x80, 0x3e, 0x10, 0x0f,
    0x85, 0x4c, 0x03, 0xd0, 0x36, 0x01, 0x8a, 0x99, 0xcc, 0x16, 0x73, 0x52, 0x60, 0x01, 0x8a, 0xd3,
    0xec, 0x01, 0x00, 0xe1, 0x60, 0x0f, 0xd4, 0x20, 0x1c, 0x2f, 0xae, 0x01, 0xed, 0x3d, 0x00, 0xe1,
    0xb2, 0xb0, 0x0f, 0x90, 0x80, 0x3e, 0x8b, 0x00, 0xf9, 0x88, 0x03, 0xe1, 0x00, 0xf8, 0x54, 0xc0,
    0x3d, 0x03, 0x60, 0x18, 0xa9, 0x9c, 0xc1, 0x67, 0x35, 0x26, 0x00, 0x18, 0xad, 0x3e, 0xc0, 0x10,
    0x00, 0xe6, 0x16, 0x00, 0xe1, 0xa2, 0xa0, 0x0f, 0x51, 0x50, 0x07, 0xb4, 0xf4, 0x03, 0x86, 0xca,
    0xc0, 0x3e, 0x42, 0x00, 0xfa, 0x2c, 0x03, 0xe6, 0x20, 0x0f, 0x84, 0x03, 0xe1, 0x53, 0x00, 0xf4,
    0x0d, 0x80, 0x62, 0xa6, 0x73, 0x05, 0x9c, 0xd4, 0x98, 0x00, 0x62, 0xb4, 0xfb, 0x00, 0x40, 0x00,
    0xfe, 0x26, 0x00, 0xff, 0xe2, 0x0e, 0x00, 0x7f, 0xf1, 0x0e, 0x80, 0x31, 0xe9, 0x80, 0x7d, 0x2a,
    0x00, 0x3a, 0x20, 0x01, 0x00, 0x7e, 0x3e, 0x00, 0x32, 0x88, 0x38, 0x01, 0x2c, 0x40, 0x36, 0x20,
    0x86, 0x02, 0x80, 0x80, 0xf0, 0x08, 0x07, 0xb5, 0xdc, 0x30, 0xf2, 0x44, 0x43, 0x00, 0xe1, 0x02,
    0x82, 0xd3, 0x82, 0x90, 0x07, 0x80, 0x75, 0x1f, 0xee, 0x1e, 0x63, 0xd0, 0x0f, 0x40, 0x34, 0x94,
    0x89, 0xb8, 0x88, 0xc4, 0x01, 0x4b, 0x93, 0x2d, 0x67, 0x50, 0x06, 0x00, 0x79, 0xe5, 0xd1, 0x0d,
    0x70, 0x00, 0x1b, 0x10, 0x0e, 0x00, 0xff, 0xe1, 0x9e, 0x98, 0x07, 0xd2, 0xa0, 0x03, 0xa2, 0x00,
    0x10, 0x07, 0xe3, 0xe0, 0x03, 0x28, 0x83, 0x80, 0x12, 0xc4, 0x03, 0x62, 0x08, 0x60, 0x28, 0x08,
    0x0f, 0x00, 0x80, 0x7b, 0x5d, 0xc3, 0x0f, 0x24, 0x44, 0x30, 0x0e, 0x10, 0x28, 0x2d, 0x38, 0x29,
    0x00, 0x78, 0x07, 0x51, 0xfd, 0x68, 0x66, 0x3d, 0x00, 0xf4, 0x03, 0x49, 0x48, 0x59, 0x68, 0x18,
    0x80, 0x29, 0x72, 0x65, 0xac, 0xea, 0x3c, 0xfc, 0x20, 0x19, 0xe5, 0xd1, 0x0d, 0x70, 0x00, 0x1a,
    0x10, 0x0e, 0x00, 0xfe, 0x15, 0x00, 0xff, 0xe2, 0x17, 0x00, 0x7f, 0xf0, 0xc5, 0x65, 0x80, 0x3f,
    0xf8, 0x45, 0xa3, 0x80, 0x1f, 0xfc, 0x23, 0xb3, 0xa0, 0x08, 0xf4, 0xc0, 0x3e, 0x95, 0x00, 0x1d,
    0x10, 0x00, 0x80, 0x3f, 0x1f, 0x00, 0x19, 0x44, 0x1c, 0x00, 0x96, 0x20, 0x1b, 0x10, 0x43, 0x01,
    0x40, 0x40, 0x78, 0x04, 0x03, 0xda, 0xee, 0x18, 0x79, 0x22, 0x21, 0x80, 0x70, 0x81, 0x41, 0x69,
    0xc1, 0x48, 0x03, 0xc0, 0x3a, 0x8f, 0xeb, 0x43, 0x31, 0xe8, 0x07, 0xa0, 0x1a, 0x4a, 0x42, 0xcb,
    0x40, 0xc4, 0x01, 0x4b, 0x93, 0x2d, 0x67, 0x51, 0xe7, 0xe1, 0x00, 0xcf, 0x2e, 0x88, 0x6b, 0x80,
    0x00, 0xd0, 0x80, 0x70, 0x00, 0xff, 0xcd, 0x76, 0x81, 0x00, 0xff, 0x8b, 0x24, 0x49, 0xb4, 0x03,
    0xf3, 0x99, 0x78, 0x65, 0x4c, 0x19, 0x25, 0x88, 0x06, 0xb8, 0xf1, 0xd3, 0x02, 0xd0, 0x3e, 0x01,
    0x00, 0xcc, 0x84, 0x8c, 0xf5, 0x89, 0x22, 0x86, 0x01, 0xc2, 0x42, 0xf1, 0x07, 0x76, 0x30, 0x03,
    0xc0, 0x39, 0x53, 0xbf, 0xed, 0x93, 0x00, 0x1e, 0x80, 0x68, 0x1d, 0x07, 0x17, 0x00, 0xea, 0x5c,
    0x99, 0x6b, 0xb2, 0x0e, 0x1e, 0x08, 0x06, 0x79, 0x74, 0x43, 0x54, 0x80, 0xd9, 0x58, 0x80, 0x60,
    0x00, 0xfe, 0x61, 0x00, 0xff, 0xe2, 0x51, 0x80, 0x7f, 0xf0, 0xdb, 0x50, 0x40, 0x3f, 0xf8, 0x5a,
    0x7a, 0x01, 0xff, 0xc3, 0xb2, 0xb1, 0x6b, 0xb4, 0x08, 0x07, 0xfc, 0x59, 0x22, 0x4d, 0xa0, 0x1f,
    0x9c, 0xcb, 0xc3, 0x2a, 0x60, 0xc9, 0x2c, 0x40, 0x35, 0xc7, 0x8e, 0x98, 0x16, 0x81, 0xf0, 0x08,
    0x06, 0x64, 0x24, 0x67, 0xac, 0x49, 0x14, 0x30, 0x0e, 0x12, 0x17, 0x88, 0x3b, 0xb1, 0x80, 0x1e,
    0x01, 0xca, 0x9d, 0xff, 0x6c, 0x98, 0x00, 0xf4, 0x03, 0x40, 0xe8, 0x07, 0xf5, 0x2e, 0x4c, 0xb5,
    0xd9, 0x00, 0x3f, 0x9e, 0x5d, 0x10, 0xd5, 0x20, 0x1f, 0xe0, 0x00, 0x88, 0x40, 0x3f, 0xed, 0x70,
    0x0f, 0xfe, 0x85, 0x90, 0x07, 0xfd, 0xa6, 0x01, 0xfe, 0xc5, 0xd2, 0x00, 0xfe, 0x92, 0x93, 0x00,
    0xfe, 0x52, 0xca, 0xa2, 0x80, 0x7d, 0x18, 0x84, 0x34, 0xc0, 0x1d, 0x2e, 0xed, 0x9b, 0x3c, 0x00,
    0xd4, 0xd3, 0x00, 0x05, 0x23, 0x67, 0x70, 0x19, 0x0b, 0xc6, 0x51, 0xdd, 0xa2, 0x00, 0x02, 0x88,
    0x33, 0xce, 0x10, 0x00, 0x95, 0x00, 0x3f, 0x10, 0x80, 0x7c, 0xa6, 0x64, 0x00, 0xf1, 0x88, 0x80,
    0x3e, 0x65, 0x40, 0x10, 0x0e, 0x3d, 0xcb, 0x30, 0x0c, 0x3a, 0xd9, 0xe4, 0x01, 0x90, 0x68, 0xc0,
    0x04, 0x01, 0x08, 0x4b, 0x5f, 0xe0, 0x04, 0x90, 0xf2, 0xf1, 0x40, 0x11, 0x49, 0x5e, 0x3a, 0x00,
    0x5c, 0x78, 0x80, 0x1c, 0x27, 0x62, 0x01, 0xff, 0xc4, 0x12, 0xa1, 0x00, 0xe1, 0x09, 0x2f, 0x96,
    0x64, 0x6b, 0x82, 0x63, 0x15, 0xd9, 0x15, 0xc0, 0x00, 0xff, 0x35, 0x40, 0x07, 0xfd, 0x12, 0xee,
    0xa0, 0x0f, 0xf2, 0xa6, 0xca, 0x91, 0x0c, 0x03, 0xe1, 0x71, 0x10, 0x0f, 0x50, 0x07, 0xd2, 0x5d,
    0x20, 0x25, 0xc0, 0x1f, 0x2f, 0xe3, 0x09, 0x12, 0x8c, 0x03, 0xe5, 0x87, 0x90, 0xf0, 0xcd, 0xbb,
    0xdb, 0xf6, 0xd4, 0xe0, 0x7b, 0x4a, 0x20, 0x01, 0x59, 0xcd, 0x50, 0x00, 0x00, 0xff, 0x35, 0x40,
    0x07, 0xfd, 0x12, 0xee, 0xa0, 0x0f, 0xf2, 0xa6, 0xca, 0x91, 0x0c, 0x03, 0xe1, 0x71, 0x10, 0x0f,
    0x50, 0x07, 0xd2, 0x5d, 0x20, 0x25, 0xc0, 0x1f, 0x2f, 0xe3, 0x09, 0x12, 0x8c, 0x03, 0xe5, 0x87,
    0x90, 0xf0, 0xcd, 0xbb, 0xdb, 0xf6, 0xd4, 0xe0, 0x7b, 0x4a, 0x20, 0x01, 0x59, 0xcd, 0x50, 0x0c,
    0xb1, 0x54, 0xca, 0x86, 0x30, 0x0f, 0xe3, 0xc0, 0x0f, 0xc0, 0x00, 0xff, 0x88, 0x03, 0xff, 0x82,
    0x3a, 0x20, 0x1f, 0xf8, 0x7c, 0x40, 0x3f, 0xf3, 0x54, 0x00, 0x7f, 0xd1, 0x2e, 0xea, 0x00, 0xff,
    0x2a, 0x6c, 0xa9, 0x10, 0xc0, 0x3e, 0x17, 0x11, 0x00, 0xf5, 0x00, 0x7d, 0x25, 0xd2, 0x02, 0x5c,
    0x01, 0xf2, 0xfe, 0x30, 0x91, 0x28, 0xc0, 0x3e, 0x58, 0x79, 0x0f, 0x0c, 0xdb, 0xbd, 0xbf, 0x6d,
    0x4e, 0x07, 0xb4, 0xa2, 0x00, 0x15, 0x9c, 0xd5, 0x00, 0xcb, 0x15, 0x4c, 0xa8, 0x63, 0x00, 0xfe,
    0x3c, 0x00, 0xfc, 0x00, 0xff, 0x88, 0x03, 0xff, 0x82, 0x3a, 0x20, 0x1f, 0xf8, 0xf8, 0xc0, 0x3f,
    0xe1, 0xd2, 0xd1, 0x00, 0xff, 0x0f, 0x9f, 0x88, 0x07, 0xfc, 0xd5, 0x00, 0x1f, 0xf4, 0x4b, 0xba,
    0x80, 0x3f, 0xca, 0x9b, 0x2a, 0x44, 0x30, 0x0f, 0x85, 0xc4, 0x40, 0x3d, 0x40, 0x1f, 0x49, 0x74,
    0x80, 0x97, 0x00, 0x7c, 0xbf, 0x8c, 0x24, 0x4a, 0x30, 0x0f, 0x96, 0x1e, 0x43, 0xc3, 0x36, 0xef,
    0x6f, 0xdb, 0x53, 0x81, 0xed, 0x28, 0x80, 0x05, 0x67, 0x35, 0x40, 0x00, 0x00, 0xff, 0x35, 0x40,
    0x07, 0xfd, 0x12, 0xee, 0xa0, 0x0f, 0xf2, 0xa6, 0xca, 0x91, 0x0c, 0x03, 0xe1, 0x71, 0x10, 0x0f,
    0x50, 0x07, 0xd2, 0x5d, 0x20, 0x25, 0xc0, 0x1f, 0x2f, 0xe3, 0x09, 0x12, 0x8c, 0x03, 0xe5, 0x87,
    0x90, 0xf0, 0xcd, 0xbb, 0xdb, 0xf6, 0xd4, 0xe0, 0x7b, 0x4a, 0x20, 0x01, 0x59, 0xcd, 0x50, 0x0c,
    0xb1, 0x79, 0x59, 0x0c, 0x60, 0x1f, 0x8f, 0x0f, 0x40, 0x3f, 0xe2, 0xa5, 0xb0, 0x0f, 0xfc, 0x7a,
    0x01, 0xf8, 0x00, 0xff, 0x10, 0x10, 0x07, 0xfc, 0x3a, 0x7a, 0x20, 0x1f, 0xe1, 0xc2, 0xc1, 0x00,
    0xff, 0x0e, 0x16, 0x08, 0x07, 0xf8, 0x7c, 0xfc, 0x40, 0x3f, 0xe6, 0xa8, 0x00, 0xff, 0xa2, 0x5d,
    0xd4, 0x01, 0xfe, 0x54, 0xd9, 0x52, 0x21, 0x80, 0x7c, 0x2e, 0x22, 0x01, 0xea, 0x00, 0xfa, 0x4b,
    0xa4, 0x04, 0xb8, 0x03, 0xe5, 0xfc, 0x61, 0x22, 0x51, 0x80, 0x7c, 0xb0, 0xf2, 0x1e, 0x19, 0xb7,
    0x7b, 0x7e, 0xda, 0x9c, 0x0f, 0x69, 0x44, 0x00, 0x2b, 0x39, 0xaa, 0x00, 0x00, 0xf8, 0x48, 0x03,
    0xfc, 0xfc, 0x01, 0xfe, 0x6c, 0x00, 0xff, 0x35, 0x38, 0x07, 0xe9, 0x93, 0xc4, 0x00, 0x3e, 0x75,
    0xd7, 0x60, 0x0f, 0xc2, 0x38, 0x80, 0xd4, 0x02, 0x84, 0xe7, 0x01, 0x0f, 0xc0, 0x09, 0xbb, 0x28,
    0x04, 0x47, 0x80, 0x18, 0x4f, 0x04, 0x8c, 0x04, 0x03, 0x8d, 0x98, 0x06, 0x04, 0x01, 0x8f, 0x8a,
    0x00, 0x4e, 0xcc, 0x4e, 0x30, 0x74, 0x02, 0xe0, 0xce, 0xc7, 0x6d, 0x10, 0x08, 0xb2, 0xa6, 0xba,
    0x44, 0x02, 0x00, 0xf8, 0x44, 0x01, 0xfe, 0x7d, 0x00, 0xfe, 0x14, 0xe2, 0x00, 0xfc, 0x9c, 0x92,
    0x01, 0xf9, 0x71, 0xac, 0x03, 0xf9, 0xa9, 0xc0, 0x3f, 0x4c, 0x9e, 0x20, 0x01, 0xf3, 0xae, 0xbb,
    0x00, 0x7e, 0x11, 0xc4, 0x06, 0xa0, 0x14, 0x27, 0x38, 0x08, 0x7e, 0x00, 0x4d, 0xd9, 0x40, 0x22,
    0x3c, 0x00, 0xc2, 0x78, 0x24, 0x60, 0x20, 0x1c, 0x6c, 0xc0, 0x30, 0x20, 0x0c, 0x7c, 0x50, 0x02,
    0x76, 0x62, 0x71, 0x83, 0xa0, 0x17, 0x06, 0x76, 0x3b, 0x68, 0x80, 0x45, 0x95, 0x35, 0xd2, 0x20,
    0x10, 0x00, 0xff, 0xe6, 0x0b, 0x62, 0x80, 0x7e, 0x28, 0xf9, 0x67, 0x00, 0xf0, 0xd6, 0xac, 0xf5,
    0x10, 0x07, 0xa5, 0x6b, 0x5c, 0x40, 0x3f, 0xce, 0x01, 0xff, 0x49, 0x70, 0x80, 0x7f, 0x87, 0x8a,
    0x80, 0x31, 0x18, 0x07, 0x1d, 0xa4, 0x00, 0x5d, 0x40, 0x1e, 0x56, 0x60, 0x04, 0x5c, 0x01, 0xf0,
    0x8c, 0x00, 0x2a, 0x30, 0x0c, 0x52, 0xe8, 0x20, 0x0f, 0x0c, 0xdb, 0xb6, 0xe9, 0xda, 0x80, 0x23,
    0xda, 0x41, 0x12, 0xdf, 0xc8, 0x80, 0x40, 0x00, 0xfe, 0x22, 0x80, 0x3f, 0xc3, 0x3b, 0xc2, 0x01,
    0xfc, 0xde, 0xf3, 0x86, 0x01, 0xf1, 0xe4, 0xb7, 0xb0, 0x07, 0xe8, 0xc7, 0xd8, 0x10, 0x0f, 0xca,
    0xf3, 0x64, 0x01, 0xff, 0xbd, 0x08, 0x03, 0xfc, 0xb0, 0x97, 0xbf, 0x95, 0x0a, 0x60, 0x02, 0x30,
    0x7d, 0xeb, 0x95, 0x15, 0xac, 0xe5, 0xea, 0x00, 0x85, 0x1a, 0x6f, 0x7b, 0x16, 0xcb, 0x80, 0x3f,
    0x84, 0xcc, 0x05, 0x46, 0x01, 0xf8, 0xe5, 0xd3, 0xc3, 0x36, 0xea, 0xb5, 0xee, 0x3b, 0xac, 0xf6,
    0x90, 0x40, 0x30, 0xad, 0xf4, 0x08, 0x00, 0xff, 0xe6, 0x0b, 0x62, 0x80, 0x7e, 0x28, 0xe9, 0x77,
    0x00, 0x78, 0x6b, 0x5c, 0x10, 0x08, 0x03, 0xd2, 0xb5, 0x2b, 0x0a, 0x01, 0xfc, 0xee, 0x1d, 0x80,
    0x0f, 0xa4, 0xb8, 0x2f, 0x98, 0x03, 0xe1, 0xe2, 0xa0, 0x0c, 0x46, 0x01, 0xc7, 0x69, 0x00, 0x17,
    0x50, 0x07, 0x95, 0x98, 0x01, 0x17, 0x00, 0x7c, 0x23, 0x00, 0x0a, 0x8c, 0x03, 0x14, 0xba, 0x08,
    0x03, 0xc3, 0x36, 0xed, 0xba, 0x76, 0xa0, 0x08, 0xf6, 0x90, 0x44, 0xb7, 0xf2, 0x20, 0x10, 0x00,
    0xfe, 0x21, 0x00, 0xc3, 0x60, 0x17, 0xc8, 0x07, 0x60, 0x07, 0xf0, 0xb8, 0x07, 0xf1, 0x4b, 0x00,
    0x7e, 0x5c, 0x60, 0x0f, 0xcd, 0xae, 0x01, 0xf1, 0x31, 0x08, 0x07, 0xc6, 0x68, 0x60, 0x0f, 0x85,
    0x08, 0x02, 0x2f, 0xc9, 0x00, 0xf2, 0x81, 0xba, 0x20, 0x02, 0x18, 0xa3, 0x49, 0x1b, 0xfe, 0xe9,
    0xd7, 0x40, 0xb3, 0x15, 0x10, 0xad, 0xa1, 0x00, 0x00, 0xc3, 0x40, 0x1f, 0xed, 0x00, 0x88, 0x40,
    0x21, 0xa5, 0xb0, 0x07, 0xc8, 0x06, 0xc3, 0xc0, 0x0f, 0x85, 0xc5, 0xc0, 0x3f, 0x14, 0xb0, 0x07,
    0xe5, 0xc6, 0x00, 0xfc, 0xda, 0xe0, 0x1f, 0x13, 0x10, 0x80, 0x7c, 0x66, 0x86, 0x00, 0xf8, 0x50,
    0x80, 0x22, 0xfc, 0x90, 0x0f, 0x28, 0x1b, 0xa2, 0x00, 0x21, 0x8a, 0x34, 0x91, 0xbf, 0xee, 0x9d,
    0x74, 0x0b, 0x31, 0x51, 0x0a, 0xda, 0x10, 0x00, 0xfe, 0x21, 0x00, 0xfe, 0xf9, 0x00, 0xff, 0xe7,
    0x14, 0xb0, 0x07, 0xe5, 0xc6, 0x00, 0xfc, 0xda, 0xe0, 0x1f, 0x13, 0x10, 0x80, 0x7c, 0x66, 0x86,
    0x00, 0xf8, 0x50, 0x80, 0x22, 0xfc, 0x90, 0x0f, 0x28, 0x1b, 0xa2, 0x00, 0x21, 0x8a, 0x34, 0x91,
    0xbf, 0xee, 0x9d, 0x74, 0x0b, 0x31, 0x51, 0x0a, 0xda, 0x10, 0x08, 0xdc, 0x10, 0x08, 0x03, 0xc3,
    0xed, 0x80, 0x1f, 0x1d, 0x94, 0x80, 0x7e, 0x1f, 0x00, 0xe0, 0x00, 0xff, 0xc2, 0x20, 0x0f, 0xf1,
    0xcf, 0xa8, 0x07, 0xe5, 0xcd, 0x0d, 0x40, 0x0f, 0x27, 0x4d, 0x7f, 0xca, 0x01, 0xe7, 0xde, 0xe7,
    0xcb, 0x38, 0x07, 0x8a, 0x75, 0x67, 0xa8, 0x80, 0x3d, 0x2b, 0x5a, 0xe2, 0x01, 0xfe, 0x70, 0x0f,
    0xfa, 0x4b, 0x84, 0x03, 0xfc, 0x3c, 0x54, 0x01, 0x88, 0xc0, 0x38, 0xed, 0x20, 0x02, 0xea, 0x00,
    0xf2, 0xb3, 0x00, 0x22, 0xe0, 0x0f, 0x84, 0x60, 0x01, 0x51, 0x80, 0x62, 0x97, 0x41, 0x00, 0x78,
    0x66, 0xdd, 0xb7, 0x4e, 0xd4, 0x01, 0x1e, 0xd2, 0x08, 0x96, 0xfe, 0x44, 0x02, 0x00, 0xff, 0xc2,
    0x20, 0x0f, 0xf1, 0xcf, 0xa8, 0x07, 0xe5, 0xcd, 0x0d, 0x40, 0x0f, 0x27, 0x4d, 0x7f, 0xca, 0x01,
    0xe7, 0xde, 0xea, 0x5d, 0xc0, 0x1e, 0x29, 0xd7, 0x04, 0x02, 0x00, 0xf4, 0xad, 0x4a, 0xc2, 0x80,
    0x7f, 0x3b, 0x87, 0x60, 0x03, 0xe9, 0x2e, 0x0b, 0xe6, 0x00, 0xf8, 0x78, 0xa8, 0x03, 0x11, 0x80,
    0x71, 0xda, 0x40, 0x05, 0xd4, 0x01, 0xe5, 0x66, 0x00, 0x45, 0xc0, 0x1f, 0x08, 0xc0, 0x02, 0xa3,
    0x00, 0xc5, 0x2e, 0x82, 0x00, 0xf0, 0xcd, 0xbb, 0x6e, 0x9d, 0xa8, 0x02, 0x3d, 0xa4, 0x11, 0x2d,
    0xfc, 0x88, 0x04, 0x00, 0xf3, 0x8b, 0x88, 0x00, 0x44, 0x01, 0xed, 0x3c, 0x33, 0x4f, 0xa8, 0x07,
    0xa8, 0xbb, 0x9a, 0x1a, 0x80, 0x1e, 0x4e, 0x9a, 0xff, 0x94, 0x03, 0xcf, 0xbd, 0xcf, 0x96, 0x70,
    0x0f, 0x14, 0xea, 0xcf, 0x51, 0x00, 0x7a, 0x56, 0xb5, 0xc4, 0x03, 0xfc, 0xe0, 0x1f, 0xf4, 0x97,
    0x08, 0x07, 0xf8, 0x78, 0xa8, 0x03, 0x11, 0x80, 0x71, 0xda, 0x40, 0x05, 0xd4, 0x01, 0xe5, 0x66,
    0x00, 0x45, 0xc0, 0x1f, 0x08, 0xc0, 0x02, 0xa3, 0x00, 0xc5, 0x2e, 0x82, 0x00, 0xf0, 0xcd, 0xbb,
    0x6e, 0x9d, 0xa8, 0x02, 0x3d, 0xa4, 0x11, 0x2d, 0xfc, 0x88, 0x04, 0x00, 0xff, 0xc2, 0x20, 0x0f,
    0xf1, 0xcf, 0xa8, 0x07, 0xe5, 0xcd, 0x0d, 0x40, 0x0f, 0x27, 0x4d, 0x7f, 0xca, 0x01, 0xe7, 0xde,
    0xe7, 0xcb, 0x38, 0x07, 0x8a, 0x75, 0x67, 0xa8, 0x80, 0x3d, 0x2b, 0x5a, 0xe2, 0x01, 0xfe, 0x70,
    0x0f, 0xfa, 0x4b, 0x84, 0x03, 0xfc, 0x3c, 0x54, 0x01, 0x88, 0xc0, 0x38, 0xed, 0x20, 0x02, 0xea,
    0x00, 0xf2, 0xb3, 0x00, 0x22, 0xe0, 0x0f, 0x84, 0x60, 0x01, 0x51, 0x80, 0x62, 0x97, 0x41, 0x00,
    0x78, 0x66, 0xdd, 0xb7, 0x4e, 0xd4, 0x01, 0x1e, 0xd2, 0x08, 0x96, 0xfe, 0x44, 0x03, 0x96, 0xf2,
    0x35, 0x04, 0x03, 0xf0, 0xfb, 0x60, 0x07, 0xc0, 0x00, 0xff, 0xc2, 0x20, 0x0f, 0xf1, 0xcf, 0xa8,
    0x07, 0xe5, 0xcd, 0x0d, 0x40, 0x0f, 0x27, 0x4d, 0x7f, 0xca, 0x01, 0xe7, 0xde, 0xe7, 0xcb, 0x38,
    0x07, 0x8a, 0x75, 0x67, 0xa8, 0x80, 0x3d, 0x2b, 0x5a, 0xe2, 0x01, 0xfe, 0x70, 0x0f, 0xfa, 0x4b,
    0x84, 0x03, 0xfc, 0x3c, 0x54, 0x01, 0x88, 0xc0, 0x38, 0xed, 0x20, 0x02, 0xea, 0x00, 0xf2, 0xb3,
    0x00, 0x22, 0xe0, 0x0f, 0x84, 0x60, 0x01, 0x51, 0x80, 0x62, 0x97, 0x41, 0x00, 0x78, 0x66, 0xdd,
    0xb7, 0x4e, 0xd4, 0x01, 0x1e, 0xd2, 0x08, 0x96, 0xfe, 0x44, 0x03, 0x96, 0x63, 0xe1, 0x04, 0x03,
    0xf9, 0xb0, 0x03, 0xff, 0x37, 0x80, 0x7f, 0xe1, 0xf0, 0x0f, 0xc0, 0x00, 0xf9, 0x84, 0x03, 0xff,
    0x69, 0x80, 0x7f, 0xcf, 0x4a, 0x20, 0x01, 0x10, 0x07, 0xb4, 0xf0, 0xcd, 0x3e, 0xa0, 0x1e, 0xa2,
    0xee, 0x68, 0x6a, 0x00, 0x79, 0x3a, 0x6b, 0xfe, 0x50, 0x0f, 0x3e, 0xf7, 0x3e, 0x59, 0xc0, 0x3c,
    0x53, 0xab, 0x3d, 0x44, 0x01, 0xe9, 0x5a, 0xd7, 0x10, 0x0f, 0xf3, 0x80, 0x7f, 0xd2, 0x5c, 0x20,
    0x1f, 0xe1, 0xe2, 0xa0, 0x0c, 0x46, 0x01, 0xc7, 0x69, 0x00, 0x17, 0x50, 0x07, 0x95, 0x98, 0x01,
    0x17, 0x00, 0x7c, 0x23, 0x00, 0x0a, 0x8c, 0x03, 0x14, 0xba, 0x08, 0x03, 0xc3, 0x36, 0xed, 0xba,
    0x76, 0xa0, 0x08, 0xf6, 0x90, 0x44, 0xb7, 0xf2, 0x20, 0x10, 0x00, 0xf2, 0x28, 0x31, 0x80, 0x79,
    0x6d, 0xac, 0x80, 0x3c, 0x31, 0x30, 0x20, 0x1f, 0x3e, 0x28, 0x07, 0xe5, 0xc3, 0x00, 0xff, 0xff,
    0x80, 0x7f, 0xf0, 0x8d, 0x80, 0x3e, 0x10, 0x8d, 0x00, 0xe3, 0x03, 0x06, 0x20, 0x0c, 0x34, 0x62,
    0x0e, 0xe4, 0x01, 0x5c, 0x28, 0x00, 0x41, 0x5f, 0xf5, 0x0e, 0x20, 0x00, 0xb2, 0xe6, 0xb7, 0x0c,
    0x02, 0x00, 0xf8, 0x4c, 0x03, 0xf1, 0xe8, 0x07, 0xe2, 0xe0, 0x0f, 0xc2, 0x40, 0x1f, 0x97, 0x4c,
    0x03, 0xff, 0xfe, 0x01, 0xc6, 0xc0, 0x1f, 0x0c, 0x68, 0x07, 0x18, 0x1b, 0x10, 0x06, 0x1a, 0x31,
    0x77, 0x20, 0x0a, 0xe1, 0x40, 0x41, 0x5f, 0xf5, 0x0e, 0x20, 0x16, 0x5c, 0xd6, 0xe1, 0x80, 0x00,
    0x00, 0xf8, 0x58, 0x03, 0xf1, 0xe8, 0x07, 0xc2, 0xb2, 0xc0, 0x1e, 0x3c, 0x1c, 0x00, 0xf1, 0x50,
    0xd0, 0x07, 0xcb, 0xa6, 0x01, 0xff, 0xff, 0x00, 0xe3, 0x60, 0x0f, 0x86, 0x34, 0x03, 0x8c, 0x0d,
    0x88, 0x03, 0x0d, 0x18, 0xbb, 0x90, 0x05, 0x70, 0xa0, 0x20, 0xaf, 0xfa, 0x87, 0x10, 0x0b, 0x2e,
    0x6b, 0x70, 0xc0, 0x00, 0x00, 0xf8, 0x48, 0x03, 0xf2, 0xe9, 0x80, 0x7f, 0xff, 0xc0, 0x38, 0xd8,
    0x03, 0xe1, 0x8d, 0x00, 0xe3, 0x03, 0x62, 0x00, 0xc3, 0x46, 0x2e, 0xe4, 0x01, 0x5c, 0x28, 0x08,
    0x2b, 0xfe, 0xa1, 0xc4, 0x02, 0xcb, 0x9a, 0xdc, 0x30, 0x0c, 0x9e, 0x70, 0xc0, 0x1e, 0xa4, 0x94,
    0x00, 0xf1, 0xc2, 0x90, 0x07, 0xd2, 0x80, 0x18, 0x00, 0x8d, 0x00, 0x3f, 0x29, 0x80, 0x7e, 0x67,
    0x00, 0x3e, 0x08, 0x07, 0xc8, 0x68, 0xf4, 0x01, 0xc6, 0x25, 0x60, 0x1f, 0xbc, 0x4c, 0x03, 0x84,
    0x5e, 0x24, 0x01, 0xcc, 0x0b, 0x68, 0xc0, 0x13, 0x42, 0x93, 0xac, 0xfe, 0xfc, 0xad, 0x80, 0x2b,
    0x21, 0x63, 0x28, 0x40, 0x23, 0x79, 0x63, 0x00, 0xfa, 0x6c, 0x03, 0xf4, 0xd8, 0x06, 0x00, 0xf9,
    0xf0, 0x40, 0x3e, 0x43, 0x47, 0xa0, 0x0e, 0x31, 0x2b, 0x00, 0xfd, 0xe2, 0x60, 0x1c, 0x22, 0xf1,
    0x20, 0x0e, 0x60, 0x5b, 0x46, 0x00, 0x9a, 0x14, 0x9d, 0x67, 0xf7, 0xe5, 0x6c, 0x01, 0x59, 0x0b,
    0x19, 0x42, 0x00, 0x00, 0x88, 0x03, 0xfb, 0x80, 0x3f, 0xc7, 0x26, 0x01, 0xe1, 0x91, 0xb0, 0x0e,
    0x56, 0x11, 0x50, 0x07, 0x2d, 0xda, 0x49, 0xf0, 0x40, 0x3e, 0x43, 0x47, 0xa0, 0x0e, 0x31, 0x2b,
    0x00, 0xfd, 0xe2, 0x60, 0x1c, 0x22, 0xf1, 0x20, 0x0e, 0x60, 0x5b, 0x46, 0x00, 0x9a, 0x14, 0x9d,
    0x67, 0xf7, 0xe5, 0x6c, 0x01, 0x59, 0x0b, 0x19, 0x42, 0x00, 0x00, 0x8d, 0x00, 0x3f, 0x29, 0x80,
    0x7e, 0x67, 0x00, 0x3e, 0x08, 0x07, 0xc8, 0x68, 0xf4, 0x01, 0xc6, 0x25, 0x60, 0x1f, 0xbc, 0x4c,
    0x03, 0x84, 0x5e, 0x24, 0x01, 0xcc, 0x0b, 0x68, 0xc0, 0x13, 0x42, 0x93, 0xac, 0xff, 0x7c, 0xad,
    0x80, 0x2b, 0x0c, 0x42, 0x28, 0x40, 0x23, 0x6a, 0xa6, 0x80, 0x7b, 0xe2, 0x18, 0x01, 0xe5, 0xff,
    0x30, 0x04, 0x00, 0x85, 0x80, 0x3f, 0xa8, 0x40, 0x3c, 0x2f, 0xae, 0x01, 0xf6, 0x9e, 0x80, 0x78,
    0x6c, 0xac, 0x1f, 0x04, 0x03, 0xe4, 0x34, 0x7a, 0x00, 0xe3, 0x12, 0xb0, 0x0f, 0xde, 0x26, 0x01,
    0xc2, 0x2f, 0x12, 0x00, 0xe6, 0x05, 0xb4, 0x60, 0x09, 0xa1, 0x49, 0xd6, 0x7f, 0x7e, 0x56, 0xc0,
    0x15, 0x90, 0xb1, 0x94, 0x20, 0x00, 0xa1, 0x00, 0x3f, 0x15, 0xd0, 0x80, 0x78, 0xc1, 0x70, 0x80,
    0x31, 0x34, 0xc1, 0x78, 0x80, 0x72, 0x90, 0xb5, 0x84, 0x31, 0x12, 0xa4, 0xa1, 0x45, 0x74, 0x55,
    0x8e, 0x04, 0x0a, 0xd3, 0x9c, 0x42, 0x70, 0x8d, 0xb6, 0x6b, 0xf6, 0xa7, 0xc0, 0x00, 0x8d, 0x00,
    0x3f, 0x2e, 0x00, 0x7e, 0x68, 0x00, 0xe4, 0x8a, 0xcc, 0x5c, 0xa8, 0x03, 0xcc, 0xce, 0x68, 0xf8,
    0x00, 0xbb, 0x0a, 0x2e, 0x74, 0x80, 0x4c, 0xf3, 0x46, 0x01, 0x86, 0x1d, 0x90, 0x90, 0x80, 0x0a,
    0x34, 0x1c, 0xde, 0xc0, 0x02, 0x02, 0x0a, 0x19, 0x40, 0x01, 0x81, 0x80, 0x3d, 0x80, 0x24, 0x18,
    0x10, 0xa4, 0x00, 0x08, 0xa9, 0x7e, 0x59, 0x93, 0xa8, 0x09, 0x8c, 0x57, 0x65, 0x52, 0x00, 0x00,
    0xb0, 0xd6, 0x80, 0x34, 0xfd, 0xc8, 0x06, 0x54, 0x93, 0x00, 0xe8, 0x70, 0x0e, 0x9f, 0xe5, 0x00,
    0x9d, 0x98, 0x54, 0x40, 0x0d, 0x19, 0xd0, 0x40, 0x06, 0x0d, 0x30, 0x88, 0x00, 0xd0, 0xf2, 0x22,
    0x00, 0x9f, 0x6c, 0x14, 0x03, 0x2d, 0xa1, 0xac, 0xd6, 0xd2, 0xd0, 0x62, 0x32, 0x5d, 0x84, 0x00,
    0x00, 0x86, 0x58, 0x03, 0x9c, 0x2c, 0x40, 0x33, 0xa9, 0x38, 0x04, 0x2e, 0x36, 0xe0, 0x16, 0xf6,
    0x20, 0x80, 0x58, 0x3d, 0xc5, 0x00, 0x9d, 0x98, 0x54, 0x40, 0x0d, 0x19, 0xd0, 0x40, 0x06, 0x0d,
    0x30, 0x88, 0x00, 0xd0, 0xf2, 0x22, 0x00, 0x9f, 0x6c, 0x14, 0x03, 0x2d, 0xa1, 0xac, 0xd6, 0xd2,
    0xd0, 0x62, 0x32, 0x5d, 0x84, 0x00, 0x00, 0xc8, 0x40, 0x1e, 0xd6, 0x00, 0xff, 0xe9, 0x5a, 0x80,
    0x74, 0xef, 0xa8, 0x04, 0xec, 0xc2, 0xa2, 0x00, 0x68, 0xce, 0x82, 0x00, 0x30, 0x69, 0x84, 0x40,
    0x06, 0x87, 0x91, 0x10, 0x04, 0xfb, 0x60, 0xa0, 0x19, 0x6d, 0x0d, 0x66, 0xb6, 0x96, 0x83, 0x11,
    0x92, 0xec, 0x20, 0x00, 0xc8, 0x60, 0x1e, 0xc5, 0x00, 0xe4, 0xb2, 0x30, 0x0c, 0x6b, 0x8c, 0x01,
    0x9d, 0xa1, 0x40, 0x34, 0xff, 0x28, 0x04, 0xec, 0xc2, 0xa2, 0x00, 0x68, 0xce, 0x82, 0x00, 0x30,
    0x69, 0x84, 0x40, 0x06, 0x87, 0x91, 0x10, 0x04, 0xfb, 0x60, 0xa0, 0x19, 0x6d, 0x0d, 0x66, 0xb6,
    0x96, 0x83, 0x11, 0x92, 0xec, 0x20, 0x00, 0xe1, 0x68, 0x72, 0x00, 0xe2, 0xf8, 0x3a, 0xc2, 0x00,
    0xc8, 0x3b, 0x78, 0xec, 0x01, 0x90, 0x76, 0x0e, 0x51, 0xe4, 0x00, 0x58, 0xcb, 0xac, 0x12, 0x20,
    0x11, 0x46, 0xac, 0x00, 0x7e, 0x27, 0x30, 0x67, 0x85, 0x53, 0xde, 0x9f, 0x04, 0x41, 0xaa, 0x92,
    0x13, 0xe6, 0x00, 0x7e, 0xed, 0x6c, 0x20, 0x00, 0x0c, 0x35, 0xa0, 0x0f, 0xa7, 0xee, 0x40, 0x3e,
    0x54, 0x93, 0x16, 0x87, 0x20, 0x0a, 0x1c, 0xbe, 0x0e, 0xb0, 0x80, 0x32, 0x0e, 0xde, 0x3b, 0x00,
    0x64, 0x1d, 0x83, 0x94, 0x79, 0x00, 0x16, 0x32, 0xeb, 0x04, 0x88, 0x04, 0x51, 0xab, 0x00, 0x1f,
    0x89, 0xcc, 0x19, 0xe1, 0x54, 0xf7, 0xa7, 0xc1, 0x10, 0x6a, 0xa4, 0x84, 0xf9, 0x80, 0x1f, 0xbb,
    0x5b, 0x08, 0x00, 0x00, 0xe1, 0x68, 0x72, 0x00, 0xe2, 0xf8, 0x3a, 0xc2, 0x00, 0xc8, 0x3b, 0x78,
    0xec, 0x01, 0x90, 0x76, 0x0e, 0x51, 0xe4, 0x00, 0x58, 0xcb, 0xac, 0x12, 0x20, 0x11, 0x46, 0xac,
    0x00, 0x7e, 0x27, 0x30, 0x67, 0x85, 0x53, 0xde, 0x9f, 0x04, 0x41, 0xaa, 0x92, 0x13, 0xe6, 0x00,
    0x7e, 0xe6, 0xf5, 0xb0, 0x80, 0x70, 0xe2, 0x00, 0x7f, 0x6a, 0x80, 0x7f, 0x6a, 0x80, 0x7f, 0x72,
    0x00, 0x70, 0x08, 0xa7, 0x10, 0x03, 0xb8, 0x67, 0x0c, 0x2d, 0x6f, 0xdb, 0x80, 0x48, 0x06, 0x08,
    0xc4, 0xc0, 0x16, 0x03, 0x49, 0xdc, 0x68, 0x26, 0xc8, 0xbf, 0x70, 0x47, 0x1c, 0x83, 0xc8, 0x30,
    0x22, 0x00, 0x2b, 0x00, 0x16, 0x2a, 0x06, 0x58, 0x00, 0x54, 0x00, 0x69, 0x10, 0x1c, 0x18, 0x0c,
    0x08, 0x04, 0x03, 0x08, 0x80, 0x30, 0x12, 0x10, 0x08, 0x48, 0xf5, 0x80, 0x2b, 0xe2, 0x49, 0x20,
    0x14, 0x40, 0x68, 0xed, 0xf8, 0x48, 0x38, 0x28, 0xbe, 0x08, 0x09, 0x1d, 0x49, 0x00, 0x4e, 0x40,
    0x1e, 0x36, 0x00, 0xf0, 0x80, 0x7d, 0xe6, 0x01, 0xff, 0x80, 0x12, 0x00, 0x10, 0x88, 0x80, 0xf5,
    0x43, 0x5d, 0x74, 0x88, 0x9c, 0x21, 0xc2, 0x06, 0x1a, 0x9e, 0x0f, 0x44, 0x20, 0x80, 0xb7, 0x31,
    0xe0, 0x02, 0x13, 0x46, 0x72, 0x00, 0x94, 0xc0, 0x3e, 0x17, 0x00, 0xf8, 0xc4, 0x03, 0xe1, 0x00,
    0xff, 0xe1, 0x80, 0x12, 0x10, 0x14, 0x30, 0x3d, 0x62, 0xca, 0xd2, 0x22, 0x4d, 0x97, 0xf1, 0x06,
    0x8b, 0x05, 0x51, 0x81, 0xc1, 0x51, 0x98, 0x00, 0x12, 0x3b, 0xdc, 0x60, 0x03, 0x90, 0x07, 0x8d,
    0x80, 0x3c, 0x20, 0x1f, 0x79, 0x80, 0x7f, 0xe0, 0x00, 0x84, 0xc0, 0x38, 0xb3, 0x12, 0x01, 0xb8,
    0x61, 0x94, 0x00, 0xa7, 0xee, 0xd0, 0x21, 0xc6, 0x60, 0xa2, 0x40, 0x4b, 0x00, 0x19, 0x61, 0x01,
    0x00, 0x4c, 0x40, 0x01, 0x00, 0x84, 0x0c, 0x05, 0xac, 0x47, 0x14, 0xc2, 0x52, 0x68, 0x59, 0x9a,
    0x10, 0x98, 0x1b, 0xb5, 0xfb, 0x44, 0x00, 0x88, 0xc4, 0x00, 0x37, 0xb9, 0x60, 0x06, 0x4b, 0xe9,
    0x00, 0x6a, 0x20, 0x4c, 0x00, 0x4a, 0x62, 0x62, 0x12, 0x59, 0xd8, 0x60, 0x3e, 0x27, 0x44, 0x03,
    0xcb, 0xaa, 0x00, 0x63, 0x91, 0x00, 0xa9, 0x88, 0x02, 0x32, 0xb0, 0x0c, 0x12, 0x00, 0xc2, 0x40,
    0x5a, 0xa0, 0x15, 0x70, 0x19, 0xb8, 0x00, 0x49, 0x20, 0x0a, 0x42, 0x0a, 0x15, 0x00, 0x38, 0xd0,
    0x33, 0x00, 0x21, 0x45, 0x41, 0xb0, 0x0d, 0xe5, 0xc2, 0x60, 0x19, 0x01, 0x50, 0x03, 0x84, 0xc3,
    0x40, 0x3c, 0xa0, 0x60, 0x1e, 0xe0, 0x50, 0x08, 0x00, 0x84, 0x80, 0x3e, 0x6d, 0x20, 0x0f, 0x70,
    0x30, 0x07, 0x90, 0x0c, 0x03, 0x88, 0x81, 0x80, 0x1c, 0x80, 0xca, 0x01, 0xda, 0x74, 0x28, 0x01,
    0x0a, 0x59, 0x96, 0x80, 0x4e, 0x0a, 0x0a, 0xe2, 0x00, 0xa5, 0x20, 0xa1, 0x70, 0x43, 0xe0, 0x01,
    0x2d, 0x80, 0x00, 0x8c, 0x80, 0x32, 0x76, 0x6c, 0x80, 0x06, 0x97, 0x1d, 0x94, 0x08, 0x7c, 0xe0,
    0xfc, 0x08, 0x7d, 0x09, 0xc4, 0x06, 0x9a, 0xf5, 0x18, 0x00, 0x9b, 0x94, 0xa4, 0x01, 0x8d, 0x7c,
    0x08, 0x03, 0x9c, 0x1c, 0x03, 0x88, 0x74, 0x03, 0xca, 0x80, 0x00, 0x18, 0x80, 0x07, 0x73, 0x98,
    0x18, 0x80, 0x10, 0x1e, 0x01, 0xd4, 0x20, 0x09, 0x02, 0xfa, 0xc7, 0x00, 0x00, 0xff, 0x85, 0x27,
    0x6c, 0x03, 0xf1, 0x35, 0xfd, 0xb1, 0x20, 0x07, 0x24, 0x66, 0xca, 0x08, 0x07, 0xec, 0xb7, 0x30,
    0x0f, 0xfc, 0x60, 0x1f, 0x1c, 0x00, 0x7f, 0x85, 0x67, 0xb1, 0xc0, 0x3f, 0x3d, 0xf5, 0x30, 0x80,
    0x7f, 0xa1, 0x00, 0x3f, 0xfc, 0xc5, 0x5d, 0xc0, 0x0f, 0xfd, 0xea, 0x22, 0x00, 0x15, 0x77, 0x00,
    0x3f, 0xe2, 0xf5, 0x11, 0x00, 0x7b, 0xd4, 0x44, 0xbe, 0x01, 0xc4, 0x01, 0x8a, 0xbb, 0x94, 0x5e,
    0xa2, 0x25, 0xf0, 0x0f, 0xf0, 0xd1, 0x17, 0xff, 0xf8, 0x45, 0xa5, 0xdc, 0x03, 0x88, 0xf1, 0x87,
    0x70, 0x83, 0xb8, 0x16, 0xef, 0xeb, 0x0e, 0xe0, 0x07, 0xff, 0x1b, 0xb8, 0x1e, 0x01, 0xef, 0x0e,
    0xe0, 0x03, 0xb8, 0x0d, 0x77, 0xe6, 0x0e, 0xe0, 0x07, 0xff, 0x1b, 0xb8, 0x0d, 0x77, 0xe6, 0x0e,
    0xe0, 0x03, 0xb8, 0x1e, 0x01, 0xef, 0x0e, 0xe0, 0x07, 0xff, 0x1b, 0xb8, 0x16, 0xef, 0xeb, 0x0e,
    0xe0, 0x17, 0x70, 0x0e, 0x23, 0xc6, 0x1d, 0xc2, 0xdf, 0xf9, 0xcf, 0xff, 0xfb, 0x48, 0x02, 0xd6,
    0x00, 0xfe, 0x20, 0x0f, 0xfe, 0x21, 0x00, 0x5a, 0xc0, 0x1f, 0xc5, 0xbf, 0xf3, 0x9f, 0xff, 0xf6,
    0xeb, 0xfe, 0x73, 0xff, 0xfe, 0xd2, 0x00, 0xb5, 0x80, 0x3f, 0x88, 0x03, 0xff, 0x88, 0x40, 0x16,
    0xb0, 0x07, 0xf1, 0x6f, 0xfc, 0xe7, 0xff, 0xfd, 0xba, 0xff, 0x9c, 0xff, 0xff, 0xb4, 0x80, 0x2d,
    0x60, 0x0f, 0xe2, 0x00, 0xff, 0xe2, 0x10, 0x05, 0xac, 0x01, 0xfc, 0x40, 0x00, 0xff, 0xe0, 0xd5,
    0x88, 0x07, 0xfe, 0xa5, 0x4a, 0x00, 0xff, 0xa9, 0x40, 0x3f, 0xf8, 0x34, 0xa0, 0x04, 0xa1, 0xba,
    0x00, 0xf5, 0x28, 0x01, 0x28, 0x69, 0x16, 0x80, 0x35, 0x28, 0x01, 0x28, 0x40, 0x32, 0xd0, 0x02,
    0x94, 0x00, 0x94, 0x20, 0x0a, 0x40, 0x02, 0xd5, 0x14, 0x00, 0x94, 0x20, 0x10, 0xd2, 0x00, 0x15,
    0x40, 0x04, 0xa1, 0x00, 0xe1, 0xa4, 0x00, 0xc9, 0x42, 0x01, 0xf0, 0xd2, 0x00, 0x12, 0x84, 0x03,
    0xf8, 0x69, 0x55, 0x42, 0x01, 0xf0, 0x06, 0x20, 0x0e, 0x26, 0x0a, 0x9c, 0x30, 0x08, 0xf2, 0x69,
    0xc0, 0x74, 0xc0, 0xf4, 0x41, 0xf8, 0x40, 0x75, 0x74, 0x40, 0x78, 0xf4, 0x40, 0x68, 0x40, 0x74,
    0xc0, 0xf4, 0x40, 0x21, 0xd3, 0x00, 0xff, 0xe0, 0x9e, 0x88, 0x04, 0x3a, 0x60, 0x7a, 0x20, 0x34,
    0x20, 0x3a, 0x7c, 0x20, 0x3a, 0xba, 0x20, 0x3c, 0xe0, 0x3a, 0x60, 0x7a, 0x20, 0xf5, 0x38, 0x60,
    0x11, 0xe4, 0xd0, 0x00, 0xf1, 0x77, 0x08, 0x03, 0xf8, 0xc8, 0x18, 0x44, 0xc0, 0x46, 0x01, 0xcd,
    0x9e, 0x01, 0xef, 0xc6, 0x00, 0x92, 0x40, 0xc4, 0x03, 0x09, 0x84, 0xa0, 0x02, 0x40, 0x74, 0x40,
    0x30, 0xe8, 0x84, 0x82, 0x10, 0x41, 0x80, 0x78, 0xe0, 0x09, 0x34, 0x05, 0xc0, 0x3f, 0x38, 0x86,
    0x98, 0x10, 0x80, 0x7e, 0x12, 0x03, 0x10, 0x0e, 0x61, 0x13, 0x00, 0x70, 0x90, 0x10, 0x04, 0x5d,
    0xc2, 0x00, 0x88, 0x0b, 0x00, 0x58, 0x03, 0xf3, 0x08, 0x62, 0x90, 0x41, 0x80, 0x78, 0xe0, 0x09,
    0x42, 0x40, 0x75, 0x80, 0x33, 0x68, 0x84, 0x80, 0x12, 0x40, 0x67, 0xb3, 0x1d, 0x22, 0x12, 0x80,
    0x13, 0x59, 0x00, 0x99, 0x84, 0x0a, 0xd8, 0x03, 0x93, 0x69, 0x91, 0x0d, 0x5a, 0x80, 0x10, 0x00,
    0xf4, 0x55, 0x20, 0x03, 0xff, 0x3a, 0xa9, 0xc0, 0x3f, 0x18, 0x01, 0x80, 0x33, 0x00, 0x98, 0x04,
    0x99, 0xb9, 0x20, 0x1a, 0x73, 0x24, 0x00, 0x48, 0x11, 0x80, 0x78, 0xc8, 0x24, 0x10, 0x80, 0x30,
    0xb3, 0x04, 0x03, 0x12, 0x2b, 0x80, 0x43, 0x93, 0x2c, 0x10, 0x09, 0xd4, 0x60, 0x40, 0x0e, 0x40,
    0x02, 0x70, 0x00, 0xc0, 0x80, 0x7f, 0xf1, 0x06, 0x04, 0x00, 0xe4, 0x00, 0x27, 0x00, 0x0c, 0x0a,
    0xb8, 0x04, 0x39, 0x32, 0xc1, 0x00, 0x9d, 0x50, 0x80, 0x30, 0xb3, 0x04, 0x03, 0x12, 0x04, 0x81,
    0x18, 0x07, 0x8c, 0x82, 0x40, 0x09, 0x99, 0x48, 0x06, 0x9c, 0xdc, 0x40, 0x08, 0xc4, 0x18, 0x03,
    0x30, 0x00, 0xc0, 0x3f, 0x3a, 0xa9, 0xc0, 0x3c, 0x00, 0xf9, 0x33, 0x06, 0x07, 0xfe, 0x30, 0x0f,
    0xcd, 0x66, 0x6c, 0x67, 0x00, 0x38, 0x07, 0xd3, 0x20, 0x66, 0x04, 0xf8, 0x07, 0xe1, 0xb6, 0x09,
    0xaa, 0x48, 0x20, 0x07, 0xc5, 0x88, 0x38, 0x7b, 0xa3, 0xc1, 0x00, 0xf2, 0x61, 0x1e, 0x5d, 0x08,
    0xaa, 0xf0, 0xc2, 0x90, 0x1e, 0xc5, 0x76, 0x1c, 0x03, 0x3c, 0x6a, 0x8d, 0xbd, 0x83, 0xc6, 0xa8,
    0x07, 0x97, 0x61, 0xc2, 0xf6, 0xe3, 0x0c, 0x03, 0xf1, 0xe4, 0x5e, 0x8a, 0x00, 0x80, 0x7f, 0x84,
    0x10, 0x40, 0x3e, 0x6f, 0xf3, 0x00, 0x7f, 0xf0, 0xb8, 0x01, 0xc0, 0x1f, 0xfd, 0x01, 0x00, 0x84,
    0x00, 0x20, 0x10, 0x80, 0x40, 0x00, 0xf6, 0xff, 0xb4, 0x03, 0xff, 0x10, 0x00, 0x80, 0x3f, 0xff,
    0x87, 0xff, 0x00, 0x6f, 0xf8, 0xc0, 0x31, 0xa0, 0x07, 0xe4, 0x30, 0x0e, 0xb4, 0x00, 0xf2, 0x58,
    0x07, 0xd6, 0x80, 0x19, 0x2c, 0x03, 0xfa, 0xd0, 0x00, 0x96, 0x01, 0xdb, 0xff, 0xb2, 0x95, 0x55,
    0x9f, 0xfb, 0x48, 0x03, 0x1e, 0xcc, 0xb4, 0xc0, 0x31, 0x00, 0x78, 0xf3, 0x06, 0x02, 0x02, 0x01,
    0xff, 0x87, 0xc7, 0xc4, 0x08, 0x03, 0xf8, 0x7c, 0x7c, 0x48, 0x00, 0x93, 0xbf, 0xff, 0x72, 0x00,
    0x70, 0xd0, 0x80, 0x7e, 0x1a, 0x10, 0x0d, 0x62, 0x9f, 0xff, 0x90, 0x6c, 0x02, 0x55, 0x0c, 0x80,
    0x7e, 0x91, 0x55, 0x00, 0xd8, 0x41, 0x00, 0x7e, 0x28, 0x0b, 0x1b, 0x14, 0x60, 0x0f, 0xf3, 0x20,
    0xda, 0x82, 0x7f, 0xce, 0x01, 0x9f, 0xfe, 0x40, 0x50, 0x0f, 0x48, 0x80, 0x06, 0x40, 0x3f, 0xf0,
    0xf7, 0xfb, 0x84, 0x03, 0xff, 0x98, 0x20, 0x1f, 0xfc, 0x41, 0x91, 0x00, 0xff, 0xe1, 0x0c, 0x80,
    0x00, 0xe5, 0x9b, 0xa9, 0x40, 0x01, 0xff, 0x00, 0x49, 0xb4, 0xc8, 0xad, 0x7a, 0x82, 0x02, 0x00,
    0x6b, 0x20, 0x46, 0x74, 0x02, 0xba, 0x00, 0x92, 0x40, 0xf2, 0xe6, 0x2f, 0x4c, 0x1c, 0x02, 0x90,
    0x3d, 0x30, 0x08, 0xc3, 0x8c, 0x02, 0x52, 0x0e, 0x10, 0x0d, 0x9b, 0xa3, 0x00, 0xb4, 0x10, 0x80,
    0x38, 0x40, 0x38, 0x63, 0xec, 0x03, 0xdd, 0xff, 0xdc, 0x01, 0xff, 0xc4, 0xef, 0xfe, 0xe0, 0x0f,
    0x5f, 0xc0, 0x80, 0x70, 0x80, 0x71, 0xa0, 0x60, 0x04, 0x7b, 0xac, 0x00, 0xc3, 0xe0, 0x48, 0x01,
    0x1f, 0x01, 0x80, 0x47, 0xa6, 0x12, 0x01, 0x38, 0x1e, 0xdc, 0x4d, 0xe1, 0x84, 0xa0, 0x05, 0x56,
    0x40, 0x8e, 0xc8, 0x05, 0x6c, 0x00, 0x10, 0x14, 0xdb, 0x65, 0x46, 0xad, 0x40, 0x08, 0x00, 0xf4,
    0x58, 0x07, 0x43, 0xa0, 0x06, 0x87, 0x00, 0x6f, 0xfc, 0xe0, 0x11, 0x00, 0x7f, 0xf4, 0xc8, 0x03,
    0xed, 0xff, 0x9c, 0x03, 0xe8, 0x70, 0x0f, 0xa1, 0xd0, 0x00, 0xf3, 0xd8, 0x07, 0xf4, 0x41, 0x00,
    0x3f, 0x43, 0x80, 0x7b, 0x3f, 0xe7, 0x00, 0xc4, 0xa0, 0x60, 0x1f, 0x92, 0x98, 0x03, 0xf9, 0x96,
    0xc0, 0x3f, 0xf9, 0x2c, 0xb4, 0x40, 0x1f, 0x92, 0x9f, 0x7f, 0xe6, 0x00, 0xc4, 0xa0, 0x1d, 0x2c,
    0x01, 0xff, 0x4b, 0x98, 0x06, 0x00, 0xff, 0xe0, 0xb0, 0x80, 0x7f, 0xf0, 0xc6, 0x30, 0xc0, 0x3f,
    0x45, 0x80, 0x61, 0xd0, 0xd1, 0x00, 0xf4, 0x3a, 0x00, 0x55, 0x42, 0xf0, 0xa0, 0x0e, 0x87, 0x00,
    0xef, 0x5d, 0x29, 0x43, 0xdf, 0xf9, 0xc0, 0x31, 0x2a, 0xa8, 0xd9, 0x83, 0x44, 0x01, 0xf9, 0x29,
    0xd4, 0xe8, 0x51, 0x40, 0x3f, 0x99, 0x68, 0x10, 0x80, 0x88, 0x01, 0xff, 0xcf, 0x65, 0xa0, 0x42,
    0x02, 0x28, 0x03, 0xf2, 0x53, 0xa9, 0xd0, 0xa2, 0xef, 0xfc, 0xe0, 0x18, 0x95, 0x54, 0x6c, 0xc1,
    0xa0, 0x0d, 0x0e, 0x01, 0xde, 0xba, 0x52, 0x86, 0x01, 0xd0, 0xe8, 0x01, 0x55, 0x0b, 0xc2, 0x80,
    0x3e, 0x8b, 0x00, 0xc3, 0xa1, 0xa2, 0x01, 0xff, 0xc1, 0x18, 0xc3, 0x00, 0x7e, 0xff, 0xff, 0xdc,
    0xf2, 0x20, 0x40, 0x1f, 0xe1, 0x91, 0x0b, 0xdb, 0x00, 0xff, 0x08, 0x12, 0x02, 0x10, 0x06, 0x11,
    0x00, 0x71, 0x20, 0x21, 0x00, 0x45, 0x98, 0x20, 0x0e, 0xbd, 0xb0, 0x08, 0xbc, 0x89, 0xe4, 0x01,
    0xea, 0x20, 0x2f, 0x20, 0x01, 0x78, 0x06, 0x2f, 0x5f, 0x4f, 0x20, 0x0c, 0x40, 0x1b, 0xc8, 0x0a,
    0xc8, 0x03, 0xfc, 0x40, 0x1f, 0xfc, 0x11, 0x0f, 0xff, 0xfc, 0x03, 0x22, 0x01, 0xff, 0x86, 0x40,
    0x00, 0xc9, 0xc8, 0x01, 0xfb, 0xc7, 0xc0, 0x3e, 0x24, 0x04, 0x20, 0x0f, 0x58, 0x05, 0x60, 0x1c,
    0x6c, 0x01, 0x31, 0x80, 0x6f, 0x00, 0xee, 0x00, 0x9c, 0xc0, 0x38, 0xa0, 0x0a, 0x00, 0x3e, 0x72,
    0xb0, 0x0f, 0xeb, 0x40, 0x0f, 0xe4, 0x20, 0xd0, 0x0f, 0x88, 0x80, 0x28, 0x01, 0xe2, 0x40, 0x89,
    0x40, 0x0e, 0x4b, 0x14, 0x98, 0xd0, 0x08, 0x6c, 0xa8, 0x53, 0x34, 0x00, 0x34, 0x40, 0x98, 0xc4,
    0x04, 0xd8, 0x80, 0xef, 0x30, 0x0c, 0x57, 0x42, 0x0e, 0x01, 0x17, 0xa2, 0x80, 0x71, 0xe1, 0x00,
    0x79, 0x34, 0x40, 0x3c, 0x94, 0x20, 0x1e, 0xdb, 0x10, 0x0f, 0x98, 0x03, 0xff, 0x8e, 0xc0, 0x1f,
    0xdb, 0x40, 0x1f, 0xcb, 0x62, 0x01, 0xf9, 0x34, 0x40, 0x3f, 0x1e, 0x10, 0x00, 0x41, 0xc0, 0x22,
    0xf4, 0x50, 0x8e, 0x91, 0x00, 0xff, 0x38, 0xb7, 0xb8, 0x07, 0xfe, 0x18, 0xd4, 0x00, 0xff, 0xc5,
    0x74, 0x40, 0x1f, 0xf9, 0x71, 0xc0, 0x3f, 0xf0, 0xc6, 0xa8, 0x07, 0xfe, 0x2a, 0xb2, 0x00, 0xff,
    0xc9, 0xe0, 0x1f, 0xfc, 0xe4, 0xf0, 0x0f, 0xf1, 0x55, 0x90, 0x07, 0xe1, 0x8d, 0x50, 0x0f, 0xe5,
    0xc7, 0x00, 0xfe, 0x2b, 0xa2, 0x00, 0xfc, 0x31, 0xa8, 0x01, 0xf3, 0x8b, 0x7b, 0x80, 0x7f, 0x00,
    0xff, 0xe1, 0x3f, 0x7f, 0xb9, 0xc0, 0x0f, 0xdf, 0xee, 0x79, 0x10, 0x00, 0xc8, 0x02, 0x44, 0x00,
    0x32, 0x20, 0x18, 0x40, 0x02, 0x01, 0x84, 0x03, 0xff, 0xfe, 0x01, 0xff, 0xe7, 0x10, 0x0c, 0x20,
    0x01, 0x00, 0xc3, 0x02, 0x00, 0x18, 0x00, 0x40, 0x80, 0x06, 0x00, 0x7e, 0xff, 0xff, 0x73, 0xc8,
    0x80, 0x7f, 0x86, 0x44, 0x03, 0xff, 0x08, 0x07, 0xff, 0xfc, 0x03, 0xff, 0xce, 0x20, 0x1f, 0xf8,
    0x64, 0x40, 0x3f, 0xc3, 0x20, 0xab, 0x20, 0x0c, 0x7f, 0xca, 0x9e, 0x40, 0x13, 0x80, 0x80, 0x0b,
    0x0c, 0x03, 0xf0, 0xea, 0x00, 0x7e, 0x1b, 0x50, 0x0f, 0xea, 0xd0, 0x0f, 0xe6, 0x00, 0xff, 0xe3,
    0xb0, 0x07, 0xc3, 0x7a, 0x01, 0xe1, 0xa4, 0x00, 0xf0, 0xea, 0x00, 0x78, 0xb0, 0xc0, 0x39, 0x53,
    0xc8, 0x02, 0x70, 0x10, 0x00, 0xe2, 0xcc, 0x10, 0x07, 0xf1, 0x79, 0x9b, 0xc8, 0x03, 0xe1, 0xf2,
    0x00, 0x17, 0x88, 0x07, 0x0e, 0x90, 0x06, 0x2d, 0x10, 0x0d, 0x46, 0x01, 0xe3, 0xa0, 0x0a, 0x90,
    0x03, 0xf2, 0x50, 0x42, 0x80, 0x7f, 0x96, 0x18, 0x03, 0xff, 0x33, 0x00, 0x3f, 0xf3, 0x47, 0xff,
    0xfe, 0x8b, 0xff, 0xff, 0xd6, 0x80, 0x1f, 0xf9, 0x00, 0x3f, 0xf8, 0x48, 0x01, 0xff, 0x90, 0x00,
    0xf0, 0xd2, 0x80, 0x78, 0x71, 0x68, 0x40, 0x30, 0xe1, 0x03, 0x08, 0x04, 0x38, 0x40, 0xd2, 0x01,
    0x0e, 0x10, 0x34, 0x80, 0x43, 0x84, 0x0d, 0x20, 0x1b, 0x08, 0x1a, 0x40, 0x3f, 0xf8, 0x78, 0x40,
    0xd2, 0x01, 0xc3, 0x84, 0x0d, 0x20, 0x1c, 0x38, 0x40, 0xd2, 0x01, 0xc3, 0x84, 0x0d, 0x20, 0x1c,
    0x38, 0x40, 0xc2, 0x01, 0xc3, 0x8b, 0x42, 0x05, 0xa1, 0x00, 0xf0, 0xd2, 0xe0, 0x80, 0x70, 0xb0,
    0x16, 0x08, 0x07, 0x4b, 0x01, 0x60, 0x80, 0x74, 0xb0, 0x16, 0x08, 0x07, 0x4b, 0x01, 0x60, 0x80,
    0x74, 0xb0, 0x16, 0x00, 0x7f, 0xf0, 0xe5, 0x80, 0xb0, 0x03, 0x4b, 0x01, 0x60, 0x80, 0x52, 0xc0,
    0x58, 0x20, 0x14, 0xb0, 0x16, 0x08, 0x04, 0x2c, 0x05, 0x82, 0x01, 0x86, 0x97, 0x04, 0x03, 0x80,
    0x00, 0xe4, 0xee, 0x20, 0x07, 0xf8, 0xc4, 0x46, 0x01, 0xff, 0xe3, 0x47, 0x7d, 0x80, 0x0c, 0x77,
    0xc9, 0x51, 0x19, 0x00, 0x09, 0x11, 0xa8, 0x03, 0xff, 0x85, 0x51, 0x19, 0x00, 0x09, 0x11, 0xa9,
    0x1d, 0xf6, 0x00, 0x31, 0xdf, 0x20, 0x07, 0xff, 0x8c, 0xc4, 0x46, 0x01, 0xc0, 0x47, 0x7f, 0xfc,
    0x95, 0x11, 0xff, 0xa8, 0x03, 0xff, 0x85, 0x51, 0x1f, 0xfa, 0x80, 0x00, 0xe5, 0xad, 0xff, 0x6d,
    0x28, 0x07, 0xe4, 0xda, 0x51, 0x66, 0x0a, 0xd6, 0xa0, 0x07, 0x3d, 0x90, 0xd6, 0x4c, 0xb2, 0x84,
    0xad, 0xc0, 0x27, 0x80, 0x05, 0xa8, 0x4f, 0x42, 0xd8, 0x02, 0x1c, 0x12, 0x00, 0x06, 0xa0, 0x02,
    0x17, 0x85, 0x30, 0x04, 0x24, 0x80, 0x4a, 0x13, 0x68, 0x00, 0x60, 0x50, 0x0a, 0x40, 0x3c, 0xe8,
    0x01, 0xfe, 0x90, 0x09, 0x41, 0x80, 0x33, 0x02, 0x80, 0x52, 0x90, 0x00, 0x35, 0x87, 0x11, 0x3c,
    0x29, 0x80, 0x21, 0x01, 0xe0, 0x01, 0x6b, 0x1d, 0xc8, 0x5b, 0x00, 0x43, 0x80, 0x4f, 0x64, 0x35,
    0x93, 0x2c, 0xa1, 0x2b, 0x70, 0x0e, 0x4d, 0xa5, 0x16, 0x60, 0xad, 0x6a, 0x00, 0x40, 0x8c, 0x20,
    0x0f, 0xfe, 0x2a, 0x1e, 0x20, 0x07, 0xff, 0x13, 0x54, 0x6e, 0x01, 0x27, 0x3b, 0xf6, 0x94, 0x03,
    0xc3, 0x50, 0x0f, 0xd6, 0xc0, 0xec, 0x2b, 0x5a, 0x80, 0x1e, 0x7b, 0x11, 0x03, 0xe4, 0xcb, 0x28,
    0x4a, 0xdc, 0x03, 0xc9, 0x86, 0x0e, 0xd3, 0xd0, 0xb6, 0x00, 0x87, 0x00, 0x8f, 0x50, 0xb1, 0xc2,
    0x5c, 0x5e, 0x14, 0xc0, 0x10, 0x80, 0x0e, 0x2b, 0x70, 0x8a, 0x11, 0x00, 0x18, 0x14, 0x02, 0x90,
    0x0e, 0x88, 0x02, 0xe1, 0x00, 0x61, 0x00, 0xf4, 0x80, 0x48, 0x00, 0x2c, 0x50, 0x18, 0x40, 0x0a,
    0x40, 0x09, 0x00, 0x03, 0x50, 0x00, 0xd4, 0x83, 0x98, 0x02, 0x10, 0x02, 0x78, 0x00, 0x5a, 0x80,
    0x4d, 0x84, 0x00, 0x67, 0x00, 0xe7, 0xb2, 0x1a, 0xc9, 0x82, 0x3c, 0x40, 0x67, 0x00, 0xf2, 0x6d,
    0x28, 0xb3, 0x24, 0x45, 0x6e, 0x11, 0x42, 0x01, 0xe5, 0xad, 0xfe, 0xb1, 0x00, 0x45, 0x8a, 0xe8,
    0x07, 0xff, 0x11, 0x30, 0xd0, 0x00, 0xf8, 0xb7, 0x44, 0x01, 0xff, 0xc2, 0x92, 0x24, 0x80, 0x7f,
    0xf0, 0x55, 0x00, 0x08, 0xa0, 0x1f, 0xfa, 0x00, 0x34, 0x00, 0x7f, 0xce, 0x40, 0x18, 0x9c, 0x03,
    0xf8, 0x64, 0x0a, 0x20, 0x41, 0x22, 0x01, 0xfa, 0x04, 0x1d, 0xf0, 0x0c, 0x00, 0x7c, 0x6c, 0x00,
    0x10, 0x00, 0x80, 0x18, 0xc0, 0x3d, 0xe0, 0x13, 0x80, 0x1c, 0x02, 0xf0, 0x0e, 0x53, 0x00, 0x84,
    0x00, 0x20, 0x11, 0xa8, 0x04, 0x30, 0x01, 0x8a, 0x20, 0x40, 0x1a, 0x04, 0x01, 0x24, 0x01, 0x87,
    0x30, 0x20, 0x18, 0xa4, 0x09, 0xc0, 0x39, 0x13, 0x00, 0x73, 0x94, 0x00, 0x79, 0x13, 0x00, 0x7a,
    0x10, 0x03, 0xc3, 0x76, 0x10, 0x0f, 0x23, 0x00, 0x7f, 0xf1, 0x18, 0x00, 0xff, 0xd7, 0x00, 0x1f,
    0xfc, 0x24, 0x78, 0x0e, 0xff, 0x9c, 0x03, 0x3f, 0xf8, 0x00, 0xf0, 0x20, 0x14, 0x30, 0x01, 0xa0,
    0x03, 0x96, 0x62, 0x04, 0x12, 0x4b, 0x20, 0x50, 0x00, 0x1f, 0x67, 0x77, 0x8c, 0xb5, 0x00, 0xfb,
    0x80, 0xe1, 0x00, 0x45, 0xe5, 0x40, 0x3a, 0x41, 0x78, 0x40, 0x1c, 0x54, 0x22, 0xa2, 0x00, 0xfe,
    0x2d, 0x10, 0xa2, 0xf2, 0x0b, 0xc2, 0x06, 0x77, 0x78, 0x85, 0x34, 0x8f, 0xb8, 0x0e, 0x14, 0xc4,
    0x08, 0x25, 0x4a, 0x40, 0xa0, 0x00, 0x3e, 0x20, 0x14, 0x30, 0x01, 0xa0, 0x03, 0x97, 0xbf, 0xe7,
    0x00, 0xcf, 0xfe, 0x00, 0x3c, 0x00, 0x7f, 0xe4, 0x78, 0x00, 0x00, 0xff, 0xe3, 0x8e, 0xe8, 0x40,
    0x3f, 0x87, 0x08, 0x98, 0x20, 0x1f, 0x0e, 0x10, 0x00, 0xb0, 0x40, 0x38, 0x70, 0x81, 0x98, 0x05,
    0x82, 0x01, 0x0e, 0x10, 0x34, 0xc9, 0x80, 0xb0, 0x40, 0x70, 0x81, 0xa4, 0x01, 0x2c, 0x05, 0x83,
    0x64, 0x0d, 0x20, 0x1a, 0x58, 0x0a, 0xfc, 0x1a, 0x40, 0x3d, 0x2c, 0x1e, 0xbd, 0x20, 0x1f, 0xa7,
    0x94, 0x01, 0x00, 0xff, 0x08, 0x2f, 0x48, 0x07, 0xe9, 0xe5, 0xf0, 0x69, 0x00, 0xf4, 0xb0, 0x7d,
    0x90, 0x34, 0x80, 0x69, 0x60, 0x2b, 0x1c, 0x20, 0x69, 0x00, 0x4b, 0x01, 0x60, 0x80, 0xe1, 0x03,
    0x4c, 0x98, 0x0b, 0x04, 0x02, 0x1c, 0x20, 0x66, 0x01, 0x60, 0x80, 0x70, 0xe1, 0x00, 0x0b, 0x04,
    0x03, 0xe1, 0xc2, 0x26, 0x08, 0x07, 0xf0, 0xee, 0x84, 0x03, 0x80, 0x00, 0xff, 0xe5, 0x0e, 0x60,
    0x40, 0x3f, 0xf8, 0x63, 0xa6, 0x6d, 0x10, 0xdf, 0xff, 0xb4, 0x02, 0x1c, 0x30, 0x01, 0xe0, 0xa0,
    0x07, 0xc4, 0x01, 0x51, 0x18, 0x00, 0xca, 0xa7, 0xff, 0xc0, 0x1d, 0x89, 0xa0, 0x0d, 0x4c, 0x00,
    0xff, 0xcf, 0x62, 0x00, 0x1b, 0x70, 0x0f, 0xff, 0x03, 0xd8, 0x80, 0x06, 0xdc, 0x03, 0xff, 0x62,
    0x68, 0x03, 0x53, 0x00, 0x3b, 0xff, 0xd3, 0x44, 0x60, 0x03, 0x2a, 0x00, 0x88, 0x03, 0xe4, 0x1c,
    0x30, 0x01, 0xe0, 0x80, 0x5b, 0xff, 0xf6, 0x80, 0xe9, 0x9b, 0x44, 0x03, 0xff, 0x86, 0x39, 0x81,
    0x00, 0x7e, 0xff, 0xda, 0x40, 0x1f, 0xa4, 0x40, 0x31, 0x79, 0x00, 0x7c, 0x20, 0x1e, 0x2d, 0xff,
    0xee, 0x70, 0x0f, 0xfe, 0x10, 0xc8, 0x07, 0xff, 0x0c, 0x40, 0x3f, 0xff, 0xe0, 0x1c, 0x20, 0x1f,
    0xfc, 0x21, 0x91, 0x00, 0xff, 0xc3, 0x20, 0x00, 0xfa, 0xa8, 0x01, 0xff, 0xc1, 0xb5, 0x55, 0x80,
    0x7f, 0xd6, 0x80, 0x04, 0xb0, 0x0f, 0xeb, 0x40, 0x0c, 0x96, 0x01, 0xf5, 0xa0, 0x07, 0x92, 0xc0,
    0x38, 0xd0, 0x03, 0xf2, 0x18, 0x06, 0x3f, 0xf8, 0x03, 0x7f, 0xc6, 0x01, 0xff, 0xf6, 0xdf, 0xfc,
    0x44, 0x00, 0x11, 0x3f, 0xf6, 0x90, 0x06, 0x8f, 0xfd, 0x00, 0x18, 0x80, 0x39, 0x77, 0xfd, 0xaa,
    0x20, 0x20, 0x1f, 0xf8, 0x7c, 0x7c, 0x40, 0x80, 0x3f, 0x87, 0xc7, 0xc4, 0x80, 0x00, 0xff, 0xa7,
    0x69, 0x88, 0x03, 0xfc, 0x4c, 0x4b, 0x3e, 0x01, 0xfe, 0xb0, 0x0c, 0x60, 0x1f, 0xc2, 0xe0, 0x18,
    0xc0, 0x3f, 0xc2, 0x01, 0x98, 0x03, 0xf8, 0x70, 0x40, 0x2c, 0x00, 0xff, 0x1d, 0x00, 0x4a, 0x01,
    0xff, 0x78, 0x01, 0x08, 0x03, 0xfc, 0xc8, 0x00, 0x80, 0x0c, 0x22, 0x00, 0xc9, 0x20, 0x06, 0x30,
    0x01, 0x47, 0xf2, 0x00, 0x1a, 0xc0, 0x07, 0x00, 0x0a, 0xd7, 0x10, 0xa4, 0xb9, 0x00, 0x17, 0x08,
    0x01, 0xc0, 0x30, 0xda, 0x00, 0x0f, 0xc8, 0x02, 0x70, 0x0f, 0xcd, 0xa4, 0x01, 0xb0, 0x03, 0xc9,
    0x92, 0x20, 0x1c, 0x84, 0x24, 0x91, 0xb6, 0x60, 0x1f, 0x08, 0xee, 0x40, 0x07, 0x0b, 0x30, 0x61,
    0xc4, 0x4f, 0x00, 0x11, 0x64, 0xcb, 0x58, 0x2e, 0xc0, 0xc0, 0x02, 0xf2, 0x01, 0x80, 0x0f, 0x8b,
    0xc8, 0x06, 0x91, 0x82, 0xec, 0x00, 0x6c, 0x20, 0x1a, 0x40, 0x87, 0x10, 0x00, 0xc8, 0x80, 0xd2,
    0x00, 0x51, 0xda, 0x20, 0x10, 0xd2, 0x00, 0x7f, 0xf1, 0xa3, 0xb4, 0x40, 0x21, 0xa4, 0x00, 0xa1,
    0xc4, 0x00, 0x32, 0x20, 0x34, 0x80, 0x06, 0x0b, 0xb0, 0x01, 0xb0, 0x80, 0x69, 0x00, 0x3f, 0x17,
    0x90, 0x0d, 0x23, 0x05, 0xd8, 0x18, 0x00, 0x5e, 0x40, 0x31, 0x07, 0x11, 0x3c, 0x00, 0x45, 0x93,
    0x2d, 0x00, 0xdb, 0xff, 0xc1, 0xa4, 0x01, 0xc4, 0x01, 0xe2, 0xf2, 0x00, 0xff, 0xc5, 0xfb, 0xfe,
    0x00, 0xf8, 0xbf, 0xda, 0x40, 0x1f, 0xdb, 0xff, 0x00, 0x7f, 0xff, 0xc0, 0x3f, 0xf9, 0xc4, 0x40,
    0x0f, 0xc4, 0x01, 0x47, 0xff, 0xf6, 0x80, 0x4b, 0xbf, 0xfc, 0x01, 0x88, 0x03, 0xf1, 0x00, 0x60,
    0x7e, 0xff, 0xfd, 0x64, 0x00, 0x91, 0x00, 0xfc, 0x9e, 0x40, 0x21, 0xdf, 0xfe, 0xe0, 0x2f, 0x20,
    0x00, 0x80, 0x78, 0x40, 0x05, 0x20, 0x1f, 0xfc, 0x14, 0x00, 0x08, 0x07, 0x84, 0x03, 0xdd, 0xff,
    0xee, 0x00, 0xff, 0xe5, 0xa6, 0xe9, 0x00, 0x3f, 0xd2, 0x44, 0x90, 0x0f, 0xfe, 0x64, 0x91, 0x24,
    0x03, 0x84, 0x03, 0x26, 0xe9, 0x00, 0x30, 0xc8, 0x80, 0x7f, 0x86, 0x40, 0x12, 0x2f, 0xfc, 0x3d,
    0xbb, 0xff, 0xb8, 0x03, 0xff, 0x85, 0xdb, 0xbf, 0xfb, 0x84, 0x8b, 0xff, 0x08, 0x88, 0xbf, 0xf0,
    0xf6, 0xef, 0xfe, 0xe0, 0x0f, 0xfe, 0x17, 0x6e, 0xff, 0xee, 0x12, 0x2f, 0xfc, 0x22, 0x22, 0xff,
    0xc3, 0xdb, 0xbf, 0xfb, 0x80, 0x3f, 0xf8, 0x5d, 0xbb, 0xff, 0xb8, 0x7e, 0xff, 0xff, 0xdc, 0xf2,
    0x20, 0x1f, 0xf8, 0x65, 0x40, 0x3f, 0xf8, 0x4b, 0x4c, 0x01, 0xff, 0x9a, 0xb2, 0xa8, 0x20, 0x1f,
    0x86, 0xa9, 0x85, 0x87, 0x86, 0x01, 0xe3, 0xc3, 0xc2, 0x00, 0x4c, 0x6b, 0x80, 0x67, 0xd8, 0x90,
    0x0e, 0x5c, 0xbb, 0x11, 0x2e, 0xd8, 0xa0, 0x1f, 0x16, 0x67, 0x88, 0x03, 0xfc, 0xfd, 0xc7, 0x00,
    0xf0, 0x80, 0x7f, 0xf0, 0x86, 0x44, 0x03, 0xff, 0x0c, 0x80, 0x0d, 0xff, 0xd8, 0x01, 0x11, 0x00,
    0x3f, 0x30, 0x07, 0x58, 0x04, 0x40, 0x1c, 0xa0, 0x17, 0x00, 0x63, 0x20, 0x08, 0x80, 0x31, 0xff,
    0xd8, 0xc0, 0x1f, 0x98, 0x80, 0x3f, 0x41, 0x00, 0x7c, 0xe5, 0x9f, 0xf2, 0x80, 0x06, 0x40, 0x39,
    0xc0, 0x10, 0x20, 0x18, 0x88, 0x06, 0xc0, 0x1c, 0xe0, 0x0f, 0x00, 0xf6, 0x02, 0x98, 0x07, 0x90,
    0x60, 0x03, 0xe1, 0x82, 0x00, 0xc0, 0x00, 0x93, 0x74, 0x80, 0x1f, 0x6f, 0xfa, 0xd1, 0x17, 0xfe,
    0xd0, 0x0c, 0x40, 0x1f, 0x88, 0x03, 0xf3, 0x30, 0x03, 0xff, 0x2e, 0xff, 0xe0, 0x0f, 0xd1, 0xff,
    0xc1, 0xa4, 0x01, 0xc4, 0x40, 0x0e, 0x2f, 0x20, 0x0f, 0xfc, 0x5e, 0x01, 0xfe, 0x2f, 0xf6, 0x80,
    0x7f, 0xb7, 0xfe, 0x00, 0xff, 0xe8, 0x10, 0x07, 0xff, 0x07, 0x7f, 0xe0, 0x0f, 0xfe, 0x89, 0x00,
    0x7c, 0x40, 0x00, 0xf5, 0xd8, 0x03, 0xfe, 0x24, 0x41, 0x00, 0x7e, 0x1b, 0xd0, 0x06, 0xd8, 0x80,
    0x70, 0xe2, 0x00, 0x64, 0xc1, 0x00, 0xd2, 0x40, 0x1e, 0x29, 0x00, 0xca, 0x01, 0xf9, 0x40, 0x31,
    0x00, 0x7e, 0x20, 0x08, 0x40, 0x3f, 0xc2, 0x00, 0x20, 0x0f, 0xf1, 0x00, 0x2c, 0x03, 0xfd, 0x60,
    0x4c, 0x01, 0xfe, 0x62, 0xe1, 0x00, 0xff, 0x0f, 0x38, 0x07, 0xfe, 0x7b, 0xff, 0xff, 0xd6, 0x01,
    0xdb, 0xfe, 0xd0, 0x0f, 0xf4, 0x91, 0x24, 0x03, 0x80, 0x7e, 0xff, 0xff, 0xe1, 0x73, 0xc8, 0x80,
    0x7f, 0xf0, 0x86, 0x44, 0x3b, 0x81, 0xdc, 0x0e, 0xe0, 0x77, 0x03, 0xb8, 0x02, 0x01, 0xff, 0xc8,
    0xee, 0x07, 0x70, 0x3b, 0x81, 0xdc, 0x0e, 0xe0, 0x07, 0x37, 0xb3, 0x3d, 0x99, 0xec, 0xcf, 0x60,
    0x0f, 0xfe, 0x63, 0x7b, 0x33, 0xd9, 0x9e, 0xcc, 0xf6, 0x00, 0xee, 0xe0, 0x77, 0xff, 0xb8, 0x3b,
    0x80, 0x1f, 0xfc, 0x81, 0x0e, 0xe0, 0x77, 0xff, 0xb8, 0x3b, 0x80, 0x32, 0x20, 0x1f, 0xfc, 0x21,
    0x90, 0x00, 0xff, 0xc7, 0x5c, 0xc0, 0x1f, 0xe5, 0xcc, 0x28, 0xc0, 0x07, 0xe6, 0xda, 0x30, 0x09,
    0x00, 0x38, 0x5f, 0xa4, 0x80, 0x3a, 0x40, 0x22, 0x8f, 0x81, 0x00, 0xf1, 0x98, 0x0e, 0xb5, 0xc4,
    0x03, 0xf4, 0x84, 0x62, 0x80, 0x7f, 0x89, 0x41, 0x80, 0x3f, 0xf5, 0x80, 0x18, 0x03, 0xfe, 0x16,
    0x00, 0x47, 0xff, 0x80, 0x3a, 0x40, 0x3f, 0xf8, 0x42, 0xc0, 0x1f, 0xfc, 0x26, 0x10, 0x0f, 0xfe,
    0x15, 0x00, 0x7f, 0xf0, 0x94, 0x80, 0x3f, 0xf8, 0x52, 0x01, 0xff, 0x9c, 0x5c, 0xc0, 0x38, 0xdf,
    0xff, 0x06, 0x90, 0x00, 0x80, 0x3e, 0x2f, 0x20, 0x0f, 0xf1, 0x79, 0x00, 0x7f, 0x8b, 0xc0, 0x3e,
    0x2f, 0xfb, 0x40, 0x3e, 0xdf, 0xfc, 0x01, 0xff, 0xff, 0x00, 0xff, 0xea, 0x90, 0x07, 0xf8, 0x80,
    0x00, 0xff, 0xe6, 0xa4, 0xe7, 0x7f, 0xbb, 0x25, 0x00, 0x3e, 0x17, 0xeb, 0x63, 0x10, 0x00, 0x9b,
    0x5f, 0x38, 0x80, 0x49, 0x90, 0x20, 0x03, 0x67, 0x73, 0x18, 0x00, 0x63, 0x10, 0x1a, 0xc8, 0x0a,
    0x7b, 0x26, 0x21, 0x39, 0xd2, 0x40, 0x56, 0xd4, 0x00, 0x9d, 0x61, 0x00, 0xf0, 0xb6, 0xc8, 0x02,
    0xb5, 0xb1, 0x80, 0x0b, 0x5b, 0xdc, 0xda, 0x50, 0x03, 0x63, 0x68, 0xc9, 0x82, 0x6d, 0x29, 0x08,
    0x89, 0x6b, 0x50, 0x0e, 0x44, 0x02, 0x5b, 0x20, 0x15, 0x77, 0x28, 0x81, 0x5a, 0x80, 0x79, 0xc8,
    0x63, 0xaa, 0x21, 0x5d, 0x02, 0x4e, 0x01, 0xe2, 0xcf, 0x70, 0x0f, 0x3f, 0xe1, 0x00, 0x7c, 0x22,
    0x00, 0x26, 0xe9, 0x00, 0x02, 0x20, 0x0f, 0xfd, 0x24, 0x49, 0x00, 0xff, 0xec, 0x49, 0x12, 0x40,
    0x3f, 0x7e, 0xff, 0xff, 0xe1, 0xf3, 0x84, 0x88, 0x07, 0xff, 0x0c, 0x64, 0x04, 0x3f, 0xff, 0xf8,
    0x60, 0x3a, 0x01, 0x7f, 0xff, 0xf0, 0x40, 0x22, 0x00, 0xff, 0xe2, 0xf8, 0x07, 0xff, 0x6f, 0xc0,
    0x3b, 0xff, 0xff, 0x82, 0x01, 0x10, 0x87, 0xff, 0xff, 0x0c, 0x07, 0x64, 0x40, 0x3f, 0xf8, 0x63,
    0x20, 0x7e, 0xff, 0xff, 0xe1, 0xf3, 0x84, 0x88, 0x07, 0xff, 0x0c, 0x64, 0x04, 0x3f, 0xff, 0xf8,
    0x60, 0x3a, 0x01, 0x7f, 0xff, 0x80, 0x3c, 0x40, 0x1f, 0xfc, 0x5f, 0x00, 0xff, 0xed, 0xf8, 0x07,
    0x7f, 0xff, 0x80, 0x3c, 0x42, 0x1f, 0xff, 0xfc, 0x30, 0x1d, 0x91, 0x00, 0xff, 0xe1, 0x8c, 0x80,
    0x7e, 0xff, 0xff, 0xe1, 0xf3, 0x84, 0x88, 0x07, 0xff, 0x0c, 0x64, 0x04, 0x3f, 0xff, 0xf8, 0x60,
    0x3a, 0x01, 0x7f, 0xfc, 0x01, 0xfc, 0x40, 0x1f, 0xfc, 0x5f, 0x00, 0xff, 0xed, 0xf8, 0x07, 0x7f,
    0xfc, 0x01, 0xfc, 0x42, 0x1f, 0xff, 0xfc, 0x30, 0x1d, 0x91, 0x00, 0xff, 0xe1, 0x8c, 0x80, 0x7e,
    0xff, 0xff, 0xe1, 0xf3, 0x84, 0x88, 0x07, 0xff, 0x0c, 0x64, 0x04, 0x3f, 0xff, 0xf8, 0x60, 0x3a,
    0x01, 0x7f, 0xe0, 0x0f, 0xfc, 0x40, 0x1f, 0xfc, 0x5f, 0x00, 0xff, 0xed, 0xf8, 0x07, 0x7f, 0xe0,
    0x0f, 0xfc, 0x42, 0x1f, 0xff, 0xfc, 0x30, 0x1d, 0x91, 0x00, 0xff, 0xe1, 0x8c, 0x80, 0x7e, 0xff,
    0xff, 0xe1, 0xf3, 0x84, 0x88, 0x07, 0xff, 0x0c, 0x64, 0x04, 0x3f, 0xff, 0xf8, 0x60, 0x3a, 0x01,
    0xff, 0xc7, 0x20, 0x0f, 0xfe, 0x2f, 0x80, 0x7f, 0xf6, 0xfc, 0x03, 0xff, 0x92, 0x42, 0x1f, 0xff,
    0xfc, 0x30, 0x1d, 0x91, 0x00, 0xff, 0xe1, 0x8c, 0x80, 0x00, 0xff, 0x84, 0x03, 0xff, 0x8c, 0xfd,
    0x80, 0x1f, 0xfc, 0x22, 0xcf, 0x80, 0x34, 0x00, 0xff, 0xe0, 0xcb, 0x6b, 0x01, 0x28, 0x07, 0xc2,
    0x40, 0x12, 0x2d, 0x94, 0xee, 0x84, 0x03, 0xcb, 0xdb, 0x40, 0x0f, 0x91, 0x00, 0x10, 0x06, 0x4a,
    0x20, 0x80, 0x02, 0xd5, 0x13, 0xa2, 0x3f, 0x72, 0xe3, 0x80, 0x71, 0x39, 0xb9, 0x80, 0x7f, 0xa0,
    0x00, 0xb5, 0x10, 0xa7, 0x08, 0x8f, 0x72, 0xe3, 0xaf, 0x6d, 0x00, 0x69, 0x53, 0x02, 0x33, 0x0a,
    0x51, 0x00, 0x04, 0x80, 0x38, 0x67, 0xcb, 0xb3, 0x10, 0x01, 0xff, 0xc1, 0x76, 0xd3, 0x00, 0xff,
    0xe2, 0xd7, 0xa0, 0x07, 0xff, 0x1e, 0xb7, 0x50, 0x01, 0x80, 0x00, 0x0c, 0x67, 0x7e, 0xc9, 0x00,
    0x45, 0x8e, 0x6a, 0x44, 0x6c, 0x40, 0x07, 0x10, 0x00, 0xb8, 0x40, 0x64, 0x54, 0xc0, 0x31, 0xe8,
    0x81, 0x3e, 0x00, 0xa8, 0x00, 0xda, 0x80, 0x18, 0xa0, 0x56, 0xe0, 0x08, 0x44, 0x03, 0x10, 0x1d,
    0x4d, 0x0f, 0xc2, 0x01, 0x08, 0x01, 0x28, 0xc9, 0x1c, 0x00, 0x20, 0x19, 0x88, 0x38, 0x03, 0x08,
    0x00, 0xbc, 0xc6, 0x58, 0x00, 0x26, 0x05, 0xef, 0x05, 0x52, 0xa0, 0x6e, 0x00, 0x5a, 0x30, 0xc2,
    0x70, 0x6f, 0x02, 0x80, 0x01, 0xaf, 0x90, 0x62, 0x90, 0x06, 0x1f, 0x20, 0x16, 0x0e, 0x10, 0x03,
    0x61, 0x00, 0x2c, 0x40, 0xfd, 0xcc, 0x8a, 0x5c, 0x50, 0x00, 0xcd, 0xff, 0x98, 0x03, 0x77, 0xfd,
    0x20, 0x1a, 0x7f, 0xee, 0x00, 0xff, 0xe1, 0x77, 0xff, 0xfe, 0xe0, 0xff, 0xff, 0xc0, 0x1f, 0xfc,
    0x66, 0x60, 0x33, 0x01, 0x98, 0x01, 0xee, 0xe0, 0x77, 0x03, 0xb8, 0x01, 0xff, 0xff, 0x0e, 0xe0,
    0x77, 0x03, 0xb8, 0x01, 0x84, 0x19, 0x80, 0xcc, 0x06, 0x60, 0x08, 0x02, 0x44, 0x03, 0xf0, 0xc8,
    0x00, 0x00, 0xff, 0x9f, 0x64, 0x03, 0xff, 0x3c, 0x13, 0x58, 0x07, 0xf8, 0x68, 0x02, 0x49, 0x00,
    0xfc, 0xf7, 0xe4, 0x01, 0x20, 0x07, 0xcf, 0x0b, 0x1e, 0x40, 0x0a, 0x00, 0xf3, 0xc0, 0x01, 0x63,
    0xca, 0x1c, 0x03, 0x9e, 0x00, 0x32, 0xc6, 0x38, 0x07, 0x3c, 0x00, 0x7b, 0x44, 0x03, 0x9e, 0x00,
    0x3d, 0x0e, 0x01, 0xcf, 0x00, 0x1e, 0x87, 0x00, 0xe7, 0x80, 0x0f, 0x43, 0x80, 0x73, 0x40, 0x07,
    0xa1, 0xc0, 0x3d, 0x80, 0x1e, 0x87, 0x00, 0xf9, 0x80, 0x3a, 0x1c, 0x03, 0xf1, 0x00, 0x68, 0x70,
    0x0f, 0xe2, 0x13, 0x59, 0x70, 0x0f, 0xf0, 0x00, 0xc3, 0x7f, 0xff, 0xfb, 0x50, 0x02, 0x1d, 0x40,
    0x0f, 0xfc, 0x52, 0x00, 0x1d, 0x30, 0x0c, 0x82, 0x00, 0x14, 0x00, 0xc4, 0x03, 0x86, 0x01, 0x92,
    0xf4, 0x45, 0xb6, 0x80, 0x18, 0x70, 0x80, 0x39, 0x4c, 0xdb, 0xa3, 0x32, 0x80, 0x6d, 0x20, 0x0f,
    0x0e, 0x99, 0xed, 0x10, 0x0f, 0xfe, 0x66, 0x90, 0x07, 0x87, 0x4c, 0xf6, 0x88, 0x06, 0x1c, 0x20,
    0x0e, 0x53, 0x36, 0xe8, 0xcc, 0xa0, 0x1c, 0x38, 0x60, 0x19, 0x2f, 0x44, 0x5b, 0x68, 0x01, 0xe1,
    0xd3, 0x00, 0xc8, 0x20, 0x01, 0x40, 0x0c, 0x40, 0x10, 0xea, 0x00, 0x7f, 0xe2, 0x90, 0x00, 0x9f,
    0xff, 0xda, 0x80, 0x07, 0x80, 0x0f, 0x14, 0x83, 0xc4, 0x3c, 0x3e, 0x21, 0xe0, 0x4f, 0x00, 0x1f,
    0xe8, 0x00, 0xff, 0xe1, 0x47, 0x87, 0xc4, 0x3c, 0x03, 0xff, 0xfe, 0x01, 0xff, 0xcb, 0x20, 0x0f,
    0xf1, 0x49, 0x00, 0x7e, 0x29, 0x00, 0xff, 0xe1, 0x16, 0x00, 0x7f, 0xf0, 0x4b, 0xcc, 0x02, 0x8b,
    0x00, 0xfc, 0xa4, 0x01, 0x53, 0xa0, 0x07, 0xfc, 0x36, 0xa0, 0x04, 0x4f, 0xdc, 0x00, 0xa4, 0x00,
    0xae, 0xff, 0x30, 0x07, 0xff, 0x14, 0x69, 0x00, 0x2b, 0xbf, 0xf6, 0x0d, 0xa8, 0x01, 0x13, 0xfc,
    0x40, 0x0a, 0x74, 0x00, 0xff, 0x80, 0x00, 0xff, 0x88, 0x91, 0x20, 0x1f, 0xd7, 0xcc, 0x20, 0x1f,
    0xc4, 0xe0, 0x20, 0x1f, 0x9d, 0x36, 0x5a, 0xd9, 0x10, 0xaf, 0x5d, 0x0e, 0xcf, 0x2f, 0x37, 0x6a,
    0x91, 0x6d, 0x80, 0x03, 0x67, 0x6d, 0xe7, 0x5c, 0x10, 0x07, 0x09, 0x65, 0x00, 0x7f, 0xd5, 0x60,
    0x1f, 0xf5, 0x50, 0x03, 0xc0, 0x00, 0xff, 0x88, 0x80, 0x08, 0x90, 0x0f, 0xea, 0xe0, 0x03, 0x08,
    0x07, 0xf1, 0x08, 0x04, 0x20, 0x1f, 0x0c, 0xa9, 0x08, 0x4b, 0x5b, 0x22, 0x15, 0xeb, 0xd9, 0xc7,
    0x59, 0xe9, 0xe6, 0xed, 0x52, 0x33, 0xb1, 0x43, 0x60, 0xb9, 0xdb, 0x79, 0xd6, 0xe4, 0x09, 0xba,
    0x00, 0x84, 0xb2, 0x80, 0x3f, 0xf8, 0x35, 0x60, 0x1f, 0xfc, 0x1a, 0xa0, 0x07, 0xe0, 0x00, 0x25,
    0x08, 0x00, 0x94, 0x02, 0x10, 0x11, 0x3c, 0x98, 0x1c, 0x1f, 0x81, 0x7e, 0x00, 0x65, 0xe0, 0x09,
    0x64, 0x02, 0x29, 0x00, 0x00, 0x25, 0x08, 0x04, 0x4a, 0x01, 0x84, 0x0c, 0x05, 0xe4, 0x39, 0xce,
    0x0d, 0xca, 0x0b, 0xf2, 0xfb, 0xc0, 0x0b, 0xc0, 0x19, 0x64, 0x03, 0x14, 0x80, 0x00, 0x00, 0xff,
    0x88, 0x91, 0x20, 0x1f, 0xd7, 0xcc, 0x20, 0x1f, 0xc4, 0xe0, 0x20, 0x1f, 0x9d, 0x36, 0x5a, 0xd9,
    0x10, 0xaf, 0x5d, 0x0e, 0xcf, 0x2f, 0x37, 0x6a, 0x91, 0x6d, 0x80, 0x03, 0x67, 0x5d, 0xb3, 0x17,
    0x04, 0x01, 0xc3, 0x9b, 0x74, 0x01, 0xfd, 0x17, 0x50, 0x01, 0xfe, 0xaa, 0x00, 0x78, 0x00, 0xff,
    0x88, 0x80, 0x08, 0x90, 0x0f, 0xea, 0xe0, 0x03, 0x08, 0x07, 0xf1, 0x08, 0x04, 0x20, 0x1f, 0x0c,
    0xa9, 0x08, 0x4b, 0x5b, 0x22, 0x15, 0xeb, 0xd9, 0xc7, 0x59, 0xe9, 0xe6, 0xed, 0x52, 0x33, 0xb1,
    0x43, 0x60, 0xb9, 0xd7, 0x6c, 0xc5, 0xb9, 0x02, 0x6e, 0x80, 0x21, 0xcd, 0xba, 0x00, 0xff, 0xa2,
    0xea, 0x00, 0x3f, 0xf5, 0x50, 0x03, 0xf0, 0x00, 0x25, 0x08, 0x00, 0x94, 0x02, 0x10, 0x11, 0x3c,
    0x98, 0x1c, 0x1f, 0x81, 0x77, 0x08, 0xc0, 0xb5, 0x78, 0x0f, 0xc3, 0x40, 0x05, 0x20, 0x00, 0x25,
    0x08, 0x04, 0x4a, 0x01, 0x84, 0x0c, 0x05, 0xe4, 0x39, 0xce, 0x0d, 0xca, 0x0b, 0xb9, 0x3b, 0xe0,
    0x5a, 0xbc, 0x00, 0x3f, 0x0d, 0x00, 0x8a, 0x40, 0x00, 0x00, 0xff, 0x88, 0x91, 0x20, 0x1f, 0xd7,
    0xcc, 0x20, 0x1f, 0xc4, 0xe0, 0x20, 0x1f, 0x9d, 0x36, 0x5a, 0xd9, 0x10, 0xaf, 0x5d, 0x0e, 0xcf,
    0x2f, 0x37, 0x6a, 0x91, 0x6d, 0x80, 0x03, 0x67, 0x5d, 0xb3, 0x17, 0x04, 0x01, 0xc3, 0x9b, 0x74,
    0x01, 0xfd, 0x55, 0x80, 0x3f, 0x96, 0xaa, 0x00, 0xe0, 0x00, 0xff, 0x88, 0x80, 0x08, 0x90, 0x0f,
    0xea, 0xe0, 0x03, 0x08, 0x07, 0xf1, 0x08, 0x04, 0x20, 0x1f, 0x0c, 0xa9, 0x08, 0x4b, 0x5b, 0x22,
    0x15, 0xeb, 0xd9, 0xc7, 0x59, 0xe9, 0xe6, 0xed, 0x52, 0x33, 0xb1, 0x43, 0x60, 0xb9, 0xd7, 0x6c,
    0xc5, 0xb9, 0x02, 0x6e, 0x80, 0x21, 0xcd, 0xba, 0x00, 0xff, 0xaa, 0xb0, 0x07, 0xfc, 0xb5, 0x50,
    0x07, 0xc0, 0x00, 0x25, 0x08, 0x00, 0x94, 0x02, 0x10, 0x11, 0x3c, 0x98, 0x1c, 0x1f, 0x81, 0x77,
    0x08, 0xc0, 0xb5, 0x78, 0x0a, 0x96, 0x40, 0xa5, 0x60, 0x00, 0x25, 0x08, 0x04, 0x4a, 0x01, 0x84,
    0x0c, 0x05, 0xe4, 0x39, 0xce, 0x0d, 0xca, 0x0b, 0xb9, 0x3b, 0xe0, 0x5a, 0xbc, 0x00, 0x2a, 0x59,
    0x00, 0x14, 0xac, 0x00, 0x00, 0xe2, 0x20, 0x07, 0xfd, 0x56, 0x01, 0xff, 0x55, 0x80, 0x7f, 0xd5,
    0x60, 0x18, 0x89, 0x12, 0x01, 0x44, 0x80, 0x6b, 0xe6, 0x10, 0x0f, 0xe2, 0x70, 0x10, 0x0f, 0xce,
    0x9b, 0x2d, 0x6c, 0x88, 0x57, 0xae, 0x87, 0x67, 0x97, 0x9b, 0xb5, 0x48, 0xb6, 0xc0, 0x01, 0xb3,
    0xb7, 0x5d, 0xcb, 0x82, 0x00, 0x00, 0xe2, 0x20, 0x07, 0xff, 0x06, 0xac, 0x03, 0xff, 0x83, 0x56,
    0x01, 0xff, 0xc1, 0xab, 0x00, 0xc4, 0x40, 0x04, 0x48, 0x05, 0x12, 0x01, 0xab, 0x80, 0x0c, 0x20,
    0x1f, 0xc4, 0x20, 0x10, 0x80, 0x7c, 0x32, 0xa4, 0x21, 0x2d, 0x6c, 0x88, 0x57, 0xaf, 0x67, 0x1d,
    0x67, 0xa7, 0x9b, 0xb5, 0x48, 0xce, 0xc5, 0x0d, 0x82, 0xe7, 0x6e, 0xbb, 0x96, 0xe4, 0x09, 0xba,
    0x00, 0x1d, 0x80, 0x45, 0xa0, 0x11, 0x68, 0x04, 0x5c, 0x01, 0x0a, 0x80, 0x49, 0x42, 0x00, 0x25,
    0x00, 0x84, 0x04, 0x4f, 0x26, 0x07, 0x07, 0xe0, 0x00, 0x1d, 0x80, 0x62, 0xd0, 0x0c, 0x5a, 0x01,
    0x8b, 0x80, 0x30, 0xa8, 0x06, 0x4a, 0x10, 0x08, 0x94, 0x03, 0x08, 0x18, 0x0b, 0xc8, 0x73, 0x9c,
    0x1b, 0x94, 0x00, 0x00, 0xc4, 0x58, 0x03, 0xfa, 0xae, 0xac, 0x03, 0xfa, 0xae, 0xac, 0x03, 0xf9,
    0x6e, 0xa8, 0x01, 0x11, 0x22, 0x40, 0x0f, 0x31, 0x00, 0x0a, 0xf9, 0x84, 0x03, 0xf8, 0x9c, 0x04,
    0x03, 0xf3, 0xa6, 0xcb, 0x5b, 0x22, 0x15, 0xeb, 0xa1, 0xd9, 0xe5, 0xe6, 0xed, 0x52, 0x2d, 0xb0,
    0x00, 0x6c, 0xed, 0xd7, 0x72, 0xe0, 0x80, 0x00, 0x00, 0xc4, 0x58, 0x03, 0xfe, 0xab, 0xab, 0x00,
    0xff, 0xaa, 0xea, 0xc0, 0x3f, 0xe5, 0xba, 0xa0, 0x04, 0x44, 0x00, 0x44, 0x80, 0x1e, 0x62, 0x00,
    0x15, 0x70, 0x01, 0x84, 0x03, 0xf8, 0x84, 0x02, 0x10, 0x0f, 0x86, 0x54, 0x84, 0x25, 0xad, 0x91,
    0x0a, 0xf5, 0xec, 0xe3, 0xac, 0xf4, 0xf3, 0x76, 0xa9, 0x19, 0xd8, 0xa1, 0xb0, 0x5c, 0xed, 0xd7,
    0x72, 0xdc, 0x81, 0x37, 0x40, 0x03, 0xb3, 0xa0, 0x2d, 0x1f, 0x02, 0xa1, 0xe0, 0x29, 0x2e, 0x01,
    0x51, 0x50, 0x02, 0x50, 0x80, 0x09, 0x40, 0x21, 0x01, 0x13, 0xc9, 0x81, 0xc1, 0xf8, 0x00, 0x03,
    0xb3, 0xa0, 0x01, 0x68, 0xf8, 0x00, 0xa8, 0x78, 0x00, 0x52, 0x5c, 0x00, 0x15, 0x15, 0x00, 0x92,
    0x84, 0x02, 0x25, 0x00, 0xc2, 0x06, 0x02, 0xf2, 0x1c, 0xe7, 0x06, 0xe5, 0x00, 0x00, 0xc2, 0x20,
    0x0f, 0xf9, 0x1c, 0x03, 0xff, 0x0c, 0x40, 0x03, 0xf8, 0xeb, 0x94, 0x03, 0xfb, 0x5b, 0x20, 0x02,
    0x22, 0x44, 0x80, 0x2e, 0xd4, 0xa0, 0x15, 0xf3, 0x08, 0x07, 0xf1, 0x38, 0x08, 0x07, 0xe7, 0x4d,
    0x96, 0xb6, 0x44, 0x2b, 0xd7, 0x43, 0xb3, 0xcb, 0xcd, 0xda, 0xa4, 0x5b, 0x60, 0x00, 0xd9, 0xdb,
    0xae, 0xe5, 0xc1, 0x00, 0x00, 0x00, 0xc2, 0x20, 0x0f, 0xfe, 0x0a, 0x38, 0x07, 0xff, 0x08, 0x62,
    0x00, 0x1f, 0xf1, 0xd7, 0x28, 0x07, 0xfd, 0xad, 0x90, 0x01, 0x11, 0x00, 0x11, 0x20, 0x0b, 0xb5,
    0x28, 0x05, 0x5c, 0x00, 0x61, 0x00, 0xfe, 0x21, 0x00, 0x84, 0x03, 0xe1, 0x95, 0x21, 0x09, 0x6b,
    0x64, 0x42, 0xbd, 0x7b, 0x38, 0xeb, 0x3d, 0x3c, 0xdd, 0xaa, 0x46, 0x76, 0x28, 0x6c, 0x17, 0x3b,
    0x75, 0xdc, 0xb7, 0x20, 0x4d, 0xd0, 0x01, 0x80, 0x0e, 0x31, 0x20, 0x09, 0xab, 0x90, 0x18, 0x80,
    0x58, 0x17, 0x67, 0x48, 0x08, 0xa0, 0x0c, 0x94, 0x20, 0x11, 0x28, 0x06, 0x10, 0x10, 0x17, 0x93,
    0x00, 0x1c, 0x1f, 0x80, 0x00, 0x01, 0x80, 0x0e, 0x31, 0x20, 0x09, 0xab, 0x90, 0x18, 0x80, 0x58,
    0x17, 0x67, 0x48, 0x08, 0xa0, 0x0c, 0x94, 0x20, 0x11, 0x28, 0x06, 0x10, 0x30, 0x17, 0x90, 0xe7,
    0x38, 0x37, 0x28, 0x00, 0xff, 0x88, 0x03, 0xff, 0x82, 0x3a, 0x20, 0x1f, 0xf8, 0xf8, 0xc0, 0x3f,
    0xe1, 0xd2, 0xd1, 0x00, 0xff, 0x0f, 0x9f, 0x88, 0x07, 0xfc, 0xd5, 0x00, 0x1f, 0xf4, 0x4b, 0xba,
    0x80, 0x3f, 0xca, 0x9b, 0x2a, 0x44, 0x30, 0x0f, 0x85, 0xc4, 0x40, 0x3d, 0x40, 0x1f, 0x49, 0x74,
    0x80, 0x97, 0x00, 0x7c, 0xbf, 0x8c, 0x24, 0x4a, 0x30, 0x0f, 0x96, 0x1e, 0x43, 0xc3, 0x36, 0xef,
    0x6f, 0xdb, 0x53, 0x81, 0xed, 0x28, 0x80, 0x05, 0x67, 0x35, 0x40, 0x00, 0x00, 0xff, 0x0c, 0x08,
    0x07, 0xff, 0x08, 0x40, 0x3f, 0xf8, 0x23, 0x17, 0x02, 0x01, 0xff, 0xcf, 0x19, 0x39, 0x10, 0x0f,
    0xf8, 0xb3, 0xb8, 0x80, 0x02, 0x30, 0x0f, 0xa4, 0xa0, 0xa8, 0x01, 0xd4, 0x01, 0xf3, 0x23, 0xc8,
    0x90, 0x17, 0x00, 0x7c, 0x88, 0x23, 0x03, 0x05, 0xa3, 0x00, 0xf5, 0x06, 0x49, 0xb2, 0xc8, 0x66,
    0xdd, 0xd9, 0xb8, 0x26, 0x47, 0x1c, 0x5b, 0x4a, 0x23, 0x32, 0xce, 0x6e, 0xbf, 0xd6, 0x00, 0xc2,
    0x20, 0x0f, 0x5b, 0x00, 0x71, 0x42, 0x88, 0x06, 0x8a, 0x96, 0x00, 0xd5, 0x16, 0xe0, 0x19, 0x26,
    0x44, 0x01, 0x25, 0xbb, 0x78, 0x80, 0x34, 0x7f, 0x09, 0xc0, 0x02, 0x04, 0x00, 0x10, 0x05, 0x1e,
    0x60, 0x04, 0x00, 0x5b, 0x90, 0x0a, 0x2e, 0xf4, 0xc2, 0x19, 0xa2, 0x27, 0x6a, 0x00, 0x00, 0xd1,
    0x20, 0x1f, 0xaa, 0xc0, 0x3e, 0x88, 0x54, 0x80, 0x7a, 0x62, 0xac, 0x03, 0xc2, 0x45, 0x00, 0x79,
    0xbb, 0xe0, 0x03, 0x8e, 0x55, 0x4e, 0x80, 0x19, 0x82, 0x6c, 0x0c, 0x03, 0x30, 0x53, 0x81, 0x80,
    0x05, 0xd0, 0x5e, 0x44, 0xdc, 0x8e, 0x20, 0x0a, 0xa3, 0x88, 0x30, 0x00, 0xff, 0x10, 0x10, 0x07,
    0xfc, 0x3a, 0x7a, 0x20, 0x1f, 0xe1, 0xc2, 0xc1, 0x00, 0xff, 0x0e, 0x16, 0x08, 0x07, 0xf8, 0x7c,
    0xfc, 0x40, 0x3f, 0xe6, 0xa8, 0x00, 0xff, 0xa2, 0x5d, 0xd4, 0x01, 0xfe, 0x54, 0xd9, 0x52, 0x21,
    0x80, 0x7c, 0x2e, 0x22, 0x01, 0xea, 0x00, 0xfa, 0x4b, 0xa4, 0x04, 0xb8, 0x03, 0xe5, 0xfc, 0x61,
    0x22, 0x51, 0x80, 0x7c, 0xb0, 0xf2, 0x1e, 0x19, 0xb7, 0x7b, 0x7e, 0xda, 0x9c, 0x0f, 0x69, 0x44,
    0x00, 0x2b, 0x39, 0xaa, 0x00, 0x00, 0xff, 0x41, 0x40, 0x07, 0xfe, 0x11, 0x00, 0x88, 0x03, 0xff,
    0xbe, 0x32, 0x72, 0x20, 0x1f, 0xf1, 0x67, 0x71, 0x00, 0x04, 0x60, 0x1f, 0x49, 0x41, 0x50, 0x03,
    0xa8, 0x03, 0xe6, 0x47, 0x91, 0x20, 0x2e, 0x00, 0xf9, 0x10, 0x46, 0x06, 0x0b, 0x46, 0x01, 0xea,
    0x0c, 0x93, 0x65, 0x90, 0xcd, 0xbb, 0xb3, 0x70, 0x4c, 0x8e, 0x38, 0xb6, 0x94, 0x46, 0x65, 0x9c,
    0xdd, 0x7f, 0xac, 0x00, 0x84, 0x70, 0x06, 0xb9, 0xa6, 0x00, 0xd1, 0x52, 0xa0, 0x1a, 0x2a, 0x54,
    0x03, 0x54, 0x5b, 0x80, 0x64, 0x99, 0x10, 0x04, 0x96, 0xed, 0xe2, 0x00, 0xd1, 0xfc, 0x27, 0x00,
    0x08, 0x10, 0x00, 0x40, 0x14, 0x79, 0x80, 0x10, 0x01, 0x6e, 0x40, 0x28, 0xbb, 0xd3, 0x08, 0x66,
    0x88, 0x9d, 0xa8, 0x00, 0x00, 0x9e, 0x62, 0x40, 0x3c, 0xb7, 0x56, 0x01, 0xea, 0x8a, 0xb0, 0x0f,
    0x4c, 0x55, 0x80, 0x78, 0x48, 0xa0, 0x0f, 0x37, 0x7c, 0x00, 0x71, 0xca, 0xa9, 0xd0, 0x03, 0x30,
    0x4d, 0x81, 0x80, 0x66, 0x0a, 0x70, 0x30, 0x00, 0xba, 0x0b, 0xc8, 0x9b, 0x91, 0xc4, 0x01, 0x54,
    0x71, 0x06, 0x48, 0xac, 0xc5, 0xca, 0x80, 0x3c, 0xcc, 0xe6, 0x8f, 0x80, 0x0b, 0xb0, 0xa2, 0xe7,
    0x48, 0x04, 0xcf, 0x34, 0x60, 0x18, 0x61, 0xd8, 0x20, 0x80, 0x25, 0x1a, 0x00, 0x08, 0x06, 0x20,
    0x20, 0x00, 0x80, 0x63, 0x03, 0x00, 0xf9, 0x06, 0x04, 0x20, 0x80, 0x02, 0x2a, 0x5f, 0x96, 0x64,
    0xea, 0x02, 0x63, 0x15, 0xd9, 0x54, 0x80, 0x48, 0xac, 0xc5, 0xca, 0x80, 0x3d, 0x0d, 0xcd, 0x1b,
    0x00, 0x17, 0x82, 0x8a, 0xa3, 0x90, 0x09, 0x9e, 0x6a, 0x0c, 0xc0, 0x01, 0x86, 0x61, 0x1a, 0xc0,
    0x01, 0x46, 0xc2, 0x5a, 0x16, 0xcc, 0x80, 0x82, 0x58, 0xa9, 0x90, 0xc0, 0xc2, 0x58, 0x13, 0x5d,
    0x06, 0x06, 0xdc, 0x02, 0x11, 0x52, 0xfc, 0xb3, 0x27, 0x50, 0x13, 0x18, 0xae, 0xca, 0xa4, 0x00,
    0x22, 0xa8, 0xc0, 0x3d, 0x15, 0x4c, 0xeb, 0x61, 0x00, 0x6e, 0xb2, 0xa5, 0xa6, 0x80, 0x02, 0x46,
    0xbe, 0x44, 0xe0, 0x0c, 0x56, 0xf1, 0xaa, 0x2e, 0xea, 0xc5, 0xc7, 0x00, 0x1c, 0x4b, 0x4f, 0x98,
    0x04, 0x5f, 0xd8, 0xf2, 0x40, 0x1f, 0xfc, 0x61, 0x10, 0x07, 0xee, 0x10, 0x08, 0x00, 0x22, 0xa8,
    0xc0, 0x3f, 0x45, 0x53, 0x3a, 0xd8, 0x40, 0x36, 0xeb, 0x2a, 0x5a, 0x68, 0x03, 0x09, 0x1a, 0xf9,
    0x0f, 0x00, 0x78, 0xad, 0xcc, 0x58, 0x00, 0x2e, 0xea, 0xc5, 0xcd, 0x2d, 0x83, 0x34, 0x4b, 0x4f,
    0x98, 0xfa, 0xb2, 0x17, 0xf6, 0x3c, 0x90, 0x15, 0xf3, 0x80, 0x7f, 0xf1, 0x44, 0x40, 0x1f, 0xee,
    0x10, 0x0e, 0x48, 0xac, 0xc5, 0xca, 0x80, 0x3c, 0xcc, 0xe6, 0x8f, 0x80, 0x0b, 0xb0, 0xa2, 0xe7,
    0x48, 0x04, 0xcf, 0x34, 0x60, 0x18, 0x61, 0xd8, 0x03, 0xca, 0x34, 0x0a, 0x2a, 0x20, 0x02, 0x02,
    0x0e, 0x29, 0x30, 0x01, 0x81, 0x85, 0x9e, 0x10, 0x01, 0x06, 0x04, 0x03, 0x84, 0x54, 0xbf, 0x2c,
    0xc9, 0xd4, 0x04, 0xc6, 0x2b, 0xb2, 0xa9, 0x00, 0x48, 0xac, 0xc5, 0xca, 0x80, 0x3d, 0x0d, 0xcd,
    0x1b, 0x00, 0x17, 0x82, 0x8a, 0xa3, 0x90, 0x09, 0x9e, 0x6a, 0x0c, 0xc0, 0x01, 0x86, 0x60, 0x12,
    0xc0, 0x01, 0x46, 0xc0, 0x28, 0x5b, 0x32, 0x02, 0xa7, 0xb4, 0xa6, 0x43, 0x03, 0x86, 0x97, 0x4d,
    0x74, 0x18, 0x31, 0x21, 0x00, 0x08, 0xa9, 0x7e, 0x59, 0x93, 0xa8, 0x09, 0x8c, 0x57, 0x65, 0x52,
    0x00, 0x00, 0x22, 0xa8, 0xc0, 0x3d, 0x15, 0x4c, 0xeb, 0x61, 0x00, 0x6e, 0xb2, 0xa5, 0xa6, 0x80,
    0x02, 0x46, 0xbe, 0x44, 0xe0, 0x0c, 0x56, 0xf1, 0xaa, 0x2e, 0xea, 0xc5, 0xc7, 0x00, 0x1c, 0x4b,
    0x4f, 0x98, 0x04, 0x5f, 0xd9, 0xe5, 0x04, 0x01, 0xef, 0x10, 0x0c, 0x00, 0x22, 0xa8, 0xc0, 0x3f,
    0x45, 0x53, 0x3a, 0xd8, 0x40, 0x36, 0xeb, 0x2a, 0x5a, 0x68, 0x03, 0x09, 0x1a, 0xf9, 0x0f, 0x00,
    0x78, 0xad, 0xcc, 0x58, 0x00, 0x2e, 0xea, 0xc5, 0xcd, 0x2d, 0x83, 0x34, 0x4b, 0x4f, 0x98, 0xfa,
    0xb2, 0x17, 0xf6, 0x79, 0x41, 0x12, 0xf9, 0xc0, 0x37, 0x88, 0x07, 0x80, 0x48, 0xac, 0xc5, 0xca,
    0x80, 0x3c, 0xcc, 0xe6, 0x8f, 0x80, 0x0b, 0xb0, 0xa2, 0xe7, 0x48, 0x04, 0xcf, 0x34, 0x60, 0x18,
    0x61, 0xd9, 0x09, 0x08, 0x00, 0xa3, 0x41, 0xcd, 0xec, 0x00, 0x20, 0x20, 0xa1, 0x94, 0x00, 0x18,
    0x18, 0x03, 0xd8, 0x02, 0x41, 0x81, 0x0a, 0x40, 0x00, 0x8a, 0x97, 0xe5, 0x99, 0x3a, 0x80, 0x98,
    0xc5, 0x76, 0x55, 0x20, 0x48, 0xac, 0xc5, 0xca, 0x80, 0x3d, 0x0d, 0xcd, 0x1b, 0x00, 0x17, 0x82,
    0x8a, 0xa3, 0x90, 0x09, 0x9e, 0x6a, 0x0c, 0xc0, 0x01, 0x86, 0x60, 0x12, 0xc0, 0x01, 0x46, 0xdc,
    0xdf, 0xd6, 0xcc, 0x80, 0x80, 0x1e, 0xd4, 0xc8, 0x60, 0x6f, 0x76, 0x34, 0xd7, 0x41, 0x81, 0xf0,
    0x0c, 0x22, 0xa5, 0xfe, 0x56, 0x9d, 0x40, 0x4c, 0x62, 0xbb, 0x2a, 0x90, 0x00, 0x22, 0xa8, 0xc0,
    0x3d, 0x15, 0x4c, 0xeb, 0x61, 0x00, 0x6e, 0xb2, 0xa5, 0xa6, 0x80, 0x02, 0x46, 0xbe, 0x44, 0xe0,
    0x0c, 0x56, 0xf1, 0xaa, 0x2e, 0xea, 0xc5, 0xc7, 0x00, 0x1c, 0x4b, 0x4f, 0x98, 0x04, 0x5f, 0xd9,
    0xe5, 0x04, 0x01, 0xef, 0x10, 0x0f, 0xcf, 0x76, 0x20, 0x0f, 0xb8, 0x40, 0x20, 0x00, 0x22, 0xa8,
    0xc0, 0x3f, 0x45, 0x53, 0x3a, 0xd8, 0x40, 0x36, 0xeb, 0x2a, 0x5a, 0x68, 0x03, 0x09, 0x1a, 0xf9,
    0x0f, 0x00, 0x78, 0xad, 0xcc, 0x58, 0x00, 0x2e, 0xea, 0xc5, 0xcd, 0x2d, 0x83, 0x34, 0x4b, 0x4f,
    0x98, 0xfa, 0xb2, 0x17, 0xf6, 0x79, 0x41, 0x12, 0xf9, 0xc0, 0x37, 0x88, 0x07, 0xf9, 0xee, 0xc4,
    0x01, 0xfd, 0xc2, 0x01, 0xc0, 0x48, 0xac, 0xc5, 0xca, 0x80, 0x3c, 0xcc, 0xe6, 0x8f, 0x80, 0x0b,
    0xb0, 0xa2, 0xe7, 0x48, 0x04, 0xcf, 0x34, 0x60, 0x18, 0x61, 0xd9, 0xcd, 0xc8, 0x00, 0xa3, 0x41,
    0xe1, 0xe2, 0x00, 0x20, 0x20, 0xf0, 0x0e, 0x30, 0x30, 0x0f, 0x90, 0x60, 0x5c, 0xe0, 0xc0, 0x45,
    0x4b, 0xf2, 0xcc, 0x9d, 0x40, 0x4c, 0x62, 0xbb, 0x2a, 0x90, 0x48, 0xac, 0xc5, 0xca, 0x80, 0x3d,
    0x0d, 0xcd, 0x1b, 0x00, 0x17, 0x82, 0x8a, 0xa3, 0x90, 0x09, 0x9e, 0x6a, 0x0c, 0xc0, 0x01, 0x86,
    0x60, 0x12, 0xc0, 0x01, 0x46, 0xdc, 0xdf, 0xd6, 0xcc, 0x80, 0x80, 0x1e, 0xd4, 0xc8, 0x60, 0x60,
    0x19, 0x35, 0xd0, 0x60, 0x01, 0xe0, 0x10, 0x8a, 0x96, 0x68, 0x56, 0x75, 0x01, 0x31, 0x8a, 0xec,
    0xaa, 0x40, 0x00, 0x22, 0xa8, 0xc0, 0x3d, 0x15, 0x4c, 0xeb, 0x61, 0x00, 0x6e, 0xb2, 0xa5, 0xa6,
    0x80, 0x02, 0x46, 0xbe, 0x44, 0xe0, 0x0c, 0x56, 0xf1, 0xaa, 0x2e, 0xea, 0xc5, 0xc7, 0x00, 0x1c,
    0x4b, 0x4f, 0x98, 0x04, 0x5f, 0xd9, 0xe5, 0x04, 0x01, 0xef, 0x10, 0x0f, 0xdc, 0x22, 0x00, 0xfb,
    0x87, 0x80, 0x20, 0x00, 0x22, 0xa8, 0xc0, 0x3f, 0x45, 0x53, 0x3a, 0xd8, 0x40, 0x36, 0xeb, 0x2a,
    0x5a, 0x68, 0x03, 0x09, 0x1a, 0xf9, 0x0f, 0x00, 0x78, 0xad, 0xcc, 0x58, 0x00, 0x2e, 0xea, 0xc5,
    0xcd, 0x2d, 0x83, 0x34, 0x4b, 0x4f, 0x98, 0xfa, 0xb2, 0x17, 0xf6, 0x79, 0x41, 0x12, 0xf9, 0xc0,
    0x37, 0x88, 0x07, 0xfb, 0x84, 0x40, 0x1f, 0xdc, 0x3c, 0x01, 0xc0, 0x00, 0x15, 0x28, 0x06, 0x2d,
    0xa3, 0x00, 0xce, 0x9e, 0x01, 0xda, 0x64, 0x01, 0x8c, 0x02, 0x42, 0x5b, 0x22, 0x05, 0xed, 0x1f,
    0x00, 0x36, 0xf3, 0x4c, 0x00, 0x58, 0xb2, 0xc0, 0x15, 0xae, 0xa0, 0x00, 0x00, 0x15, 0x28, 0x07,
    0x8b, 0x68, 0xc0, 0x3c, 0xe9, 0xe0, 0x1f, 0x69, 0x90, 0x07, 0x8c, 0x10, 0x02, 0x42, 0x5b, 0x08,
    0x82, 0x05, 0xed, 0x1d, 0xab, 0xe0, 0x6d, 0xe6, 0xa5, 0xfc, 0x01, 0x62, 0xcb, 0x00, 0x75, 0xae,
    0xa0, 0x04, 0x00, 0x30, 0xb0, 0x04, 0x34, 0x54, 0x20, 0x01, 0xc3, 0xc1, 0x00, 0x8a, 0x94, 0x03,
    0x16, 0xd1, 0x80, 0x67, 0x4f, 0x00, 0xed, 0x32, 0x00, 0xc6, 0x01, 0x21, 0x2d, 0x91, 0x02, 0xf6,
    0x8f, 0x80, 0x1b, 0x79, 0xa6, 0x00, 0x00, 0x30, 0xb0, 0x07, 0x0d, 0x15, 0x08, 0x06, 0x1c, 0x3c,
    0x10, 0x0e, 0x2a, 0x50, 0x0f, 0x16, 0xd1, 0x80, 0x79, 0xd3, 0xc0, 0x3e, 0xd3, 0x20, 0x0f, 0x18,
    0x20, 0x04, 0x84, 0xb6, 0x11, 0x04, 0x0b, 0xda, 0x3b, 0x57, 0xc0, 0xdb, 0xcd, 0x4b, 0xf8, 0x00,
    0x94, 0x03, 0x86, 0x04, 0x03, 0x3e, 0x38, 0x04, 0x34, 0x54, 0x20, 0x01, 0xc3, 0xc1, 0x00, 0x8a,
    0x94, 0x03, 0x16, 0xd1, 0x80, 0x67, 0x4f, 0x00, 0xed, 0x32, 0x00, 0xc6, 0x01, 0x21, 0x2d, 0x91,
    0x02, 0xf6, 0x8f, 0x80, 0x1b, 0x79, 0xa6, 0x00, 0x00, 0x94, 0x03, 0xe1, 0x81, 0x00, 0xf3, 0xe3,
    0x80, 0x70, 0xd1, 0x50, 0x80, 0x61, 0xc3, 0xc1, 0x00, 0xe2, 0xa5, 0x00, 0xf1, 0x6d, 0x18, 0x07,
    0x9d, 0x3c, 0x03, 0xed, 0x32, 0x00, 0xf1, 0x82, 0x00, 0x48, 0x4b, 0x61, 0x10, 0x40, 0xbd, 0xa3,
    0xb5, 0x7c, 0x0d, 0xbc, 0xd4, 0xbf, 0x80, 0x00, 0x58, 0x07, 0x9c, 0x54, 0x40, 0x21, 0xbc, 0x60,
    0x03, 0x1b, 0xaa, 0x00, 0x1b, 0xb7, 0x0c, 0x02, 0x2a, 0x50, 0x0c, 0x5b, 0x46, 0x01, 0x9d, 0x3c,
    0x03, 0xb4, 0xc8, 0x03, 0x18, 0x04, 0x84, 0xb6, 0x44, 0x0b, 0xda, 0x3e, 0x00, 0x6d, 0xe6, 0x98,
    0x00, 0x00, 0x58, 0x07, 0xe7, 0x15, 0x10, 0x0e, 0x1b, 0xc6, 0x00, 0xcc, 0x6e, 0xa8, 0x01, 0x9b,
    0xb7, 0x0c, 0x03, 0x8a, 0x94, 0x03, 0xc5, 0xb4, 0x60, 0x1e, 0x74, 0xf0, 0x0f, 0xb4, 0xc8, 0x03,
    0xc6, 0x08, 0x01, 0x21, 0x2d, 0x84, 0x41, 0x02, 0xf6, 0x8e, 0xd5, 0xf0, 0x36, 0xf3, 0x52, 0xfe,
    0x00, 0x00, 0xe1, 0x60, 0x0f, 0xd4, 0x20, 0x1c, 0x2f, 0xae, 0x01, 0xed, 0x3d, 0x00, 0xe1, 0xb2,
    0xb0, 0x0f, 0x90, 0x80, 0x3e, 0x8b, 0x00, 0xf9, 0x88, 0x03, 0xe1, 0x00, 0xf8, 0x54, 0xc0, 0x3d,
    0x03, 0x60, 0x18, 0xa9, 0x9c, 0xc1, 0x67, 0x35, 0x26, 0x00, 0x18, 0xad, 0x3e, 0xc0, 0x10, 0x00,
    0xe1, 0x60, 0x0f, 0xea, 0x10, 0x0f, 0x0b, 0xeb, 0x80, 0x7d, 0xa7, 0xa0, 0x1e, 0x1b, 0x2b, 0x00,
    0xfc, 0x84, 0x01, 0xfa, 0x28, 0x03, 0xf3, 0x28, 0x07, 0xe1, 0x2a, 0x70, 0x0e, 0x15, 0x34, 0x80,
    0x0e, 0x81, 0xfe, 0xf0, 0x08, 0xa9, 0x9c, 0xc0, 0x0b, 0x39, 0xa9, 0x10, 0x00, 0xb1, 0x5a, 0x7d,
    0xc0, 0x30, 0x00, 0xe4, 0x00, 0xfd, 0x00, 0x1f, 0xcf, 0x68, 0x01, 0x88, 0x9c, 0x24, 0x01, 0x9d,
    0x87, 0x18, 0x03, 0x2c, 0x41, 0x80, 0x3e, 0x42, 0x00, 0xfa, 0x2c, 0x03, 0xe6, 0x20, 0x0f, 0x84,
    0x03, 0xe1, 0x53, 0x00, 0xf4, 0x0d, 0x80, 0x62, 0xa6, 0x73, 0x05, 0x9c, 0xd4, 0x98, 0x00, 0x62,
    0xb4, 0xfb, 0x00, 0x40, 0x00, 0xe4, 0x00, 0xfe, 0x80, 0x0f, 0xf3, 0xda, 0x00, 0x71, 0x13, 0x84,
    0x80, 0x39, 0xd8, 0x71, 0x80, 0x39, 0x62, 0x0c, 0x01, 0xf9, 0x08, 0x03, 0xf4, 0x50, 0x07, 0xe6,
    0x50, 0x0f, 0xc2, 0x54, 0xe0, 0x1c, 0x2a, 0x69, 0x00, 0x1d, 0x03, 0xfd, 0xe0, 0x11, 0x53, 0x39,
    0x80, 0x16, 0x73, 0x52, 0x20, 0x01, 0x62, 0xb4, 0xfb, 0x80, 0x60, 0x00, 0xff, 0xe6, 0x0b, 0x62,
    0x80, 0x7e, 0x28, 0xf9, 0x67, 0x00, 0xf0, 0xd6, 0xac, 0xf5, 0x10, 0x07, 0xa5, 0x6b, 0x5c, 0x40,
    0x3f, 0xce, 0x01, 0xff, 0x49, 0x70, 0x80, 0x7f, 0x87, 0x8a, 0x80, 0x31, 0x18, 0x07, 0x1d, 0xa4,
    0x00, 0x5d, 0x40, 0x1e, 0x56, 0x60, 0x04, 0x5c, 0x01, 0xf0, 0x8c, 0x00, 0x2a, 0x30, 0x0c, 0x52,
    0xe8, 0x20, 0x0f, 0x0c, 0xdb, 0xb6, 0xe9, 0xda, 0x80, 0x23, 0xda, 0x41, 0x12, 0xdf, 0xc8, 0x80,
    0x40, 0x00, 0xff, 0xe6, 0x8b, 0x62, 0x80, 0x7f, 0x14, 0x7c, 0xb3, 0x80, 0x7c, 0x35, 0xab, 0x3d,
    0x44, 0x01, 0xf4, 0xad, 0x6b, 0x88, 0x07, 0xfc, 0xe0, 0x1f, 0xfa, 0x4b, 0x84, 0x03, 0xfe, 0x1e,
    0x2b, 0x00, 0xe2, 0x30, 0x0e, 0x3b, 0x58, 0x00, 0xdd, 0x40, 0x1e, 0x56, 0x75, 0x00, 0x8b, 0x80,
    0x3e, 0x10, 0xa3, 0x00, 0x15, 0x18, 0x06, 0x29, 0x74, 0x2d, 0x85, 0xf0, 0xcd, 0xbb, 0x6e, 0x9e,
    0x2f, 0xd5, 0xfc, 0xf6, 0x90, 0x44, 0xb5, 0xee, 0x05, 0x7f, 0x40, 0x00, 0xff, 0xe1, 0xa5, 0x48,
    0x04, 0x2f, 0xb6, 0xda, 0x00, 0x8f, 0x94, 0xcc, 0x20, 0x1b, 0xbb, 0xe4, 0xc0, 0x27, 0x0f, 0x10,
    0x0e, 0x45, 0x93, 0x00, 0xf5, 0x9e, 0x90, 0x07, 0x0f, 0x07, 0x00, 0x78, 0xac, 0xd0, 0x03, 0xcc,
    0x02, 0x00, 0x17, 0x7b, 0x85, 0x00, 0x07, 0x11, 0x0d, 0x08, 0x00, 0x00, 0xff, 0xe2, 0x25, 0x48,
    0x06, 0x17, 0xdb, 0x6d, 0x00, 0xa3, 0xe5, 0x33, 0x08, 0x00, 0x37, 0x77, 0xc9, 0x80, 0x67, 0x0f,
    0x10, 0x0f, 0x22, 0xc9, 0x80, 0x7d, 0x67, 0xc4, 0x01, 0xe1, 0xe3, 0xe1, 0x00, 0xf1, 0x59, 0xd8,
    0x07, 0xcc, 0x0a, 0xe0, 0x01, 0x77, 0xb8, 0x56, 0x25, 0xce, 0x22, 0x1a, 0xa3, 0xba, 0x00, 0x00,
    0xff, 0xc2, 0x20, 0x0f, 0xf1, 0xcf, 0xa8, 0x07, 0xe5, 0xcd, 0x0d, 0x40, 0x0f, 0x27, 0x4d, 0x7f,
    0xca, 0x01, 0xe7, 0xde, 0xe7, 0xcb, 0x38, 0x07, 0x8a, 0x75, 0x67, 0xa8, 0x80, 0x3d, 0x2b, 0x5a,
    0xe2, 0x01, 0xfe, 0x70, 0x0f, 0xfa, 0x4b, 0x84, 0x03, 0xfc, 0x3c, 0x54, 0x01, 0x88, 0xc0, 0x38,
    0xed, 0x20, 0x02, 0xea, 0x00, 0xf2, 0xb3, 0x00, 0x22, 0xe0, 0x0f, 0x84, 0x60, 0x01, 0x51, 0x80,
    0x62, 0x97, 0x41, 0x00, 0x78, 0x66, 0xdd, 0xb7, 0x4e, 0xd4, 0x01, 0x1e, 0xd2, 0x08, 0x96, 0xfe,
    0x44, 0x02, 0x00, 0xff, 0xc2, 0x20, 0x0f, 0xf8, 0xe7, 0xd4, 0x03, 0xf9, 0x73, 0x43, 0x50, 0x03,
    0xe4, 0xe9, 0xaf, 0xf9, 0x40, 0x3e, 0x7d, 0xee, 0x7c, 0xb3, 0x80, 0x7c, 0x53, 0xab, 0x3d, 0x44,
    0x01, 0xf4, 0xad, 0x6b, 0x88, 0x07, 0xfc, 0xe0, 0x1f, 0xfa, 0x4b, 0x84, 0x03, 0xfe, 0x1e, 0x2b,
    0x00, 0xe2, 0x30, 0x0e, 0x3b, 0x58, 0x00, 0xdd, 0x40, 0x1e, 0x56, 0x75, 0x00, 0x8b, 0x80, 0x3e,
    0x10, 0xa3, 0x00, 0x15, 0x18, 0x06, 0x29, 0x74, 0x2d, 0x85, 0xf0, 0xcd, 0xbb, 0x6e, 0x9e, 0x2f,
    0xd5, 0xfc, 0xf6, 0x90, 0x44, 0xb5, 0xee, 0x05, 0x7f, 0x40, 0x00, 0xfc, 0x40, 0x1c, 0x2f, 0xb6,
    0x01, 0x25, 0x7e, 0x4c, 0x00, 0xe5, 0x16, 0x7f, 0x40, 0x02, 0x7f, 0xeb, 0x6d, 0x01, 0xdf, 0x94,
    0xcc, 0x20, 0x1b, 0xbb, 0xe4, 0xc0, 0x27, 0x0f, 0x10, 0x0e, 0x45, 0x93, 0x00, 0xf5, 0x9e, 0x90,
    0x07, 0x0f, 0x07, 0x00, 0x78, 0xac, 0xd0, 0x03, 0xcc, 0x02, 0x00, 0x17, 0x7b, 0x85, 0x00, 0x07,
    0x11, 0x0d, 0x08, 0x00, 0x00, 0xfc, 0x40, 0x1e, 0x17, 0xdb, 0x00, 0xc9, 0x5f, 0x93, 0x00, 0x01,
    0xca, 0x2c, 0xfe, 0x80, 0x0a, 0x7f, 0xeb, 0x6d, 0x00, 0x0e, 0xfc, 0xa6, 0x61, 0x00, 0x06, 0xee,
    0xf9, 0x30, 0x0c, 0xe1, 0xe2, 0x01, 0xe4, 0x59, 0x30, 0x0f, 0xac, 0xf8, 0x80, 0x3c, 0x3c, 0x7c,
    0x20, 0x1e, 0x2b, 0x3b, 0x00, 0xf9, 0x81, 0x5c, 0x00, 0x2e, 0xf7, 0x0a, 0xc4, 0xb9, 0xc4, 0x43,
    0x54, 0x77, 0x40, 0x00, 0xff, 0xc2, 0x20, 0x0f, 0xf1, 0xcf, 0xa8, 0x07, 0xe5, 0xcd, 0x0d, 0x40,
    0x0f, 0x27, 0x4d, 0x7f, 0xca, 0x01, 0xe7, 0xde, 0xe7, 0xcb, 0x38, 0x07, 0x8a, 0x75, 0x67, 0xa8,
    0x80, 0x3d, 0x2b, 0x5a, 0xe2, 0x01, 0xfe, 0x70, 0x0f, 0xfa, 0x4b, 0x84, 0x03, 0xfc, 0x3c, 0x54,
    0x01, 0x88, 0xc0, 0x38, 0xed, 0x20, 0x02, 0xea, 0x00, 0xf2, 0xb3, 0x00, 0x22, 0xe0, 0x0f, 0x84,
    0x60, 0x01, 0x51, 0x80, 0x62, 0x97, 0x41, 0x00, 0x78, 0x66, 0xdd, 0xb7, 0x4e, 0xd4, 0x01, 0x1e,
    0xd2, 0x08, 0x96, 0xfe, 0x44, 0x03, 0x96, 0x63, 0xe1, 0x04, 0x03, 0xf9, 0xb0, 0x03, 0xff, 0x37,
    0x80, 0x7f, 0xe1, 0xf0, 0x0f, 0xc0, 0x00, 0xff, 0xc2, 0x20, 0x0f, 0xf8, 0xe7, 0xd4, 0x03, 0xf9,
    0x73, 0x43, 0x50, 0x03, 0xe4, 0xe9, 0xaf, 0xf9, 0x40, 0x3e, 0x7d, 0xee, 0x7c, 0xb3, 0x80, 0x7c,
    0x53, 0xab, 0x3d, 0x44, 0x01, 0xf4, 0xad, 0x6b, 0x88, 0x07, 0xfc, 0xe0, 0x1f, 0xfa, 0x4b, 0x84,
    0x03, 0xfe, 0x1e, 0x2b, 0x00, 0xe2, 0x30, 0x0e, 0x3b, 0x58, 0x00, 0xdd, 0x40, 0x1e, 0x56, 0x75,
    0x00, 0x8b, 0x80, 0x3e, 0x10, 0xa3, 0x00, 0x15, 0x18, 0x06, 0x29, 0x74, 0x2d, 0x85, 0xf0, 0xcd,
    0xbb, 0x6e, 0x9e, 0x2f, 0xd5, 0xfc, 0xf6, 0x90, 0x44, 0xb5, 0xee, 0x05, 0x7f, 0x40, 0x05, 0x98,
    0xf8, 0x51, 0x00, 0xff, 0x36, 0x00, 0x7f, 0xf0, 0x5b, 0xc0, 0x3f, 0xf8, 0x23, 0xe0, 0x1f, 0xc0,
    0x00, 0xfc, 0x40, 0x1c, 0x2f, 0xb6, 0x01, 0x25, 0x7e, 0x4c, 0x00, 0xe5, 0x16, 0x7f, 0x40, 0x02,
    0x7f, 0xeb, 0x6d, 0x01, 0xdf, 0x94, 0xcc, 0x20, 0x1b, 0xbb, 0xe4, 0xc0, 0x27, 0x0f, 0x10, 0x0e,
    0x45, 0x93, 0x00, 0xf5, 0x9e, 0x90, 0x07, 0x0f, 0x07, 0x00, 0x78, 0xac, 0xd0, 0x03, 0xcc, 0x02,
    0x00, 0x17, 0x7b, 0x85, 0x00, 0x07, 0x11, 0x0d, 0x08, 0x00, 0xbf, 0xec, 0x40, 0x0f, 0x34, 0x80,
    0x7c, 0x9a, 0x01, 0xf2, 0x68, 0x07, 0xc9, 0x40, 0x18, 0x00, 0xfc, 0x40, 0x1e, 0x17, 0xdb, 0x00,
    0xc9, 0x5f, 0x93, 0x00, 0x01, 0xca, 0x2c, 0xfe, 0x80, 0x0a, 0x7f, 0xeb, 0x6d, 0x00, 0x0e, 0xfc,
    0xa6, 0x61, 0x00, 0x06, 0xee, 0xf9, 0x30, 0x0c, 0xe1, 0xe2, 0x01, 0xe4, 0x59, 0x30, 0x0f, 0xac,
    0xf8, 0x80, 0x3c, 0x3c, 0x7c, 0x20, 0x1e, 0x2b, 0x3b, 0x00, 0xf9, 0x81, 0x5c, 0x00, 0x2e, 0xf7,
    0x0a, 0xc4, 0xb9, 0xc4, 0x43, 0x54, 0x77, 0x41, 0x7f, 0xd8, 0x81, 0x1d, 0xe0, 0x13, 0x48, 0x07,
    0xe4, 0xd0, 0x0f, 0xc9, 0xa0, 0x1f, 0x92, 0x80, 0x38, 0x00, 0xf3, 0x8b, 0x88, 0x00, 0x44, 0x01,
    0xed, 0x3c, 0x33, 0x4f, 0xa8, 0x07, 0xa8, 0xbb, 0x9a, 0x1a, 0x80, 0x1e, 0x4e, 0x9a, 0xff, 0x94,
    0x03, 0xcf, 0xbd, 0xcf, 0x96, 0x70, 0x0f, 0x14, 0xea, 0xcf, 0x51, 0x00, 0x7a, 0x56, 0xb5, 0xc4,
    0x03, 0xfc, 0xe0, 0x1f, 0xf4, 0x97, 0x08, 0x07, 0xf8, 0x78, 0xa8, 0x03, 0x11, 0x80, 0x71, 0xda,
    0x40, 0x05, 0xd4, 0x01, 0xe5, 0x66, 0x00, 0x45, 0xc0, 0x1f, 0x08, 0xc0, 0x02, 0xa3, 0x00, 0xc5,
    0x2e, 0x82, 0x00, 0xf0, 0xcd, 0xbb, 0x6e, 0x9d, 0xa8, 0x02, 0x3d, 0xa4, 0x11, 0x2d, 0xfc, 0x88,
    0x04, 0x00, 0xf3, 0x8b, 0x88, 0x00, 0x44, 0x01, 0xf6, 0x9e, 0x19, 0xa7, 0xd4, 0x03, 0xea, 0x2e,
    0xe6, 0x86, 0xa0, 0x07, 0xc9, 0xd3, 0x5f, 0xf2, 0x80, 0x7c, 0xfb, 0xdc, 0xf9, 0x67, 0x00, 0xf8,
    0xa7, 0x56, 0x7a, 0x88, 0x03, 0xe9, 0x5a, 0xd7, 0x10, 0x0f, 0xf9, 0xc0, 0x3f, 0xf4, 0x97, 0x08,
    0x07, 0xfc, 0x3c, 0x56, 0x01, 0xc4, 0x60, 0x1c, 0x76, 0xb0, 0x01, 0xba, 0x80, 0x3c, 0xac, 0xea,
    0x01, 0x17, 0x00, 0x7c, 0x21, 0x46, 0x00, 0x2a, 0x30, 0x0c, 0x52, 0xe8, 0x5b, 0x0b, 0xe1, 0x9b,
    0x76, 0xdd, 0x3c, 0x5f, 0xab, 0xf9, 0xed, 0x20, 0x89, 0x6b, 0xdc, 0x0a, 0xfe, 0x80, 0x03, 0x53,
    0x50, 0x08, 0x81, 0xf5, 0xb4, 0x5f, 0x6c, 0x12, 0x04, 0xbf, 0x26, 0x00, 0x72, 0x8b, 0x3f, 0xa0,
    0x01, 0x3f, 0xf5, 0xb6, 0x80, 0xef, 0xca, 0x66, 0x10, 0x0d, 0xdd, 0xf2, 0x60, 0x13, 0x87, 0x88,
    0x07, 0x22, 0xc9, 0x80, 0x7a, 0xcf, 0x48, 0x03, 0x87, 0x83, 0x80, 0x3c, 0x56, 0x68, 0x01, 0xe6,
    0x01, 0x00, 0x0b, 0xbd, 0xc2, 0x80, 0x03, 0x88, 0x86, 0x84, 0x00, 0x03, 0x53, 0x50, 0x08, 0x80,
    0x0f, 0xad, 0xa2, 0xfb, 0x60, 0x04, 0x81, 0x2f, 0xc9, 0x80, 0x00, 0xe5, 0x16, 0x7f, 0x40, 0x05,
    0x3f, 0xf5, 0xb6, 0x80, 0x07, 0x7e, 0x53, 0x30, 0x80, 0x03, 0x77, 0x7c, 0x98, 0x06, 0x70, 0xf1,
    0x00, 0xf2, 0x2c, 0x98, 0x07, 0xd6, 0x7c, 0x40, 0x1e, 0x1e, 0x3e, 0x10, 0x0f, 0x15, 0x9d, 0x80,
    0x7c, 0xc0, 0xae, 0x00, 0x17, 0x7b, 0x85, 0x62, 0x5c, 0xe2, 0x21, 0xaa, 0x3b, 0xa0, 0x00, 0xf9,
    0xf0, 0x40, 0x3e, 0x43, 0x47, 0xa0, 0x0e, 0x31, 0x2b, 0x00, 0xfd, 0xe2, 0x60, 0x1c, 0x22, 0xf1,
    0x20, 0x0e, 0x60, 0x5b, 0x46, 0x00, 0x9a, 0x14, 0x9d, 0x67, 0xf7, 0xe5, 0x6c, 0x01, 0x59, 0x0b,
    0x19, 0x42, 0x00, 0x00, 0xf9, 0x5c, 0x03, 0xfc, 0x30, 0x40, 0x04, 0x60, 0x0e, 0x40, 0xa0, 0x07,
    0xe8, 0x07, 0x85, 0xe0, 0x9c, 0x80, 0x3c, 0x24, 0xee, 0x00, 0xf9, 0x42, 0x7d, 0x54, 0xe4, 0x01,
    0x14, 0x1a, 0x00, 0x2c, 0xf2, 0xa2, 0xb0, 0x38, 0x02, 0x2c, 0x66, 0x2b, 0x4e, 0x10, 0x04, 0x00,
    0x88, 0x03, 0xfb, 0x80, 0x3f, 0xc7, 0x26, 0x01, 0xe1, 0x91, 0xb0, 0x0e, 0x56, 0x11, 0x50, 0x07,
    0x2d, 0xda, 0x49, 0xf0, 0x40, 0x3e, 0x43, 0x47, 0xa0, 0x0e, 0x31, 0x2b, 0x00, 0xfd, 0xe2, 0x60,
    0x1c, 0x22, 0xf1, 0x20, 0x0e, 0x60, 0x5b, 0x46, 0x00, 0x9a, 0x14, 0x9d, 0x67, 0xf7, 0xe5, 0x6c,
    0x01, 0x59, 0x0b, 0x19, 0x42, 0x00, 0x00, 0x8c, 0x03, 0xfe, 0xf0, 0x0f, 0xfc, 0x94, 0x60, 0x1f,
    0x08, 0xb8, 0xac, 0x03, 0xe4, 0x70, 0x19, 0x57, 0x00, 0xe5, 0xaa, 0x48, 0x8a, 0x08, 0x00, 0x8c,
    0x01, 0xc8, 0x14, 0x00, 0xfd, 0x00, 0xf0, 0xbc, 0x13, 0x90, 0x07, 0x84, 0x9d, 0xc0, 0x1f, 0x28,
    0x4f, 0xaa, 0x9c, 0x80, 0x22, 0x83, 0x40, 0x05, 0x9e, 0x54, 0x56, 0x07, 0x00, 0x45, 0x8c, 0xc5,
    0x69, 0xc2, 0x00, 0x80, 0x01, 0x80, 0x0e, 0x31, 0x20, 0x09, 0xab, 0x90, 0x18, 0x80, 0x58, 0x17,
    0x67, 0x48, 0x08, 0xa0, 0x0c, 0x94, 0x20, 0x11, 0x28, 0x06, 0x10, 0x10, 0x17, 0x93, 0x00, 0x1c,
    0x1f, 0x80, 0x00, 0x01, 0x80, 0x0e, 0x31, 0x20, 0x09, 0xab, 0x90, 0x18, 0x80, 0x58, 0x17, 0x67,
    0x48, 0x08, 0xa0, 0x0c, 0x94, 0x20, 0x11, 0x28, 0x06, 0x10, 0x30, 0x17, 0x90, 0xe7, 0x38, 0x37,
    0x28, 0x00, 0xa1, 0x00, 0x3f, 0x15, 0xd0, 0x80, 0x78, 0xc1, 0x70, 0x80, 0x31, 0x34, 0xc1, 0x78,
    0x80, 0x72, 0x90, 0xb5, 0x84, 0x31, 0x12, 0xa4, 0xa1, 0x45, 0x74, 0x55, 0x8e, 0x04, 0x0a, 0xd3,
    0x9c, 0x42, 0x70, 0x8d, 0xb6, 0x6b, 0xf6, 0xa7, 0xc0, 0x00, 0xe4, 0x40, 0x07, 0x87, 0x2e, 0xce,
    0x01, 0xd6, 0x58, 0xb6, 0x00, 0x86, 0x04, 0x62, 0x75, 0x00, 0x2e, 0x90, 0x96, 0x10, 0xb9, 0x52,
    0x68, 0x29, 0x03, 0xc3, 0x3e, 0xc8, 0x43, 0x8e, 0x7a, 0x01, 0x30, 0xe4, 0x3f, 0x80, 0x74, 0xa5,
    0x23, 0x80, 0x73, 0xc3, 0x8c, 0x00, 0x00, 0x00, 0x32, 0x80, 0x7e, 0xac, 0x30, 0x0e, 0x31, 0x3d,
    0x40, 0x0d, 0x29, 0x63, 0x68, 0x01, 0x0e, 0xa8, 0x2c, 0x80, 0x4f, 0x70, 0x10, 0x6a, 0x2e, 0x06,
    0xce, 0x46, 0x47, 0x08, 0x62, 0xda, 0x48, 0x5f, 0xd9, 0xf1, 0x58, 0x60, 0x00, 0xc6, 0x80, 0x1e,
    0xac, 0xbb, 0x00, 0x65, 0x54, 0xc9, 0x04, 0x02, 0xf3, 0x6c, 0x21, 0x01, 0x77, 0x06, 0x2a, 0x9c,
    0xcd, 0x04, 0x66, 0x07, 0x8b, 0x2f, 0x44, 0x50, 0xc7, 0xc0, 0x00, 0xd5, 0x22, 0x02, 0x01, 0x50,
    0x6e, 0x08, 0x80, 0x22, 0xa0, 0x78, 0x00, 0x00, 0xc3, 0x40, 0x1f, 0xed, 0x00, 0x88, 0x40, 0x21,
    0xa5, 0xb0, 0x07, 0xc8, 0x06, 0xc3, 0xc0, 0x0f, 0x85, 0xc5, 0xc0, 0x3f, 0x14, 0xb0, 0x07, 0xe5,
    0xc6, 0x00, 0xfc, 0xda, 0xe0, 0x1f, 0x13, 0x10, 0x80, 0x7c, 0x66, 0x86, 0x00, 0xf8, 0x50, 0x80,
    0x22, 0xfc, 0x90, 0x0f, 0x28, 0x1b, 0xa2, 0x00, 0x21, 0x8a, 0x34, 0x91, 0xbf, 0xee, 0x9d, 0x74,
    0x0b, 0x31, 0x51, 0x0a, 0xda, 0x10, 0x00, 0xc3, 0x40, 0x1f, 0xfb, 0x40, 0x22, 0x10, 0x0e, 0x1a,
    0x5b, 0x00, 0x7c, 0x80, 0x7b, 0x0f, 0x00, 0x3f, 0x85, 0xc5, 0xc0, 0x3f, 0xc5, 0x2c, 0x01, 0xfe,
    0x5c, 0x60, 0x0f, 0xf3, 0x6b, 0x80, 0x7f, 0x13, 0x10, 0x80, 0x7f, 0x19, 0xa1, 0x80, 0x3f, 0x85,
    0x08, 0x02, 0x20, 0x0b, 0x24, 0x03, 0xca, 0x04, 0x00, 0x74, 0x40, 0x04, 0x31, 0x40, 0xb0, 0x92,
    0x37, 0xfd, 0xd3, 0xa5, 0xa3, 0xf1, 0x66, 0x2a, 0x21, 0x5b, 0x69, 0x7f, 0x40, 0x00, 0x34, 0x80,
    0x7c, 0x9a, 0x01, 0xe6, 0x82, 0xa0, 0x0e, 0x49, 0x49, 0x04, 0xa9, 0x02, 0x33, 0x26, 0xdb, 0x68,
    0x02, 0x3e, 0x53, 0x30, 0x80, 0x6e, 0xef, 0x93, 0x00, 0x9c, 0x3c, 0x40, 0x39, 0x16, 0x4c, 0x03,
    0xd6, 0x7a, 0x40, 0x1c, 0x3c, 0x1c, 0x01, 0xe2, 0xb3, 0x40, 0x0f, 0x30, 0x08, 0x00, 0x5d, 0xee,
    0x14, 0x00, 0x1c, 0x44, 0x34, 0x20, 0x00, 0x00, 0x34, 0x80, 0x7e, 0x4d, 0x00, 0xf9, 0xa0, 0xa8,
    0x03, 0xc9, 0x29, 0x20, 0x95, 0x20, 0x02, 0x33, 0x26, 0xdb, 0x68, 0x05, 0x1f, 0x29, 0x98, 0x40,
    0x01, 0xbb, 0xbe, 0x4c, 0x03, 0x38, 0x78, 0x80, 0x79, 0x16, 0x4c, 0x03, 0xeb, 0x3e, 0x20, 0x0f,
    0x0f, 0x1f, 0x08, 0x07, 0x8a, 0xce, 0xc0, 0x3e, 0x60, 0x57, 0x00, 0x0b, 0xbd, 0xc2, 0xb1, 0x2e,
    0x71, 0x10, 0xd5, 0x1d, 0xd0, 0x00, 0x86, 0x58, 0x03, 0x9c, 0x2c, 0x40, 0x33, 0xa9, 0x38, 0x04,
    0x2e, 0x36, 0xe0, 0x16, 0xf6, 0x20, 0x80, 0x58, 0x3d, 0xc5, 0x00, 0x9d, 0x98, 0x54, 0x40, 0x0d,
    0x19, 0xd0, 0x40, 0x06, 0x0d, 0x30, 0x88, 0x00, 0xd0, 0xf2, 0x22, 0x00, 0x9f, 0x6c, 0x14, 0x03,
    0x2d, 0xa1, 0xac, 0xd6, 0xd2, 0xd0, 0x62, 0x32, 0x5d, 0x84, 0x00, 0x00, 0x86, 0x58, 0x03, 0xe7,
    0x0b, 0x10, 0x0f, 0x3a, 0x93, 0x80, 0x70, 0xb8, 0xdb, 0x80, 0x76, 0xf6, 0x20, 0x80, 0x76, 0x0f,
    0x71, 0x40, 0x39, 0xd9, 0x8b, 0x44, 0x01, 0xb4, 0x66, 0x81, 0x00, 0x36, 0x0d, 0xb0, 0xeb, 0x98,
    0x01, 0xa1, 0xa4, 0x52, 0x14, 0x02, 0x7d, 0xb0, 0xcf, 0x60, 0x0c, 0xb6, 0x86, 0x00, 0x59, 0xad,
    0xa5, 0xa0, 0x0b, 0x11, 0x92, 0xec, 0x20, 0x10, 0x00, 0xb0, 0xd6, 0x80, 0x34, 0xfd, 0xc8, 0x06,
    0x54, 0x93, 0x00, 0xe8, 0x70, 0x0e, 0x9f, 0xe5, 0x00, 0x9d, 0x98, 0x54, 0x40, 0x0d, 0x19, 0xd0,
    0x40, 0x06, 0x0d, 0x30, 0x88, 0x00, 0xd0, 0xf2, 0x22, 0x00, 0x9f, 0x6c, 0x14, 0x03, 0x2d, 0xa1,
    0xac, 0xd6, 0xd2, 0xd0, 0x62, 0x32, 0x5d, 0x84, 0x00, 0x00, 0xb0, 0xd6, 0x80, 0x3d, 0x3f, 0x72,
    0x01, 0xe5, 0x49, 0x30, 0x0f, 0xa1, 0xc0, 0x3e, 0x9f, 0xe5, 0x00, 0xe7, 0x66, 0x2d, 0x10, 0x06,
    0xd1, 0x9a, 0x04, 0x00, 0xd8, 0x36, 0xc3, 0xae, 0x60, 0x06, 0x86, 0x91, 0x48, 0x50, 0x09, 0xf6,
    0xc3, 0x3d, 0x80, 0x32, 0xda, 0x18, 0x01, 0x66, 0xb6, 0x96, 0x80, 0x2c, 0x46, 0x4b, 0xb0, 0x80,
    0x40, 0x00, 0xc8, 0x40, 0x1e, 0xd6, 0x00, 0xff, 0xe9, 0x5a, 0x80, 0x74, 0xef, 0xa8, 0x04, 0xec,
    0xc2, 0xa2, 0x00, 0x68, 0xce, 0x82, 0x00, 0x30, 0x69, 0x84, 0x40, 0x06, 0x87, 0x91, 0x10, 0x04,
    0xfb, 0x60, 0xa0, 0x19, 0x6d, 0x0d, 0x66, 0xb6, 0x96, 0x83, 0x11, 0x92, 0xec, 0x20, 0x00, 0xc8,
    0x40, 0x1f, 0xb5, 0x80, 0x3f, 0xfb, 0x56, 0xa0, 0x1f, 0x4e, 0xfa, 0x80, 0x73, 0xb3, 0x16, 0x88,
    0x03, 0x68, 0xcd, 0x02, 0x00, 0x6c, 0x1b, 0x61, 0xd7, 0x30, 0x03, 0x43, 0x48, 0xa4, 0x28, 0x04,
    0xfb, 0x61, 0x9e, 0xc0, 0x19, 0x6d, 0x0c, 0x00, 0xb3, 0x5b, 0x4b, 0x40, 0x16, 0x23, 0x25, 0xd8,
    0x40, 0x20, 0x00, 0xc8, 0x60, 0x1e, 0xc5, 0x00, 0xe4, 0xb2, 0x30, 0x0c, 0x6b, 0x8c, 0x01, 0x9d,
    0xa1, 0x40, 0x34, 0xff, 0x28, 0x04, 0xec, 0xc2, 0xa2, 0x00, 0x68, 0xce, 0x82, 0x00, 0x30, 0x69,
    0x84, 0x40, 0x06, 0x87, 0x91, 0x10, 0x04, 0xfb, 0x60, 0xa0, 0x19, 0x6d, 0x0d, 0x66, 0xb6, 0x96,
    0x83, 0x11, 0x92, 0xec, 0x20, 0x00, 0xc8, 0x60, 0x1f, 0xb1, 0x40, 0x3e, 0x4b, 0x23, 0x00, 0xf1,
    0xae, 0x30, 0x07, 0x9d, 0xa1, 0x40, 0x3d, 0x3f, 0xca, 0x01, 0xce, 0xcc, 0x5a, 0x20, 0x0d, 0xa3,
    0x34, 0x08, 0x01, 0xb0, 0x6d, 0x87, 0x5c, 0xc0, 0x0d, 0x0d, 0x22, 0x90, 0xa0, 0x13, 0xed, 0x86,
    0x7b, 0x00, 0x65, 0xb4, 0x30, 0x02, 0xcd, 0x6d, 0x2d, 0x00, 0x58, 0x8c, 0x97, 0x61, 0x00, 0x80,
    0x00, 0xe1, 0x68, 0x72, 0x00, 0xe2, 0xf8, 0x3a, 0xc2, 0x00, 0xc8, 0x3b, 0x78, 0xec, 0x01, 0x90,
    0x76, 0x0e, 0x51, 0xe4, 0x00, 0x58, 0xcb, 0xac, 0x12, 0x20, 0x11, 0x46, 0xac, 0x00, 0x7e, 0x27,
    0x30, 0x67, 0x85, 0x53, 0xde, 0x9f, 0x04, 0x41, 0xaa, 0x92, 0x13, 0xe6, 0x00, 0x7e, 0xe6, 0xf5,
    0xb0, 0x80, 0x70, 0xe2, 0x00, 0x7f, 0x6a, 0x80, 0x7f, 0x6a, 0x80, 0x7f, 0x72, 0x00, 0x70, 0x00,
    0xf8, 0xb3, 0xdc, 0x01, 0x54, 0x00, 0xee, 0x17, 0x85, 0x04, 0xd0, 0x0e, 0x63, 0xc5, 0xb4, 0x0d,
    0x00, 0xea, 0x3e, 0xb5, 0x39, 0x5a, 0x65, 0x53, 0xd9, 0x60, 0xdb, 0xba, 0x5e, 0x6a, 0x92, 0x16,
    0xc0, 0x19, 0xb7, 0xb3, 0x7a, 0xd0, 0x03, 0xe1, 0xd6, 0x00, 0xff, 0xb5, 0x40, 0x3f, 0xed, 0x50,
    0x0f, 0xfb, 0x90, 0x03, 0xe0, 0x00, 0x25, 0x08, 0x00, 0x94, 0x02, 0x10, 0x11, 0x3c, 0x98, 0x1c,
    0x1f, 0x81, 0x7e, 0x00, 0x65, 0xe0, 0x09, 0x64, 0x02, 0x29, 0x00, 0x00, 0x25, 0x08, 0x04, 0x4a,
    0x01, 0x84, 0x0c, 0x05, 0xe4, 0x39, 0xce, 0x0d, 0xca, 0x0b, 0xf2, 0xfb, 0xc0, 0x0b, 0xc0, 0x19,
    0x64, 0x03, 0x14, 0x80, 0x00, 0x00, 0x25, 0x08, 0x00, 0x94, 0x02, 0x10, 0x11, 0x3c, 0x98, 0x1c,
    0x1f, 0x80, 0x00, 0x25, 0x08, 0x04, 0x4a, 0x01, 0x84, 0x0c, 0x05, 0xe4, 0x39, 0xce, 0x0d, 0xca,
    0x00, 0x00, 0xe1, 0x68, 0x72, 0x00, 0xe2, 0xf8, 0x3a, 0xc2, 0x00, 0xc8, 0x3b, 0x78, 0xec, 0x01,
    0x90, 0x76, 0x0e, 0x51, 0xe4, 0x00, 0x58, 0xcb, 0xac, 0x12, 0x20, 0x11, 0x46, 0xac, 0x00, 0x7e,
    0x27, 0x30, 0x67, 0x85, 0x53, 0xde, 0x9f, 0x04, 0x41, 0xaa, 0x92, 0x13, 0xe6, 0x00, 0x7e, 0xed,
    0x6c, 0x20, 0x00, 0x00, 0xf8, 0xb3, 0xdc, 0x01, 0x54, 0x00, 0xee, 0x17, 0x85, 0x04, 0xd0, 0x0e,
    0x63, 0xc5, 0xb4, 0x0d, 0x00, 0xea, 0x3e, 0xb5, 0x39, 0x5a, 0x65, 0x53, 0xd9, 0x60, 0xdb, 0xba,
    0x5e, 0x6a, 0x92, 0x16, 0xc0, 0x19, 0xb7, 0xb7, 0xb9, 0x68, 0x01, 0x80, 0x00, 0x25, 0x08, 0x00,
    0x94, 0x02, 0x10, 0x11, 0x3c, 0x98, 0x1c, 0x1f, 0x81, 0x7e, 0x98, 0x00, 0xf0, 0xec, 0x0a, 0x4b,
    0x80, 0x00, 0x25, 0x08, 0x04, 0x4a, 0x01, 0x84, 0x0c, 0x05, 0xe4, 0x39, 0xce, 0x0d, 0xca, 0x0b,
    0xf6, 0x3b, 0xc0, 0xf0, 0xec, 0x00, 0x52, 0x5c, 0x00, 0x00, 0xc2, 0x91, 0x7a, 0xd9, 0xb3, 0x8b,
    0xd9, 0xda, 0x81, 0x59, 0x86, 0x00, 0xe1, 0x04, 0x8b, 0xd6, 0x0c, 0xd9, 0xc5, 0x0e, 0xce, 0xd4,
    0x00, 0x56, 0x61, 0x81, 0x8c, 0x03, 0xff, 0xb6, 0x2e, 0xf9, 0x8e, 0x23, 0x58, 0x02, 0xdb, 0x00,
    0x3b, 0xc5, 0x2a, 0x44, 0xa3, 0x64, 0xa8, 0x80, 0xfa, 0x00, 0x2d, 0x40, 0x01, 0x1c, 0xb9, 0x05,
    0x04, 0x38, 0x03, 0x7a, 0x8c, 0x91, 0x98, 0xef, 0xfa, 0x21, 0xbb, 0x40, 0x00, 0x84, 0x9a, 0x73,
    0x50, 0x2b, 0x30, 0xc0, 0x00, 0xc2, 0x40, 0xd3, 0x9a, 0x80, 0x0a, 0xcc, 0x30, 0x31, 0x80, 0x7f,
    0xf6, 0xc5, 0xdf, 0x31, 0xc4, 0x6b, 0x02, 0xdb, 0x00, 0x3b, 0xc4, 0x0a, 0x05, 0x4b, 0x43, 0x90,
    0x53, 0x64, 0x00, 0x00, 0x16, 0xd8, 0x04, 0xef, 0x10, 0x01, 0x40, 0xa8, 0x16, 0x87, 0x20, 0x0a,
    0x6c, 0x80, 0x0e, 0x60, 0x1f, 0xfd, 0xb1, 0x77, 0xcc, 0x71, 0x1a, 0xc0, 0x00, 0x1b, 0xb5, 0xec,
    0x8a, 0x56, 0xd3, 0x10, 0x17, 0x7c, 0xc7, 0x11, 0xac, 0xbf, 0xd9, 0x16, 0x17, 0xb2, 0x28, 0x15,
    0xb4, 0xc4, 0x00, 0x94, 0x68, 0x2c, 0x78, 0x46, 0x03, 0x56, 0x11, 0x34, 0xb6, 0xc8, 0x77, 0xc5,
    0x98, 0x00, 0x94, 0x68, 0x2c, 0x78, 0x46, 0x03, 0x56, 0x11, 0x34, 0xb6, 0xc8, 0x77, 0xc5, 0x98,
    0x1a, 0x00, 0x7f, 0xf6, 0xc5, 0xdf, 0x31, 0xc4, 0x6b, 0x00, 0xe2, 0xce, 0xa0, 0x8a, 0xe1, 0x51,
    0x20, 0x23, 0xf9, 0xc5, 0x74, 0xcf, 0xc1, 0x00, 0xf8, 0xb3, 0xa8, 0x01, 0x15, 0xc2, 0xa0, 0x24,
    0x04, 0x61, 0xf3, 0x8a, 0xe0, 0x99, 0xf8, 0x20, 0x01, 0x30, 0x0f, 0xfe, 0xd0, 0xbb, 0xe6, 0x38,
    0x8d, 0x60, 0x03, 0xab, 0x60, 0x3c, 0x71, 0x10, 0x50, 0xe5, 0x38, 0x19, 0x80, 0x37, 0x16, 0x4d,
    0x9a, 0xc1, 0x33, 0x8d, 0x42, 0xde, 0x14, 0x75, 0x20, 0x00, 0x1a, 0x50, 0x2a, 0x16, 0xec, 0xc4,
    0x70, 0xba, 0x47, 0x52, 0x00, 0x4d, 0x80, 0x1f, 0xff, 0xf0, 0x0e, 0x1a, 0x50, 0x2a, 0x16, 0xec,
    0xc4, 0x70, 0xba, 0x47, 0x52, 0x00, 0x4d, 0x80, 0x1f, 0xff, 0x21, 0x10, 0x06, 0x30, 0xa7, 0x00,
    0x91, 0xd6, 0x00, 0x03, 0x61, 0x17, 0x81, 0x00, 0x08, 0x0c, 0x35, 0xcb, 0x6d, 0x01, 0xb0, 0x03,
    0xff, 0xc2, 0x03, 0x61, 0x00, 0x0f, 0x81, 0x00, 0x62, 0x00, 0x8c, 0x35, 0xc0, 0x05, 0xb6, 0x80,
    0x13, 0x60, 0x07, 0xff, 0xa4, 0x44, 0x01, 0x18, 0x53, 0x80, 0x11, 0xd6, 0x00, 0x00, 0x85, 0x8c,
    0x03, 0xa8, 0x58, 0x03, 0x84, 0x84, 0x03, 0x87, 0x88, 0x03, 0xae, 0xcc, 0x01, 0xd3, 0xfc, 0xa0,
    0x13, 0xb3, 0x0a, 0x88, 0x01, 0xa3, 0x3a, 0x08, 0x00, 0xc1, 0xa6, 0x11, 0x00, 0x1a, 0x1e, 0x44,
    0x40, 0x13, 0xed, 0x82, 0x80, 0x65, 0xb4, 0x35, 0x9a, 0xda, 0x5a, 0x0c, 0x46, 0x4b, 0xb0, 0x80,
    0x00, 0x85, 0x8c, 0x03, 0xea, 0x16, 0x00, 0xf8, 0x48, 0x40, 0x3e, 0x1e, 0x20, 0x0f, 0xae, 0xcc,
    0x01, 0xf4, 0xff, 0x28, 0x07, 0x3b, 0x31, 0x68, 0x80, 0x36, 0x8c, 0xd0, 0x20, 0x06, 0xc1, 0xb6,
    0x1d, 0x73, 0x00, 0x34, 0x34, 0x8a, 0x42, 0x80, 0x4f, 0xb6, 0x19, 0xec, 0x01, 0x96, 0xd0, 0xc0,
    0x0b, 0x35, 0xb4, 0xb4, 0x01, 0x62, 0x32, 0x5d, 0x84, 0x02, 0x01, 0x20, 0x03, 0x60, 0x07, 0xff,
    0x88, 0xe4, 0x86, 0x0c, 0x02, 0x21, 0x37, 0xe0, 0x01, 0x20, 0x0c, 0xd8, 0x01, 0xff, 0xe9, 0x11,
    0x00, 0x46, 0x14, 0xe0, 0x04, 0x75, 0x80, 0x02, 0x7e, 0x78, 0x0c, 0x18, 0x07, 0x10, 0x80, 0x0d,
    0xf8, 0x02, 0x00, 0x22, 0x80, 0x7e, 0x5e, 0x20, 0x0f, 0xe3, 0x30, 0x80, 0x7c, 0x6b, 0xa0, 0x2d,
    0x0e, 0x40, 0x06, 0xc9, 0x3f, 0x83, 0xac, 0x20, 0x0c, 0x83, 0xb7, 0x8e, 0xc0, 0x19, 0x07, 0x60,
    0xe5, 0x1e, 0x40, 0x05, 0x8c, 0xba, 0xc1, 0x22, 0x01, 0x14, 0x6a, 0xc0, 0x07, 0xe2, 0x73, 0x06,
    0x78, 0x55, 0x3d, 0xe9, 0xf0, 0x44, 0x1a, 0xa9, 0x21, 0x3e, 0x60, 0x07, 0xee, 0xd6, 0xc2, 0x00,
    0x00, 0x0b, 0x20, 0x07, 0xfa, 0x04, 0x40, 0x1f, 0xe1, 0x00, 0xff, 0xe0, 0xe1, 0x00, 0x7f, 0xa2,
    0xdc, 0x00, 0x59, 0xee, 0x00, 0xaa, 0x00, 0x77, 0x0b, 0xc2, 0x82, 0x68, 0x07, 0x31, 0xe2, 0xda,
    0x06, 0x80, 0x75, 0x1f, 0x5a, 0x9c, 0xad, 0x32, 0xa9, 0xec, 0xb0, 0x6d, 0xdd, 0x2f, 0x35, 0x49,
    0x0b, 0x60, 0x0c, 0xdb, 0xdb, 0xdc, 0xb4, 0x00, 0xc0, 0x00, 0x3e, 0x28, 0x02, 0xf1, 0x00, 0x2a,
    0x60, 0x02, 0x73, 0x00, 0x21, 0x04, 0x00, 0x94, 0x20, 0x02, 0x50, 0x08, 0x40, 0x44, 0xf2, 0x60,
    0x70, 0x7e, 0x00, 0x00, 0x3e, 0x28, 0x05, 0x78, 0x80, 0x1a, 0x98, 0x02, 0x4e, 0x60, 0x0a, 0x10,
    0x40, 0x24, 0xa1, 0x00, 0x89, 0x40, 0x30, 0x81, 0x80, 0xbc, 0x87, 0x39, 0xc1, 0xb9, 0x40, 0x12,
    0x6c, 0x00, 0xff, 0xe5, 0x00, 0x12, 0x00, 0x9b, 0x00, 0x3f, 0xfc, 0x02, 0x20, 0x01, 0x85, 0x38,
    0x23, 0xac, 0x00, 0x00, 0xff, 0x88, 0x91, 0x20, 0x1f, 0xd7, 0xcc, 0x20, 0x1f, 0xc4, 0xe0, 0x20,
    0x1f, 0x9d, 0x36, 0x5a, 0xd9, 0x10, 0xaf, 0x5d, 0x0e, 0xcf, 0x2f, 0x37, 0x6a, 0x91, 0x6d, 0x80,
    0x03, 0x67, 0x6e, 0xbb, 0x97, 0x04, 0x01, 0xc2, 0x4c, 0xa0, 0x1f, 0xf1, 0x18, 0x07, 0x80, 0x00,
    0xff, 0x88, 0x80, 0x08, 0x90, 0x0f, 0xea, 0xe0, 0x03, 0x08, 0x07, 0xf1, 0x08, 0x04, 0x20, 0x1f,
    0x0c, 0xa9, 0x08, 0x4b, 0x5b, 0x22, 0x15, 0xeb, 0xd9, 0xc7, 0x59, 0xe9, 0xe6, 0xed, 0x52, 0x33,
    0xb1, 0x43, 0x60, 0xb9, 0xdb, 0xae, 0xe5, 0xb9, 0x02, 0x6e, 0x80, 0x21, 0x26, 0x50, 0x0f, 0xfe,
    0x09, 0x18, 0x07, 0xe0, 0x00, 0x25, 0x08, 0x00, 0x94, 0x02, 0x10, 0x11, 0x3c, 0x98, 0x1c, 0x1f,
    0x81, 0x7e, 0x98, 0x04, 0x76, 0x01, 0x17, 0x00, 0x00, 0x25, 0x08, 0x04, 0x4a, 0x01, 0x84, 0x0c,
    0x05, 0xe4, 0x39, 0xce, 0x0d, 0xca, 0x0b, 0xf6, 0x3b, 0xc0, 0x07, 0x60, 0x18, 0xb8, 0x00, 0x03,
    0x13, 0x00, 0x87, 0x0b, 0x04, 0x00, 0x3e, 0x7e, 0x20, 0x14, 0x53, 0x88, 0x01, 0xdc, 0x33, 0x86,
    0x16, 0xb7, 0xed, 0xc0, 0x24, 0x03, 0x04, 0x62, 0x60, 0x0b, 0x01, 0xa4, 0xee, 0x34, 0x13, 0x64,
    0x5f, 0xb8, 0x00, 0x01, 0x31, 0x30, 0x0c, 0xbc, 0x9c, 0x01, 0x93, 0x57, 0x40, 0x3c, 0xba, 0x40,
    0x13, 0x75, 0x10, 0x80, 0x1a, 0x63, 0x81, 0x40, 0x14, 0xcc, 0x12, 0xc0, 0x02, 0xb6, 0x71, 0x2c,
    0x2c, 0xdd, 0xdc, 0xcc, 0xe0, 0x00, 0xc4, 0x58, 0x03, 0xf9, 0x6e, 0xa8, 0x01, 0x11, 0x22, 0x40,
    0x0f, 0x31, 0x00, 0x0a, 0xf9, 0x84, 0x03, 0xf8, 0x9c, 0x04, 0x03, 0xf3, 0xa6, 0xcb, 0x5b, 0x22,
    0x15, 0xeb, 0xa1, 0xd9, 0xe5, 0xe6, 0xed, 0x52, 0x2d, 0xb0, 0x00, 0x6c, 0xed, 0xd7, 0x72, 0xe0,
    0x80, 0x00, 0x00, 0xc4, 0x58, 0x03, 0xfe, 0x5b, 0xaa, 0x00, 0x44, 0x40, 0x04, 0x48, 0x01, 0xe6,
    0x20, 0x01, 0x57, 0x00, 0x18, 0x40, 0x3f, 0x88, 0x40, 0x21, 0x00, 0xf8, 0x65, 0x48, 0x42, 0x5a,
    0xd9, 0x10, 0xaf, 0x5e, 0xce, 0x3a, 0xcf, 0x4f, 0x37, 0x6a, 0x91, 0x9d, 0x8a, 0x1b, 0x05, 0xce,
    0xdd, 0x77, 0x2d, 0xc8, 0x13, 0x74, 0x03, 0xc3, 0xb0, 0x29, 0x2e, 0x01, 0x51, 0x50, 0x02, 0x50,
    0x80, 0x09, 0x40, 0x21, 0x01, 0x13, 0xc9, 0x81, 0xc1, 0xf8, 0x00, 0x03, 0xc3, 0xb0, 0x01, 0x49,
    0x70, 0x00, 0x54, 0x54, 0x02, 0x4a, 0x10, 0x08, 0x94, 0x03, 0x08, 0x18, 0x0b, 0xc8, 0x73, 0x9c,
    0x1b, 0x94, 0x00, 0x00, 0xe2, 0x20, 0x07, 0xfd, 0x56, 0x01, 0xfe, 0x2a, 0xb2, 0x00, 0xfe, 0x5b,
    0xaa, 0x00, 0x44, 0x48, 0x90, 0x03, 0xcc, 0x40, 0x02, 0xbe, 0x61, 0x00, 0xfe, 0x27, 0x01, 0x00,
    0xfc, 0xe9, 0xb2, 0xd6, 0xc8, 0x85, 0x7a, 0xe8, 0x76, 0x79, 0x79, 0xbb, 0x54, 0x8b, 0x6c, 0x00,
    0x1b, 0x3b, 0x75, 0xdc, 0xb8, 0x20, 0x00, 0x00, 0xe2, 0x20, 0x07, 0xff, 0x06, 0xac, 0x03, 0xff,
    0x15, 0x59, 0x00, 0x7f, 0xcb, 0x75, 0x40, 0x08, 0x88, 0x00, 0x89, 0x00, 0x3c, 0xc4, 0x00, 0x2a,
    0xe0, 0x03, 0x08, 0x07, 0xf1, 0x08, 0x04, 0x20, 0x1f, 0x0c, 0xa9, 0x08, 0x4b, 0x5b, 0x22, 0x15,
    0xeb, 0xd9, 0xc7, 0x59, 0xe9, 0xe6, 0xed, 0x52, 0x33, 0xb1, 0x43, 0x60, 0xb9, 0xdb, 0xae, 0xe5,
    0xb9, 0x02, 0x6e, 0x80, 0x00, 0x1d, 0x80, 0x45, 0xa0, 0x03, 0xd5, 0xb0, 0x29, 0x2e, 0x01, 0x51,
    0x50, 0x02, 0x50, 0x80, 0x09, 0x40, 0x21, 0x01, 0x13, 0xc9, 0x81, 0xc1, 0xf8, 0x00, 0x00, 0x1d,
    0x80, 0x62, 0xd0, 0x08, 0xf5, 0x6c, 0x00, 0x52, 0x5c, 0x00, 0x15, 0x15, 0x00, 0x92, 0x84, 0x02,
    0x25, 0x00, 0xc2, 0x06, 0x02, 0xf2, 0x1c, 0xe7, 0x06, 0xe5, 0x00, 0x48, 0xac, 0xc5, 0xca, 0x80,
    0x3c, 0xcc, 0xe6, 0x8f, 0x80, 0x0b, 0xb0, 0xa2, 0xe7, 0x48, 0x04, 0xcf, 0x34, 0x60, 0x18, 0x61,
    0xd8, 0x03, 0xca, 0x34, 0x00, 0x51, 0x00, 0x88, 0x08, 0x01, 0xc4, 0x01, 0x18, 0x18, 0x02, 0xcc,
    0x02, 0x41, 0x81, 0x00, 0xe1, 0x15, 0x2f, 0xcb, 0x32, 0x75, 0x01, 0x31, 0x8a, 0xec, 0xaa, 0x40,
    0x48, 0xac, 0xc5, 0xca, 0x80, 0x3d, 0x0d, 0xcd, 0x1b, 0x00, 0x17, 0x82, 0x8a, 0xa3, 0x90, 0x09,
    0x9e, 0x6a, 0x0c, 0xc0, 0x01, 0x86, 0x60, 0x12, 0xc0, 0x01, 0x46, 0xc0, 0x28, 0x5b, 0x32, 0x02,
    0x06, 0x82, 0xa6, 0x43, 0x03, 0x05, 0xc0, 0x4d, 0x74, 0x18, 0x13, 0x40, 0x08, 0x45, 0x4b, 0xf2,
    0xcc, 0x9d, 0x40, 0x4c, 0x62, 0xbb, 0x2a, 0x90, 0x00, 0x22, 0xa8, 0xc0, 0x3d, 0x15, 0x4c, 0xeb,
    0x61, 0x00, 0x6e, 0xb2, 0xa5, 0xa6, 0x80, 0x02, 0x46, 0xbe, 0x44, 0xe0, 0x0c, 0x56, 0xf1, 0xaa,
    0x2e, 0xea, 0xc5, 0xc7, 0x00, 0x1c, 0x4b, 0x4f, 0x98, 0x04, 0x5f, 0xd8, 0xe2, 0x01, 0xfd, 0x66,
    0x01, 0xfb, 0x88, 0x02, 0x00, 0x22, 0xa8, 0xc0, 0x3f, 0x45, 0x53, 0x3a, 0xd8, 0x40, 0x36, 0xeb,
    0x2a, 0x5a, 0x68, 0x03, 0x09, 0x1a, 0xf9, 0x0f, 0x00, 0x78, 0xad, 0xcc, 0x58, 0x00, 0x2e, 0xea,
    0xc5, 0xcd, 0x2d, 0x83, 0x34, 0x4b, 0x4f, 0x98, 0xfa, 0xb2, 0x17, 0xf6, 0x38, 0x80, 0x0a, 0xf9,
    0xc0, 0x3a, 0xcc, 0x03, 0xfd, 0xc4, 0x01, 0xc0, 0x48, 0xac, 0xc5, 0xca, 0x80, 0x3c, 0xcc, 0xe6,
    0x8f, 0x80, 0x0b, 0xb0, 0xa2, 0xe7, 0x48, 0x04, 0xcf, 0x34, 0x60, 0x18, 0x61, 0xd8, 0x03, 0xca,
    0x34, 0x01, 0xf1, 0x01, 0x00, 0x7c, 0x60, 0x60, 0x1f, 0x20, 0xc0, 0x80, 0x70, 0x8a, 0x97, 0xe5,
    0x99, 0x3a, 0x80, 0x98, 0xc5, 0x76, 0x55, 0x20, 0x48, 0xac, 0xc5, 0xca, 0x80, 0x3d, 0x0d, 0xcd,
    0x1b, 0x00, 0x17, 0x82, 0x8a, 0xa3, 0x90, 0x09, 0x9e, 0x6a, 0x0c, 0xc0, 0x01, 0x86, 0x60, 0x12,
    0xc0, 0x01, 0x46, 0xc0, 0x28, 0x5b, 0x32, 0x02, 0x00, 0x8a, 0x99, 0x0c, 0x0c, 0x03, 0x26, 0xba,
    0x0c, 0x08, 0x07, 0x08, 0xa9, 0x7e, 0x59, 0x93, 0xa8, 0x09, 0x8c, 0x57, 0x65, 0x52, 0x00, 0x00,
    0x22, 0xa8, 0xc0, 0x3d, 0x15, 0x4c, 0xeb, 0x61, 0x00, 0x6e, 0xb2, 0xa5, 0xa6, 0x80, 0x02, 0x46,
    0xbe, 0x44, 0xe0, 0x0c, 0x56, 0xf1, 0xaa, 0x2e, 0xea, 0xc5, 0xc7, 0x00, 0x1c, 0x4b, 0x4f, 0x98,
    0x04, 0x00, 0x22, 0xa8, 0xc0, 0x3f, 0x45, 0x53, 0x3a, 0xd8, 0x40, 0x36, 0xeb, 0x2a, 0x5a, 0x68,
    0x03, 0x09, 0x1a, 0xf9, 0x0f, 0x00, 0x78, 0xad, 0xcc, 0x58, 0x00, 0x2e, 0xea, 0xc5, 0xcd, 0x2d,
    0x83, 0x34, 0x4b, 0x4f, 0x98, 0xfa, 0xb2, 0x00, 0x00, 0x8d, 0x00, 0x3f, 0x2e, 0x00, 0x7e, 0x68,
    0x00, 0xe4, 0x8a, 0xcc, 0x5c, 0xa8, 0x03, 0xcc, 0xce, 0x68, 0xf8, 0x00, 0xbb, 0x0a, 0x2e, 0x74,
    0x80, 0x4c, 0xf3, 0x46, 0x01, 0x86, 0x1d, 0x80, 0x3c, 0xa3, 0x40, 0x1f, 0x10, 0x10, 0x07, 0xc6,
    0x06, 0x01, 0xf2, 0x0c, 0x08, 0x07, 0x08, 0xa9, 0x7e, 0x59, 0x93, 0xa8, 0x09, 0x8c, 0x57, 0x65,
    0x52, 0x00, 0x00, 0x8d, 0x00, 0x3f, 0x2e, 0x00, 0x7e, 0x68, 0x00, 0xe4, 0x8a, 0xcc, 0x5c, 0xa8,
    0x03, 0xd0, 0xdc, 0xd1, 0xb0, 0x01, 0x78, 0x28, 0xaa, 0x39, 0x00, 0x99, 0xe6, 0xa0, 0xcc, 0x00,
    0x18, 0x66, 0x01, 0x2c, 0x00, 0x14, 0x6c, 0x02, 0x85, 0xb3, 0x20, 0x20, 0x08, 0xa9, 0x90, 0xc0,
    0xc0, 0x32, 0x6b, 0xa0, 0xc0, 0x80, 0x70, 0x8a, 0x97, 0xe5, 0x99, 0x3a, 0x80, 0x98, 0xc5, 0x76,
    0x55, 0x20, 0x00, 0xe8, 0x20, 0x0f, 0xfe, 0x1a, 0x2a, 0xac, 0x80, 0x3a, 0x2a, 0x99, 0xd6, 0xc2,
    0x00, 0xdd, 0x65, 0x4b, 0x4d, 0x00, 0x04, 0x8d, 0x7c, 0x89, 0xc0, 0x18, 0xad, 0xe3, 0x54, 0x5d,
    0xd5, 0x8b, 0x8e, 0x00, 0x38, 0x96, 0x9f, 0x30, 0x08, 0x00, 0xe8, 0x20, 0x0f, 0xfe, 0x3a, 0x2a,
    0xac, 0x80, 0x3e, 0x8a, 0xa6, 0x75, 0xb0, 0x80, 0x6d, 0xd6, 0x54, 0xb4, 0xd0, 0x06, 0x12, 0x35,
    0xf2, 0x1e, 0x00, 0xf1, 0x5b, 0x98, 0xb0, 0x00, 0x5d, 0xd5, 0x8b, 0x9a, 0x5b, 0x06, 0x68, 0x96,
    0x9f, 0x31, 0xf5, 0x64, 0x00, 0x15, 0x28, 0x06, 0x2d, 0xa3, 0x00, 0xce, 0x9e, 0x01, 0xda, 0x64,
    0x01, 0x8c, 0x02, 0x42, 0x5b, 0x22, 0x05, 0xed, 0x1f, 0x00, 0x36, 0xf3, 0x4c, 0x00, 0x00, 0x15,
    0x28, 0x07, 0x8b, 0x68, 0xc0, 0x3c, 0xe9, 0xe0, 0x1f, 0x69, 0x90, 0x07, 0x8c, 0x10, 0x02, 0x42,
    0x5b, 0x08, 0x82, 0x05, 0xed, 0x1d, 0xab, 0xe0, 0x6d, 0xe6, 0xa5, 0xfc, 0x00, 0x00, 0x1a, 0x00,
    0x73, 0x60, 0x07, 0x2c, 0x00, 0x71, 0x52, 0x80, 0x62, 0xda, 0x30, 0x0c, 0xe9, 0xe0, 0x1d, 0xa6,
    0x40, 0x18, 0xc0, 0x24, 0x25, 0xb2, 0x20, 0x5e, 0xd1, 0xf0, 0x03, 0x6f, 0x34, 0xc0, 0x00, 0x1a,
    0x00, 0x7c, 0xd8, 0x01, 0xf2, 0xc0, 0x07, 0xc5, 0x4a, 0x01, 0xe2, 0xda, 0x30, 0x0f, 0x3a, 0x78,
    0x07, 0xda, 0x64, 0x01, 0xe3, 0x04, 0x00, 0x90, 0x96, 0xc2, 0x20, 0x81, 0x7b, 0x47, 0x6a, 0xf8,
    0x1b, 0x79, 0xa9, 0x7f, 0x00, 0x00, 0xf2, 0x10, 0x07, 0xa2, 0xc0, 0x3c, 0xc4, 0x01, 0xe1, 0x00,
    0xf0, 0xa9, 0x80, 0x74, 0x0d, 0x80, 0x45, 0x4c, 0xe6, 0xb3, 0x9a, 0x93, 0x01, 0x8a, 0xd3, 0xec,
    0x00, 0x00, 0xf2, 0x10, 0x07, 0xe8, 0xa0, 0x0f, 0xcc, 0xa0, 0x1f, 0x84, 0xa9, 0xc0, 0x38, 0x54,
    0xd2, 0x00, 0x3a, 0x07, 0xfb, 0xc0, 0x22, 0xa6, 0x73, 0x00, 0x2c, 0xe6, 0xa4, 0x40, 0x02, 0xc5,
    0x69, 0xf7, 0x00, 0xc0, 0x00, 0xe1, 0x60, 0x0f, 0xb4, 0x40, 0x38, 0x6c, 0x40, 0x3c, 0x84, 0x01,
    0xe8, 0xb0, 0x0f, 0x31, 0x00, 0x78, 0x40, 0x3c, 0x2a, 0x60, 0x1d, 0x03, 0x60, 0x11, 0x53, 0x39,
    0xac, 0xe6, 0xa4, 0xc0, 0x62, 0xb4, 0xfb, 0x00, 0x00, 0x00, 0xe1, 0x60, 0x0f, 0xed, 0x10, 0x0f,
    0x86, 0xc4, 0x03, 0xf2, 0x10, 0x07, 0xe8, 0xa0, 0x0f, 0xcc, 0xa0, 0x1f, 0x84, 0xa9, 0xc0, 0x38,
    0x54, 0xd2, 0x00, 0x3a, 0x07, 0xfb, 0xc0, 0x22, 0xa6, 0x73, 0x00, 0x2c, 0xe6, 0xa4, 0x40, 0x02,
    0xc5, 0x69, 0xf7, 0x00, 0xc0, 0x00, 0xff, 0xe1, 0x9e, 0x98, 0x07, 0xd2, 0xa0, 0x03, 0xa2, 0x00,
    0x10, 0x07, 0xe3, 0xe0, 0x03, 0x28, 0x83, 0x80, 0x12, 0xc4, 0x03, 0x62, 0x08, 0x60, 0x28, 0x08,
    0x0f, 0x00, 0x80, 0x7b, 0x5d, 0xc3, 0x0f, 0x24, 0x44, 0x30, 0x0e, 0x10, 0x28, 0x2d, 0x38, 0x29,
    0x00, 0x78, 0x07, 0x51, 0xfe, 0xe1, 0xe6, 0x3d, 0x00, 0xf4, 0x03, 0x49, 0x48, 0x90, 0x00, 0x4c,
    0x40, 0x14, 0xb9, 0x32, 0xd6, 0x75, 0x00, 0xfe, 0x79, 0x74, 0x43, 0x5c, 0x00, 0x7f, 0x80, 0x00,
    0xff, 0xe1, 0x9e, 0x98, 0x07, 0xf4, 0xa8, 0x00, 0xe8, 0x80, 0x04, 0x01, 0xfe, 0x3e, 0x00, 0x32,
    0x88, 0x38, 0x06, 0x4b, 0x10, 0x0d, 0x88, 0x21, 0x80, 0xa0, 0x20, 0xa0, 0x0e, 0x01, 0x00, 0xf6,
    0xbb, 0x0c, 0x3c, 0x84, 0x41, 0x10, 0x60, 0x1c, 0x20, 0x50, 0x7a, 0x70, 0x50, 0x4f, 0x81, 0xe0,
    0x1d, 0x47, 0xdc, 0xc3, 0xcc, 0x7b, 0xe7, 0xc1, 0xe8, 0x06, 0x92, 0x90, 0x10, 0x00, 0x98, 0x80,
    0x6a, 0x5c, 0x99, 0x6b, 0x3a, 0x80, 0x7f, 0xcf, 0x2e, 0x88, 0x6b, 0x80, 0x0f, 0xfc, 0x00, 0xff,
    0x97, 0x44, 0x02, 0x96, 0x00, 0x25, 0x00, 0x44, 0x01, 0x97, 0xc0, 0x06, 0xa2, 0x06, 0x01, 0x84,
    0x90, 0x01, 0xa0, 0xa0, 0x20, 0x22, 0x7d, 0x12, 0xa8, 0x51, 0x97, 0xa3, 0x03, 0x81, 0x97, 0x57,
    0x4a, 0x38, 0x0f, 0x02, 0xfd, 0x68, 0xed, 0xb4, 0xfc, 0xd3, 0x00, 0x00, 0xff, 0x97, 0x44, 0x03,
    0xa5, 0x80, 0x09, 0x40, 0x11, 0x00, 0x79, 0x7c, 0x00, 0x6a, 0x20, 0x60, 0x1e, 0x12, 0x40, 0x06,
    0x82, 0x80, 0x82, 0x80, 0x05, 0xf4, 0x4a, 0xa1, 0x46, 0x5e, 0x82, 0x9c, 0xcd, 0x03, 0x2e, 0xae,
    0x94, 0x70, 0x10, 0x70, 0xa5, 0xfa, 0xd1, 0xdb, 0x69, 0xf9, 0xaf, 0xbe, 0xc0, 0x00, 0xfe, 0x15,
    0x00, 0xff, 0xe2, 0x17, 0x00, 0x7f, 0xf0, 0xc5, 0x65, 0x80, 0x3f, 0xf8, 0x45, 0xa3, 0x80, 0x1f,
    0xfc, 0x23, 0xb3, 0xa0, 0x08, 0xf4, 0xc0, 0x3e, 0x95, 0x00, 0x1d, 0x10, 0x00, 0x80, 0x3f, 0x1f,
    0x00, 0x19, 0x44, 0x1c, 0x00, 0x96, 0x20, 0x1b, 0x10, 0x43, 0x01, 0x40, 0x40, 0x78, 0x04, 0x03,
    0xda, 0xee, 0x18, 0x79, 0x22, 0x21, 0x80, 0x70, 0x81, 0x41, 0x69, 0xc1, 0x48, 0x03, 0xc0, 0x3a,
    0x8f, 0xf7, 0x0f, 0x31, 0xe8, 0x07, 0xa0, 0x1a, 0x4a, 0x44, 0x80, 0x02, 0x62, 0x00, 0xa5, 0xc9,
    0x96, 0xb3, 0xa8, 0x07, 0xf3, 0xcb, 0xa2, 0x1a, 0xe0, 0x03, 0xfc, 0x00, 0xfe, 0x15, 0x00, 0xff,
    0xe3, 0x17, 0x00, 0x7f, 0xf1, 0x45, 0x65, 0x80, 0x3f, 0xf8, 0x85, 0xa3, 0x80, 0x1f, 0xfc, 0x43,
    0xb3, 0xa0, 0x08, 0xf4, 0xc0, 0x3f, 0xa5, 0x40, 0x07, 0x44, 0x00, 0x20, 0x0f, 0xf1, 0xf0, 0x01,
    0x94, 0x41, 0xc0, 0x32, 0x58, 0x80, 0x6c, 0x41, 0x0c, 0x05, 0x01, 0x05, 0x00, 0x70, 0x08, 0x07,
    0xb5, 0xd8, 0x61, 0xe4, 0x22, 0x08, 0x83, 0x00, 0xe1, 0x02, 0x83, 0xd3, 0x82, 0x82, 0x7c, 0x0f,
    0x00, 0xea, 0x3e, 0xe6, 0x1e, 0x63, 0xdf, 0x3e, 0x0f, 0x40, 0x34, 0x94, 0x80, 0x80, 0x04, 0xc4,
    0x03, 0x52, 0xe4, 0xcb, 0x59, 0xd4, 0x03, 0xfe, 0x79, 0x74, 0x43, 0x5c, 0x00, 0x7f, 0xe0, 0x00,
    0xf9, 0x44, 0x03, 0xff, 0x71, 0x00, 0x7f, 0xcd, 0x2a, 0x20, 0x1f, 0xec, 0x1d, 0x30, 0x0f, 0xf5,
    0x1d, 0x90, 0x2e, 0x88, 0x05, 0x2c, 0x00, 0x4a, 0x00, 0x88, 0x03, 0x2f, 0x80, 0x0d, 0x44, 0x0c,
    0x03, 0x09, 0x20, 0x03, 0x41, 0x40, 0x40, 0x44, 0xfa, 0x25, 0x50, 0xa3, 0x2f, 0x46, 0x07, 0x03,
    0x2e, 0xae, 0x94, 0x70, 0x1e, 0x05, 0xfa, 0xd1, 0xdb, 0x69, 0xf9, 0xa6, 0x00, 0x00, 0xf9, 0x44,
    0x03, 0xff, 0x85, 0xc4, 0x01, 0xff, 0xc1, 0x69, 0x51, 0x00, 0xff, 0xd8, 0x3a, 0x60, 0x1f, 0xfa,
    0x8e, 0xc8, 0x17, 0x44, 0x03, 0xa5, 0x80, 0x09, 0x40, 0x11, 0x00, 0x79, 0x7c, 0x00, 0x6a, 0x20,
    0x60, 0x1e, 0x12, 0x40, 0x06, 0x82, 0x80, 0x82, 0x80, 0x05, 0xf4, 0x4a, 0xa1, 0x46, 0x5e, 0x82,
    0x9c, 0xcd, 0x03, 0x2e, 0xae, 0x94, 0x70, 0x10, 0x70, 0xa5, 0xfa, 0xd1, 0xdb, 0x69, 0xf9, 0xaf,
    0xbe, 0xc0, 0x00, 0xff, 0xcd, 0x76, 0x81, 0x00, 0xff, 0x8b, 0x24, 0x49, 0xb4, 0x03, 0xf3, 0x99,
    0x78, 0x65, 0x4c, 0x19, 0x25, 0x88, 0x06, 0xb8, 0xf1, 0xd3, 0x02, 0xd0, 0x3e, 0x01, 0x00, 0xcc,
    0x84, 0x8c, 0xf5, 0x89, 0x22, 0x86, 0x01, 0xc2, 0x42, 0xf1, 0x07, 0x76, 0x30, 0x03, 0xc0, 0x39,
    0x53, 0xbf, 0xed, 0x93, 0x00, 0x1e, 0x80, 0x68, 0x1d, 0x00, 0xfe, 0xa5, 0xc9, 0x96, 0xbb, 0x20,
    0x07, 0xf3, 0xcb, 0xa2, 0x1a, 0xa4, 0x03, 0xfc, 0x00, 0xff, 0xcd, 0x76, 0x81, 0x00, 0xff, 0xc5,
    0x92, 0x24, 0xda, 0x01, 0xfc, 0xe6, 0x5e, 0x19, 0x53, 0x06, 0x40, 0x96, 0x20, 0x1a, 0xe3, 0xc7,
    0x4c, 0x0b, 0x40, 0xc3, 0x80, 0x40, 0x33, 0x21, 0x23, 0x3d, 0x62, 0x04, 0x2a, 0x18, 0x07, 0x09,
    0x0b, 0xc4, 0x1d, 0xd6, 0xaf, 0xc1, 0xe0, 0x1c, 0xa9, 0xdf, 0xf6, 0xca, 0x57, 0x59, 0xe8, 0x06,
    0x81, 0xd0, 0x0f, 0xf5, 0x2e, 0x4c, 0xb5, 0xd9, 0x00, 0x3f, 0xcf, 0x2e, 0x88, 0x6a, 0x90, 0x0f,
    0xf8, 0x00, 0xfc, 0x95, 0x72, 0x60, 0x18, 0x44, 0x03, 0x56, 0xc4, 0x9a, 0x20, 0x16, 0xc0, 0xea,
    0x56, 0x4f, 0x8a, 0x00, 0x04, 0x9e, 0x8b, 0x54, 0x06, 0xc0, 0x44, 0xfa, 0x22, 0x44, 0x9e, 0x7d,
    0x98, 0x87, 0x05, 0x32, 0x15, 0x88, 0x22, 0x2e, 0x40, 0x00, 0xfc, 0x95, 0x72, 0x60, 0x1e, 0x11,
    0x00, 0xd5, 0xb1, 0x26, 0x90, 0x07, 0x6c, 0x0e, 0xa5, 0x64, 0xf8, 0xa0, 0x06, 0x12, 0x7a, 0x2d,
    0x50, 0x1b, 0x02, 0x00, 0x0b, 0xe8, 0x89, 0x12, 0x79, 0xf6, 0x0f, 0x70, 0x38, 0x29, 0x90, 0xac,
    0x41, 0x11, 0x50, 0xb0, 0x00, 0x00, 0xfe, 0x61, 0x00, 0xff, 0xe2, 0x68, 0x07, 0xff, 0x16, 0xc4,
    0x1a, 0xed, 0x02, 0x01, 0xff, 0x16, 0x48, 0x93, 0x68, 0x07, 0xe7, 0x32, 0xf0, 0xca, 0x98, 0x32,
    0x4b, 0x10, 0x0d, 0x71, 0xe3, 0xa6, 0x05, 0xa0, 0x7c, 0x02, 0x01, 0x99, 0x09, 0x19, 0xeb, 0x12,
    0x45, 0x0c, 0x03, 0x84, 0x85, 0xe2, 0x0e, 0xec, 0x60, 0x07, 0x80, 0x72, 0xa7, 0x7f, 0xdb, 0x26,
    0x00, 0x3d, 0x00, 0xd0, 0x3a, 0x01, 0xfd, 0x4b, 0x93, 0x2d, 0x76, 0x40, 0x0f, 0xe7, 0x97, 0x44,
    0x35, 0x48, 0x07, 0xf8, 0x00, 0xfe, 0x61, 0x00, 0xff, 0xe2, 0xe8, 0x07, 0xff, 0x1a, 0xc4, 0x1a,
    0xed, 0x02, 0x01, 0xff, 0x8b, 0x24, 0x49, 0xb4, 0x03, 0xf9, 0xcc, 0xbc, 0x32, 0xa6, 0x0c, 0x81,
    0x2c, 0x40, 0x35, 0xc7, 0x8e, 0x98, 0x16, 0x81, 0x87, 0x00, 0x80, 0x66, 0x42, 0x46, 0x7a, 0xc4,
    0x08, 0x54, 0x30, 0x0e, 0x12, 0x17, 0x88, 0x3b, 0xad, 0x5f, 0x83, 0xc0, 0x39, 0x53, 0xbf, 0xed,
    0x94, 0xae, 0xb3, 0xd0, 0x0d, 0x03, 0xa0, 0x1f, 0xea, 0x5c, 0x99, 0x6b, 0xb2, 0x00, 0x7f, 0x9e,
    0x5d, 0x10, 0xd5, 0x20, 0x1f, 0xf0, 0x00, 0xc4, 0xc0, 0x1f, 0xf8, 0x70, 0x03, 0xff, 0x1d, 0x00,
    0x12, 0xae, 0x4c, 0x03, 0x08, 0x80, 0x6a, 0xd8, 0x93, 0x44, 0x02, 0xd8, 0x1d, 0x4a, 0xc9, 0xf1,
    0x40, 0x00, 0x93, 0xd1, 0x6a, 0x80, 0xd8, 0x08, 0x9f, 0x44, 0x48, 0x93, 0xcf, 0xb3, 0x10, 0xe0,
    0xa6, 0x42, 0xb1, 0x04, 0x45, 0xc8, 0x00, 0x00, 0xc4, 0xc0, 0x1f, 0xfc, 0x21, 0xc0, 0x0f, 0xfe,
    0x11, 0xd0, 0x01, 0x2a, 0xe4, 0xc0, 0x3c, 0x22, 0x01, 0xab, 0x62, 0x4d, 0x20, 0x0e, 0xd8, 0x1d,
    0x4a, 0xc9, 0xf1, 0x40, 0x0c, 0x24, 0xf4, 0x5a, 0xa0, 0x36, 0x04, 0x00, 0x17, 0xd1, 0x12, 0x24,
    0xf3, 0xec, 0x1e, 0xe0, 0x70, 0x53, 0x21, 0x58, 0x82, 0x22, 0xa1, 0x60, 0x00, 0x00, 0x88, 0x40,
    0x3f, 0xed, 0x70, 0x0f, 0xff, 0xf8, 0x07, 0x1c, 0xdd, 0x28, 0x07, 0xd1, 0x88, 0x43, 0x4c, 0x01,
    0xd2, 0xee, 0xd9, 0xb3, 0xc0, 0x0d, 0x4d, 0x30, 0x00, 0x52, 0x36, 0x77, 0x01, 0x90, 0xbc, 0x65,
    0x1d, 0xda, 0x20, 0x00, 0x28, 0x83, 0x3c, 0xe1, 0x00, 0x00, 0x88, 0x40, 0x3f, 0xf8, 0x3a, 0xe0,
    0x1f, 0xff, 0xf0, 0x0f, 0xfe, 0x29, 0xcd, 0xd2, 0x80, 0x7f, 0x46, 0x21, 0x0d, 0x30, 0x07, 0xd2,
    0xee, 0xd9, 0xb3, 0xc0, 0x0f, 0x53, 0x4c, 0x00, 0x14, 0x8c, 0x00, 0xce, 0xe0, 0x32, 0x17, 0x8c,
    0xa1, 0x47, 0x2b, 0x88, 0x00, 0x0a, 0x20, 0xcf, 0x16, 0x30, 0xe0, 0x00, 0x88, 0x40, 0x3f, 0xc3,
    0xa8, 0x01, 0xff, 0xff, 0x00, 0xe3, 0x9b, 0xa5, 0x00, 0xfa, 0x31, 0x08, 0x69, 0x40, 0x31, 0xd3,
    0xc6, 0xcd, 0x96, 0x00, 0x6a, 0x59, 0x70, 0x02, 0x90, 0x89, 0xd8, 0x0c, 0xc2, 0xf1, 0x94, 0x72,
    0x71, 0x00, 0x01, 0xc4, 0x19, 0xe7, 0x04, 0x00, 0x88, 0x40, 0x3f, 0xf0, 0xea, 0x00, 0x7f, 0xff,
    0xc0, 0x3f, 0xf8, 0xa7, 0x37, 0x4a, 0x01, 0xfd, 0x18, 0x84, 0x34, 0xa0, 0x1e, 0x3a, 0x78, 0xd9,
    0xb2, 0xc0, 0x0f, 0x52, 0xcb, 0x80, 0x14, 0x84, 0x00, 0x2e, 0xc0, 0x66, 0x17, 0x8c, 0xa0, 0x57,
    0x23, 0x88, 0x00, 0x0e, 0x20, 0xcf, 0x34, 0x10, 0xc0, 0x00, 0x88, 0x40, 0x3f, 0xed, 0x70, 0x0f,
    0xff, 0x4a, 0xd0, 0x07, 0xfc, 0xfc, 0x01, 0xff, 0x13, 0xcd, 0xd2, 0x80, 0x7d, 0x18, 0x84, 0x34,
    0xc0, 0x1d, 0x2e, 0xed, 0x9b, 0x3c, 0x00, 0xd4, 0xd3, 0x00, 0x05, 0x23, 0x67, 0x70, 0x19, 0x0b,
    0xc6, 0x51, 0xdd, 0xa2, 0x00, 0x02, 0x88, 0x33, 0xce, 0x10, 0x00, 0x88, 0x40, 0x3f, 0xf8, 0x3a,
    0xe0, 0x1f, 0xff, 0x15, 0xa0, 0x0f, 0xfe, 0x0b, 0xf0, 0x07, 0xff, 0x04, 0x9e, 0x6e, 0x94, 0x03,
    0xfa, 0x31, 0x08, 0x69, 0x80, 0x3e, 0x97, 0x76, 0xcd, 0x9e, 0x00, 0x7a, 0x9a, 0x60, 0x00, 0xa4,
    0x60, 0x06, 0x77, 0x01, 0x90, 0xbc, 0x65, 0x0a, 0x39, 0x5c, 0x40, 0x00, 0x51, 0x06, 0x78, 0xb1,
    0x87, 0x00, 0x88, 0x40, 0x3f, 0xc3, 0xa8, 0x01, 0xff, 0xe9, 0x59, 0x00, 0xff, 0x9f, 0x40, 0x3f,
    0xe2, 0x79, 0xba, 0x50, 0x0f, 0xa3, 0x10, 0x86, 0x94, 0x03, 0x1d, 0x3c, 0x6c, 0xd9, 0x60, 0x06,
    0xa5, 0x97, 0x00, 0x29, 0x08, 0x9d, 0x80, 0xcc, 0x2f, 0x19, 0x47, 0x27, 0x10, 0x00, 0x1c, 0x41,
    0x9e, 0x70, 0x40, 0x00, 0x88, 0x40, 0x3f, 0xf0, 0xea, 0x00, 0x7f, 0xfc, 0x56, 0x40, 0x3f, 0xf8,
    0x2f, 0xa0, 0x1f, 0xfc, 0x12, 0x79, 0xba, 0x50, 0x0f, 0xe8, 0xc4, 0x21, 0xa5, 0x00, 0xf1, 0xd3,
    0xc6, 0xcd, 0x96, 0x00, 0x7a, 0x96, 0x5c, 0x00, 0xa4, 0x20, 0x01, 0x76, 0x03, 0x30, 0xbc, 0x65,
    0x02, 0xb9, 0x1c, 0x40, 0x00, 0x71, 0x06, 0x79, 0xa0, 0x86, 0x00, 0xc6, 0x82, 0x01, 0xc7, 0xb9,
    0x66, 0x01, 0x87, 0x5b, 0x3c, 0x80, 0x32, 0x0d, 0x18, 0x00, 0x80, 0x21, 0x09, 0x6b, 0xfc, 0x00,
    0x92, 0x1e, 0x5e, 0x28, 0x02, 0x29, 0x2b, 0xc7, 0x40, 0x0b, 0x8f, 0x10, 0x03, 0x84, 0xec, 0x40,
    0x3f, 0xf8, 0x82, 0x54, 0x20, 0x1c, 0x21, 0x25, 0xf2, 0xcc, 0x8d, 0x70, 0x4c, 0x62, 0xbb, 0x22,
    0xb8, 0x00, 0x84, 0x40, 0x1e, 0x2c, 0xee, 0x61, 0x00, 0x6b, 0x36, 0x73, 0x80, 0x0d, 0xa0, 0xaa,
    0x0f, 0x00, 0xca, 0x46, 0x56, 0xa0, 0x1a, 0x8a, 0x0a, 0xa5, 0xd0, 0x05, 0x21, 0xf1, 0x92, 0x38,
    0x02, 0x10, 0x18, 0xdf, 0xa0, 0x13, 0xa1, 0x00, 0xe1, 0x08, 0x2c, 0x96, 0x64, 0x6b, 0x82, 0x62,
    0xaa, 0xec, 0x8a, 0xe0, 0x00, 0xe3, 0x41, 0x00, 0xc7, 0xb9, 0x66, 0x01, 0xb9, 0xb3, 0xc8, 0x02,
    0x42, 0x93, 0x00, 0xe1, 0x03, 0x00, 0x84, 0x00, 0xe1, 0x02, 0x73, 0xe0, 0x02, 0xa7, 0xec, 0x48,
    0x17, 0x88, 0x09, 0xd6, 0xb1, 0xc2, 0xa6, 0x61, 0x40, 0x00, 0x00, 0xc2, 0x20, 0x0e, 0x4d, 0xee,
    0x58, 0x80, 0x5e, 0x50, 0xa8, 0xc0, 0x16, 0x86, 0xb8, 0xa8, 0x04, 0xcc, 0x52, 0xb2, 0x01, 0x79,
    0x63, 0x18, 0x83, 0x1c, 0x23, 0xee, 0x3b, 0x58, 0x00, 0x0c, 0x08, 0x07, 0xe1, 0x00, 0xfc, 0x32,
    0x48, 0x20, 0x1c, 0x7b, 0x96, 0x60, 0x18, 0x75, 0xb3, 0xc8, 0x03, 0x20, 0xd1, 0x80, 0x08, 0x02,
    0x10, 0x96, 0xbf, 0xc0, 0x09, 0x21, 0xe5, 0xe2, 0x80, 0x22, 0x92, 0xbc, 0x74, 0x00, 0xb8, 0xf1,
    0x00, 0x38, 0x4e, 0xc4, 0x03, 0xff, 0x88, 0x25, 0x42, 0x01, 0xc2, 0x12, 0x5f, 0x2c, 0xc8, 0xd7,
    0x04, 0xc6, 0x2b, 0xb2, 0x2b, 0x80, 0x00, 0x99, 0x00, 0x3f, 0xf8, 0xce, 0xa0, 0x1e, 0x2c, 0xee,
    0x61, 0x00, 0x6b, 0x36, 0x73, 0x80, 0x0d, 0xa0, 0xaa, 0x0f, 0x00, 0xca, 0x46, 0x56, 0xa0, 0x1a,
    0x8a, 0x0a, 0xa5, 0xd0, 0x05, 0x21, 0xf1, 0x92, 0x38, 0x02, 0x10, 0x18, 0xdf, 0xa0, 0x13, 0xa1,
    0x00, 0xe1, 0x08, 0x2c, 0x96, 0x64, 0x6b, 0x82, 0x62, 0xaa, 0xec, 0x8a, 0xe0, 0x00, 0x86, 0x04,
    0x03, 0xe1, 0x00, 0xf8, 0x64, 0x90, 0x40, 0x31, 0xee, 0x59, 0x80, 0x6e, 0x6c, 0xf2, 0x00, 0x90,
    0xa4, 0xc0, 0x38, 0x40, 0xc0, 0x21, 0x00, 0x38, 0x40, 0x9c, 0xf8, 0x00, 0xa9, 0xfb, 0x12, 0x05,
    0xe2, 0x02, 0x75, 0xac, 0x70, 0xa9, 0x98, 0x50, 0x00, 0x00, 0xcc, 0x80, 0x1f, 0xfc, 0x47, 0x50,
    0x0e, 0x4d, 0xee, 0x58, 0x80, 0x5e, 0x50, 0xa8, 0xc0, 0x16, 0x86, 0xb8, 0xa8, 0x04, 0xcc, 0x52,
    0xb2, 0x01, 0x79, 0x63, 0x18, 0x83, 0x1c, 0x23, 0xee, 0x3b, 0x58, 0x00, 0xff, 0x88, 0x03, 0xff,
    0x82, 0x3a, 0x20, 0x1f, 0xf8, 0x7c, 0x40, 0x3f, 0xf3, 0x54, 0x00, 0x7f, 0xd1, 0x2e, 0xea, 0x00,
    0xff, 0x2a, 0x6c, 0xa9, 0x10, 0xc0, 0x3e, 0x17, 0x11, 0x00, 0xf5, 0x00, 0x7d, 0x25, 0xd2, 0x02,
    0x5c, 0x01, 0xf2, 0xfe, 0x30, 0x91, 0x28, 0xc0, 0x3e, 0x58, 0x79, 0x0f, 0x0c, 0xdb, 0xbd, 0xbf,
    0x6d, 0x4e, 0x07, 0xb4, 0xa2, 0x00, 0x15, 0x9c, 0xd5, 0x00, 0x00, 0xff, 0x0c, 0x88, 0x07, 0xff,
    0x44, 0x60, 0x40, 0x3f, 0xf1, 0x67, 0x71, 0x00, 0x04, 0x60, 0x1f, 0x49, 0x41, 0x50, 0x03, 0xa8,
    0x03, 0xe6, 0x47, 0x91, 0x20, 0x2e, 0x00, 0xf9, 0x10, 0x46, 0x06, 0x0b, 0x46, 0x01, 0xea, 0x0c,
    0x93, 0x65, 0x90, 0xcd, 0xbb, 0xb3, 0x70, 0x4c, 0x8e, 0x38, 0xb6, 0x94, 0x46, 0x65, 0x9c, 0xdd,
    0x7f, 0xac, 0x00, 0xc4, 0x20, 0x1e, 0x86, 0x00, 0xf5, 0x38, 0x07, 0x24, 0xc8, 0x80, 0x24, 0xb7,
    0x6f, 0x10, 0x06, 0x8f, 0xe1, 0x38, 0x00, 0x40, 0x80, 0x02, 0x00, 0xa3, 0xcc, 0x00, 0x80, 0x0b,
    0x72, 0x01, 0x45, 0xde, 0x98, 0x43, 0x34, 0x44, 0xed, 0x40, 0x00, 0xd1, 0x20, 0x1f, 0xa6, 0xc0,
    0x3f, 0x09, 0x00, 0x7c, 0xdd, 0xf0, 0x01, 0xc7, 0x2a, 0xa7, 0x40, 0x0c, 0xc1, 0x36, 0x06, 0x01,
    0x98, 0x29, 0xc0, 0xc0, 0x02, 0xe8, 0x2f, 0x22, 0x6e, 0x47, 0x10, 0x05, 0x51, 0xc4, 0x18, 0x00,
    0xf0, 0x90, 0x90, 0x07, 0xe4, 0xe7, 0x90, 0x0f, 0xcb, 0x8d, 0x60, 0x1f, 0xcd, 0x4e, 0x01, 0xfa,
    0x64, 0xf1, 0x00, 0x0f, 0x9d, 0x75, 0xd8, 0x03, 0xf0, 0x8e, 0x20, 0x35, 0x00, 0xa1, 0x39, 0xc0,
    0x43, 0xf0, 0x02, 0x6e, 0xca, 0x01, 0x11, 0xe0, 0x06, 0x13, 0xc1, 0x23, 0x01, 0x00, 0xe3, 0x66,
    0x01, 0x81, 0x00, 0x63, 0xe2, 0x80, 0x13, 0xb3, 0x13, 0x8c, 0x1d, 0x00, 0xb8, 0x33, 0xb1, 0xdb,
    0x44, 0x02, 0x2c, 0xa9, 0xae, 0x91, 0x00, 0x80, 0x00, 0xff, 0xe4, 0xf9, 0xf9, 0x00, 0x7f, 0xb4,
    0xb4, 0x80, 0x3f, 0x86, 0xea, 0x80, 0x1f, 0xeb, 0x67, 0x74, 0x00, 0x7f, 0x23, 0x63, 0xb0, 0x07,
    0xf1, 0x90, 0xe0, 0x90, 0x05, 0x2c, 0x01, 0x52, 0x7f, 0x82, 0x9c, 0xc5, 0x80, 0x33, 0xd2, 0xa8,
    0x1e, 0x10, 0xc0, 0xc0, 0x32, 0xd1, 0x9b, 0xfc, 0xe4, 0x38, 0x01, 0x93, 0x0f, 0xc0, 0x33, 0x33,
    0x26, 0xb6, 0xc3, 0x4c, 0x03, 0x44, 0xba, 0x3b, 0x46, 0x18, 0x06, 0x00, 0x88, 0x48, 0x40, 0x34,
    0x4c, 0x98, 0x03, 0x54, 0x5b, 0x80, 0x64, 0x99, 0x10, 0x04, 0x96, 0xed, 0xe2, 0x00, 0xd1, 0xfc,
    0x27, 0x00, 0x08, 0x10, 0x00, 0x40, 0x14, 0x79, 0x80, 0x10, 0x01, 0x6e, 0x40, 0x28, 0xbb, 0xd3,
    0x08, 0x66, 0x88, 0x9d, 0xa8, 0x00, 0x00, 0xa2, 0x65, 0x00, 0x1e, 0xab, 0xb5, 0x00, 0x78, 0x8b,
    0x00, 0x79, 0xbb, 0xe0, 0x03, 0x8e, 0x55, 0x4e, 0x80, 0x19, 0x82, 0x6c, 0x0c, 0x03, 0x30, 0x53,
    0x81, 0x80, 0x05, 0xd0, 0x5e, 0x44, 0xdc, 0x8e, 0x20, 0x0a, 0xa3, 0x88, 0x30, 0x00, 0xfe, 0x21,
    0x00, 0xfe, 0xf9, 0x00, 0xff, 0xe7, 0x14, 0xb0, 0x07, 0xe5, 0xc6, 0x00, 0xfc, 0xda, 0xe0, 0x1f,
    0x13, 0x10, 0x80, 0x7c, 0x66, 0x86, 0x00, 0xf8, 0x50, 0x80, 0x22, 0xfc, 0x90, 0x0f, 0x28, 0x1b,
    0xa2, 0x00, 0x21, 0x8a, 0x34, 0x91, 0xbf, 0xee, 0x9d, 0x74, 0x0b, 0x31, 0x51, 0x0a, 0xda, 0x10,
    0x00, 0xfe, 0x21, 0x00, 0xff, 0xbe, 0x40, 0x3f, 0xfa, 0x85, 0x2c, 0x01, 0xfe, 0x5c, 0x60, 0x0f,
    0xf3, 0x6b, 0x80, 0x7f, 0x13, 0x10, 0x80, 0x7f, 0x19, 0xa1, 0x80, 0x3f, 0x85, 0x08, 0x02, 0x20,
    0x0b, 0x24, 0x03, 0xca, 0x04, 0x00, 0x74, 0x40, 0x04, 0x31, 0x40, 0xb0, 0x92, 0x37, 0xfd, 0xd3,
    0xa5, 0xa3, 0xf1, 0x66, 0x2a, 0x21, 0x5b, 0x69, 0x7f, 0x40, 0x00, 0xff, 0xe1, 0xa5, 0x48, 0x04,
    0x2f, 0xb6, 0xda, 0x00, 0x8f, 0x94, 0xcc, 0x20, 0x1b, 0xbb, 0xe4, 0xc0, 0x27, 0x0f, 0x10, 0x0e,
    0x45, 0x93, 0x00, 0xf5, 0x9e, 0x90, 0x07, 0x0f, 0x07, 0x00, 0x78, 0xac, 0xd0, 0x03, 0xcc, 0x02,
    0x00, 0x17, 0x7b, 0x85, 0x00, 0x07, 0x11, 0x0d, 0x08, 0x00, 0x00, 0xff, 0xe2, 0x25, 0x48, 0x06,
    0x17, 0xdb, 0x6d, 0x00, 0xa3, 0xe5, 0x33, 0x08, 0x00, 0x37, 0x77, 0xc9, 0x80, 0x67, 0x0f, 0x10,
    0x0f, 0x22, 0xc9, 0x80, 0x7d, 0x67, 0xc4, 0x01, 0xe1, 0xe3, 0xe1, 0x00, 0xf1, 0x59, 0xd8, 0x07,
    0xcc, 0x0a, 0xe0, 0x01, 0x77, 0xb8, 0x56, 0x25, 0xce, 0x22, 0x1a, 0xa3, 0xba, 0x00, 0x00, 0xf8,
    0x48, 0x03, 0xf2, 0xe9, 0x80, 0x7f, 0xff, 0xc0, 0x38, 0xd8, 0x03, 0xe1, 0x8d, 0x00, 0xe3, 0x03,
    0x62, 0x00, 0xc3, 0x46, 0x2e, 0xe4, 0x01, 0x5c, 0x28, 0x08, 0x2b, 0xfe, 0xa1, 0xc4, 0x02, 0xcb,
    0x9a, 0xdc, 0x30, 0x00, 0x00, 0xf8, 0x48, 0x03, 0xfc, 0xba, 0x60, 0x1f, 0xff, 0xf0, 0x0f, 0xfe,
    0x59, 0xb0, 0x07, 0xce, 0x00, 0x8d, 0x00, 0xe3, 0x09, 0x72, 0x62, 0x00, 0xc3, 0x44, 0x10, 0xce,
    0xe4, 0x01, 0x5c, 0x29, 0xdf, 0x48, 0x2b, 0xfe, 0xa1, 0xc4, 0x00, 0x8b, 0x2e, 0x6b, 0x70, 0xc0,
    0x30, 0x00, 0x88, 0x40, 0x03, 0xa8, 0x01, 0xff, 0xde, 0x30, 0x00, 0xbf, 0x03, 0x9c, 0x14, 0x90,
    0x00, 0x88, 0x40, 0x30, 0xea, 0x00, 0x7f, 0xfc, 0x0c, 0x08, 0x00, 0x2f, 0xc1, 0x2e, 0x66, 0x82,
    0x73, 0x84, 0x00, 0x9b, 0x71, 0x40, 0x25, 0x91, 0x0a, 0x50, 0x07, 0x16, 0x60, 0xbc, 0x19, 0x82,
    0x42, 0x60, 0xf2, 0x07, 0xbc, 0x1d, 0x49, 0xbd, 0x54, 0xf4, 0x31, 0x01, 0x55, 0x08, 0x07, 0xff,
    0x15, 0x48, 0x03, 0xc0, 0x00, 0x9b, 0x71, 0x40, 0x39, 0x64, 0x42, 0x94, 0x03, 0x71, 0x66, 0x0b,
    0x80, 0x26, 0x60, 0x90, 0x9a, 0x4b, 0x3c, 0x81, 0xef, 0x01, 0xbd, 0x51, 0x37, 0xaa, 0x9f, 0x9d,
    0x86, 0x20, 0x2a, 0xa1, 0x00, 0xff, 0xe0, 0xa9, 0x00, 0x7e, 0x00, 0x86, 0x72, 0xcc, 0x03, 0x53,
    0x3a, 0xe8, 0x80, 0x09, 0x22, 0xe8, 0x54, 0x5e, 0x40, 0x02, 0x40, 0xe7, 0x0a, 0x71, 0xd2, 0x66,
    0x2f, 0xec, 0xc5, 0x5e, 0x00, 0x00, 0x86, 0x72, 0x88, 0x03, 0xd4, 0xce, 0x98, 0x20, 0x18, 0x92,
    0x2e, 0x85, 0x00, 0x02, 0xf2, 0x00, 0x12, 0x0b, 0x83, 0x34, 0x29, 0xc7, 0x49, 0x99, 0xd4, 0xbf,
    0xb3, 0x15, 0x4c, 0xdf, 0x60, 0x00, 0x8d, 0x00, 0x3f, 0x29, 0x80, 0x7e, 0x67, 0x00, 0x3e, 0x08,
    0x07, 0xc8, 0x68, 0xf4, 0x01, 0xc6, 0x25, 0x60, 0x1f, 0xbc, 0x4c, 0x03, 0x84, 0x5e, 0x24, 0x01,
    0xcc, 0x0b, 0x68, 0xc0, 0x13, 0x42, 0x93, 0xac, 0xfe, 0xfc, 0xad, 0x80, 0x2b, 0x21, 0x63, 0x28,
    0x40, 0x00, 0x91, 0x40, 0x3f, 0xc2, 0x40, 0x05, 0x70, 0x0f, 0x2b, 0x80, 0x06, 0x08, 0x00, 0x8c,
    0x01, 0xc8, 0x14, 0x00, 0xfd, 0x00, 0xf0, 0xbc, 0x13, 0x90, 0x07, 0x84, 0x9d, 0xc0, 0x1f, 0x28,
    0x4f, 0xaa, 0x9c, 0x80, 0x22, 0x83, 0x40, 0x05, 0x9e, 0x54, 0x56, 0x07, 0x00, 0x45, 0x8c, 0xc5,
    0x69, 0xc2, 0x00, 0x80, 0x00, 0x1d, 0x80, 0x45, 0xc0, 0x10, 0xa8, 0x04, 0x94, 0x20, 0x02, 0x50,
    0x08, 0x40, 0x44, 0xf2, 0x60, 0x70, 0x7e, 0x00, 0x00, 0x1d, 0x80, 0x62, 0xe0, 0x0c, 0x2a, 0x01,
    0x92, 0x84, 0x02, 0x25, 0x00, 0xc2, 0x06, 0x02, 0xf2, 0x1c, 0xe7, 0x06, 0xe5, 0x00, 0x08, 0xa7,
    0x10, 0x03, 0xb8, 0x67, 0x0c, 0x2d, 0x6f, 0xdb, 0x80, 0x48, 0x06, 0x08, 0xc4, 0xc0, 0x16, 0x03,
    0x49, 0xdc, 0x68, 0x26, 0xc8, 0xbf, 0x70, 0x00, 0x97, 0x48, 0x02, 0x6e, 0xa2, 0x10, 0x03, 0x4c,
    0x70, 0x28, 0x02, 0x99, 0x82, 0x58, 0x00, 0x56, 0xce, 0x25, 0x85, 0x9b, 0xbb, 0x99, 0x9c, 0x00,
    0x32, 0x80, 0x7e, 0xac, 0x30, 0x0e, 0x31, 0x3d, 0x40, 0x0d, 0x29, 0x63, 0x68, 0x01, 0x0e, 0xa8,
    0x2c, 0x80, 0x4f, 0x70, 0x10, 0x6a, 0x2e, 0x06, 0xce, 0x46, 0x47, 0x08, 0x62, 0xda, 0x48, 0x5f,
    0xd9, 0xf1, 0x58, 0x60, 0x00, 0xc6, 0x80, 0x1e, 0xac, 0xbb, 0x00, 0x65, 0x54, 0xc9, 0x04, 0x02,
    0xf3, 0x6c, 0x21, 0x01, 0x77, 0x06, 0x2a, 0x9c, 0xcd, 0x04, 0x66, 0x07, 0x8b, 0x2f, 0x44, 0x50,
    0xc7, 0xc0, 0x00, 0xd5, 0x22, 0x02, 0x01, 0x50, 0x6e, 0x08, 0x80, 0x22, 0xa0, 0x78, 0x00, 0x00,
    0xff, 0xa7, 0xf9, 0x40, 0x27, 0x66, 0x15, 0x10, 0x03, 0x46, 0x74, 0x10, 0x01, 0x83, 0x4c, 0x22,
    0x00, 0x34, 0x3c, 0x88, 0x80, 0x27, 0xdb, 0x05, 0x00, 0xcb, 0x68, 0x6b, 0x35, 0xb4, 0xb4, 0x18,
    0x8c, 0x97, 0x61, 0x00, 0x00, 0xff, 0xe0, 0xcf, 0xf2, 0x80, 0x73, 0xb3, 0x16, 0x88, 0x03, 0x68,
    0xcd, 0x02, 0x00, 0x6c, 0x1b, 0x61, 0xd7, 0x30, 0x03, 0x43, 0x48, 0xa4, 0x28, 0x04, 0xfb, 0x61,
    0x9e, 0xc0, 0x19, 0x6d, 0x0c, 0x00, 0xb3, 0x5b, 0x4b, 0x40, 0x16, 0x23, 0x25, 0xd8, 0x40, 0x20,
    0x00, 0xe1, 0x68, 0x72, 0x00, 0xe2, 0xf8, 0x3a, 0xc2, 0x00, 0xc8, 0x3b, 0x78, 0xec, 0x01, 0x90,
    0x76, 0x0e, 0x51, 0xe4, 0x00, 0x58, 0xcb, 0xac, 0x12, 0x20, 0x11, 0x46, 0xac, 0x00, 0x7e, 0x27,
    0x30, 0x67, 0x85, 0x53, 0xde, 0x9f, 0x04, 0x41, 0xaa, 0x92, 0x13, 0xe6, 0x00, 0x7e, 0xed, 0x6c,
    0x20, 0x00, 0x00, 0xf8, 0xb3, 0xdc, 0x01, 0x54, 0x00, 0xee, 0x17, 0x85, 0x04, 0xd0, 0x0e, 0x63,
    0xc5, 0xb4, 0x0d, 0x00, 0xea, 0x3e, 0xb5, 0x39, 0x5a, 0x65, 0x53, 0xd9, 0x60, 0xdb, 0xba, 0x5e,
    0x6a, 0x92, 0x16, 0xc0, 0x19, 0xb7, 0xb7, 0xb9, 0x68, 0x01, 0x80, 0x00, 0xe1, 0x68, 0x72, 0x00,
    0xe2, 0xf8, 0x3a, 0xc2, 0x00, 0xc8, 0x3b, 0x78, 0xec, 0x01, 0x90, 0x76, 0x0e, 0x51, 0xe4, 0x00,
    0x58, 0xcb, 0xac, 0x12, 0x20, 0x11, 0x46, 0xac, 0x00, 0x7e, 0x27, 0x30, 0x67, 0x85, 0x53, 0xde,
    0x9f, 0x04, 0x41, 0xaa, 0x92, 0x13, 0xe6, 0x00, 0x7e, 0xad, 0xab, 0x61, 0x00, 0xc3, 0x63, 0x40,
    0x1c, 0x00, 0xf8, 0xb3, 0xdc, 0x01, 0x54, 0x00, 0xee, 0x17, 0x85, 0x04, 0xd0, 0x0e, 0x63, 0xc5,
    0xb4, 0x0d, 0x00, 0xea, 0x3e, 0xb5, 0x39, 0x5a, 0x65, 0x53, 0xd9, 0x60, 0xdb, 0xba, 0x5e, 0x6a,
    0x92, 0x16, 0xc0, 0x19, 0xb6, 0xb6, 0xba, 0xd0, 0x03, 0xc3, 0x63, 0x60, 0x1f, 0x00, 0x25, 0x08,
    0x00, 0x94, 0x02, 0x10, 0x11, 0x3c, 0x98, 0x1c, 0x1f, 0x81, 0x7e, 0x98, 0x00, 0xf0, 0xec, 0x0a,
    0x4b, 0x80, 0x00, 0x25, 0x08, 0x04, 0x4a, 0x01, 0x84, 0x0c, 0x05, 0xe4, 0x39, 0xce, 0x0d, 0xca,
    0x0b, 0xf6, 0x3b, 0xc0, 0xf0, 0xec, 0x00, 0x52, 0x5c, 0x00, 0x18, 0x20, 0x17, 0x00, 0xd3, 0xd3,
    0x9a, 0x20, 0x02, 0x18, 0x6b, 0xcc, 0x30, 0x03, 0x18, 0x00, 0x5e, 0x80, 0x1f, 0x12, 0xf8, 0x07,
    0xe9, 0x43, 0x00, 0xf8, 0xcd, 0x40, 0x1f, 0xa5, 0x84, 0x03, 0xe5, 0x29, 0x01, 0x10, 0x07, 0x5b,
    0x20, 0x10, 0x07, 0x38, 0x48, 0xa0, 0x07, 0x0a, 0x14, 0x00, 0x66, 0x5a, 0x56, 0x60, 0x06, 0xba,
    0x49, 0x90, 0x07, 0x66, 0xf3, 0x00, 0x40, 0x18, 0x20, 0x17, 0x00, 0xf4, 0xf4, 0xe6, 0x88, 0x00,
    0x84, 0x01, 0x0d, 0x79, 0x86, 0x00, 0x63, 0x00, 0x62, 0xf4, 0x00, 0xfe, 0x25, 0xf0, 0x0f, 0xf4,
    0xa1, 0x80, 0x7f, 0x19, 0xa8, 0x03, 0xfd, 0x2c, 0x20, 0x1f, 0xca, 0x52, 0x02, 0x01, 0xfa, 0xd9,
    0x03, 0xc0, 0x3e, 0x70, 0x90, 0x10, 0x0f, 0x85, 0x08, 0x88, 0x01, 0xcc, 0xb4, 0xad, 0x25, 0x4a,
    0x01, 0x5d, 0x24, 0xc9, 0x21, 0x38, 0x02, 0xcd, 0xe6, 0x00, 0x3f, 0x58, 0x01, 0x40, 0x0f, 0x0e,
    0xe1, 0x80, 0x71, 0xbd, 0x10, 0x07, 0x9b, 0x94, 0x02, 0x21, 0x2c, 0xc2, 0x00, 0x58, 0xc0, 0x7e,
    0x80, 0x1e, 0x25, 0xf0, 0x0f, 0xa5, 0x0c, 0x03, 0xc6, 0x6a, 0x00, 0xfa, 0x58, 0x40, 0x3c, 0xa5,
    0x20, 0x22, 0x00, 0xd6, 0xc8, 0x04, 0x01, 0x9c, 0x24, 0x50, 0x03, 0x0a, 0x14, 0x00, 0x4c, 0xb4,
    0xac, 0xc0, 0x0a, 0xe9, 0x26, 0x40, 0x1b, 0x37, 0x98, 0x02, 0x01, 0x40, 0x0f, 0xc3, 0xb8, 0x60,
    0x1f, 0x1b, 0xd1, 0x00, 0x7e, 0x6e, 0x50, 0x08, 0x84, 0x00, 0x59, 0x84, 0x00, 0xb1, 0x80, 0x23,
    0xf4, 0x00, 0xfc, 0x4b, 0xe0, 0x1f, 0xd2, 0x86, 0x01, 0xf8, 0xcd, 0x40, 0x1f, 0xd2, 0xc2, 0x01,
    0xf9, 0x4a, 0x40, 0x40, 0x3e, 0xb6, 0x40, 0xf0, 0x0f, 0x38, 0x48, 0x08, 0x07, 0x85, 0x08, 0x88,
    0x01, 0x99, 0x69, 0x5a, 0x4a, 0x94, 0x01, 0x74, 0x93, 0x24, 0x84, 0xe0, 0x06, 0x6f, 0x30, 0x01,
    0xfa, 0xc0, 0x00, 0xf1, 0x08, 0x07, 0xb1, 0x8b, 0xd0, 0x03, 0x89, 0x7c, 0x03, 0xd2, 0x86, 0x01,
    0xc6, 0x6a, 0x00, 0xf4, 0xb0, 0x80, 0x72, 0x94, 0x80, 0x88, 0x02, 0xb6, 0x40, 0x20, 0x09, 0xc2,
    0x45, 0x00, 0x21, 0x42, 0x80, 0x03, 0x2d, 0x2b, 0x30, 0x01, 0x74, 0x93, 0x20, 0x01, 0x2c, 0xf3,
    0x00, 0x53, 0xa4, 0x01, 0xc4, 0x41, 0x00, 0xe3, 0xe0, 0x0f, 0x00, 0xf1, 0x08, 0x07, 0xec, 0x60,
    0x01, 0x7a, 0x00, 0x7c, 0x4b, 0xe0, 0x1f, 0xa5, 0x0c, 0x03, 0xe3, 0x35, 0x00, 0x7e, 0x96, 0x10,
    0x0f, 0x94, 0xa4, 0x04, 0x03, 0xd6, 0xc8, 0x1e, 0x01, 0xce, 0x12, 0x02, 0x01, 0xc2, 0x84, 0x44,
    0x00, 0x99, 0x69, 0x5a, 0x4a, 0x94, 0x2e, 0x92, 0x64, 0x90, 0x9c, 0x4b, 0x3c, 0xc0, 0x07, 0xeb,
    0x9d, 0x20, 0x0f, 0x88, 0x82, 0x01, 0xf1, 0xf0, 0x07, 0xe0, 0x00, 0xf1, 0x08, 0x07, 0xb1, 0x8b,
    0xd0, 0x03, 0x89, 0x7c, 0x03, 0xd2, 0x86, 0x01, 0xc6, 0x6a, 0x00, 0xf4, 0xb0, 0x80, 0x72, 0x94,
    0x80, 0x88, 0x02, 0xb6, 0x40, 0x20, 0x09, 0xc2, 0x45, 0x00, 0x21, 0x42, 0x80, 0x03, 0x2d, 0x2b,
    0x30, 0x01, 0x74, 0x93, 0x20, 0x0b, 0x37, 0x98, 0x02, 0x00, 0xf1, 0x08, 0x07, 0xec, 0x60, 0x01,
    0x7a, 0x00, 0x7c, 0x4b, 0xe0, 0x1f, 0xa5, 0x0c, 0x03, 0xe3, 0x35, 0x00, 0x7e, 0x96, 0x10, 0x0f,
    0x94, 0xa4, 0x04, 0x03, 0xd6, 0xc8, 0x1e, 0x01, 0xce, 0x12, 0x02, 0x01, 0xc2, 0x84, 0x44, 0x00,
    0x99, 0x69, 0x5a, 0x4a, 0x94, 0x2e, 0x92, 0x64, 0x90, 0x9c, 0x19, 0xbc, 0xc0, 0x07, 0xeb,
];

#[rustfmt::skip]
static DEJAVU_16_PERSIAN_HEBREW_GLYPHS: [twine_text::GlyphDsc; 626] = [
    twine_text::GlyphDsc { bitmap_index: 0, adv_w: 0, box_w: 0, box_h: 0, ofs_x: 0, ofs_y: 0 }, // reserved
    twine_text::GlyphDsc { bitmap_index: 0, adv_w: 81, box_w: 0, box_h: 0, ofs_x: 0, ofs_y: 0 }, // U+0020 ' '
    twine_text::GlyphDsc { bitmap_index: 0, adv_w: 103, box_w: 2, box_h: 12, ofs_x: 2, ofs_y: 0 }, // U+0021 '!'
    twine_text::GlyphDsc { bitmap_index: 10, adv_w: 118, box_w: 5, box_h: 5, ofs_x: 1, ofs_y: 7 }, // U+0022 '"'
    twine_text::GlyphDsc { bitmap_index: 20, adv_w: 215, box_w: 12, box_h: 12, ofs_x: 1, ofs_y: 0 }, // U+0023 '#'
    twine_text::GlyphDsc { bitmap_index: 87, adv_w: 163, box_w: 8, box_h: 16, ofs_x: 1, ofs_y: -3 }, // U+0024 '$'
    twine_text::GlyphDsc { bitmap_index: 143, adv_w: 243, box_w: 15, box_h: 13, ofs_x: 0, ofs_y: -1 }, // U+0025 '%'
    twine_text::GlyphDsc { bitmap_index: 231, adv_w: 200, box_w: 11, box_h: 13, ofs_x: 1, ofs_y: -1 }, // U+0026 '&'
    twine_text::GlyphDsc { bitmap_index: 297, adv_w: 70, box_w: 2, box_h: 5, ofs_x: 1, ofs_y: 7 }, // U+0027 '\''
    twine_text::GlyphDsc { bitmap_index: 302, adv_w: 100, box_w: 4, box_h: 16, ofs_x: 1, ofs_y: -3 }, // U+0028 '('
    twine_text::GlyphDsc { bitmap_index: 334, adv_w: 100, box_w: 4, box_h: 16, ofs_x: 1, ofs_y: -3 }, // U+0029 ')'
    twine_text::GlyphDsc { bitmap_index: 366, adv_w: 128, box_w: 8, box_h: 8, ofs_x: 0, ofs_y: 4 }, // U+002A '*'
    twine_text::GlyphDsc { bitmap_index: 399, adv_w: 215, box_w: 11, box_h: 11, ofs_x: 1, ofs_y: 0 }, // U+002B '+'
    twine_text::GlyphDsc { bitmap_index: 421, adv_w: 81, box_w: 3, box_h: 4, ofs_x: 1, ofs_y: -2 }, // U+002C ','
    twine_text::GlyphDsc { bitmap_index: 427, adv_w: 92, box_w: 5, box_h: 3, ofs_x: 0, ofs_y: 3 }, // U+002D '-'
    twine_text::GlyphDsc { bitmap_index: 433, adv_w: 81, box_w: 3, box_h: 2, ofs_x: 1, ofs_y: 0 }, // U+002E '.'
    twine_text::GlyphDsc { bitmap_index: 436, adv_w: 86, box_w: 6, box_h: 14, ofs_x: 0, ofs_y: -2 }, // U+002F '/'
    twine_text::GlyphDsc { bitmap_index: 474, adv_w: 163, box_w: 9, box_h: 13, ofs_x: 1, ofs_y: -1 }, // U+0030 '0'
    twine_text::GlyphDsc { bitmap_index: 529, adv_w: 163, box_w: 8, box_h: 12, ofs_x: 1, ofs_y: 0 }, // U+0031 '1'
    twine_text::GlyphDsc { bitmap_index: 553, adv_w: 163, box_w: 8, box_h: 12, ofs_x: 1, ofs_y: 0 }, // U+0032 '2'
    twine_text::GlyphDsc { bitmap_index: 596, adv_w: 163, box_w: 8, box_h: 13, ofs_x: 1, ofs_y: -1 }, // U+0033 '3'
    twine_text::GlyphDsc { bitmap_index: 645, adv_w: 163, box_w: 10, box_h: 12, ofs_x: 0, ofs_y: 0 }, // U+0034 '4'
    twine_text::GlyphDsc { bitmap_index: 690, adv_w: 163, box_w: 8, box_h: 13, ofs_x: 1, ofs_y: -1 }, // U+0035 '5'
    twine_text::GlyphDsc { bitmap_index: 733, adv_w: 163, box_w: 9, box_h: 13, ofs_x: 1, ofs_y: -1 }, // U+0036 '6'
    twine_text::GlyphDsc { bitmap_index: 790, adv_w: 163, box_w: 8, box_h: 12, ofs_x: 1, ofs_y: 0 }, // U+0037 '7'
    twine_text::GlyphDsc { bitmap_index: 827, adv_w: 163, box_w: 9, box_h: 13, ofs_x: 1, ofs_y: -1 }, // U+0038 '8'
    twine_text::GlyphDsc { bitmap_index: 887, adv_w: 163, box_w: 9, box_h: 13, ofs_x: 1, ofs_y: -1 }, // U+0039 '9'
    twine_text::GlyphDsc { bitmap_index: 945, adv_w: 86, box_w: 3, box_h: 9, ofs_x: 1, ofs_y: 0 }, // U+003A ':'
    twine_text::GlyphDsc { bitmap_index: 956, adv_w: 86, box_w: 3, box_h: 11, ofs_x: 1, ofs_y: -2 }, // U+003B ';'
    twine_text::GlyphDsc { bitmap_index: 971, adv_w: 215, box_w: 11, box_h: 10, ofs_x: 1, ofs_y: 0 }, // U+003C '<'
    twine_text::GlyphDsc { bitmap_index: 1016, adv_w: 215, box_w: 11, box_h: 6, ofs_x: 1, ofs_y: 2 }, // U+003D '='
    twine_text::GlyphDsc { bitmap_index: 1034, adv_w: 215, box_w: 11, box_h: 10, ofs_x: 1, ofs_y: 0 }, // U+003E '>'
    twine_text::GlyphDsc { bitmap_index: 1079, adv_w: 136, box_w: 7, box_h: 12, ofs_x: 1, ofs_y: 0 }, // U+003F '?'
    twine_text::GlyphDsc { bitmap_index: 1116, adv_w: 256, box_w: 14, box_h: 15, ofs_x: 1, ofs_y: -3 }, // U+0040 '@'
    twine_text::GlyphDsc { bitmap_index: 1217, adv_w: 175, box_w: 11, box_h: 12, ofs_x: 0, ofs_y: 0 }, // U+0041 'A'
    twine_text::GlyphDsc { bitmap_index: 1271, adv_w: 176, box_w: 9, box_h: 12, ofs_x: 1, ofs_y: 0 }, // U+0042 'B'
    twine_text::GlyphDsc { bitmap_index: 1321, adv_w: 179, box_w: 11, box_h: 13, ofs_x: 0, ofs_y: -1 }, // U+0043 'C'
    twine_text::GlyphDsc { bitmap_index: 1378, adv_w: 197, box_w: 11, box_h: 12, ofs_x: 1, ofs_y: 0 }, // U+0044 'D'
    twine_text::GlyphDsc { bitmap_index: 1427, adv_w: 162, box_w: 9, box_h: 12, ofs_x: 1, ofs_y: 0 }, // U+0045 'E'
    twine_text::GlyphDsc { bitmap_index: 1458, adv_w: 147, box_w: 8, box_h: 12, ofs_x: 1, ofs_y: 0 }, // U+0046 'F'
    twine_text::GlyphDsc { bitmap_index: 1482, adv_w: 198, box_w: 12, box_h: 13, ofs_x: 0, ofs_y: -1 }, // U+0047 'G'
    twine_text::GlyphDsc { bitmap_index: 1550, adv_w: 193, box_w: 10, box_h: 12, ofs_x: 1, ofs_y: 0 }, // U+0048 'H'
    twine_text::GlyphDsc { bitmap_index: 1575, adv_w: 76, box_w: 3, box_h: 12, ofs_x: 1, ofs_y: 0 }, // U+0049 'I'
    twine_text::GlyphDsc { bitmap_index: 1582, adv_w: 76, box_w: 5, box_h: 16, ofs_x: -1, ofs_y: -4 }, // U+004A 'J'
    twine_text::GlyphDsc { bitmap_index: 1602, adv_w: 168, box_w: 10, box_h: 12, ofs_x: 1, ofs_y: 0 }, // U+004B 'K'
    twine_text::GlyphDsc { bitmap_index: 1650, adv_w: 143, box_w: 8, box_h: 12, ofs_x: 1, ofs_y: 0 }, // U+004C 'L'
    twine_text::GlyphDsc { bitmap_index: 1664, adv_w: 221, box_w: 12, box_h: 12, ofs_x: 1, ofs_y: 0 }, // U+004D 'M'
    twine_text::GlyphDsc { bitmap_index: 1720, adv_w: 192, box_w: 10, box_h: 12, ofs_x: 1, ofs_y: 0 }, // U+004E 'N'
    twine_text::GlyphDsc { bitmap_index: 1763, adv_w: 202, box_w: 12, box_h: 13, ofs_x: 0, ofs_y: -1 }, // U+004F 'O'
    twine_text::GlyphDsc { bitmap_index: 1831, adv_w: 154, box_w: 9, box_h: 12, ofs_x: 1, ofs_y: 0 }, // U+0050 'P'
    twine_text::GlyphDsc { bitmap_index: 1868, adv_w: 202, box_w: 12, box_h: 15, ofs_x: 0, ofs_y: -3 }, // U+0051 'Q'
    twine_text::GlyphDsc { bitmap_index: 1944, adv_w: 178, box_w: 10, box_h: 12, ofs_x: 1, ofs_y: 0 }, // U+0052 'R'
    twine_text::GlyphDsc { bitmap_index: 1992, adv_w: 163, box_w: 9, box_h: 13, ofs_x: 1, ofs_y: -1 }, // U+0053 'S'
    twine_text::GlyphDsc { bitmap_index: 2047, adv_w: 156, box_w: 11, box_h: 12, ofs_x: -1, ofs_y: 0 }, // U+0054 'T'
    twine_text::GlyphDsc { bitmap_index: 2065, adv_w: 187, box_w: 10, box_h: 13, ofs_x: 1, ofs_y: -1 }, // U+0055 'U'
    twine_text::GlyphDsc { bitmap_index: 2101, adv_w: 175, box_w: 11, box_h: 12, ofs_x: 0, ofs_y: 0 }, // U+0056 'V'
    twine_text::GlyphDsc { bitmap_index: 2157, adv_w: 253, box_w: 16, box_h: 12, ofs_x: 0, ofs_y: 0 }, // U+0057 'W'
    twine_text::GlyphDsc { bitmap_index: 2248, adv_w: 175, box_w: 11, box_h: 12, ofs_x: 0, ofs_y: 0 }, // U+0058 'X'
    twine_text::GlyphDsc { bitmap_index: 2306, adv_w: 156, box_w: 10, box_h: 12, ofs_x: 0, ofs_y: 0 }, // U+0059 'Y'
    twine_text::GlyphDsc { bitmap_index: 2343, adv_w: 175, box_w: 11, box_h: 12, ofs_x: 0, ofs_y: 0 }, // U+005A 'Z'
    twine_text::GlyphDsc { bitmap_index: 2389, adv_w: 100, box_w: 4, box_h: 16, ofs_x: 1, ofs_y: -3 }, // U+005B '['
    twine_text::GlyphDsc { bitmap_index: 2402, adv_w: 86, box_w: 6, box_h: 14, ofs_x: 0, ofs_y: -2 }, // U+005C '\\'
    twine_text::GlyphDsc { bitmap_index: 2438, adv_w: 100, box_w: 4, box_h: 16, ofs_x: 1, ofs_y: -3 }, // U+005D ']'
    twine_text::GlyphDsc { bitmap_index: 2451, adv_w: 215, box_w: 11, box_h: 5, ofs_x: 1, ofs_y: 7 }, // U+005E '^'
    twine_text::GlyphDsc { bitmap_index: 2475, adv_w: 128, box_w: 10, box_h: 2, ofs_x: -1, ofs_y: -4 }, // U+005F '_'
    twine_text::GlyphDsc { bitmap_index: 2481, adv_w: 128, box_w: 4, box_h: 4, ofs_x: 1, ofs_y: 9 }, // U+0060 '`'
    twine_text::GlyphDsc { bitmap_index: 2490, adv_w: 157, box_w: 9, box_h: 10, ofs_x: 0, ofs_y: -1 }, // U+0061 'a'
    twine_text::GlyphDsc { bitmap_index: 2535, adv_w: 163, box_w: 9, box_h: 14, ofs_x: 1, ofs_y: -1 }, // U+0062 'b'
    twine_text::GlyphDsc { bitmap_index: 2584, adv_w: 141, box_w: 8, box_h: 10, ofs_x: 0, ofs_y: -1 }, // U+0063 'c'
    twine_text::GlyphDsc { bitmap_index: 2620, adv_w: 163, box_w: 9, box_h: 14, ofs_x: 0, ofs_y: -1 }, // U+0064 'd'
    twine_text::GlyphDsc { bitmap_index: 2671, adv_w: 158, box_w: 9, box_h: 10, ofs_x: 0, ofs_y: -1 }, // U+0065 'e'
    twine_text::GlyphDsc { bitmap_index: 2713, adv_w: 90, box_w: 6, box_h: 13, ofs_x: 0, ofs_y: 0 }, // U+0066 'f'
    twine_text::GlyphDsc { bitmap_index: 2738, adv_w: 163, box_w: 9, box_h: 13, ofs_x: 0, ofs_y: -4 }, // U+0067 'g'
    twine_text::GlyphDsc { bitmap_index: 2796, adv_w: 162, box_w: 8, box_h: 13, ofs_x: 1, ofs_y: 0 }, // U+0068 'h'
    twine_text::GlyphDsc { bitmap_index: 2822, adv_w: 71, box_w: 2, box_h: 13, ofs_x: 1, ofs_y: 0 }, // U+0069 'i'
    twine_text::GlyphDsc { bitmap_index: 2832, adv_w: 71, box_w: 4, box_h: 17, ofs_x: -1, ofs_y: -4 }, // U+006A 'j'
    twine_text::GlyphDsc { bitmap_index: 2855, adv_w: 148, box_w: 9, box_h: 13, ofs_x: 1, ofs_y: 0 }, // U+006B 'k'
    twine_text::GlyphDsc { bitmap_index: 2893, adv_w: 71, box_w: 2, box_h: 13, ofs_x: 1, ofs_y: 0 }, // U+006C 'l'
    twine_text::GlyphDsc { bitmap_index: 2899, adv_w: 249, box_w: 14, box_h: 9, ofs_x: 1, ofs_y: 0 }, // U+006D 'm'
    twine_text::GlyphDsc { bitmap_index: 2936, adv_w: 162, box_w: 8, box_h: 9, ofs_x: 1, ofs_y: 0 }, // U+006E 'n'
    twine_text::GlyphDsc { bitmap_index: 2956, adv_w: 157, box_w: 9, box_h: 10, ofs_x: 0, ofs_y: -1 }, // U+006F 'o'
    twine_text::GlyphDsc { bitmap_index: 3001, adv_w: 163, box_w: 9, box_h: 13, ofs_x: 1, ofs_y: -4 }, // U+0070 'p'
    twine_text::GlyphDsc { bitmap_index: 3051, adv_w: 163, box_w: 9, box_h: 13, ofs_x: 0, ofs_y: -4 }, // U+0071 'q'
    twine_text::GlyphDsc { bitmap_index: 3101, adv_w: 105, box_w: 6, box_h: 9, ofs_x: 1, ofs_y: 0 }, // U+0072 'r'
    twine_text::GlyphDsc { bitmap_index: 3119, adv_w: 133, box_w: 8, box_h: 10, ofs_x: 0, ofs_y: -1 }, // U+0073 's'
    twine_text::GlyphDsc { bitmap_index: 3159, adv_w: 100, box_w: 6, box_h: 12, ofs_x: 0, ofs_y: 0 }, // U+0074 't'
    twine_text::GlyphDsc { bitmap_index: 3185, adv_w: 162, box_w: 8, box_h: 10, ofs_x: 1, ofs_y: -1 }, // U+0075 'u'
    twine_text::GlyphDsc { bitmap_index: 3213, adv_w: 152, box_w: 9, box_h: 9, ofs_x: 0, ofs_y: 0 }, // U+0076 'v'
    twine_text::GlyphDsc { bitmap_index: 3251, adv_w: 209, box_w: 13, box_h: 9, ofs_x: 0, ofs_y: 0 }, // U+0077 'w'
    twine_text::GlyphDsc { bitmap_index: 3311, adv_w: 152, box_w: 9, box_h: 9, ofs_x: 0, ofs_y: 0 }, // U+0078 'x'
    twine_text::GlyphDsc { bitmap_index: 3350, adv_w: 152, box_w: 9, box_h: 13, ofs_x: 0, ofs_y: -4 }, // U+0079 'y'
    twine_text::GlyphDsc { bitmap_index: 3401, adv_w: 134, box_w: 8, box_h: 9, ofs_x: 0, ofs_y: 0 }, // U+007A 'z'
    twine_text::GlyphDsc { bitmap_index: 3433, adv_w: 163, box_w: 7, box_h: 16, ofs_x: 2, ofs_y: -3 }, // U+007B '{'
    twine_text::GlyphDsc { bitmap_index: 3476, adv_w: 86, box_w: 2, box_h: 17, ofs_x: 2, ofs_y: -4 }, // U+007C '|'
    twine_text::GlyphDsc { bitmap_index: 3483, adv_w: 163, box_w: 7, box_h: 16, ofs_x: 2, ofs_y: -3 }, // U+007D '}'
    twine_text::GlyphDsc { bitmap_index: 3528, adv_w: 215, box_w: 11, box_h: 4, ofs_x: 1, ofs_y: 3 }, // U+007E '~'
    twine_text::GlyphDsc { bitmap_index: 3550, adv_w: 128, box_w: 6, box_h: 6, ofs_x: 1, ofs_y: 6 }, // U+00B0 '°'
    twine_text::GlyphDsc { bitmap_index: 3569, adv_w: 0, box_w: 2, box_h: 4, ofs_x: 4, ofs_y: -4 }, // U+05B0 '\u{5b0}'
    twine_text::GlyphDsc { bitmap_index: 3573, adv_w: 0, box_w: 7, box_h: 4, ofs_x: 1, ofs_y: -4 }, // U+05B1 '\u{5b1}'
    twine_text::GlyphDsc { bitmap_index: 3588, adv_w: 0, box_w: 7, box_h: 4, ofs_x: 1, ofs_y: -4 }, // U+05B2 '\u{5b2}'
    twine_text::GlyphDsc { bitmap_index: 3601, adv_w: 0, box_w: 7, box_h: 4, ofs_x: 1, ofs_y: -4 }, // U+05B3 '\u{5b3}'
    twine_text::GlyphDsc { bitmap_index: 3615, adv_w: 0, box_w: 2, box_h: 2, ofs_x: 4, ofs_y: -3 }, // U+05B4 '\u{5b4}'
    twine_text::GlyphDsc { bitmap_index: 3617, adv_w: 0, box_w: 4, box_h: 2, ofs_x: 3, ofs_y: -3 }, // U+05B5 '\u{5b5}'
    twine_text::GlyphDsc { bitmap_index: 3622, adv_w: 0, box_w: 4, box_h: 4, ofs_x: 3, ofs_y: -4 }, // U+05B6 '\u{5b6}'
    twine_text::GlyphDsc { bitmap_index: 3630, adv_w: 0, box_w: 6, box_h: 2, ofs_x: 2, ofs_y: -3 }, // U+05B7 '\u{5b7}'
    twine_text::GlyphDsc { bitmap_index: 3635, adv_w: 0, box_w: 6, box_h: 4, ofs_x: 2, ofs_y: -4 }, // U+05B8 '\u{5b8}'
    twine_text::GlyphDsc { bitmap_index: 3647, adv_w: 0, box_w: 2, box_h: 2, ofs_x: 0, ofs_y: 10 }, // U+05B9 '\u{5b9}'
    twine_text::GlyphDsc { bitmap_index: 3649, adv_w: 0, box_w: 2, box_h: 2, ofs_x: 0, ofs_y: 10 }, // U+05BA '\u{5ba}'
    twine_text::GlyphDsc { bitmap_index: 3651, adv_w: 0, box_w: 6, box_h: 4, ofs_x: 2, ofs_y: -4 }, // U+05BB '\u{5bb}'
    twine_text::GlyphDsc { bitmap_index: 3663, adv_w: 0, box_w: 2, box_h: 2, ofs_x: 4, ofs_y: 3 }, // U+05BC '\u{5bc}'
    twine_text::GlyphDsc { bitmap_index: 3665, adv_w: 0, box_w: 2, box_h: 4, ofs_x: 4, ofs_y: -4 }, // U+05BD '\u{5bd}'
    twine_text::GlyphDsc { bitmap_index: 3670, adv_w: 92, box_w: 5, box_h: 2, ofs_x: 0, ofs_y: 7 }, // U+05BE '־'
    twine_text::GlyphDsc { bitmap_index: 3674, adv_w: 0, box_w: 6, box_h: 2, ofs_x: 2, ofs_y: 10 }, // U+05BF '\u{5bf}'
    twine_text::GlyphDsc { bitmap_index: 3679, adv_w: 76, box_w: 3, box_h: 13, ofs_x: 1, ofs_y: -2 }, // U+05C0 '׀'
    twine_text::GlyphDsc { bitmap_index: 3687, adv_w: 0, box_w: 2, box_h: 2, ofs_x: 10, ofs_y: 10 }, // U+05C1 '\u{5c1}'
    twine_text::GlyphDsc { bitmap_index: 3689, adv_w: 0, box_w: 2, box_h: 2, ofs_x: 1, ofs_y: 10 }, // U+05C2 '\u{5c2}'
    twine_text::GlyphDsc { bitmap_index: 3691, adv_w: 76, box_w: 3, box_h: 9, ofs_x: 1, ofs_y: 0 }, // U+05C3 '׃'
    twine_text::GlyphDsc { bitmap_index: 3702, adv_w: 113, box_w: 6, box_h: 9, ofs_x: 0, ofs_y: 0 }, // U+05C6 '׆'
    twine_text::GlyphDsc { bitmap_index: 3724, adv_w: 0, box_w: 6, box_h: 4, ofs_x: 2, ofs_y: -4 }, // U+05C7 '\u{5c7}'
    twine_text::GlyphDsc { bitmap_index: 3736, adv_w: 171, box_w: 9, box_h: 9, ofs_x: 1, ofs_y: 0 }, // U+05D0 'א'
    twine_text::GlyphDsc { bitmap_index: 3775, adv_w: 148, box_w: 9, box_h: 9, ofs_x: 0, ofs_y: 0 }, // U+05D1 'ב'
    twine_text::GlyphDsc { bitmap_index: 3805, adv_w: 106, box_w: 7, box_h: 10, ofs_x: 0, ofs_y: -1 }, // U+05D2 'ג'
    twine_text::GlyphDsc { bitmap_index: 3836, adv_w: 140, box_w: 9, box_h: 9, ofs_x: 0, ofs_y: 0 }, // U+05D3 'ד'
    twine_text::GlyphDsc { bitmap_index: 3850, adv_w: 167, box_w: 8, box_h: 9, ofs_x: 1, ofs_y: 0 }, // U+05D4 'ה'
    twine_text::GlyphDsc { bitmap_index: 3872, adv_w: 70, box_w: 2, box_h: 9, ofs_x: 1, ofs_y: 0 }, // U+05D5 'ו'
    twine_text::GlyphDsc { bitmap_index: 3878, adv_w: 89, box_w: 5, box_h: 9, ofs_x: 0, ofs_y: 0 }, // U+05D6 'ז'
    twine_text::GlyphDsc { bitmap_index: 3892, adv_w: 167, box_w: 8, box_h: 9, ofs_x: 1, ofs_y: 0 }, // U+05D7 'ח'
    twine_text::GlyphDsc { bitmap_index: 3912, adv_w: 166, box_w: 9, box_h: 10, ofs_x: 1, ofs_y: -1 }, // U+05D8 'ט'
    twine_text::GlyphDsc { bitmap_index: 3952, adv_w: 57, box_w: 2, box_h: 6, ofs_x: 1, ofs_y: 3 }, // U+05D9 'י'
    twine_text::GlyphDsc { bitmap_index: 3957, adv_w: 138, box_w: 8, box_h: 13, ofs_x: 0, ofs_y: -4 }, // U+05DA 'ך'
    twine_text::GlyphDsc { bitmap_index: 3980, adv_w: 135, box_w: 8, box_h: 9, ofs_x: 0, ofs_y: 0 }, // U+05DB 'כ'
    twine_text::GlyphDsc { bitmap_index: 4011, adv_w: 146, box_w: 8, box_h: 12, ofs_x: 0, ofs_y: 0 }, // U+05DC 'ל'
    twine_text::GlyphDsc { bitmap_index: 4048, adv_w: 170, box_w: 9, box_h: 9, ofs_x: 1, ofs_y: 0 }, // U+05DD 'ם'
    twine_text::GlyphDsc { bitmap_index: 4076, adv_w: 174, box_w: 10, box_h: 9, ofs_x: 0, ofs_y: 0 }, // U+05DE 'מ'
    twine_text::GlyphDsc { bitmap_index: 4118, adv_w: 70, box_w: 2, box_h: 13, ofs_x: 1, ofs_y: -4 }, // U+05DF 'ן'
    twine_text::GlyphDsc { bitmap_index: 4125, adv_w: 103, box_w: 5, box_h: 9, ofs_x: 0, ofs_y: 0 }, // U+05E0 'נ'
    twine_text::GlyphDsc { bitmap_index: 4144, adv_w: 166, box_w: 9, box_h: 10, ofs_x: 1, ofs_y: -1 }, // U+05E1 'ס'
    twine_text::GlyphDsc { bitmap_index: 4185, adv_w: 160, box_w: 9, box_h: 11, ofs_x: 0, ofs_y: -2 }, // U+05E2 'ע'
    twine_text::GlyphDsc { bitmap_index: 4232, adv_w: 164, box_w: 8, box_h: 13, ofs_x: 1, ofs_y: -4 }, // U+05E3 'ף'
    twine_text::GlyphDsc { bitmap_index: 4261, adv_w: 160, box_w: 9, box_h: 9, ofs_x: 1, ofs_y: 0 }, // U+05E4 'פ'
    twine_text::GlyphDsc { bitmap_index: 4301, adv_w: 138, box_w: 8, box_h: 13, ofs_x: 0, ofs_y: -4 }, // U+05E5 'ץ'
    twine_text::GlyphDsc { bitmap_index: 4334, adv_w: 152, box_w: 9, box_h: 9, ofs_x: 0, ofs_y: 0 }, // U+05E6 'צ'
    twine_text::GlyphDsc { bitmap_index: 4372, adv_w: 182, box_w: 10, box_h: 13, ofs_x: 1, ofs_y: -4 }, // U+05E7 'ק'
    twine_text::GlyphDsc { bitmap_index: 4415, adv_w: 145, box_w: 8, box_h: 9, ofs_x: 0, ofs_y: 0 }, // U+05E8 'ר'
    twine_text::GlyphDsc { bitmap_index: 4437, adv_w: 181, box_w: 11, box_h: 9, ofs_x: 0, ofs_y: 0 }, // U+05E9 'ש'
    twine_text::GlyphDsc { bitmap_index: 4488, adv_w: 168, box_w: 10, box_h: 10, ofs_x: 0, ofs_y: -1 }, // U+05EA 'ת'
    twine_text::GlyphDsc { bitmap_index: 4524, adv_w: 121, box_w: 6, box_h: 9, ofs_x: 1, ofs_y: 0 }, // U+05F0 'װ'
    twine_text::GlyphDsc { bitmap_index: 4533, adv_w: 108, box_w: 5, box_h: 9, ofs_x: 1, ofs_y: 0 }, // U+05F1 'ױ'
    twine_text::GlyphDsc { bitmap_index: 4548, adv_w: 85, box_w: 4, box_h: 6, ofs_x: 1, ofs_y: 3 }, // U+05F2 'ײ'
    twine_text::GlyphDsc { bitmap_index: 4557, adv_w: 106, box_w: 5, box_h: 4, ofs_x: 1, ofs_y: 5 }, // U+05F3 '׳'
    twine_text::GlyphDsc { bitmap_index: 4568, adv_w: 165, box_w: 8, box_h: 4, ofs_x: 1, ofs_y: 5 }, // U+05F4 '״'
    twine_text::GlyphDsc { bitmap_index: 4585, adv_w: 163, box_w: 10, box_h: 16, ofs_x: 0, ofs_y: -1 }, // U+0606 '؆'
    twine_text::GlyphDsc { bitmap_index: 4654, adv_w: 163, box_w: 10, box_h: 16, ofs_x: 0, ofs_y: -1 }, // U+0607 '؇'
    twine_text::GlyphDsc { bitmap_index: 4723, adv_w: 194, box_w: 10, box_h: 11, ofs_x: 1, ofs_y: 0 }, // U+0609 '؉'
    twine_text::GlyphDsc { bitmap_index: 4769, adv_w: 250, box_w: 14, box_h: 11, ofs_x: 1, ofs_y: 0 }, // U+060A '؊'
    twine_text::GlyphDsc { bitmap_index: 4823, adv_w: 83, box_w: 3, box_h: 4, ofs_x: 1, ofs_y: 0 }, // U+060C '،'
    twine_text::GlyphDsc { bitmap_index: 4829, adv_w: 0, box_w: 6, box_h: 5, ofs_x: 1, ofs_y: 9 }, // U+0615 '\u{615}'
    twine_text::GlyphDsc { bitmap_index: 4843, adv_w: 81, box_w: 3, box_h: 11, ofs_x: 1, ofs_y: 0 }, // U+061B '؛'
    twine_text::GlyphDsc { bitmap_index: 4857, adv_w: 136, box_w: 7, box_h: 12, ofs_x: 1, ofs_y: 0 }, // U+061F '؟'
    twine_text::GlyphDsc { bitmap_index: 4892, adv_w: 120, box_w: 6, box_h: 8, ofs_x: 1, ofs_y: 0 }, // U+0621 'ء'
    twine_text::GlyphDsc { bitmap_index: 4916, adv_w: 71, box_w: 7, box_h: 15, ofs_x: -1, ofs_y: 0 }, // U+0622 'آ'
    twine_text::GlyphDsc { bitmap_index: 4933, adv_w: 71, box_w: 4, box_h: 16, ofs_x: 0, ofs_y: 0 }, // U+0623 'أ'
    twine_text::GlyphDsc { bitmap_index: 4946, adv_w: 124, box_w: 8, box_h: 14, ofs_x: -1, ofs_y: -4 }, // U+0624 'ؤ'
    twine_text::GlyphDsc { bitmap_index: 4997, adv_w: 71, box_w: 4, box_h: 17, ofs_x: 0, ofs_y: -4 }, // U+0625 'إ'
    twine_text::GlyphDsc { bitmap_index: 5011, adv_w: 200, box_w: 11, box_h: 13, ofs_x: 1, ofs_y: -3 }, // U+0626 'ئ'
    twine_text::GlyphDsc { bitmap_index: 5073, adv_w: 71, box_w: 2, box_h: 13, ofs_x: 1, ofs_y: 0 }, // U+0627 'ا'
    twine_text::GlyphDsc { bitmap_index: 5079, adv_w: 241, box_w: 13, box_h: 9, ofs_x: 1, ofs_y: -3 }, // U+0628 'ب'
    twine_text::GlyphDsc { bitmap_index: 5123, adv_w: 134, box_w: 7, box_h: 10, ofs_x: 1, ofs_y: -1 }, // U+0629 'ة'
    twine_text::GlyphDsc { bitmap_index: 5159, adv_w: 241, box_w: 13, box_h: 8, ofs_x: 1, ofs_y: -1 }, // U+062A 'ت'
    twine_text::GlyphDsc { bitmap_index: 5204, adv_w: 241, box_w: 13, box_h: 10, ofs_x: 1, ofs_y: -1 }, // U+062B 'ث'
    twine_text::GlyphDsc { bitmap_index: 5256, adv_w: 165, box_w: 10, box_h: 11, ofs_x: 1, ofs_y: -4 }, // U+062C 'ج'
    twine_text::GlyphDsc { bitmap_index: 5309, adv_w: 165, box_w: 10, box_h: 11, ofs_x: 1, ofs_y: -4 }, // U+062D 'ح'
    twine_text::GlyphDsc { bitmap_index: 5357, adv_w: 165, box_w: 10, box_h: 14, ofs_x: 1, ofs_y: -4 }, // U+062E 'خ'
    twine_text::GlyphDsc { bitmap_index: 5415, adv_w: 114, box_w: 7, box_h: 8, ofs_x: 0, ofs_y: -1 }, // U+062F 'د'
    twine_text::GlyphDsc { bitmap_index: 5441, adv_w: 114, box_w: 7, box_h: 11, ofs_x: 0, ofs_y: -1 }, // U+0630 'ذ'
    twine_text::GlyphDsc { bitmap_index: 5474, adv_w: 124, box_w: 8, box_h: 9, ofs_x: -1, ofs_y: -4 }, // U+0631 'ر'
    twine_text::GlyphDsc { bitmap_index: 5502, adv_w: 124, box_w: 8, box_h: 12, ofs_x: -1, ofs_y: -4 }, // U+0632 'ز'
    twine_text::GlyphDsc { bitmap_index: 5539, adv_w: 313, box_w: 18, box_h: 10, ofs_x: 1, ofs_y: -4 }, // U+0633 'س'
    twine_text::GlyphDsc { bitmap_index: 5613, adv_w: 313, box_w: 18, box_h: 14, ofs_x: 1, ofs_y: -4 }, // U+0634 'ش'
    twine_text::GlyphDsc { bitmap_index: 5707, adv_w: 310, box_w: 18, box_h: 10, ofs_x: 1, ofs_y: -4 }, // U+0635 'ص'
    twine_text::GlyphDsc { bitmap_index: 5777, adv_w: 310, box_w: 18, box_h: 12, ofs_x: 1, ofs_y: -4 }, // U+0636 'ض'
    twine_text::GlyphDsc { bitmap_index: 5856, adv_w: 237, box_w: 13, box_h: 13, ofs_x: 1, ofs_y: 0 }, // U+0637 'ط'
    twine_text::GlyphDsc { bitmap_index: 5900, adv_w: 237, box_w: 13, box_h: 13, ofs_x: 1, ofs_y: 0 }, // U+0638 'ظ'
    twine_text::GlyphDsc { bitmap_index: 5949, adv_w: 153, box_w: 10, box_h: 13, ofs_x: 0, ofs_y: -4 }, // U+0639 'ع'
    twine_text::GlyphDsc { bitmap_index: 6004, adv_w: 153, box_w: 10, box_h: 15, ofs_x: 0, ofs_y: -4 }, // U+063A 'غ'
    twine_text::GlyphDsc { bitmap_index: 6066, adv_w: 75, box_w: 6, box_h: 2, ofs_x: -1, ofs_y: 0 }, // U+0640 'ـ'
    twine_text::GlyphDsc { bitmap_index: 6071, adv_w: 265, box_w: 15, box_h: 12, ofs_x: 1, ofs_y: -1 }, // U+0641 'ف'
    twine_text::GlyphDsc { bitmap_index: 6134, adv_w: 199, box_w: 12, box_h: 15, ofs_x: 0, ofs_y: -4 }, // U+0642 'ق'
    twine_text::GlyphDsc { bitmap_index: 6207, adv_w: 211, box_w: 11, box_h: 14, ofs_x: 1, ofs_y: -1 }, // U+0643 'ك'
    twine_text::GlyphDsc { bitmap_index: 6258, adv_w: 186, box_w: 10, box_h: 16, ofs_x: 1, ofs_y: -3 }, // U+0644 'ل'
    twine_text::GlyphDsc { bitmap_index: 6296, adv_w: 159, box_w: 8, box_h: 10, ofs_x: 1, ofs_y: -4 }, // U+0645 'م'
    twine_text::GlyphDsc { bitmap_index: 6330, adv_w: 188, box_w: 10, box_h: 11, ofs_x: 1, ofs_y: -3 }, // U+0646 'ن'
    twine_text::GlyphDsc { bitmap_index: 6374, adv_w: 134, box_w: 7, box_h: 7, ofs_x: 1, ofs_y: -1 }, // U+0647 'ه'
    twine_text::GlyphDsc { bitmap_index: 6399, adv_w: 124, box_w: 8, box_h: 10, ofs_x: -1, ofs_y: -4 }, // U+0648 'و'
    twine_text::GlyphDsc { bitmap_index: 6436, adv_w: 200, box_w: 11, box_h: 10, ofs_x: 1, ofs_y: -3 }, // U+0649 'ى'
    twine_text::GlyphDsc { bitmap_index: 6486, adv_w: 200, box_w: 11, box_h: 11, ofs_x: 1, ofs_y: -4 }, // U+064A 'ي'
    twine_text::GlyphDsc { bitmap_index: 6540, adv_w: 0, box_w: 6, box_h: 5, ofs_x: 1, ofs_y: 9 }, // U+064B '\u{64b}'
    twine_text::GlyphDsc { bitmap_index: 6555, adv_w: 0, box_w: 6, box_h: 5, ofs_x: 1, ofs_y: 9 }, // U+064C '\u{64c}'
    twine_text::GlyphDsc { bitmap_index: 6570, adv_w: 0, box_w: 6, box_h: 4, ofs_x: 1, ofs_y: -4 }, // U+064D '\u{64d}'
    twine_text::GlyphDsc { bitmap_index: 6583, adv_w: 0, box_w: 6, box_h: 3, ofs_x: 1, ofs_y: 9 }, // U+064E '\u{64e}'
    twine_text::GlyphDsc { bitmap_index: 6592, adv_w: 0, box_w: 6, box_h: 5, ofs_x: 1, ofs_y: 9 }, // U+064F '\u{64f}'
    twine_text::GlyphDsc { bitmap_index: 6607, adv_w: 0, box_w: 6, box_h: 3, ofs_x: 1, ofs_y: -3 }, // U+0650 '\u{650}'
    twine_text::GlyphDsc { bitmap_index: 6617, adv_w: 0, box_w: 6, box_h: 5, ofs_x: 1, ofs_y: 9 }, // U+0651 '\u{651}'
    twine_text::GlyphDsc { bitmap_index: 6633, adv_w: 0, box_w: 6, box_h: 6, ofs_x: 1, ofs_y: 9 }, // U+0652 '\u{652}'
    twine_text::GlyphDsc { bitmap_index: 6650, adv_w: 0, box_w: 6, box_h: 3, ofs_x: 1, ofs_y: 9 }, // U+0653 '\u{653}'
    twine_text::GlyphDsc { bitmap_index: 6659, adv_w: 0, box_w: 4, box_h: 4, ofs_x: 2, ofs_y: 9 }, // U+0654 '\u{654}'
    twine_text::GlyphDsc { bitmap_index: 6668, adv_w: 0, box_w: 4, box_h: 4, ofs_x: 2, ofs_y: -4 }, // U+0655 '\u{655}'
    twine_text::GlyphDsc { bitmap_index: 6676, adv_w: 0, box_w: 6, box_h: 6, ofs_x: 1, ofs_y: 9 }, // U+0657 '\u{657}'
    twine_text::GlyphDsc { bitmap_index: 6694, adv_w: 128, box_w: 6, box_h: 4, ofs_x: 1, ofs_y: 9 }, // U+065A '\u{65a}'
    twine_text::GlyphDsc { bitmap_index: 6707, adv_w: 138, box_w: 3, box_h: 3, ofs_x: 3, ofs_y: 3 }, // U+0660 '٠'
    twine_text::GlyphDsc { bitmap_index: 6712, adv_w: 138, box_w: 4, box_h: 11, ofs_x: 2, ofs_y: 0 }, // U+0661 '١'
    twine_text::GlyphDsc { bitmap_index: 6734, adv_w: 138, box_w: 8, box_h: 11, ofs_x: 0, ofs_y: 0 }, // U+0662 '٢'
    twine_text::GlyphDsc { bitmap_index: 6770, adv_w: 138, box_w: 9, box_h: 11, ofs_x: 0, ofs_y: 0 }, // U+0663 '٣'
    twine_text::GlyphDsc { bitmap_index: 6811, adv_w: 138, box_w: 7, box_h: 12, ofs_x: 1, ofs_y: -1 }, // U+0664 '٤'
    twine_text::GlyphDsc { bitmap_index: 6851, adv_w: 138, box_w: 7, box_h: 12, ofs_x: 1, ofs_y: -1 }, // U+0665 '٥'
    twine_text::GlyphDsc { bitmap_index: 6893, adv_w: 138, box_w: 8, box_h: 11, ofs_x: 0, ofs_y: 0 }, // U+0666 '٦'
    twine_text::GlyphDsc { bitmap_index: 6928, adv_w: 138, box_w: 9, box_h: 11, ofs_x: 0, ofs_y: 0 }, // U+0667 '٧'
    twine_text::GlyphDsc { bitmap_index: 6972, adv_w: 138, box_w: 9, box_h: 11, ofs_x: 0, ofs_y: 0 }, // U+0668 '٨'
    twine_text::GlyphDsc { bitmap_index: 7014, adv_w: 138, box_w: 8, box_h: 11, ofs_x: 0, ofs_y: 0 }, // U+0669 '٩'
    twine_text::GlyphDsc { bitmap_index: 7054, adv_w: 138, box_w: 7, box_h: 11, ofs_x: 1, ofs_y: 0 }, // U+066A '٪'
    twine_text::GlyphDsc { bitmap_index: 7091, adv_w: 83, box_w: 5, box_h: 8, ofs_x: 0, ofs_y: -2 }, // U+066B '٫'
    twine_text::GlyphDsc { bitmap_index: 7111, adv_w: 81, box_w: 3, box_h: 5, ofs_x: 1, ofs_y: 7 }, // U+066C '٬'
    twine_text::GlyphDsc { bitmap_index: 7119, adv_w: 140, box_w: 8, box_h: 8, ofs_x: 0, ofs_y: 1 }, // U+066D '٭'
    twine_text::GlyphDsc { bitmap_index: 7148, adv_w: 241, box_w: 13, box_h: 7, ofs_x: 1, ofs_y: -1 }, // U+066E 'ٮ'
    twine_text::GlyphDsc { bitmap_index: 7184, adv_w: 199, box_w: 12, box_h: 12, ofs_x: 0, ofs_y: -4 }, // U+066F 'ٯ'
    twine_text::GlyphDsc { bitmap_index: 7245, adv_w: 0, box_w: 2, box_h: 6, ofs_x: 3, ofs_y: 9 }, // U+0670 '\u{670}'
    twine_text::GlyphDsc { bitmap_index: 7250, adv_w: 75, box_w: 4, box_h: 4, ofs_x: 0, ofs_y: 10 }, // U+0674 'ٴ'
    twine_text::GlyphDsc { bitmap_index: 7259, adv_w: 241, box_w: 13, box_h: 11, ofs_x: 1, ofs_y: -1 }, // U+0679 'ٹ'
    twine_text::GlyphDsc { bitmap_index: 7315, adv_w: 241, box_w: 13, box_h: 10, ofs_x: 1, ofs_y: -1 }, // U+067A 'ٺ'
    twine_text::GlyphDsc { bitmap_index: 7364, adv_w: 241, box_w: 13, box_h: 10, ofs_x: 1, ofs_y: -4 }, // U+067B 'ٻ'
    twine_text::GlyphDsc { bitmap_index: 7411, adv_w: 241, box_w: 13, box_h: 10, ofs_x: 1, ofs_y: -3 }, // U+067C 'ټ'
    twine_text::GlyphDsc { bitmap_index: 7464, adv_w: 241, box_w: 13, box_h: 9, ofs_x: 1, ofs_y: -1 }, // U+067D 'ٽ'
    twine_text::GlyphDsc { bitmap_index: 7514, adv_w: 241, box_w: 13, box_h: 10, ofs_x: 1, ofs_y: -4 }, // U+067E 'پ'
    twine_text::GlyphDsc { bitmap_index: 7562, adv_w: 241, box_w: 13, box_h: 10, ofs_x: 1, ofs_y: -1 }, // U+067F 'ٿ'
    twine_text::GlyphDsc { bitmap_index: 7615, adv_w: 241, box_w: 13, box_h: 10, ofs_x: 1, ofs_y: -4 }, // U+0680 'ڀ'
    twine_text::GlyphDsc { bitmap_index: 7663, adv_w: 165, box_w: 10, box_h: 16, ofs_x: 1, ofs_y: -4 }, // U+0681 'ځ'
    twine_text::GlyphDsc { bitmap_index: 7729, adv_w: 165, box_w: 10, box_h: 16, ofs_x: 1, ofs_y: -4 }, // U+0682 'ڂ'
    twine_text::GlyphDsc { bitmap_index: 7792, adv_w: 165, box_w: 10, box_h: 11, ofs_x: 1, ofs_y: -4 }, // U+0683 'ڃ'
    twine_text::GlyphDsc { bitmap_index: 7846, adv_w: 165, box_w: 10, box_h: 11, ofs_x: 1, ofs_y: -4 }, // U+0684 'ڄ'
    twine_text::GlyphDsc { bitmap_index: 7899, adv_w: 165, box_w: 10, box_h: 16, ofs_x: 1, ofs_y: -4 }, // U+0685 'څ'
    twine_text::GlyphDsc { bitmap_index: 7965, adv_w: 165, box_w: 10, box_h: 11, ofs_x: 1, ofs_y: -4 }, // U+0686 'چ'
    twine_text::GlyphDsc { bitmap_index: 8021, adv_w: 165, box_w: 10, box_h: 11, ofs_x: 1, ofs_y: -4 }, // U+0687 'ڇ'
    twine_text::GlyphDsc { bitmap_index: 8074, adv_w: 114, box_w: 7, box_h: 13, ofs_x: 0, ofs_y: -1 }, // U+0688 'ڈ'
    twine_text::GlyphDsc { bitmap_index: 8116, adv_w: 114, box_w: 7, box_h: 10, ofs_x: 0, ofs_y: -3 }, // U+0689 'ډ'
    twine_text::GlyphDsc { bitmap_index: 8149, adv_w: 114, box_w: 7, box_h: 10, ofs_x: 0, ofs_y: -3 }, // U+068A 'ڊ'
    twine_text::GlyphDsc { bitmap_index: 8181, adv_w: 114, box_w: 7, box_h: 15, ofs_x: 0, ofs_y: -3 }, // U+068B 'ڋ'
    twine_text::GlyphDsc { bitmap_index: 8229, adv_w: 114, box_w: 7, box_h: 11, ofs_x: 0, ofs_y: -1 }, // U+068C 'ڌ'
    twine_text::GlyphDsc { bitmap_index: 8265, adv_w: 114, box_w: 7, box_h: 10, ofs_x: 0, ofs_y: -3 }, // U+068D 'ڍ'
    twine_text::GlyphDsc { bitmap_index: 8298, adv_w: 114, box_w: 7, box_h: 13, ofs_x: 0, ofs_y: -1 }, // U+068E 'ڎ'
    twine_text::GlyphDsc { bitmap_index: 8339, adv_w: 114, box_w: 7, box_h: 12, ofs_x: 0, ofs_y: -1 }, // U+068F 'ڏ'
    twine_text::GlyphDsc { bitmap_index: 8377, adv_w: 114, box_w: 7, box_h: 13, ofs_x: 0, ofs_y: -1 }, // U+0690 'ڐ'
    twine_text::GlyphDsc { bitmap_index: 8420, adv_w: 124, box_w: 9, box_h: 15, ofs_x: -1, ofs_y: -4 }, // U+0691 'ڑ'
    twine_text::GlyphDsc { bitmap_index: 8470, adv_w: 124, box_w: 9, box_h: 13, ofs_x: -1, ofs_y: -4 }, // U+0692 'ڒ'
    twine_text::GlyphDsc { bitmap_index: 8514, adv_w: 128, box_w: 10, box_h: 9, ofs_x: -1, ofs_y: -4 }, // U+0693 'ړ'
    twine_text::GlyphDsc { bitmap_index: 8547, adv_w: 136, box_w: 9, box_h: 9, ofs_x: -1, ofs_y: -4 }, // U+0694 'ڔ'
    twine_text::GlyphDsc { bitmap_index: 8578, adv_w: 156, box_w: 12, box_h: 9, ofs_x: -1, ofs_y: -4 }, // U+0695 'ڕ'
    twine_text::GlyphDsc { bitmap_index: 8615, adv_w: 136, box_w: 9, box_h: 9, ofs_x: -1, ofs_y: -4 }, // U+0696 'ږ'
    twine_text::GlyphDsc { bitmap_index: 8650, adv_w: 124, box_w: 9, box_h: 12, ofs_x: -1, ofs_y: -4 }, // U+0697 'ڗ'
    twine_text::GlyphDsc { bitmap_index: 8690, adv_w: 124, box_w: 9, box_h: 14, ofs_x: -1, ofs_y: -4 }, // U+0698 'ژ'
    twine_text::GlyphDsc { bitmap_index: 8736, adv_w: 124, box_w: 9, box_h: 14, ofs_x: -1, ofs_y: -4 }, // U+0699 'ڙ'
    twine_text::GlyphDsc { bitmap_index: 8783, adv_w: 313, box_w: 18, box_h: 12, ofs_x: 1, ofs_y: -4 }, // U+069A 'ښ'
    twine_text::GlyphDsc { bitmap_index: 8869, adv_w: 313, box_w: 18, box_h: 10, ofs_x: 1, ofs_y: -4 }, // U+069B 'ڛ'
    twine_text::GlyphDsc { bitmap_index: 8946, adv_w: 313, box_w: 18, box_h: 14, ofs_x: 1, ofs_y: -4 }, // U+069C 'ڜ'
    twine_text::GlyphDsc { bitmap_index: 9044, adv_w: 310, box_w: 18, box_h: 10, ofs_x: 1, ofs_y: -4 }, // U+069D 'ڝ'
    twine_text::GlyphDsc { bitmap_index: 9120, adv_w: 310, box_w: 18, box_h: 14, ofs_x: 1, ofs_y: -4 }, // U+069E 'ڞ'
    twine_text::GlyphDsc { bitmap_index: 9210, adv_w: 237, box_w: 13, box_h: 13, ofs_x: 1, ofs_y: 0 }, // U+069F 'ڟ'
    twine_text::GlyphDsc { bitmap_index: 9267, adv_w: 153, box_w: 10, box_h: 17, ofs_x: 0, ofs_y: -4 }, // U+06A0 'ڠ'
    twine_text::GlyphDsc { bitmap_index: 9336, adv_w: 265, box_w: 15, box_h: 9, ofs_x: 1, ofs_y: -1 }, // U+06A1 'ڡ'
    twine_text::GlyphDsc { bitmap_index: 9388, adv_w: 265, box_w: 15, box_h: 11, ofs_x: 1, ofs_y: -3 }, // U+06A2 'ڢ'
    twine_text::GlyphDsc { bitmap_index: 9450, adv_w: 265, box_w: 15, box_h: 14, ofs_x: 1, ofs_y: -3 }, // U+06A3 'ڣ'
    twine_text::GlyphDsc { bitmap_index: 9523, adv_w: 265, box_w: 15, box_h: 14, ofs_x: 1, ofs_y: -1 }, // U+06A4 'ڤ'
    twine_text::GlyphDsc { bitmap_index: 9596, adv_w: 265, box_w: 15, box_h: 13, ofs_x: 1, ofs_y: -5 }, // U+06A5 'ڥ'
    twine_text::GlyphDsc { bitmap_index: 9666, adv_w: 265, box_w: 15, box_h: 14, ofs_x: 1, ofs_y: -1 }, // U+06A6 'ڦ'
    twine_text::GlyphDsc { bitmap_index: 9740, adv_w: 199, box_w: 12, box_h: 15, ofs_x: 0, ofs_y: -4 }, // U+06A7 'ڧ'
    twine_text::GlyphDsc { bitmap_index: 9810, adv_w: 199, box_w: 12, box_h: 17, ofs_x: 0, ofs_y: -4 }, // U+06A8 'ڨ'
    twine_text::GlyphDsc { bitmap_index: 9889, adv_w: 229, box_w: 14, box_h: 14, ofs_x: 1, ofs_y: -1 }, // U+06A9 'ک'
    twine_text::GlyphDsc { bitmap_index: 9959, adv_w: 270, box_w: 15, box_h: 14, ofs_x: 1, ofs_y: -1 }, // U+06AA 'ڪ'
    twine_text::GlyphDsc { bitmap_index: 10038, adv_w: 229, box_w: 14, box_h: 14, ofs_x: 1, ofs_y: -1 }, // U+06AB 'ګ'
    twine_text::GlyphDsc { bitmap_index: 10111, adv_w: 211, box_w: 11, box_h: 14, ofs_x: 1, ofs_y: -1 }, // U+06AC 'ڬ'
    twine_text::GlyphDsc { bitmap_index: 10168, adv_w: 211, box_w: 11, box_h: 15, ofs_x: 1, ofs_y: -1 }, // U+06AD 'ڭ'
    twine_text::GlyphDsc { bitmap_index: 10231, adv_w: 211, box_w: 11, box_h: 18, ofs_x: 1, ofs_y: -5 }, // U+06AE 'ڮ'
    twine_text::GlyphDsc { bitmap_index: 10298, adv_w: 229, box_w: 14, box_h: 16, ofs_x: 1, ofs_y: -1 }, // U+06AF 'گ'
    twine_text::GlyphDsc { bitmap_index: 10381, adv_w: 229, box_w: 14, box_h: 16, ofs_x: 1, ofs_y: -1 }, // U+06B0 'ڰ'
    twine_text::GlyphDsc { bitmap_index: 10467, adv_w: 229, box_w: 14, box_h: 16, ofs_x: 1, ofs_y: -1 }, // U+06B1 'ڱ'
    twine_text::GlyphDsc { bitmap_index: 10555, adv_w: 229, box_w: 14, box_h: 18, ofs_x: 1, ofs_y: -3 }, // U+06B2 'ڲ'
    twine_text::GlyphDsc { bitmap_index: 10648, adv_w: 229, box_w: 14, box_h: 20, ofs_x: 1, ofs_y: -5 }, // U+06B3 'ڳ'
    twine_text::GlyphDsc { bitmap_index: 10747, adv_w: 229, box_w: 14, box_h: 18, ofs_x: 1, ofs_y: -1 }, // U+06B4 'ڴ'
    twine_text::GlyphDsc { bitmap_index: 10842, adv_w: 186, box_w: 11, box_h: 19, ofs_x: 1, ofs_y: -3 }, // U+06B5 'ڵ'
    twine_text::GlyphDsc { bitmap_index: 10897, adv_w: 186, box_w: 10, box_h: 19, ofs_x: 1, ofs_y: -3 }, // U+06B6 'ڶ'
    twine_text::GlyphDsc { bitmap_index: 10944, adv_w: 186, box_w: 10, box_h: 20, ofs_x: 1, ofs_y: -3 }, // U+06B7 'ڷ'
    twine_text::GlyphDsc { bitmap_index: 10996, adv_w: 186, box_w: 10, box_h: 20, ofs_x: 1, ofs_y: -7 }, // U+06B8 'ڸ'
    twine_text::GlyphDsc { bitmap_index: 11048, adv_w: 188, box_w: 10, box_h: 14, ofs_x: 1, ofs_y: -6 }, // U+06B9 'ڹ'
    twine_text::GlyphDsc { bitmap_index: 11102, adv_w: 188, box_w: 10, box_h: 9, ofs_x: 1, ofs_y: -3 }, // U+06BA 'ں'
    twine_text::GlyphDsc { bitmap_index: 11139, adv_w: 188, box_w: 10, box_h: 14, ofs_x: 1, ofs_y: -3 }, // U+06BB 'ڻ'
    twine_text::GlyphDsc { bitmap_index: 11194, adv_w: 188, box_w: 10, box_h: 14, ofs_x: 1, ofs_y: -6 }, // U+06BC 'ڼ'
    twine_text::GlyphDsc { bitmap_index: 11250, adv_w: 188, box_w: 10, box_h: 13, ofs_x: 1, ofs_y: -3 }, // U+06BD 'ڽ'
    twine_text::GlyphDsc { bitmap_index: 11301, adv_w: 179, box_w: 10, box_h: 9, ofs_x: 1, ofs_y: -1 }, // U+06BE 'ھ'
    twine_text::GlyphDsc { bitmap_index: 11341, adv_w: 165, box_w: 10, box_h: 14, ofs_x: 1, ofs_y: -4 }, // U+06BF 'ڿ'
    twine_text::GlyphDsc { bitmap_index: 11407, adv_w: 124, box_w: 8, box_h: 13, ofs_x: -1, ofs_y: -4 }, // U+06C6 'ۆ'
    twine_text::GlyphDsc { bitmap_index: 11456, adv_w: 124, box_w: 8, box_h: 14, ofs_x: -1, ofs_y: -4 }, // U+06C7 'ۇ'
    twine_text::GlyphDsc { bitmap_index: 11510, adv_w: 124, box_w: 8, box_h: 15, ofs_x: -1, ofs_y: -4 }, // U+06C8 'ۈ'
    twine_text::GlyphDsc { bitmap_index: 11555, adv_w: 124, box_w: 8, box_h: 14, ofs_x: -1, ofs_y: -4 }, // U+06CB 'ۋ'
    twine_text::GlyphDsc { bitmap_index: 11606, adv_w: 200, box_w: 11, box_h: 10, ofs_x: 1, ofs_y: -3 }, // U+06CC 'ی'
    twine_text::GlyphDsc { bitmap_index: 11656, adv_w: 200, box_w: 11, box_h: 12, ofs_x: 1, ofs_y: -3 }, // U+06CE 'ێ'
    twine_text::GlyphDsc { bitmap_index: 11715, adv_w: 200, box_w: 11, box_h: 14, ofs_x: 1, ofs_y: -7 }, // U+06D0 'ې'
    twine_text::GlyphDsc { bitmap_index: 11778, adv_w: 134, box_w: 7, box_h: 7, ofs_x: 1, ofs_y: -1 }, // U+06D5 'ە'
    twine_text::GlyphDsc { bitmap_index: 11803, adv_w: 138, box_w: 3, box_h: 3, ofs_x: 3, ofs_y: 3 }, // U+06F0 '۰'
    twine_text::GlyphDsc { bitmap_index: 11808, adv_w: 138, box_w: 4, box_h: 11, ofs_x: 2, ofs_y: 0 }, // U+06F1 '۱'
    twine_text::GlyphDsc { bitmap_index: 11830, adv_w: 138, box_w: 8, box_h: 11, ofs_x: 0, ofs_y: 0 }, // U+06F2 '۲'
    twine_text::GlyphDsc { bitmap_index: 11866, adv_w: 138, box_w: 9, box_h: 11, ofs_x: 0, ofs_y: 0 }, // U+06F3 '۳'
    twine_text::GlyphDsc { bitmap_index: 11907, adv_w: 138, box_w: 8, box_h: 11, ofs_x: 0, ofs_y: 0 }, // U+06F4 '۴'
    twine_text::GlyphDsc { bitmap_index: 11944, adv_w: 138, box_w: 8, box_h: 12, ofs_x: 0, ofs_y: -1 }, // U+06F5 '۵'
    twine_text::GlyphDsc { bitmap_index: 11990, adv_w: 138, box_w: 7, box_h: 11, ofs_x: 1, ofs_y: 0 }, // U+06F6 '۶'
    twine_text::GlyphDsc { bitmap_index: 12028, adv_w: 138, box_w: 9, box_h: 11, ofs_x: 0, ofs_y: 0 }, // U+06F7 '۷'
    twine_text::GlyphDsc { bitmap_index: 12072, adv_w: 138, box_w: 9, box_h: 11, ofs_x: 0, ofs_y: 0 }, // U+06F8 '۸'
    twine_text::GlyphDsc { bitmap_index: 12114, adv_w: 138, box_w: 8, box_h: 11, ofs_x: 0, ofs_y: 0 }, // U+06F9 '۹'
    twine_text::GlyphDsc { bitmap_index: 12154, adv_w: 151, box_w: 6, box_h: 6, ofs_x: 2, ofs_y: 3 }, // U+2022 '•'
    twine_text::GlyphDsc { bitmap_index: 12172, adv_w: 256, box_w: 16, box_h: 16, ofs_x: 0, ofs_y: -3 }, // U+F001
    twine_text::GlyphDsc { bitmap_index: 12245, adv_w: 256, box_w: 16, box_h: 12, ofs_x: 0, ofs_y: -1 }, // U+F008
    twine_text::GlyphDsc { bitmap_index: 12312, adv_w: 256, box_w: 16, box_h: 14, ofs_x: 0, ofs_y: -2 }, // U+F00B
    twine_text::GlyphDsc { bitmap_index: 12380, adv_w: 256, box_w: 16, box_h: 12, ofs_x: 0, ofs_y: -1 }, // U+F00C
    twine_text::GlyphDsc { bitmap_index: 12454, adv_w: 176, box_w: 11, box_h: 12, ofs_x: 0, ofs_y: -1 }, // U+F00D
    twine_text::GlyphDsc { bitmap_index: 12515, adv_w: 256, box_w: 16, box_h: 16, ofs_x: 0, ofs_y: -3 }, // U+F011
    twine_text::GlyphDsc { bitmap_index: 12623, adv_w: 256, box_w: 16, box_h: 16, ofs_x: 0, ofs_y: -3 }, // U+F013
    twine_text::GlyphDsc { bitmap_index: 12728, adv_w: 288, box_w: 18, box_h: 14, ofs_x: 0, ofs_y: -2 }, // U+F015
    twine_text::GlyphDsc { bitmap_index: 12821, adv_w: 256, box_w: 16, box_h: 16, ofs_x: 0, ofs_y: -3 }, // U+F019
    twine_text::GlyphDsc { bitmap_index: 12890, adv_w: 288, box_w: 18, box_h: 12, ofs_x: 0, ofs_y: -1 }, // U+F01C
    twine_text::GlyphDsc { bitmap_index: 12960, adv_w: 256, box_w: 16, box_h: 16, ofs_x: 0, ofs_y: -3 }, // U+F021
    twine_text::GlyphDsc { bitmap_index: 13070, adv_w: 128, box_w: 8, box_h: 12, ofs_x: 0, ofs_y: -1 }, // U+F026
    twine_text::GlyphDsc { bitmap_index: 13097, adv_w: 192, box_w: 12, box_h: 12, ofs_x: 0, ofs_y: -1 }, // U+F027
    twine_text::GlyphDsc { bitmap_index: 13141, adv_w: 288, box_w: 18, box_h: 16, ofs_x: 0, ofs_y: -3 }, // U+F028
    twine_text::GlyphDsc { bitmap_index: 13244, adv_w: 256, box_w: 16, box_h: 12, ofs_x: 0, ofs_y: -1 }, // U+F03E
    twine_text::GlyphDsc { bitmap_index: 13312, adv_w: 176, box_w: 11, box_h: 16, ofs_x: 0, ofs_y: -3 }, // U+F043
    twine_text::GlyphDsc { bitmap_index: 13379, adv_w: 224, box_w: 10, box_h: 14, ofs_x: 2, ofs_y: -2 }, // U+F048
    twine_text::GlyphDsc { bitmap_index: 13426, adv_w: 224, box_w: 14, box_h: 16, ofs_x: 0, ofs_y: -3 }, // U+F04B
    twine_text::GlyphDsc { bitmap_index: 13487, adv_w: 224, box_w: 14, box_h: 15, ofs_x: 0, ofs_y: -2 }, // U+F04C
    twine_text::GlyphDsc { bitmap_index: 13531, adv_w: 224, box_w: 14, box_h: 14, ofs_x: 0, ofs_y: -2 }, // U+F04D
    twine_text::GlyphDsc { bitmap_index: 13557, adv_w: 224, box_w: 10, box_h: 14, ofs_x: 2, ofs_y: -2 }, // U+F051
    twine_text::GlyphDsc { bitmap_index: 13604, adv_w: 224, box_w: 14, box_h: 14, ofs_x: 0, ofs_y: -2 }, // U+F052
    twine_text::GlyphDsc { bitmap_index: 13663, adv_w: 160, box_w: 10, box_h: 14, ofs_x: 0, ofs_y: -2 }, // U+F053
    twine_text::GlyphDsc { bitmap_index: 13719, adv_w: 160, box_w: 10, box_h: 14, ofs_x: 0, ofs_y: -2 }, // U+F054
    twine_text::GlyphDsc { bitmap_index: 13776, adv_w: 224, box_w: 14, box_h: 14, ofs_x: 0, ofs_y: -2 }, // U+F067
    twine_text::GlyphDsc { bitmap_index: 13821, adv_w: 224, box_w: 14, box_h: 4, ofs_x: 0, ofs_y: 3 }, // U+F068
    twine_text::GlyphDsc { bitmap_index: 13835, adv_w: 288, box_w: 18, box_h: 12, ofs_x: 0, ofs_y: -1 }, // U+F06E
    twine_text::GlyphDsc { bitmap_index: 13934, adv_w: 320, box_w: 20, box_h: 16, ofs_x: 0, ofs_y: -3 }, // U+F070
    twine_text::GlyphDsc { bitmap_index: 14069, adv_w: 288, box_w: 18, box_h: 16, ofs_x: 0, ofs_y: -3 }, // U+F071
    twine_text::GlyphDsc { bitmap_index: 14171, adv_w: 256, box_w: 16, box_h: 14, ofs_x: 0, ofs_y: -2 }, // U+F074
    twine_text::GlyphDsc { bitmap_index: 14266, adv_w: 224, box_w: 14, box_h: 10, ofs_x: 0, ofs_y: 0 }, // U+F077
    twine_text::GlyphDsc { bitmap_index: 14321, adv_w: 224, box_w: 14, box_h: 10, ofs_x: 0, ofs_y: 0 }, // U+F078
    twine_text::GlyphDsc { bitmap_index: 14379, adv_w: 320, box_w: 20, box_h: 14, ofs_x: 0, ofs_y: -2 }, // U+F079
    twine_text::GlyphDsc { bitmap_index: 14465, adv_w: 256, box_w: 16, box_h: 12, ofs_x: 0, ofs_y: -1 }, // U+F07B
    twine_text::GlyphDsc { bitmap_index: 14503, adv_w: 256, box_w: 16, box_h: 16, ofs_x: 0, ofs_y: -3 }, // U+F093
    twine_text::GlyphDsc { bitmap_index: 14573, adv_w: 256, box_w: 16, box_h: 16, ofs_x: 0, ofs_y: -3 }, // U+F095
    twine_text::GlyphDsc { bitmap_index: 14665, adv_w: 224, box_w: 14, box_h: 14, ofs_x: 0, ofs_y: -2 }, // U+F0C4
    twine_text::GlyphDsc { bitmap_index: 14753, adv_w: 224, box_w: 14, box_h: 16, ofs_x: 0, ofs_y: -3 }, // U+F0C5
    twine_text::GlyphDsc { bitmap_index: 14800, adv_w: 224, box_w: 14, box_h: 14, ofs_x: 0, ofs_y: -2 }, // U+F0C7
    twine_text::GlyphDsc { bitmap_index: 14860, adv_w: 224, box_w: 14, box_h: 14, ofs_x: 0, ofs_y: -2 }, // U+F0C9
    twine_text::GlyphDsc { bitmap_index: 14907, adv_w: 256, box_w: 16, box_h: 12, ofs_x: 0, ofs_y: -1 }, // U+F0E0
    twine_text::GlyphDsc { bitmap_index: 14970, adv_w: 160, box_w: 10, box_h: 16, ofs_x: 0, ofs_y: -3 }, // U+F0E7
    twine_text::GlyphDsc { bitmap_index: 15030, adv_w: 224, box_w: 14, box_h: 16, ofs_x: 0, ofs_y: -3 }, // U+F0EA
    twine_text::GlyphDsc { bitmap_index: 15090, adv_w: 224, box_w: 14, box_h: 16, ofs_x: 0, ofs_y: -3 }, // U+F0F3
    twine_text::GlyphDsc { bitmap_index: 15161, adv_w: 288, box_w: 18, box_h: 12, ofs_x: 0, ofs_y: -1 }, // U+F11C
    twine_text::GlyphDsc { bitmap_index: 15233, adv_w: 256, box_w: 16, box_h: 16, ofs_x: 0, ofs_y: -3 }, // U+F124
    twine_text::GlyphDsc { bitmap_index: 15311, adv_w: 192, box_w: 12, box_h: 16, ofs_x: 0, ofs_y: -3 }, // U+F15B
    twine_text::GlyphDsc { bitmap_index: 15344, adv_w: 320, box_w: 20, box_h: 15, ofs_x: 0, ofs_y: -2 }, // U+F1EB
    twine_text::GlyphDsc { bitmap_index: 15457, adv_w: 320, box_w: 20, box_h: 10, ofs_x: 0, ofs_y: 0 }, // U+F240
    twine_text::GlyphDsc { bitmap_index: 15505, adv_w: 320, box_w: 20, box_h: 10, ofs_x: 0, ofs_y: 0 }, // U+F241
    twine_text::GlyphDsc { bitmap_index: 15552, adv_w: 320, box_w: 20, box_h: 10, ofs_x: 0, ofs_y: 0 }, // U+F242
    twine_text::GlyphDsc { bitmap_index: 15599, adv_w: 320, box_w: 20, box_h: 10, ofs_x: 0, ofs_y: 0 }, // U+F243
    twine_text::GlyphDsc { bitmap_index: 15646, adv_w: 320, box_w: 20, box_h: 10, ofs_x: 0, ofs_y: 0 }, // U+F244
    twine_text::GlyphDsc { bitmap_index: 15689, adv_w: 320, box_w: 20, box_h: 14, ofs_x: 0, ofs_y: -2 }, // U+F287
    twine_text::GlyphDsc { bitmap_index: 15786, adv_w: 224, box_w: 12, box_h: 16, ofs_x: 1, ofs_y: -3 }, // U+F293
    twine_text::GlyphDsc { bitmap_index: 15881, adv_w: 224, box_w: 14, box_h: 16, ofs_x: 0, ofs_y: -3 }, // U+F2ED
    twine_text::GlyphDsc { bitmap_index: 15937, adv_w: 256, box_w: 16, box_h: 16, ofs_x: 0, ofs_y: -3 }, // U+F304
    twine_text::GlyphDsc { bitmap_index: 16023, adv_w: 320, box_w: 20, box_h: 12, ofs_x: 0, ofs_y: -1 }, // U+F55A
    twine_text::GlyphDsc { bitmap_index: 16110, adv_w: 192, box_w: 12, box_h: 16, ofs_x: 0, ofs_y: -3 }, // U+F7C2
    twine_text::GlyphDsc { bitmap_index: 16149, adv_w: 256, box_w: 16, box_h: 10, ofs_x: 0, ofs_y: 0 }, // U+F8A2
    twine_text::GlyphDsc { bitmap_index: 16198, adv_w: 241, box_w: 13, box_h: 10, ofs_x: 1, ofs_y: -4 }, // U+FB52 'ﭒ'
    twine_text::GlyphDsc { bitmap_index: 16245, adv_w: 251, box_w: 15, box_h: 10, ofs_x: 1, ofs_y: -4 }, // U+FB53 'ﭓ'
    twine_text::GlyphDsc { bitmap_index: 16302, adv_w: 71, box_w: 5, box_h: 9, ofs_x: -1, ofs_y: -4 }, // U+FB54 'ﭔ'
    twine_text::GlyphDsc { bitmap_index: 16324, adv_w: 77, box_w: 6, box_h: 9, ofs_x: -1, ofs_y: -4 }, // U+FB55 'ﭕ'
    twine_text::GlyphDsc { bitmap_index: 16350, adv_w: 241, box_w: 13, box_h: 10, ofs_x: 1, ofs_y: -4 }, // U+FB56 'ﭖ'
    twine_text::GlyphDsc { bitmap_index: 16398, adv_w: 251, box_w: 15, box_h: 10, ofs_x: 1, ofs_y: -4 }, // U+FB57 'ﭗ'
    twine_text::GlyphDsc { bitmap_index: 16455, adv_w: 71, box_w: 5, box_h: 9, ofs_x: -1, ofs_y: -4 }, // U+FB58 'ﭘ'
    twine_text::GlyphDsc { bitmap_index: 16478, adv_w: 77, box_w: 6, box_h: 9, ofs_x: -1, ofs_y: -4 }, // U+FB59 'ﭙ'
    twine_text::GlyphDsc { bitmap_index: 16505, adv_w: 241, box_w: 13, box_h: 10, ofs_x: 1, ofs_y: -4 }, // U+FB5A 'ﭚ'
    twine_text::GlyphDsc { bitmap_index: 16553, adv_w: 251, box_w: 15, box_h: 10, ofs_x: 1, ofs_y: -4 }, // U+FB5B 'ﭛ'
    twine_text::GlyphDsc { bitmap_index: 16610, adv_w: 71, box_w: 5, box_h: 9, ofs_x: -1, ofs_y: -4 }, // U+FB5C 'ﭜ'
    twine_text::GlyphDsc { bitmap_index: 16633, adv_w: 77, box_w: 6, box_h: 9, ofs_x: -1, ofs_y: -4 }, // U+FB5D 'ﭝ'
    twine_text::GlyphDsc { bitmap_index: 16660, adv_w: 241, box_w: 13, box_h: 10, ofs_x: 1, ofs_y: -1 }, // U+FB5E 'ﭞ'
    twine_text::GlyphDsc { bitmap_index: 16709, adv_w: 251, box_w: 15, box_h: 10, ofs_x: 1, ofs_y: -1 }, // U+FB5F 'ﭟ'
    twine_text::GlyphDsc { bitmap_index: 16768, adv_w: 71, box_w: 5, box_h: 10, ofs_x: -1, ofs_y: 0 }, // U+FB60 'ﭠ'
    twine_text::GlyphDsc { bitmap_index: 16792, adv_w: 77, box_w: 6, box_h: 10, ofs_x: -1, ofs_y: 0 }, // U+FB61 'ﭡ'
    twine_text::GlyphDsc { bitmap_index: 16819, adv_w: 241, box_w: 13, box_h: 10, ofs_x: 1, ofs_y: -1 }, // U+FB62 'ﭢ'
    twine_text::GlyphDsc { bitmap_index: 16872, adv_w: 251, box_w: 15, box_h: 10, ofs_x: 1, ofs_y: -1 }, // U+FB63 'ﭣ'
    twine_text::GlyphDsc { bitmap_index: 16933, adv_w: 71, box_w: 5, box_h: 10, ofs_x: -1, ofs_y: 0 }, // U+FB64 'ﭤ'
    twine_text::GlyphDsc { bitmap_index: 16959, adv_w: 77, box_w: 6, box_h: 10, ofs_x: -1, ofs_y: 0 }, // U+FB65 'ﭥ'
    twine_text::GlyphDsc { bitmap_index: 16989, adv_w: 241, box_w: 13, box_h: 11, ofs_x: 1, ofs_y: -1 }, // U+FB66 'ﭦ'
    twine_text::GlyphDsc { bitmap_index: 17045, adv_w: 251, box_w: 15, box_h: 11, ofs_x: 1, ofs_y: -1 }, // U+FB67 'ﭧ'
    twine_text::GlyphDsc { bitmap_index: 17110, adv_w: 71, box_w: 6, box_h: 11, ofs_x: -1, ofs_y: 0 }, // U+FB68 'ﭨ'
    twine_text::GlyphDsc { bitmap_index: 17141, adv_w: 77, box_w: 6, box_h: 11, ofs_x: -1, ofs_y: 0 }, // U+FB69 'ﭩ'
    twine_text::GlyphDsc { bitmap_index: 17171, adv_w: 265, box_w: 15, box_h: 14, ofs_x: 1, ofs_y: -1 }, // U+FB6A 'ﭪ'
    twine_text::GlyphDsc { bitmap_index: 17244, adv_w: 265, box_w: 16, box_h: 12, ofs_x: 1, ofs_y: -1 }, // U+FB6B 'ﭫ'
    twine_text::GlyphDsc { bitmap_index: 17310, adv_w: 122, box_w: 8, box_h: 13, ofs_x: -1, ofs_y: 0 }, // U+FB6C 'ﭬ'
    twine_text::GlyphDsc { bitmap_index: 17358, adv_w: 130, box_w: 10, box_h: 11, ofs_x: -1, ofs_y: 0 }, // U+FB6D 'ﭭ'
    twine_text::GlyphDsc { bitmap_index: 17403, adv_w: 265, box_w: 15, box_h: 14, ofs_x: 1, ofs_y: -1 }, // U+FB6E 'ﭮ'
    twine_text::GlyphDsc { bitmap_index: 17477, adv_w: 265, box_w: 16, box_h: 12, ofs_x: 1, ofs_y: -1 }, // U+FB6F 'ﭯ'
    twine_text::GlyphDsc { bitmap_index: 17539, adv_w: 122, box_w: 8, box_h: 13, ofs_x: -1, ofs_y: 0 }, // U+FB70 'ﭰ'
    twine_text::GlyphDsc { bitmap_index: 17588, adv_w: 130, box_w: 10, box_h: 11, ofs_x: -1, ofs_y: 0 }, // U+FB71 'ﭱ'
    twine_text::GlyphDsc { bitmap_index: 17634, adv_w: 165, box_w: 10, box_h: 11, ofs_x: 1, ofs_y: -4 }, // U+FB72 'ﭲ'
    twine_text::GlyphDsc { bitmap_index: 17687, adv_w: 165, box_w: 10, box_h: 11, ofs_x: 1, ofs_y: -4 }, // U+FB73 'ﭳ'
    twine_text::GlyphDsc { bitmap_index: 17743, adv_w: 158, box_w: 10, box_h: 11, ofs_x: -1, ofs_y: -4 }, // U+FB74 'ﭴ'
    twine_text::GlyphDsc { bitmap_index: 17789, adv_w: 165, box_w: 12, box_h: 11, ofs_x: -1, ofs_y: -4 }, // U+FB75 'ﭵ'
    twine_text::GlyphDsc { bitmap_index: 17842, adv_w: 165, box_w: 10, box_h: 11, ofs_x: 1, ofs_y: -4 }, // U+FB76 'ﭶ'
    twine_text::GlyphDsc { bitmap_index: 17896, adv_w: 165, box_w: 10, box_h: 11, ofs_x: 1, ofs_y: -4 }, // U+FB77 'ﭷ'
    twine_text::GlyphDsc { bitmap_index: 17953, adv_w: 158, box_w: 10, box_h: 9, ofs_x: -1, ofs_y: -2 }, // U+FB78 'ﭸ'
    twine_text::GlyphDsc { bitmap_index: 17995, adv_w: 165, box_w: 12, box_h: 9, ofs_x: -1, ofs_y: -2 }, // U+FB79 'ﭹ'
    twine_text::GlyphDsc { bitmap_index: 18044, adv_w: 165, box_w: 10, box_h: 11, ofs_x: 1, ofs_y: -4 }, // U+FB7A 'ﭺ'
    twine_text::GlyphDsc { bitmap_index: 18100, adv_w: 165, box_w: 10, box_h: 11, ofs_x: 1, ofs_y: -4 }, // U+FB7B 'ﭻ'
    twine_text::GlyphDsc { bitmap_index: 18156, adv_w: 158, box_w: 10, box_h: 11, ofs_x: -1, ofs_y: -4 }, // U+FB7C 'ﭼ'
    twine_text::GlyphDsc { bitmap_index: 18205, adv_w: 165, box_w: 12, box_h: 11, ofs_x: -1, ofs_y: -4 }, // U+FB7D 'ﭽ'
    twine_text::GlyphDsc { bitmap_index: 18261, adv_w: 165, box_w: 10, box_h: 11, ofs_x: 1, ofs_y: -4 }, // U+FB7E 'ﭾ'
    twine_text::GlyphDsc { bitmap_index: 18314, adv_w: 165, box_w: 10, box_h: 11, ofs_x: 1, ofs_y: -4 }, // U+FB7F 'ﭿ'
    twine_text::GlyphDsc { bitmap_index: 18370, adv_w: 158, box_w: 10, box_h: 11, ofs_x: -1, ofs_y: -4 }, // U+FB80 'ﮀ'
    twine_text::GlyphDsc { bitmap_index: 18419, adv_w: 165, box_w: 12, box_h: 11, ofs_x: -1, ofs_y: -4 }, // U+FB81 'ﮁ'
    twine_text::GlyphDsc { bitmap_index: 18475, adv_w: 114, box_w: 7, box_h: 10, ofs_x: 0, ofs_y: -3 }, // U+FB82 'ﮂ'
    twine_text::GlyphDsc { bitmap_index: 18508, adv_w: 134, box_w: 9, box_h: 10, ofs_x: 0, ofs_y: -3 }, // U+FB83 'ﮃ'
    twine_text::GlyphDsc { bitmap_index: 18546, adv_w: 114, box_w: 7, box_h: 11, ofs_x: 0, ofs_y: -1 }, // U+FB84 'ﮄ'
    twine_text::GlyphDsc { bitmap_index: 18582, adv_w: 134, box_w: 9, box_h: 11, ofs_x: 0, ofs_y: -1 }, // U+FB85 'ﮅ'
    twine_text::GlyphDsc { bitmap_index: 18623, adv_w: 114, box_w: 7, box_h: 13, ofs_x: 0, ofs_y: -1 }, // U+FB86 'ﮆ'
    twine_text::GlyphDsc { bitmap_index: 18664, adv_w: 134, box_w: 9, box_h: 13, ofs_x: 0, ofs_y: -1 }, // U+FB87 'ﮇ'
    twine_text::GlyphDsc { bitmap_index: 18711, adv_w: 114, box_w: 7, box_h: 13, ofs_x: 0, ofs_y: -1 }, // U+FB88 'ﮈ'
    twine_text::GlyphDsc { bitmap_index: 18753, adv_w: 134, box_w: 9, box_h: 13, ofs_x: 0, ofs_y: -1 }, // U+FB89 'ﮉ'
    twine_text::GlyphDsc { bitmap_index: 18801, adv_w: 124, box_w: 9, box_h: 14, ofs_x: -1, ofs_y: -4 }, // U+FB8A 'ﮊ'
    twine_text::GlyphDsc { bitmap_index: 18847, adv_w: 141, box_w: 10, box_h: 14, ofs_x: -1, ofs_y: -4 }, // U+FB8B 'ﮋ'
    twine_text::GlyphDsc { bitmap_index: 18898, adv_w: 124, box_w: 9, box_h: 15, ofs_x: -1, ofs_y: -4 }, // U+FB8C 'ﮌ'
    twine_text::GlyphDsc { bitmap_index: 18948, adv_w: 141, box_w: 10, box_h: 15, ofs_x: -1, ofs_y: -4 }, // U+FB8D 'ﮍ'
    twine_text::GlyphDsc { bitmap_index: 19003, adv_w: 229, box_w: 14, box_h: 14, ofs_x: 1, ofs_y: -1 }, // U+FB8E 'ﮎ'
    twine_text::GlyphDsc { bitmap_index: 19073, adv_w: 229, box_w: 15, box_h: 14, ofs_x: 1, ofs_y: -1 }, // U+FB8F 'ﮏ'
    twine_text::GlyphDsc { bitmap_index: 19147, adv_w: 122, box_w: 9, box_h: 13, ofs_x: -1, ofs_y: 0 }, // U+FB90 'ﮐ'
    twine_text::GlyphDsc { bitmap_index: 19195, adv_w: 141, box_w: 10, box_h: 13, ofs_x: -1, ofs_y: 0 }, // U+FB91 'ﮑ'
    twine_text::GlyphDsc { bitmap_index: 19247, adv_w: 229, box_w: 14, box_h: 16, ofs_x: 1, ofs_y: -1 }, // U+FB92 'ﮒ'
    twine_text::GlyphDsc { bitmap_index: 19330, adv_w: 229, box_w: 15, box_h: 16, ofs_x: 1, ofs_y: -1 }, // U+FB93 'ﮓ'
    twine_text::GlyphDsc { bitmap_index: 19418, adv_w: 122, box_w: 9, box_h: 15, ofs_x: -1, ofs_y: 0 }, // U+FB94 'ﮔ'
    twine_text::GlyphDsc { bitmap_index: 19476, adv_w: 141, box_w: 10, box_h: 15, ofs_x: -1, ofs_y: 0 }, // U+FB95 'ﮕ'
    twine_text::GlyphDsc { bitmap_index: 19539, adv_w: 229, box_w: 14, box_h: 20, ofs_x: 1, ofs_y: -5 }, // U+FB96 'ﮖ'
    twine_text::GlyphDsc { bitmap_index: 19638, adv_w: 229, box_w: 15, box_h: 20, ofs_x: 1, ofs_y: -5 }, // U+FB97 'ﮗ'
    twine_text::GlyphDsc { bitmap_index: 19744, adv_w: 122, box_w: 9, box_h: 20, ofs_x: -1, ofs_y: -5 }, // U+FB98 'ﮘ'
    twine_text::GlyphDsc { bitmap_index: 19817, adv_w: 141, box_w: 10, box_h: 20, ofs_x: -1, ofs_y: -5 }, // U+FB99 'ﮙ'
    twine_text::GlyphDsc { bitmap_index: 19897, adv_w: 229, box_w: 14, box_h: 16, ofs_x: 1, ofs_y: -1 }, // U+FB9A 'ﮚ'
    twine_text::GlyphDsc { bitmap_index: 19985, adv_w: 229, box_w: 15, box_h: 16, ofs_x: 1, ofs_y: -1 }, // U+FB9B 'ﮛ'
    twine_text::GlyphDsc { bitmap_index: 20078, adv_w: 122, box_w: 9, box_h: 15, ofs_x: -1, ofs_y: 0 }, // U+FB9C 'ﮜ'
    twine_text::GlyphDsc { bitmap_index: 20139, adv_w: 141, box_w: 10, box_h: 15, ofs_x: -1, ofs_y: 0 }, // U+FB9D 'ﮝ'
    twine_text::GlyphDsc { bitmap_index: 20206, adv_w: 188, box_w: 10, box_h: 9, ofs_x: 1, ofs_y: -3 }, // U+FB9E 'ﮞ'
    twine_text::GlyphDsc { bitmap_index: 20243, adv_w: 195, box_w: 12, box_h: 9, ofs_x: 1, ofs_y: -4 }, // U+FB9F 'ﮟ'
    twine_text::GlyphDsc { bitmap_index: 20287, adv_w: 188, box_w: 10, box_h: 14, ofs_x: 1, ofs_y: -3 }, // U+FBA0 'ﮠ'
    twine_text::GlyphDsc { bitmap_index: 20342, adv_w: 195, box_w: 12, box_h: 13, ofs_x: 1, ofs_y: -4 }, // U+FBA1 'ﮡ'
    twine_text::GlyphDsc { bitmap_index: 20404, adv_w: 71, box_w: 6, box_h: 11, ofs_x: -1, ofs_y: 0 }, // U+FBA2 'ﮢ'
    twine_text::GlyphDsc { bitmap_index: 20435, adv_w: 77, box_w: 6, box_h: 11, ofs_x: -1, ofs_y: 0 }, // U+FBA3 'ﮣ'
    twine_text::GlyphDsc { bitmap_index: 20465, adv_w: 179, box_w: 10, box_h: 9, ofs_x: 1, ofs_y: -1 }, // U+FBAA 'ﮪ'
    twine_text::GlyphDsc { bitmap_index: 20505, adv_w: 162, box_w: 10, box_h: 10, ofs_x: 1, ofs_y: -4 }, // U+FBAB 'ﮫ'
    twine_text::GlyphDsc { bitmap_index: 20551, adv_w: 135, box_w: 9, box_h: 9, ofs_x: -1, ofs_y: -1 }, // U+FBAC 'ﮬ'
    twine_text::GlyphDsc { bitmap_index: 20588, adv_w: 118, box_w: 9, box_h: 10, ofs_x: -1, ofs_y: -4 }, // U+FBAD 'ﮭ'
    twine_text::GlyphDsc { bitmap_index: 20631, adv_w: 211, box_w: 11, box_h: 15, ofs_x: 1, ofs_y: -1 }, // U+FBD3 'ﯓ'
    twine_text::GlyphDsc { bitmap_index: 20694, adv_w: 216, box_w: 13, box_h: 15, ofs_x: 1, ofs_y: -1 }, // U+FBD4 'ﯔ'
    twine_text::GlyphDsc { bitmap_index: 20765, adv_w: 122, box_w: 9, box_h: 15, ofs_x: -1, ofs_y: 0 }, // U+FBD5 'ﯕ'
    twine_text::GlyphDsc { bitmap_index: 20823, adv_w: 141, box_w: 10, box_h: 15, ofs_x: -1, ofs_y: 0 }, // U+FBD6 'ﯖ'
    twine_text::GlyphDsc { bitmap_index: 20885, adv_w: 124, box_w: 8, box_h: 14, ofs_x: -1, ofs_y: -4 }, // U+FBD7 'ﯗ'
    twine_text::GlyphDsc { bitmap_index: 20939, adv_w: 132, box_w: 10, box_h: 14, ofs_x: -1, ofs_y: -4 }, // U+FBD8 'ﯘ'
    twine_text::GlyphDsc { bitmap_index: 21000, adv_w: 124, box_w: 8, box_h: 13, ofs_x: -1, ofs_y: -4 }, // U+FBD9 'ﯙ'
    twine_text::GlyphDsc { bitmap_index: 21049, adv_w: 132, box_w: 10, box_h: 13, ofs_x: -1, ofs_y: -4 }, // U+FBDA 'ﯚ'
    twine_text::GlyphDsc { bitmap_index: 21105, adv_w: 124, box_w: 8, box_h: 15, ofs_x: -1, ofs_y: -4 }, // U+FBDB 'ﯛ'
    twine_text::GlyphDsc { bitmap_index: 21150, adv_w: 132, box_w: 10, box_h: 15, ofs_x: -1, ofs_y: -4 }, // U+FBDC 'ﯜ'
    twine_text::GlyphDsc { bitmap_index: 21202, adv_w: 124, box_w: 8, box_h: 14, ofs_x: -1, ofs_y: -4 }, // U+FBDE 'ﯞ'
    twine_text::GlyphDsc { bitmap_index: 21253, adv_w: 132, box_w: 10, box_h: 14, ofs_x: -1, ofs_y: -4 }, // U+FBDF 'ﯟ'
    twine_text::GlyphDsc { bitmap_index: 21312, adv_w: 200, box_w: 11, box_h: 14, ofs_x: 1, ofs_y: -7 }, // U+FBE4 'ﯤ'
    twine_text::GlyphDsc { bitmap_index: 21375, adv_w: 213, box_w: 13, box_h: 11, ofs_x: 1, ofs_y: -7 }, // U+FBE5 'ﯥ'
    twine_text::GlyphDsc { bitmap_index: 21429, adv_w: 71, box_w: 5, box_h: 9, ofs_x: -1, ofs_y: -4 }, // U+FBE6 'ﯦ'
    twine_text::GlyphDsc { bitmap_index: 21451, adv_w: 77, box_w: 6, box_h: 9, ofs_x: -1, ofs_y: -4 }, // U+FBE7 'ﯧ'
    twine_text::GlyphDsc { bitmap_index: 21477, adv_w: 71, box_w: 5, box_h: 5, ofs_x: -1, ofs_y: 0 }, // U+FBE8 'ﯨ'
    twine_text::GlyphDsc { bitmap_index: 21490, adv_w: 77, box_w: 6, box_h: 5, ofs_x: -1, ofs_y: 0 }, // U+FBE9 'ﯩ'
    twine_text::GlyphDsc { bitmap_index: 21505, adv_w: 200, box_w: 11, box_h: 10, ofs_x: 1, ofs_y: -3 }, // U+FBFC 'ﯼ'
    twine_text::GlyphDsc { bitmap_index: 21555, adv_w: 213, box_w: 13, box_h: 7, ofs_x: 1, ofs_y: -3 }, // U+FBFD 'ﯽ'
    twine_text::GlyphDsc { bitmap_index: 21596, adv_w: 71, box_w: 5, box_h: 8, ofs_x: -1, ofs_y: -3 }, // U+FBFE 'ﯾ'
    twine_text::GlyphDsc { bitmap_index: 21617, adv_w: 77, box_w: 6, box_h: 8, ofs_x: -1, ofs_y: -3 }, // U+FBFF 'ﯿ'
    twine_text::GlyphDsc { bitmap_index: 21641, adv_w: 75, box_w: 5, box_h: 5, ofs_x: 0, ofs_y: 9 }, // U+FE70 'ﹰ'
    twine_text::GlyphDsc { bitmap_index: 21653, adv_w: 75, box_w: 6, box_h: 14, ofs_x: -1, ofs_y: 0 }, // U+FE71 'ﹱ'
    twine_text::GlyphDsc { bitmap_index: 21677, adv_w: 75, box_w: 5, box_h: 5, ofs_x: 0, ofs_y: 9 }, // U+FE72 'ﹲ'
    twine_text::GlyphDsc { bitmap_index: 21690, adv_w: 67, box_w: 5, box_h: 3, ofs_x: 0, ofs_y: 0 }, // U+FE73 'ﹳ'
    twine_text::GlyphDsc { bitmap_index: 21698, adv_w: 75, box_w: 5, box_h: 4, ofs_x: 0, ofs_y: -4 }, // U+FE74 'ﹴ'
    twine_text::GlyphDsc { bitmap_index: 21708, adv_w: 75, box_w: 5, box_h: 3, ofs_x: 0, ofs_y: 9 }, // U+FE76 'ﹶ'
    twine_text::GlyphDsc { bitmap_index: 21716, adv_w: 75, box_w: 6, box_h: 12, ofs_x: -1, ofs_y: 0 }, // U+FE77 'ﹷ'
    twine_text::GlyphDsc { bitmap_index: 21734, adv_w: 75, box_w: 5, box_h: 5, ofs_x: 0, ofs_y: 9 }, // U+FE78 'ﹸ'
    twine_text::GlyphDsc { bitmap_index: 21747, adv_w: 75, box_w: 6, box_h: 14, ofs_x: -1, ofs_y: 0 }, // U+FE79 'ﹹ'
    twine_text::GlyphDsc { bitmap_index: 21772, adv_w: 75, box_w: 5, box_h: 3, ofs_x: 0, ofs_y: -3 }, // U+FE7A 'ﹺ'
    twine_text::GlyphDsc { bitmap_index: 21780, adv_w: 75, box_w: 6, box_h: 5, ofs_x: -1, ofs_y: -3 }, // U+FE7B 'ﹻ'
    twine_text::GlyphDsc { bitmap_index: 21794, adv_w: 75, box_w: 6, box_h: 5, ofs_x: -1, ofs_y: 9 }, // U+FE7C 'ﹼ'
    twine_text::GlyphDsc { bitmap_index: 21809, adv_w: 75, box_w: 6, box_h: 14, ofs_x: -1, ofs_y: 0 }, // U+FE7D 'ﹽ'
    twine_text::GlyphDsc { bitmap_index: 21833, adv_w: 75, box_w: 5, box_h: 6, ofs_x: 0, ofs_y: 9 }, // U+FE7E 'ﹾ'
    twine_text::GlyphDsc { bitmap_index: 21847, adv_w: 75, box_w: 6, box_h: 15, ofs_x: -1, ofs_y: 0 }, // U+FE7F 'ﹿ'
    twine_text::GlyphDsc { bitmap_index: 21874, adv_w: 120, box_w: 6, box_h: 8, ofs_x: 1, ofs_y: 0 }, // U+FE80 'ﺀ'
    twine_text::GlyphDsc { bitmap_index: 21898, adv_w: 71, box_w: 7, box_h: 15, ofs_x: -1, ofs_y: 0 }, // U+FE81 'ﺁ'
    twine_text::GlyphDsc { bitmap_index: 21915, adv_w: 78, box_w: 7, box_h: 15, ofs_x: -1, ofs_y: 0 }, // U+FE82 'ﺂ'
    twine_text::GlyphDsc { bitmap_index: 21939, adv_w: 71, box_w: 4, box_h: 17, ofs_x: 0, ofs_y: 0 }, // U+FE83 'ﺃ'
    twine_text::GlyphDsc { bitmap_index: 21954, adv_w: 78, box_w: 6, box_h: 17, ofs_x: 0, ofs_y: 0 }, // U+FE84 'ﺄ'
    twine_text::GlyphDsc { bitmap_index: 21981, adv_w: 124, box_w: 8, box_h: 14, ofs_x: -1, ofs_y: -4 }, // U+FE85 'ﺅ'
    twine_text::GlyphDsc { bitmap_index: 22032, adv_w: 132, box_w: 10, box_h: 14, ofs_x: -1, ofs_y: -4 }, // U+FE86 'ﺆ'
    twine_text::GlyphDsc { bitmap_index: 22090, adv_w: 71, box_w: 4, box_h: 17, ofs_x: 0, ofs_y: -4 }, // U+FE87 'ﺇ'
    twine_text::GlyphDsc { bitmap_index: 22104, adv_w: 78, box_w: 6, box_h: 17, ofs_x: 0, ofs_y: -4 }, // U+FE88 'ﺈ'
    twine_text::GlyphDsc { bitmap_index: 22130, adv_w: 200, box_w: 11, box_h: 13, ofs_x: 1, ofs_y: -3 }, // U+FE89 'ﺉ'
    twine_text::GlyphDsc { bitmap_index: 22192, adv_w: 213, box_w: 13, box_h: 11, ofs_x: 1, ofs_y: -3 }, // U+FE8A 'ﺊ'
    twine_text::GlyphDsc { bitmap_index: 22249, adv_w: 71, box_w: 5, box_h: 10, ofs_x: -1, ofs_y: 0 }, // U+FE8B 'ﺋ'
    twine_text::GlyphDsc { bitmap_index: 22275, adv_w: 77, box_w: 6, box_h: 10, ofs_x: -1, ofs_y: 0 }, // U+FE8C 'ﺌ'
    twine_text::GlyphDsc { bitmap_index: 22303, adv_w: 71, box_w: 2, box_h: 13, ofs_x: 1, ofs_y: 0 }, // U+FE8D 'ﺍ'
    twine_text::GlyphDsc { bitmap_index: 22309, adv_w: 78, box_w: 5, box_h: 13, ofs_x: 1, ofs_y: 0 }, // U+FE8E 'ﺎ'
    twine_text::GlyphDsc { bitmap_index: 22323, adv_w: 241, box_w: 13, box_h: 9, ofs_x: 1, ofs_y: -3 }, // U+FE8F 'ﺏ'
    twine_text::GlyphDsc { bitmap_index: 22367, adv_w: 251, box_w: 15, box_h: 9, ofs_x: 1, ofs_y: -3 }, // U+FE90 'ﺐ'
    twine_text::GlyphDsc { bitmap_index: 22420, adv_w: 71, box_w: 5, box_h: 8, ofs_x: -1, ofs_y: -3 }, // U+FE91 'ﺑ'
    twine_text::GlyphDsc { bitmap_index: 22440, adv_w: 77, box_w: 6, box_h: 8, ofs_x: -1, ofs_y: -3 }, // U+FE92 'ﺒ'
    twine_text::GlyphDsc { bitmap_index: 22463, adv_w: 134, box_w: 7, box_h: 10, ofs_x: 1, ofs_y: -1 }, // U+FE93 'ﺓ'
    twine_text::GlyphDsc { bitmap_index: 22499, adv_w: 137, box_w: 8, box_h: 9, ofs_x: 1, ofs_y: 0 }, // U+FE94 'ﺔ'
    twine_text::GlyphDsc { bitmap_index: 22533, adv_w: 241, box_w: 13, box_h: 8, ofs_x: 1, ofs_y: -1 }, // U+FE95 'ﺕ'
    twine_text::GlyphDsc { bitmap_index: 22578, adv_w: 251, box_w: 15, box_h: 8, ofs_x: 1, ofs_y: -1 }, // U+FE96 'ﺖ'
    twine_text::GlyphDsc { bitmap_index: 22630, adv_w: 71, box_w: 5, box_h: 8, ofs_x: -1, ofs_y: 0 }, // U+FE97 'ﺗ'
    twine_text::GlyphDsc { bitmap_index: 22651, adv_w: 77, box_w: 6, box_h: 8, ofs_x: -1, ofs_y: 0 }, // U+FE98 'ﺘ'
    twine_text::GlyphDsc { bitmap_index: 22675, adv_w: 241, box_w: 13, box_h: 10, ofs_x: 1, ofs_y: -1 }, // U+FE99 'ﺙ'
    twine_text::GlyphDsc { bitmap_index: 22727, adv_w: 251, box_w: 15, box_h: 10, ofs_x: 1, ofs_y: -1 }, // U+FE9A 'ﺚ'
    twine_text::GlyphDsc { bitmap_index: 22788, adv_w: 71, box_w: 5, box_h: 10, ofs_x: -1, ofs_y: 0 }, // U+FE9B 'ﺛ'
    twine_text::GlyphDsc { bitmap_index: 22814, adv_w: 77, box_w: 6, box_h: 10, ofs_x: -1, ofs_y: 0 }, // U+FE9C 'ﺜ'
    twine_text::GlyphDsc { bitmap_index: 22843, adv_w: 165, box_w: 10, box_h: 11, ofs_x: 1, ofs_y: -4 }, // U+FE9D 'ﺝ'
    twine_text::GlyphDsc { bitmap_index: 22896, adv_w: 165, box_w: 10, box_h: 11, ofs_x: 1, ofs_y: -4 }, // U+FE9E 'ﺞ'
    twine_text::GlyphDsc { bitmap_index: 22952, adv_w: 158, box_w: 10, box_h: 10, ofs_x: -1, ofs_y: -3 }, // U+FE9F 'ﺟ'
    twine_text::GlyphDsc { bitmap_index: 22996, adv_w: 165, box_w: 12, box_h: 10, ofs_x: -1, ofs_y: -3 }, // U+FEA0 'ﺠ'
    twine_text::GlyphDsc { bitmap_index: 23048, adv_w: 165, box_w: 10, box_h: 11, ofs_x: 1, ofs_y: -4 }, // U+FEA1 'ﺡ'
    twine_text::GlyphDsc { bitmap_index: 23096, adv_w: 165, box_w: 10, box_h: 11, ofs_x: 1, ofs_y: -4 }, // U+FEA2 'ﺢ'
    twine_text::GlyphDsc { bitmap_index: 23151, adv_w: 158, box_w: 10, box_h: 7, ofs_x: -1, ofs_y: 0 }, // U+FEA3 'ﺣ'
    twine_text::GlyphDsc { bitmap_index: 23185, adv_w: 165, box_w: 12, box_h: 7, ofs_x: -1, ofs_y: 0 }, // U+FEA4 'ﺤ'
    twine_text::GlyphDsc { bitmap_index: 23224, adv_w: 165, box_w: 10, box_h: 14, ofs_x: 1, ofs_y: -4 }, // U+FEA5 'ﺥ'
    twine_text::GlyphDsc { bitmap_index: 23282, adv_w: 165, box_w: 10, box_h: 14, ofs_x: 1, ofs_y: -4 }, // U+FEA6 'ﺦ'
    twine_text::GlyphDsc { bitmap_index: 23346, adv_w: 158, box_w: 10, box_h: 9, ofs_x: -1, ofs_y: 0 }, // U+FEA7 'ﺧ'
    twine_text::GlyphDsc { bitmap_index: 23385, adv_w: 165, box_w: 12, box_h: 9, ofs_x: -1, ofs_y: 0 }, // U+FEA8 'ﺨ'
    twine_text::GlyphDsc { bitmap_index: 23428, adv_w: 114, box_w: 7, box_h: 8, ofs_x: 0, ofs_y: -1 }, // U+FEA9 'ﺩ'
    twine_text::GlyphDsc { bitmap_index: 23454, adv_w: 134, box_w: 9, box_h: 8, ofs_x: 0, ofs_y: -1 }, // U+FEAA 'ﺪ'
    twine_text::GlyphDsc { bitmap_index: 23485, adv_w: 114, box_w: 7, box_h: 11, ofs_x: 0, ofs_y: -1 }, // U+FEAB 'ﺫ'
    twine_text::GlyphDsc { bitmap_index: 23518, adv_w: 134, box_w: 9, box_h: 11, ofs_x: 0, ofs_y: -1 }, // U+FEAC 'ﺬ'
    twine_text::GlyphDsc { bitmap_index: 23557, adv_w: 124, box_w: 8, box_h: 9, ofs_x: -1, ofs_y: -4 }, // U+FEAD 'ﺭ'
    twine_text::GlyphDsc { bitmap_index: 23585, adv_w: 141, box_w: 10, box_h: 9, ofs_x: -1, ofs_y: -4 }, // U+FEAE 'ﺮ'
    twine_text::GlyphDsc { bitmap_index: 23620, adv_w: 124, box_w: 8, box_h: 12, ofs_x: -1, ofs_y: -4 }, // U+FEAF 'ﺯ'
    twine_text::GlyphDsc { bitmap_index: 23657, adv_w: 141, box_w: 10, box_h: 12, ofs_x: -1, ofs_y: -4 }, // U+FEB0 'ﺰ'
    twine_text::GlyphDsc { bitmap_index: 23701, adv_w: 313, box_w: 18, box_h: 10, ofs_x: 1, ofs_y: -4 }, // U+FEB1 'ﺱ'
    twine_text::GlyphDsc { bitmap_index: 23775, adv_w: 326, box_w: 20, box_h: 10, ofs_x: 1, ofs_y: -4 }, // U+FEB2 'ﺲ'
    twine_text::GlyphDsc { bitmap_index: 23854, adv_w: 215, box_w: 14, box_h: 7, ofs_x: -1, ofs_y: -1 }, // U+FEB3 'ﺳ'
    twine_text::GlyphDsc { bitmap_index: 23899, adv_w: 228, box_w: 16, box_h: 7, ofs_x: -1, ofs_y: -1 }, // U+FEB4 'ﺴ'
    twine_text::GlyphDsc { bitmap_index: 23949, adv_w: 313, box_w: 18, box_h: 14, ofs_x: 1, ofs_y: -4 }, // U+FEB5 'ﺵ'
    twine_text::GlyphDsc { bitmap_index: 24043, adv_w: 326, box_w: 20, box_h: 14, ofs_x: 1, ofs_y: -4 }, // U+FEB6 'ﺶ'
    twine_text::GlyphDsc { bitmap_index: 24143, adv_w: 215, box_w: 14, box_h: 11, ofs_x: -1, ofs_y: -1 }, // U+FEB7 'ﺷ'
    twine_text::GlyphDsc { bitmap_index: 24205, adv_w: 228, box_w: 16, box_h: 11, ofs_x: -1, ofs_y: -1 }, // U+FEB8 'ﺸ'
    twine_text::GlyphDsc { bitmap_index: 24274, adv_w: 310, box_w: 18, box_h: 10, ofs_x: 1, ofs_y: -4 }, // U+FEB9 'ﺹ'
    twine_text::GlyphDsc { bitmap_index: 24344, adv_w: 314, box_w: 19, box_h: 10, ofs_x: 1, ofs_y: -4 }, // U+FEBA 'ﺺ'
    twine_text::GlyphDsc { bitmap_index: 24417, adv_w: 217, box_w: 14, box_h: 6, ofs_x: -1, ofs_y: 0 }, // U+FEBB 'ﺻ'
    twine_text::GlyphDsc { bitmap_index: 24457, adv_w: 222, box_w: 16, box_h: 6, ofs_x: -1, ofs_y: 0 }, // U+FEBC 'ﺼ'
    twine_text::GlyphDsc { bitmap_index: 24501, adv_w: 310, box_w: 18, box_h: 12, ofs_x: 1, ofs_y: -4 }, // U+FEBD 'ﺽ'
    twine_text::GlyphDsc { bitmap_index: 24580, adv_w: 314, box_w: 19, box_h: 12, ofs_x: 1, ofs_y: -4 }, // U+FEBE 'ﺾ'
    twine_text::GlyphDsc { bitmap_index: 24662, adv_w: 217, box_w: 14, box_h: 8, ofs_x: -1, ofs_y: 0 }, // U+FEBF 'ﺿ'
    twine_text::GlyphDsc { bitmap_index: 24711, adv_w: 222, box_w: 16, box_h: 8, ofs_x: -1, ofs_y: 0 }, // U+FEC0 'ﻀ'
    twine_text::GlyphDsc { bitmap_index: 24765, adv_w: 237, box_w: 13, box_h: 13, ofs_x: 1, ofs_y: 0 }, // U+FEC1 'ﻁ'
    twine_text::GlyphDsc { bitmap_index: 24809, adv_w: 243, box_w: 15, box_h: 13, ofs_x: 1, ofs_y: 0 }, // U+FEC2 'ﻂ'
    twine_text::GlyphDsc { bitmap_index: 24859, adv_w: 204, box_w: 13, box_h: 13, ofs_x: -1, ofs_y: 0 }, // U+FEC3 'ﻃ'
    twine_text::GlyphDsc { bitmap_index: 24903, adv_w: 210, box_w: 15, box_h: 13, ofs_x: -1, ofs_y: 0 }, // U+FEC4 'ﻄ'
    twine_text::GlyphDsc { bitmap_index: 24953, adv_w: 237, box_w: 13, box_h: 13, ofs_x: 1, ofs_y: 0 }, // U+FEC5 'ﻅ'
    twine_text::GlyphDsc { bitmap_index: 25002, adv_w: 243, box_w: 15, box_h: 13, ofs_x: 1, ofs_y: 0 }, // U+FEC6 'ﻆ'
    twine_text::GlyphDsc { bitmap_index: 25057, adv_w: 204, box_w: 13, box_h: 13, ofs_x: -1, ofs_y: 0 }, // U+FEC7 'ﻇ'
    twine_text::GlyphDsc { bitmap_index: 25107, adv_w: 210, box_w: 15, box_h: 13, ofs_x: -1, ofs_y: 0 }, // U+FEC8 'ﻈ'
    twine_text::GlyphDsc { bitmap_index: 25162, adv_w: 153, box_w: 10, box_h: 13, ofs_x: 0, ofs_y: -4 }, // U+FEC9 'ﻉ'
    twine_text::GlyphDsc { bitmap_index: 25217, adv_w: 136, box_w: 10, box_h: 11, ofs_x: 0, ofs_y: -4 }, // U+FECA 'ﻊ'
    twine_text::GlyphDsc { bitmap_index: 25268, adv_w: 153, box_w: 9, box_h: 9, ofs_x: -1, ofs_y: 0 }, // U+FECB 'ﻋ'
    twine_text::GlyphDsc { bitmap_index: 25306, adv_w: 124, box_w: 9, box_h: 7, ofs_x: -1, ofs_y: 0 }, // U+FECC 'ﻌ'
    twine_text::GlyphDsc { bitmap_index: 25336, adv_w: 153, box_w: 10, box_h: 15, ofs_x: 0, ofs_y: -4 }, // U+FECD 'ﻍ'
    twine_text::GlyphDsc { bitmap_index: 25398, adv_w: 136, box_w: 10, box_h: 13, ofs_x: 0, ofs_y: -4 }, // U+FECE 'ﻎ'
    twine_text::GlyphDsc { bitmap_index: 25453, adv_w: 134, box_w: 9, box_h: 11, ofs_x: -1, ofs_y: 0 }, // U+FECF 'ﻏ'
    twine_text::GlyphDsc { bitmap_index: 25497, adv_w: 124, box_w: 9, box_h: 9, ofs_x: -1, ofs_y: 0 }, // U+FED0 'ﻐ'
    twine_text::GlyphDsc { bitmap_index: 25531, adv_w: 265, box_w: 15, box_h: 12, ofs_x: 1, ofs_y: -1 }, // U+FED1 'ﻑ'
    twine_text::GlyphDsc { bitmap_index: 25594, adv_w: 265, box_w: 16, box_h: 10, ofs_x: 1, ofs_y: -1 }, // U+FED2 'ﻒ'
    twine_text::GlyphDsc { bitmap_index: 25650, adv_w: 122, box_w: 8, box_h: 11, ofs_x: -1, ofs_y: 0 }, // U+FED3 'ﻓ'
    twine_text::GlyphDsc { bitmap_index: 25690, adv_w: 130, box_w: 10, box_h: 9, ofs_x: -1, ofs_y: 0 }, // U+FED4 'ﻔ'
    twine_text::GlyphDsc { bitmap_index: 25727, adv_w: 199, box_w: 12, box_h: 15, ofs_x: 0, ofs_y: -4 }, // U+FED5 'ﻕ'
    twine_text::GlyphDsc { bitmap_index: 25800, adv_w: 214, box_w: 14, box_h: 13, ofs_x: 0, ofs_y: -4 }, // U+FED6 'ﻖ'
    twine_text::GlyphDsc { bitmap_index: 25867, adv_w: 122, box_w: 8, box_h: 11, ofs_x: -1, ofs_y: 0 }, // U+FED7 'ﻗ'
    twine_text::GlyphDsc { bitmap_index: 25910, adv_w: 130, box_w: 10, box_h: 9, ofs_x: -1, ofs_y: 0 }, // U+FED8 'ﻘ'
    twine_text::GlyphDsc { bitmap_index: 25949, adv_w: 211, box_w: 11, box_h: 14, ofs_x: 1, ofs_y: -1 }, // U+FED9 'ﻙ'
    twine_text::GlyphDsc { bitmap_index: 26000, adv_w: 216, box_w: 13, box_h: 14, ofs_x: 1, ofs_y: -1 }, // U+FEDA 'ﻚ'
    twine_text::GlyphDsc { bitmap_index: 26058, adv_w: 122, box_w: 9, box_h: 13, ofs_x: -1, ofs_y: 0 }, // U+FEDB 'ﻛ'
    twine_text::GlyphDsc { bitmap_index: 26106, adv_w: 141, box_w: 10, box_h: 13, ofs_x: -1, ofs_y: 0 }, // U+FEDC 'ﻜ'
    twine_text::GlyphDsc { bitmap_index: 26158, adv_w: 186, box_w: 10, box_h: 16, ofs_x: 1, ofs_y: -3 }, // U+FEDD 'ﻝ'
    twine_text::GlyphDsc { bitmap_index: 26196, adv_w: 194, box_w: 12, box_h: 16, ofs_x: 1, ofs_y: -3 }, // U+FEDE 'ﻞ'
    twine_text::GlyphDsc { bitmap_index: 26241, adv_w: 78, box_w: 5, box_h: 13, ofs_x: -1, ofs_y: 0 }, // U+FEDF 'ﻟ'
    twine_text::GlyphDsc { bitmap_index: 26256, adv_w: 85, box_w: 7, box_h: 13, ofs_x: -1, ofs_y: 0 }, // U+FEE0 'ﻠ'
    twine_text::GlyphDsc { bitmap_index: 26274, adv_w: 159, box_w: 8, box_h: 10, ofs_x: 1, ofs_y: -4 }, // U+FEE1 'ﻡ'
    twine_text::GlyphDsc { bitmap_index: 26308, adv_w: 170, box_w: 10, box_h: 9, ofs_x: 1, ofs_y: -4 }, // U+FEE2 'ﻢ'
    twine_text::GlyphDsc { bitmap_index: 26346, adv_w: 137, box_w: 9, box_h: 6, ofs_x: -1, ofs_y: -1 }, // U+FEE3 'ﻣ'
    twine_text::GlyphDsc { bitmap_index: 26373, adv_w: 148, box_w: 11, box_h: 6, ofs_x: -1, ofs_y: -1 }, // U+FEE4 'ﻤ'
    twine_text::GlyphDsc { bitmap_index: 26405, adv_w: 188, box_w: 10, box_h: 11, ofs_x: 1, ofs_y: -3 }, // U+FEE5 'ﻥ'
    twine_text::GlyphDsc { bitmap_index: 26449, adv_w: 195, box_w: 12, box_h: 10, ofs_x: 1, ofs_y: -4 }, // U+FEE6 'ﻦ'
    twine_text::GlyphDsc { bitmap_index: 26500, adv_w: 71, box_w: 5, box_h: 8, ofs_x: -1, ofs_y: 0 }, // U+FEE7 'ﻧ'
    twine_text::GlyphDsc { bitmap_index: 26520, adv_w: 77, box_w: 6, box_h: 8, ofs_x: -1, ofs_y: 0 }, // U+FEE8 'ﻨ'
    twine_text::GlyphDsc { bitmap_index: 26542, adv_w: 134, box_w: 7, box_h: 7, ofs_x: 1, ofs_y: -1 }, // U+FEE9 'ﻩ'
    twine_text::GlyphDsc { bitmap_index: 26567, adv_w: 137, box_w: 8, box_h: 6, ofs_x: 1, ofs_y: 0 }, // U+FEEA 'ﻪ'
    twine_text::GlyphDsc { bitmap_index: 26591, adv_w: 135, box_w: 9, box_h: 9, ofs_x: -1, ofs_y: -1 }, // U+FEEB 'ﻫ'
    twine_text::GlyphDsc { bitmap_index: 26628, adv_w: 118, box_w: 9, box_h: 10, ofs_x: -1, ofs_y: -4 }, // U+FEEC 'ﻬ'
    twine_text::GlyphDsc { bitmap_index: 26671, adv_w: 124, box_w: 8, box_h: 10, ofs_x: -1, ofs_y: -4 }, // U+FEED 'ﻭ'
    twine_text::GlyphDsc { bitmap_index: 26708, adv_w: 132, box_w: 10, box_h: 10, ofs_x: -1, ofs_y: -4 }, // U+FEEE 'ﻮ'
    twine_text::GlyphDsc { bitmap_index: 26752, adv_w: 200, box_w: 11, box_h: 10, ofs_x: 1, ofs_y: -3 }, // U+FEEF 'ﻯ'
    twine_text::GlyphDsc { bitmap_index: 26802, adv_w: 213, box_w: 13, box_h: 7, ofs_x: 1, ofs_y: -3 }, // U+FEF0 'ﻰ'
    twine_text::GlyphDsc { bitmap_index: 26843, adv_w: 200, box_w: 11, box_h: 11, ofs_x: 1, ofs_y: -4 }, // U+FEF1 'ﻱ'
    twine_text::GlyphDsc { bitmap_index: 26897, adv_w: 213, box_w: 13, box_h: 8, ofs_x: 1, ofs_y: -4 }, // U+FEF2 'ﻲ'
    twine_text::GlyphDsc { bitmap_index: 26941, adv_w: 71, box_w: 5, box_h: 8, ofs_x: -1, ofs_y: -3 }, // U+FEF3 'ﻳ'
    twine_text::GlyphDsc { bitmap_index: 26962, adv_w: 77, box_w: 6, box_h: 8, ofs_x: -1, ofs_y: -3 }, // U+FEF4 'ﻴ'
    twine_text::GlyphDsc { bitmap_index: 26986, adv_w: 146, box_w: 10, box_h: 15, ofs_x: -2, ofs_y: -1 }, // U+FEF5 'ﻵ'
    twine_text::GlyphDsc { bitmap_index: 27047, adv_w: 153, box_w: 12, box_h: 15, ofs_x: -2, ofs_y: -1 }, // U+FEF6 'ﻶ'
    twine_text::GlyphDsc { bitmap_index: 27116, adv_w: 146, box_w: 9, box_h: 17, ofs_x: -1, ofs_y: -1 }, // U+FEF7 'ﻷ'
    twine_text::GlyphDsc { bitmap_index: 27178, adv_w: 153, box_w: 11, box_h: 17, ofs_x: -1, ofs_y: -1 }, // U+FEF8 'ﻸ'
    twine_text::GlyphDsc { bitmap_index: 27250, adv_w: 146, box_w: 8, box_h: 17, ofs_x: 0, ofs_y: -4 }, // U+FEF9 'ﻹ'
    twine_text::GlyphDsc { bitmap_index: 27306, adv_w: 153, box_w: 10, box_h: 17, ofs_x: 0, ofs_y: -4 }, // U+FEFA 'ﻺ'
    twine_text::GlyphDsc { bitmap_index: 27370, adv_w: 146, box_w: 8, box_h: 14, ofs_x: 0, ofs_y: -1 }, // U+FEFB 'ﻻ'
    twine_text::GlyphDsc { bitmap_index: 27417, adv_w: 153, box_w: 10, box_h: 14, ofs_x: 0, ofs_y: -1 }, // U+FEFC 'ﻼ'
    twine_text::GlyphDsc { bitmap_index: 0, adv_w: 0, box_w: 0, box_h: 0, ofs_x: 0, ofs_y: 0 }, // U+FEFF '\u{feff}'
];

#[rustfmt::skip]
static DEJAVU_16_PERSIAN_HEBREW_UNICODE_LIST_1: [u16; 1] = [
    0x0000,
];

#[rustfmt::skip]
static DEJAVU_16_PERSIAN_HEBREW_UNICODE_LIST_3: [u16; 2] = [
    0x0000, 0x0001,
];

#[rustfmt::skip]
static DEJAVU_16_PERSIAN_HEBREW_UNICODE_LIST_6: [u16; 8] = [
    0x0000, 0x0001, 0x0003, 0x0004, 0x0006, 0x000f, 0x0015, 0x0019,
];

#[rustfmt::skip]
static DEJAVU_16_PERSIAN_HEBREW_UNICODE_LIST_9: [u16; 2] = [
    0x0000, 0x0003,
];

#[rustfmt::skip]
static DEJAVU_16_PERSIAN_HEBREW_UNICODE_LIST_11: [u16; 1] = [
    0x0000,
];

#[rustfmt::skip]
static DEJAVU_16_PERSIAN_HEBREW_UNICODE_LIST_14: [u16; 5] = [
    0x0000, 0x0001, 0x0003, 0x0005, 0x000a,
];

#[rustfmt::skip]
static DEJAVU_16_PERSIAN_HEBREW_UNICODE_LIST_16: [u16; 3] = [
    0x0000, 0xcfdf, 0xcfe6,
];

#[rustfmt::skip]
static DEJAVU_16_PERSIAN_HEBREW_UNICODE_LIST_18: [u16; 6] = [
    0x0000, 0x0002, 0x0004, 0x0008, 0x000b, 0x0010,
];

#[rustfmt::skip]
static DEJAVU_16_PERSIAN_HEBREW_UNICODE_LIST_20: [u16; 3] = [
    0x0000, 0x0005, 0x000a,
];

#[rustfmt::skip]
static DEJAVU_16_PERSIAN_HEBREW_UNICODE_LIST_23: [u16; 6] = [
    0x0000, 0x0001, 0x0007, 0x0009, 0x000a, 0x000d,
];

#[rustfmt::skip]
static DEJAVU_16_PERSIAN_HEBREW_UNICODE_LIST_25: [u16; 15] = [
    0x0000, 0x0018, 0x001a, 0x0049, 0x004a, 0x004c, 0x004e, 0x0065, 0x006c, 0x006f, 0x0078, 0x00a1,
    0x00a9, 0x00e0, 0x0170,
];

#[rustfmt::skip]
static DEJAVU_16_PERSIAN_HEBREW_UNICODE_LIST_27: [u16; 7] = [
    0x0000, 0x000c, 0x0066, 0x007d, 0x02d3, 0x053b, 0x061b,
];

#[rustfmt::skip]
static DEJAVU_16_PERSIAN_HEBREW_UNICODE_LIST_31: [u16; 2] = [
    0x0000, 0x0001,
];

#[rustfmt::skip]
static DEJAVU_16_PERSIAN_HEBREW_UNICODE_LIST_36: [u16; 1] = [
    0x0000,
];

#[rustfmt::skip]
static DEJAVU_16_PERSIAN_HEBREW_CMAPS: [twine_text::Cmap; 37] = [
    twine_text::Cmap { range_start: 0x20, range_length: 95, glyph_id_start: 1, unicode_list: &[], glyph_id_ofs_list: twine_text::GlyphIdOfs::None, kind: twine_text::CmapKind::Format0Tiny },
    twine_text::Cmap { range_start: 0xb0, range_length: 1, glyph_id_start: 96, unicode_list: &DEJAVU_16_PERSIAN_HEBREW_UNICODE_LIST_1, glyph_id_ofs_list: twine_text::GlyphIdOfs::None, kind: twine_text::CmapKind::SparseTiny },
    twine_text::Cmap { range_start: 0x5b0, range_length: 20, glyph_id_start: 97, unicode_list: &[], glyph_id_ofs_list: twine_text::GlyphIdOfs::None, kind: twine_text::CmapKind::Format0Tiny },
    twine_text::Cmap { range_start: 0x5c6, range_length: 2, glyph_id_start: 117, unicode_list: &DEJAVU_16_PERSIAN_HEBREW_UNICODE_LIST_3, glyph_id_ofs_list: twine_text::GlyphIdOfs::None, kind: twine_text::CmapKind::SparseTiny },
    twine_text::Cmap { range_start: 0x5d0, range_length: 27, glyph_id_start: 119, unicode_list: &[], glyph_id_ofs_list: twine_text::GlyphIdOfs::None, kind: twine_text::CmapKind::Format0Tiny },
    twine_text::Cmap { range_start: 0x5f0, range_length: 5, glyph_id_start: 146, unicode_list: &[], glyph_id_ofs_list: twine_text::GlyphIdOfs::None, kind: twine_text::CmapKind::Format0Tiny },
    twine_text::Cmap { range_start: 0x606, range_length: 26, glyph_id_start: 151, unicode_list: &DEJAVU_16_PERSIAN_HEBREW_UNICODE_LIST_6, glyph_id_ofs_list: twine_text::GlyphIdOfs::None, kind: twine_text::CmapKind::SparseTiny },
    twine_text::Cmap { range_start: 0x621, range_length: 26, glyph_id_start: 159, unicode_list: &[], glyph_id_ofs_list: twine_text::GlyphIdOfs::None, kind: twine_text::CmapKind::Format0Tiny },
    twine_text::Cmap { range_start: 0x640, range_length: 22, glyph_id_start: 185, unicode_list: &[], glyph_id_ofs_list: twine_text::GlyphIdOfs::None, kind: twine_text::CmapKind::Format0Tiny },
    twine_text::Cmap { range_start: 0x657, range_length: 4, glyph_id_start: 207, unicode_list: &DEJAVU_16_PERSIAN_HEBREW_UNICODE_LIST_9, glyph_id_ofs_list: twine_text::GlyphIdOfs::None, kind: twine_text::CmapKind::SparseTiny },
    twine_text::Cmap { range_start: 0x660, range_length: 17, glyph_id_start: 209, unicode_list: &[], glyph_id_ofs_list: twine_text::GlyphIdOfs::None, kind: twine_text::CmapKind::Format0Tiny },
    twine_text::Cmap { range_start: 0x674, range_length: 1, glyph_id_start: 226, unicode_list: &DEJAVU_16_PERSIAN_HEBREW_UNICODE_LIST_11, glyph_id_ofs_list: twine_text::GlyphIdOfs::None, kind: twine_text::CmapKind::SparseTiny },
    twine_text::Cmap { range_start: 0x679, range_length: 71, glyph_id_start: 227, unicode_list: &[], glyph_id_ofs_list: twine_text::GlyphIdOfs::None, kind: twine_text::CmapKind::Format0Tiny },
    twine_text::Cmap { range_start: 0x6c6, range_length: 3, glyph_id_start: 298, unicode_list: &[], glyph_id_ofs_list: twine_text::GlyphIdOfs::None, kind: twine_text::CmapKind::Format0Tiny },
    twine_text::Cmap { range_start: 0x6cb, range_length: 11, glyph_id_start: 301, unicode_list: &DEJAVU_16_PERSIAN_HEBREW_UNICODE_LIST_14, glyph_id_ofs_list: twine_text::GlyphIdOfs::None, kind: twine_text::CmapKind::SparseTiny },
    twine_text::Cmap { range_start: 0x6f0, range_length: 10, glyph_id_start: 306, unicode_list: &[], glyph_id_ofs_list: twine_text::GlyphIdOfs::None, kind: twine_text::CmapKind::Format0Tiny },
    twine_text::Cmap { range_start: 0x2022, range_length: 53223, glyph_id_start: 316, unicode_list: &DEJAVU_16_PERSIAN_HEBREW_UNICODE_LIST_16, glyph_id_ofs_list: twine_text::GlyphIdOfs::None, kind: twine_text::CmapKind::SparseTiny },
    twine_text::Cmap { range_start: 0xf00b, range_length: 3, glyph_id_start: 319, unicode_list: &[], glyph_id_ofs_list: twine_text::GlyphIdOfs::None, kind: twine_text::CmapKind::Format0Tiny },
    twine_text::Cmap { range_start: 0xf011, range_length: 17, glyph_id_start: 322, unicode_list: &DEJAVU_16_PERSIAN_HEBREW_UNICODE_LIST_18, glyph_id_ofs_list: twine_text::GlyphIdOfs::None, kind: twine_text::CmapKind::SparseTiny },
    twine_text::Cmap { range_start: 0xf026, range_length: 3, glyph_id_start: 328, unicode_list: &[], glyph_id_ofs_list: twine_text::GlyphIdOfs::None, kind: twine_text::CmapKind::Format0Tiny },
    twine_text::Cmap { range_start: 0xf03e, range_length: 11, glyph_id_start: 331, unicode_list: &DEJAVU_16_PERSIAN_HEBREW_UNICODE_LIST_20, glyph_id_ofs_list: twine_text::GlyphIdOfs::None, kind: twine_text::CmapKind::SparseTiny },
    twine_text::Cmap { range_start: 0xf04b, range_length: 3, glyph_id_start: 334, unicode_list: &[], glyph_id_ofs_list: twine_text::GlyphIdOfs::None, kind: twine_text::CmapKind::Format0Tiny },
    twine_text::Cmap { range_start: 0xf051, range_length: 4, glyph_id_start: 337, unicode_list: &[], glyph_id_ofs_list: twine_text::GlyphIdOfs::None, kind: twine_text::CmapKind::Format0Tiny },
    twine_text::Cmap { range_start: 0xf067, range_length: 14, glyph_id_start: 341, unicode_list: &DEJAVU_16_PERSIAN_HEBREW_UNICODE_LIST_23, glyph_id_ofs_list: twine_text::GlyphIdOfs::None, kind: twine_text::CmapKind::SparseTiny },
    twine_text::Cmap { range_start: 0xf077, range_length: 3, glyph_id_start: 347, unicode_list: &[], glyph_id_ofs_list: twine_text::GlyphIdOfs::None, kind: twine_text::CmapKind::Format0Tiny },
    twine_text::Cmap { range_start: 0xf07b, range_length: 369, glyph_id_start: 350, unicode_list: &DEJAVU_16_PERSIAN_HEBREW_UNICODE_LIST_25, glyph_id_ofs_list: twine_text::GlyphIdOfs::None, kind: twine_text::CmapKind::SparseTiny },
    twine_text::Cmap { range_start: 0xf240, range_length: 5, glyph_id_start: 365, unicode_list: &[], glyph_id_ofs_list: twine_text::GlyphIdOfs::None, kind: twine_text::CmapKind::Format0Tiny },
    twine_text::Cmap { range_start: 0xf287, range_length: 1564, glyph_id_start: 370, unicode_list: &DEJAVU_16_PERSIAN_HEBREW_UNICODE_LIST_27, glyph_id_ofs_list: twine_text::GlyphIdOfs::None, kind: twine_text::CmapKind::SparseTiny },
    twine_text::Cmap { range_start: 0xfb52, range_length: 82, glyph_id_start: 377, unicode_list: &[], glyph_id_ofs_list: twine_text::GlyphIdOfs::None, kind: twine_text::CmapKind::Format0Tiny },
    twine_text::Cmap { range_start: 0xfbaa, range_length: 4, glyph_id_start: 459, unicode_list: &[], glyph_id_ofs_list: twine_text::GlyphIdOfs::None, kind: twine_text::CmapKind::Format0Tiny },
    twine_text::Cmap { range_start: 0xfbd3, range_length: 10, glyph_id_start: 463, unicode_list: &[], glyph_id_ofs_list: twine_text::GlyphIdOfs::None, kind: twine_text::CmapKind::Format0Tiny },
    twine_text::Cmap { range_start: 0xfbde, range_length: 2, glyph_id_start: 473, unicode_list: &DEJAVU_16_PERSIAN_HEBREW_UNICODE_LIST_31, glyph_id_ofs_list: twine_text::GlyphIdOfs::None, kind: twine_text::CmapKind::SparseTiny },
    twine_text::Cmap { range_start: 0xfbe4, range_length: 6, glyph_id_start: 475, unicode_list: &[], glyph_id_ofs_list: twine_text::GlyphIdOfs::None, kind: twine_text::CmapKind::Format0Tiny },
    twine_text::Cmap { range_start: 0xfbfc, range_length: 4, glyph_id_start: 481, unicode_list: &[], glyph_id_ofs_list: twine_text::GlyphIdOfs::None, kind: twine_text::CmapKind::Format0Tiny },
    twine_text::Cmap { range_start: 0xfe70, range_length: 5, glyph_id_start: 485, unicode_list: &[], glyph_id_ofs_list: twine_text::GlyphIdOfs::None, kind: twine_text::CmapKind::Format0Tiny },
    twine_text::Cmap { range_start: 0xfe76, range_length: 135, glyph_id_start: 490, unicode_list: &[], glyph_id_ofs_list: twine_text::GlyphIdOfs::None, kind: twine_text::CmapKind::Format0Tiny },
    twine_text::Cmap { range_start: 0xfeff, range_length: 1, glyph_id_start: 625, unicode_list: &DEJAVU_16_PERSIAN_HEBREW_UNICODE_LIST_36, glyph_id_ofs_list: twine_text::GlyphIdOfs::None, kind: twine_text::CmapKind::SparseTiny },
];

#[rustfmt::skip]
static DEJAVU_16_PERSIAN_HEBREW_KERN_PAIRS: [[u8; 2]; 220] = [
    [14, 34], [14, 35], [14, 40], [14, 43], [14, 48], [14, 50], [14, 53], [14, 55],
    [14, 56], [14, 57], [14, 58], [14, 80], [14, 87], [14, 90], [34, 14], [34, 15],
    [34, 27], [34, 34], [34, 36], [34, 40], [34, 48], [34, 50], [34, 53], [34, 55],
    [34, 56], [34, 58], [34, 68], [34, 69], [34, 70], [34, 71], [34, 80], [34, 82],
    [34, 85], [34, 87], [34, 88], [34, 90], [35, 36], [35, 40], [35, 48], [35, 52],
    [35, 55], [35, 56], [35, 58], [36, 58], [37, 34], [37, 55], [37, 58], [39, 15],
    [39, 27], [39, 34], [39, 52], [39, 53], [39, 66], [39, 70], [39, 74], [39, 80],
    [39, 83], [39, 86], [39, 90], [40, 53], [40, 58], [41, 15], [43, 14], [43, 34],
    [44, 14], [44, 34], [44, 36], [44, 48], [44, 53], [44, 54], [44, 56], [44, 58],
    [44, 66], [44, 70], [44, 80], [44, 86], [44, 90], [45, 14], [45, 34], [45, 48],
    [45, 53], [45, 54], [45, 55], [45, 56], [45, 58], [45, 70], [45, 80], [45, 86],
    [45, 90], [48, 14], [48, 15], [48, 27], [48, 34], [48, 55], [48, 57], [48, 58],
    [49, 14], [49, 15], [49, 34], [49, 58], [49, 66], [49, 70], [49, 74], [49, 79],
    [49, 80], [49, 83], [49, 84], [49, 86], [50, 14], [51, 14], [51, 15], [51, 27],
    [51, 34], [51, 36], [51, 53], [51, 55], [51, 56], [51, 58], [51, 66], [51, 70],
    [51, 80], [51, 86], [51, 90], [52, 34], [53, 14], [53, 15], [53, 27], [53, 34],
    [53, 36], [53, 53], [53, 66], [53, 68], [53, 70], [53, 74], [53, 80], [53, 83],
    [53, 84], [53, 86], [53, 88], [53, 90], [54, 59], [55, 14], [55, 15], [55, 27],
    [55, 34], [55, 48], [55, 66], [55, 70], [55, 74], [55, 80], [55, 86], [55, 90],
    [56, 14], [56, 15], [56, 27], [56, 34], [56, 66], [56, 70], [56, 74], [56, 80],
    [56, 83], [56, 86], [56, 90], [57, 14], [57, 36], [57, 48], [57, 53], [57, 70],
    [58, 14], [58, 15], [58, 27], [58, 34], [58, 36], [58, 48], [58, 66], [58, 70],
    [58, 74], [58, 80], [58, 86], [59, 14], [70, 89], [71, 14], [71, 15], [71, 27],
    [71, 85], [71, 88], [71, 90], [76, 66], [76, 70], [76, 80], [76, 86], [76, 90],
    [80, 14], [80, 15], [80, 89], [83, 14], [83, 15], [83, 27], [83, 68], [83, 69],
    [83, 70], [83, 72], [83, 73], [83, 78], [83, 79], [83, 80], [83, 82], [83, 83],
    [83, 89], [87, 14], [87, 15], [87, 27], [88, 15], [88, 27], [89, 68], [89, 70],
    [89, 80], [90, 14], [90, 15], [90, 27],
];

#[rustfmt::skip]
static DEJAVU_16_PERSIAN_HEBREW_KERN_VALUES: [i8; 220] = [
    -6, -9, 9, 14, 7, 9, -24, -15, -10, -13, -30, 5, -7, -5, -6, -5,
    -5, 7, -5, -5, -5, -5, -20, -16, -14, -20, -5, -5, -5, -9, -5, -5,
    -5, -15, -10, -17, -5, -5, -5, -5, -8, -9, -14, -5, -5, -5, -14, -41,
    -20, -24, -5, -5, -24, -14, -19, -9, -19, -14, -24, -9, -13, -5, -9, -5,
    -27, -5, -14, -14, -20, -7, -9, -9, -5, -13, -13, -13, -19, -5, 6, -9,
    -35, -13, -28, -24, -34, -5, -5, -5, -24, 7, -10, -5, -5, -5, -16, -14,
    -6, -40, -16, -6, -12, -9, -6, -5, -9, -5, -5, -5, 7, -10, -9, -8,
    -10, -13, -19, -14, -10, -16, -6, -12, -12, -12, -14, 5, -24, -30, -28, -20,
    -15, -5, -42, -44, -44, -8, -44, -38, -42, -39, -42, -40, -5, -15, -33, -21,
    -16, -5, -20, -20, -6, -20, -17, -7, -10, -29, -15, -14, -16, -15, -6, -15,
    -12, -9, -5, -13, -19, -16, -5, -12, -30, -52, -34, -20, -14, -14, -35, -34,
    -9, -34, -29, -5, -5, -14, -19, -9, -5, -5, -5, -5, -9, -9, -8, -9,
    5, -5, -8, -16, -24, -5, -6, -5, -6, -5, -5, -5, -5, -6, -5, -5,
    -7, -7, -20, -14, -24, -14, -5, -8, -8, -5, -37, -19,
];

static DEJAVU_16_PERSIAN_HEBREW_DATA: twine_text::BitmapFont = twine_text::BitmapFont {
    bpp: 4,
    bitmap: &DEJAVU_16_PERSIAN_HEBREW_BITMAP,
    glyphs: &DEJAVU_16_PERSIAN_HEBREW_GLYPHS,
    cmaps: &DEJAVU_16_PERSIAN_HEBREW_CMAPS,
    kern: twine_text::Kern::Pairs {
        glyph_ids: twine_text::KernPairIds::U8(&DEJAVU_16_PERSIAN_HEBREW_KERN_PAIRS),
        values: &DEJAVU_16_PERSIAN_HEBREW_KERN_VALUES,
    },
    kern_scale: 16,
    format: twine_text::BitmapFormat::Compressed,
};

/// DejaVuSans.ttf at 16 px, 4 bpp, 625 glyphs (line height 19 px).
pub static DEJAVU_16_PERSIAN_HEBREW: twine_text::Font = twine_text::Font {
    line_height: 19,
    base_line: 4,
    underline_position: -1,
    underline_thickness: 1,
    provider: &DEJAVU_16_PERSIAN_HEBREW_DATA,
    fallback: None,
    subpx: twine_text::Subpx::None,
};
