// Generated by twine-cli 0.1.0: twine font --ttf assets/fonts/Montserrat-Medium.ttf --size 12 --bpp 4 --range 0x20-0x7F --range 0xB0 --range 0x2022 --symbols fa --name MONTSERRAT_12 --out crates/twine-assets/src/fonts/montserrat_12.rs
// Source: Montserrat-Medium.ttf SHA-256 c888ea70fdceef0d05752266472a940aeb86692a7bdf8f2211380587418ca223
// Symbols: fa-solid-900.ttf SHA-256 f9d6933d04c59a42aca30bd88eec38bb9cbeb69b1547fd550ef73eba0bce7a1a
// Symbols: fa-brands-400.ttf SHA-256 e4e76807a21a2ac963e707ddffb3623283618c04345724b26bdc23d0dafdfde6
// 157 glyphs, line height 16 px, base line 4 px, 4 bpp, plain bitmaps, 2640 kerning pairs.
// Do not edit: regenerate with the command above.

#[rustfmt::skip]
static MONTSERRAT_12_BITMAP: [u8; 6607] = [
    0x06, 0x20, 0xf4, 0x0f, 0x30, 0xe3, 0x0e, 0x20, 0xd1, 0x04, 0x00, 0x51, 0x1e, 0x40, 0x00, 0x15,
    0x06, 0x3b, 0x1e, 0x3b, 0x0d, 0x29, 0x0b, 0x00, 0x24, 0x01, 0x40, 0x00, 0x05, 0x80, 0x49, 0x00,
    0x14, 0x98, 0x48, 0x94, 0x03, 0xad, 0xba, 0xcb, 0xa1, 0x00, 0xb2, 0x09, 0x40, 0x00, 0x1d, 0x11,
    0xb2, 0x00, 0x9d, 0xfd, 0xdf, 0xd9, 0x00, 0x1b, 0x00, 0xd0, 0x00, 0x03, 0x90, 0x2b, 0x00, 0x00,
    0x00, 0x07, 0x20, 0x00, 0x04, 0xc8, 0x30, 0x0b, 0xdd, 0xad, 0x64, 0xe1, 0x93, 0x01, 0x2f, 0x49,
    0x30, 0x00, 0x7e, 0xf9, 0x30, 0x00, 0x1a, 0xae, 0x80, 0x00, 0x93, 0x5e, 0x48, 0x29, 0x39, 0xc2,
    0xae, 0xff, 0xb2, 0x00, 0x09, 0x30, 0x00, 0x00, 0x41, 0x00, 0x03, 0x62, 0x00, 0x04, 0x10, 0x3b,
    0x4c, 0x10, 0x3b, 0x00, 0x84, 0x07, 0x40, 0xb2, 0x00, 0x75, 0x08, 0x38, 0x60, 0x00, 0x1b, 0xaa,
    0x3b, 0x27, 0x40, 0x00, 0x11, 0xc2, 0xb4, 0x95, 0x00, 0x08, 0x53, 0x90, 0x29, 0x00, 0x4a, 0x02,
    0xa0, 0x48, 0x01, 0xc1, 0x00, 0x8a, 0xb2, 0x00, 0x00, 0x00, 0x00, 0x00, 0x00, 0x26, 0x51, 0x00,
    0x02, 0xe7, 0xaa, 0x00, 0x06, 0xb0, 0x3d, 0x00, 0x02, 0xe6, 0xd6, 0x00, 0x01, 0xbf, 0x70, 0x00,
    0x1d, 0x74, 0xe3, 0x67, 0x6b, 0x00, 0x4e, 0xd4, 0x5d, 0x20, 0x1b, 0xf4, 0x08, 0xee, 0xe9, 0x5c,
    0x00, 0x01, 0x00, 0x00, 0x15, 0x3b, 0x3b, 0x29, 0x09, 0x62, 0xe1, 0x7a, 0x0a, 0x70, 0xc5, 0x0d,
    0x40, 0xc5, 0x0b, 0x60, 0x89, 0x04, 0xd0, 0x0d, 0x40, 0x33, 0x5a, 0x00, 0xe2, 0x0a, 0x70, 0x6b,
    0x04, 0xd0, 0x3e, 0x04, 0xd0, 0x5c, 0x08, 0x90, 0xc5, 0x3d, 0x03, 0x30, 0x00, 0xa0, 0x07, 0x9c,
    0xb5, 0x1b, 0xf9, 0x06, 0x4b, 0x65, 0x00, 0x60, 0x00, 0x00, 0x0c, 0x00, 0x00, 0x00, 0xf0, 0x00,
    0x2a, 0xaf, 0xaa, 0x21, 0x44, 0xf4, 0x41, 0x00, 0x0f, 0x00, 0x00, 0x00, 0x60, 0x00, 0x17, 0x04,
    0xf1, 0x1c, 0x03, 0x60, 0x4c, 0xcb, 0x13, 0x33, 0x27, 0x04, 0xe1, 0x00, 0x00, 0x00, 0x00, 0x11,
    0x00, 0x00, 0x97, 0x00, 0x00, 0xe2, 0x00, 0x04, 0xb0, 0x00, 0x0a, 0x60, 0x00, 0x1e, 0x10, 0x00,
    0x5b, 0x00, 0x00, 0xa5, 0x00, 0x01, 0xe1, 0x00, 0x06, 0xa0, 0x00, 0x0b, 0x50, 0x00, 0x1e, 0x00,
    0x00, 0x12, 0x00, 0x00, 0x00, 0x26, 0x62, 0x00, 0x04, 0xea, 0xae, 0x40, 0x0e, 0x60, 0x06, 0xe0,
    0x4e, 0x00, 0x00, 0xe4, 0x6c, 0x00, 0x00, 0xc6, 0x5d, 0x00, 0x00, 0xd5, 0x3f, 0x10, 0x01, 0xf3,
    0x0b, 0xb1, 0x1a, 0xb0, 0x01, 0xaf, 0xfa, 0x10, 0x00, 0x00, 0x00, 0x00, 0x56, 0x61, 0x9a, 0xf3,
    0x00, 0xf3, 0x00, 0xf3, 0x00, 0xf3, 0x00, 0xf3, 0x00, 0xf3, 0x00, 0xf3, 0x00, 0xf3, 0x02, 0x67,
    0x40, 0x07, 0xea, 0x9e, 0x90, 0x22, 0x00, 0x3f, 0x10, 0x00, 0x03, 0xf1, 0x00, 0x00, 0xb8, 0x00,
    0x01, 0xba, 0x00, 0x01, 0xba, 0x00, 0x01, 0xca, 0x11, 0x10, 0x8f, 0xff, 0xff, 0x70, 0x36, 0x66,
    0x66, 0x05, 0xaa, 0xad, 0xd0, 0x00, 0x03, 0xe2, 0x00, 0x02, 0xe5, 0x00, 0x00, 0x9f, 0xb3, 0x00,
    0x01, 0x27, 0xe1, 0x00, 0x00, 0x0e, 0x48, 0x51, 0x06, 0xf2, 0x5c, 0xff, 0xd5, 0x00, 0x01, 0x10,
    0x00, 0x00, 0x00, 0x25, 0x00, 0x00, 0x01, 0xd5, 0x00, 0x00, 0x0b, 0x90, 0x00, 0x00, 0x8c, 0x00,
    0x00, 0x05, 0xe2, 0x0c, 0x40, 0x2e, 0x51, 0x1d, 0x51, 0x8e, 0xee, 0xef, 0xec, 0x00, 0x00, 0x0d,
    0x40, 0x00, 0x00, 0x0d, 0x40, 0x05, 0x66, 0x66, 0x00, 0xcb, 0xaa, 0xa0, 0x0e, 0x30, 0x00, 0x00,
    0xf2, 0x00, 0x00, 0x2f, 0xff, 0xd6, 0x00, 0x00, 0x15, 0xf4, 0x00, 0x00, 0x0c, 0x76, 0x61, 0x04,
    0xe3, 0x4c, 0xff, 0xe6, 0x00, 0x00, 0x10, 0x00, 0x00, 0x15, 0x76, 0x10, 0x03, 0xeb, 0x9a, 0x60,
    0x0d, 0x70, 0x00, 0x00, 0x4e, 0x00, 0x10, 0x00, 0x6c, 0x9e, 0xed, 0x30, 0x6f, 0x80, 0x08, 0xd0,
    0x3f, 0x20, 0x02, 0xf1, 0x0c, 0x80, 0x08, 0xd0, 0x02, 0xbe, 0xec, 0x20, 0x00, 0x01, 0x10, 0x00,
    0x46, 0x66, 0x66, 0x4a, 0xca, 0xaa, 0xe9, 0xa8, 0x00, 0x1e, 0x31, 0x10, 0x07, 0xb0, 0x00, 0x00,
    0xe5, 0x00, 0x00, 0x6d, 0x00, 0x00, 0x0d, 0x60, 0x00, 0x04, 0xe1, 0x00, 0x00, 0xb8, 0x00, 0x00,
    0x00, 0x47, 0x73, 0x00, 0x0a, 0xd8, 0x9e, 0x60, 0x2f, 0x20, 0x06, 0xd0, 0x1e, 0x50, 0x08, 0xb0,
    0x06, 0xfd, 0xee, 0x30, 0x2e, 0x62, 0x39, 0xc0, 0x6c, 0x00, 0x01, 0xf2, 0x4e, 0x30, 0x07, 0xe1,
    0x06, 0xde, 0xec, 0x40, 0x00, 0x01, 0x10, 0x00, 0x01, 0x67, 0x50, 0x02, 0xea, 0x8c, 0xb0, 0x8a,
    0x00, 0x0c, 0x69, 0x90, 0x00, 0xbb, 0x4e, 0x75, 0x9e, 0xc0, 0x49, 0xa7, 0x7b, 0x00, 0x00, 0x0a,
    0x80, 0x20, 0x17, 0xe2, 0x1d, 0xff, 0xb3, 0x00, 0x01, 0x00, 0x00, 0x15, 0x05, 0xf1, 0x02, 0x00,
    0x00, 0x00, 0x02, 0x70, 0x4e, 0x10, 0x00, 0x15, 0x05, 0xf1, 0x02, 0x00, 0x00, 0x00, 0x01, 0x70,
    0x4f, 0x11, 0xc0, 0x36, 0x00, 0x00, 0x00, 0x39, 0x20, 0x16, 0xcc, 0x60, 0x2e, 0x93, 0x00, 0x01,
    0x9d, 0x93, 0x00, 0x00, 0x16, 0xcc, 0x20, 0x00, 0x00, 0x31, 0x01, 0x11, 0x11, 0x02, 0xdd, 0xdd,
    0xd2, 0x00, 0x00, 0x00, 0x01, 0x44, 0x44, 0x41, 0x2a, 0xaa, 0xaa, 0x20, 0x28, 0x30, 0x00, 0x01,
    0x6c, 0xc6, 0x10, 0x00, 0x03, 0x9e, 0x20, 0x03, 0x9d, 0x91, 0x2c, 0xc6, 0x10, 0x01, 0x20, 0x00,
    0x00, 0x02, 0x67, 0x40, 0x07, 0xe9, 0x9e, 0x90, 0x22, 0x00, 0x4f, 0x00, 0x00, 0x06, 0xd0, 0x00,
    0x05, 0xe3, 0x00, 0x01, 0xe4, 0x00, 0x00, 0x15, 0x00, 0x00, 0x01, 0x50, 0x00, 0x00, 0x4e, 0x00,
    0x00, 0x00, 0x00, 0x00, 0x00, 0x00, 0x46, 0x75, 0x10, 0x00, 0x00, 0x4c, 0x96, 0x57, 0xc9, 0x00,
    0x04, 0xc2, 0x00, 0x00, 0x07, 0xa0, 0x0d, 0x21, 0xae, 0xd9, 0xd3, 0x95, 0x3a, 0x09, 0xa0, 0x06,
    0xf3, 0x3a, 0x68, 0x0e, 0x30, 0x00, 0xd3, 0x0c, 0x68, 0x0e, 0x30, 0x00, 0xd3, 0x1b, 0x3b, 0x09,
    0xa1, 0x06, 0xf4, 0x58, 0x0c, 0x31, 0xae, 0xea, 0x7e, 0xc1, 0x03, 0xc3, 0x00, 0x00, 0x00, 0x00,
    0x00, 0x3c, 0xa7, 0x69, 0x80, 0x00, 0x00, 0x00, 0x35, 0x64, 0x00, 0x00, 0x00, 0x02, 0x60, 0x00,
    0x00, 0x00, 0x9f, 0x60, 0x00, 0x00, 0x1e, 0x6d, 0x00, 0x00, 0x08, 0xa0, 0xd4, 0x00, 0x01, 0xe3,
    0x07, 0xb0, 0x00, 0x6c, 0x11, 0x2e, 0x30, 0x0d, 0xee, 0xee, 0xea, 0x05, 0xd0, 0x00, 0x02, 0xf2,
    0xc7, 0x00, 0x00, 0x0a, 0x90, 0x46, 0x66, 0x52, 0x00, 0xbc, 0x99, 0xae, 0x80, 0xb7, 0x00, 0x04,
    0xe0, 0xb7, 0x00, 0x06, 0xd0, 0xbd, 0xbb, 0xcf, 0x50, 0xb9, 0x33, 0x47, 0xe2, 0xb7, 0x00, 0x00,
    0xc7, 0xb7, 0x00, 0x04, 0xe4, 0xbf, 0xff, 0xed, 0x70, 0x00, 0x04, 0x77, 0x40, 0x00, 0x1b, 0xea,
    0x9d, 0xb1, 0x0b, 0xb1, 0x00, 0x05, 0x03, 0xf1, 0x00, 0x00, 0x00, 0x6c, 0x00, 0x00, 0x00, 0x05,
    0xd0, 0x00, 0x00, 0x00, 0x1f, 0x40, 0x00, 0x00, 0x00, 0x7e, 0x61, 0x05, 0xb1, 0x00, 0x5d, 0xff,
    0xd5, 0x00, 0x00, 0x01, 0x10, 0x00, 0x46, 0x66, 0x52, 0x00, 0x0b, 0xca, 0xab, 0xea, 0x10, 0xb7,
    0x00, 0x01, 0xca, 0x0b, 0x70, 0x00, 0x02, 0xf2, 0xb7, 0x00, 0x00, 0x0e, 0x4b, 0x70, 0x00, 0x00,
    0xe4, 0xb7, 0x00, 0x00, 0x5e, 0x1b, 0x71, 0x12, 0x7e, 0x50, 0xbf, 0xff, 0xeb, 0x40, 0x00, 0x46,
    0x66, 0x66, 0x1b, 0xca, 0xaa, 0xa2, 0xb7, 0x00, 0x00, 0x0b, 0x70, 0x00, 0x00, 0xbd, 0xcc, 0xc8,
    0x0b, 0x94, 0x44, 0x20, 0xb7, 0x00, 0x00, 0x0b, 0x71, 0x11, 0x10, 0xbf, 0xff, 0xff, 0x50, 0x46,
    0x66, 0x66, 0x1b, 0xca, 0xaa, 0xa2, 0xb7, 0x00, 0x00, 0x0b, 0x70, 0x00, 0x00, 0xba, 0x66, 0x64,
    0x0b, 0xc9, 0x99, 0x60, 0xb7, 0x00, 0x00, 0x0b, 0x70, 0x00, 0x00, 0xb7, 0x00, 0x00, 0x00, 0x00,
    0x03, 0x77, 0x40, 0x00, 0x1b, 0xea, 0x9d, 0xc1, 0x0b, 0xb1, 0x00, 0x05, 0x03, 0xf1, 0x00, 0x00,
    0x00, 0x6c, 0x00, 0x00, 0x03, 0x15, 0xd0, 0x00, 0x00, 0xe3, 0x1f, 0x40, 0x00, 0x0e, 0x30, 0x7e,
    0x61, 0x04, 0xe3, 0x00, 0x5d, 0xff, 0xd7, 0x00, 0x00, 0x01, 0x10, 0x00, 0x43, 0x00, 0x00, 0x43,
    0xb7, 0x00, 0x00, 0xb7, 0xb7, 0x00, 0x00, 0xb7, 0xb7, 0x00, 0x00, 0xb7, 0xbd, 0xcc, 0xcc, 0xe7,
    0xb9, 0x44, 0x44, 0xc7, 0xb7, 0x00, 0x00, 0xb7, 0xb7, 0x00, 0x00, 0xb7, 0xb7, 0x00, 0x00, 0xb7,
    0x43, 0xb7, 0xb7, 0xb7, 0xb7, 0xb7, 0xb7, 0xb7, 0xb7, 0x02, 0x66, 0x66, 0x02, 0xaa, 0xbf, 0x00,
    0x00, 0x3f, 0x00, 0x00, 0x3f, 0x00, 0x00, 0x3f, 0x00, 0x00, 0x3f, 0x00, 0x00, 0x4e, 0x0a, 0x30,
    0x9b, 0x07, 0xef, 0xd3, 0x00, 0x01, 0x00, 0x43, 0x00, 0x01, 0x61, 0xb7, 0x00, 0x1c, 0x80, 0xb7,
    0x01, 0xc9, 0x00, 0xb7, 0x1b, 0x90, 0x00, 0xb7, 0xbe, 0x10, 0x00, 0xbe, 0xbb, 0xb0, 0x00, 0xbb,
    0x11, 0xd8, 0x00, 0xb7, 0x00, 0x2e, 0x60, 0xb7, 0x00, 0x04, 0xe3, 0x43, 0x00, 0x00, 0x0b, 0x70,
    0x00, 0x00, 0xb7, 0x00, 0x00, 0x0b, 0x70, 0x00, 0x00, 0xb7, 0x00, 0x00, 0x0b, 0x70, 0x00, 0x00,
    0xb7, 0x00, 0x00, 0x0b, 0x71, 0x11, 0x10, 0xbf, 0xff, 0xff, 0x00, 0x42, 0x00, 0x00, 0x00, 0x51,
    0xbc, 0x00, 0x00, 0x05, 0xf3, 0xbf, 0x60, 0x00, 0x0d, 0xf3, 0xba, 0xe1, 0x00, 0x7a, 0xe3, 0xb6,
    0xa8, 0x02, 0xe2, 0xe3, 0xb6, 0x1e, 0x3a, 0x70, 0xe3, 0xb6, 0x07, 0xdd, 0x00, 0xe3, 0xb6, 0x00,
    0xc4, 0x00, 0xe3, 0xb6, 0x00, 0x00, 0x00, 0xe3, 0x42, 0x00, 0x00, 0x43, 0xbd, 0x10, 0x00, 0xb7,
    0xbf, 0xb0, 0x00, 0xb7, 0xb8, 0xd9, 0x00, 0xb7, 0xb7, 0x3e, 0x60, 0xb7, 0xb7, 0x05, 0xf3, 0xb7,
    0xb7, 0x00, 0x8d, 0xc7, 0xb7, 0x00, 0x0a, 0xf7, 0xb7, 0x00, 0x01, 0xd7, 0x00, 0x03, 0x77, 0x40,
    0x00, 0x01, 0xbe, 0xa9, 0xdc, 0x20, 0x0b, 0xb1, 0x00, 0x0a, 0xc0, 0x3f, 0x10, 0x00, 0x01, 0xe4,
    0x6c, 0x00, 0x00, 0x00, 0xb7, 0x5d, 0x00, 0x00, 0x00, 0xc6, 0x1f, 0x40, 0x00, 0x03, 0xf2, 0x07,
    0xe5, 0x10, 0x5e, 0x80, 0x00, 0x5c, 0xff, 0xd6, 0x00, 0x00, 0x00, 0x11, 0x00, 0x00, 0x46, 0x66,
    0x51, 0x00, 0xbc, 0xaa, 0xce, 0x40, 0xb7, 0x00, 0x08, 0xd0, 0xb7, 0x00, 0x03, 0xf0, 0xb7, 0x00,
    0x07, 0xd0, 0xbc, 0x99, 0xbe, 0x40, 0xbb, 0x77, 0x51, 0x00, 0xb7, 0x00, 0x00, 0x00, 0xb7, 0x00,
    0x00, 0x00, 0x00, 0x03, 0x77, 0x40, 0x00, 0x01, 0xbe, 0xa9, 0xdc, 0x20, 0x0b, 0xb1, 0x00, 0x0a,
    0xc0, 0x3f, 0x10, 0x00, 0x01, 0xe4, 0x6c, 0x00, 0x00, 0x00, 0xb7, 0x5d, 0x00, 0x00, 0x00, 0xc6,
    0x1f, 0x40, 0x00, 0x03, 0xf2, 0x07, 0xe5, 0x10, 0x5e, 0x80, 0x00, 0x5c, 0xff, 0xd6, 0x00, 0x00,
    0x00, 0x1b, 0xc4, 0x69, 0x00, 0x00, 0x00, 0x6b, 0xa3, 0x46, 0x66, 0x51, 0x00, 0xbc, 0xaa, 0xce,
    0x40, 0xb7, 0x00, 0x08, 0xd0, 0xb7, 0x00, 0x03, 0xf0, 0xb7, 0x00, 0x07, 0xd0, 0xbc, 0x99, 0xbe,
    0x40, 0xbb, 0x77, 0xd7, 0x00, 0xb7, 0x00, 0x3e, 0x20, 0xb7, 0x00, 0x07, 0xc0, 0x00, 0x47, 0x64,
    0x00, 0xbd, 0x99, 0xd7, 0x4e, 0x10, 0x00, 0x13, 0xf4, 0x00, 0x00, 0x07, 0xed, 0x93, 0x00, 0x01,
    0x59, 0xe8, 0x00, 0x00, 0x05, 0xe4, 0x82, 0x01, 0x9c, 0x2a, 0xee, 0xfb, 0x20, 0x00, 0x10, 0x00,
    0x66, 0x66, 0x66, 0x69, 0xaa, 0xfa, 0xaa, 0x00, 0x1f, 0x20, 0x00, 0x01, 0xf2, 0x00, 0x00, 0x1f,
    0x20, 0x00, 0x01, 0xf2, 0x00, 0x00, 0x1f, 0x20, 0x00, 0x01, 0xf2, 0x00, 0x00, 0x1f, 0x20, 0x00,
    0x52, 0x00, 0x00, 0x52, 0xc6, 0x00, 0x00, 0xd4, 0xc6, 0x00, 0x00, 0xd4, 0xc6, 0x00, 0x00, 0xd4,
    0xc6, 0x00, 0x00, 0xd4, 0xc6, 0x00, 0x00, 0xe4, 0xa9, 0x00, 0x01, 0xf2, 0x5e, 0x50, 0x2a, 0xc0,
    0x06, 0xef, 0xfb, 0x20, 0x00, 0x01, 0x00, 0x00, 0x62, 0x00, 0x00, 0x04, 0x39, 0xa0, 0x00, 0x01,
    0xe2, 0x3f, 0x20, 0x00, 0x7b, 0x00, 0xb8, 0x00, 0x0e, 0x40, 0x04, 0xe1, 0x05, 0xd0, 0x00, 0x0d,
    0x60, 0xc6, 0x00, 0x00, 0x6d, 0x4e, 0x10, 0x00, 0x01, 0xed, 0x80, 0x00, 0x00, 0x08, 0xf2, 0x00,
    0x00, 0x34, 0x00, 0x00, 0x53, 0x00, 0x00, 0x60, 0x5e, 0x00, 0x01, 0xfa, 0x00, 0x05, 0xc0, 0x0e,
    0x40, 0x06, 0xde, 0x10, 0x0a, 0x70, 0x0a, 0x90, 0x0b, 0x5c, 0x50, 0x1e, 0x20, 0x05, 0xe0, 0x1e,
    0x17, 0xa0, 0x5c, 0x00, 0x00, 0xe4, 0x6a, 0x02, 0xe1, 0xa7, 0x00, 0x00, 0xa9, 0xc5, 0x00, 0xc6,
    0xe2, 0x00, 0x00, 0x5e, 0xe1, 0x00, 0x7e, 0xc0, 0x00, 0x00, 0x0e, 0xa0, 0x00, 0x2f, 0x70, 0x00,
    0x35, 0x00, 0x00, 0x43, 0x1e, 0x60, 0x04, 0xe2, 0x04, 0xe2, 0x1d, 0x50, 0x00, 0x8c, 0xb9, 0x00,
    0x00, 0x0d, 0xe0, 0x00, 0x00, 0x4e, 0xe5, 0x00, 0x01, 0xe5, 0x4e, 0x20, 0x0b, 0x90, 0x08, 0xc0,
    0x7d, 0x10, 0x00, 0xc8, 0x62, 0x00, 0x00, 0x34, 0x7c, 0x00, 0x01, 0xd4, 0x0d, 0x60, 0x08, 0xa0,
    0x04, 0xe1, 0x3e, 0x10, 0x00, 0xa9, 0xb7, 0x00, 0x00, 0x2e, 0xc0, 0x00, 0x00, 0x0b, 0x70, 0x00,
    0x00, 0x0b, 0x70, 0x00, 0x00, 0x0b, 0x70, 0x00, 0x26, 0x66, 0x66, 0x62, 0x4a, 0xaa, 0xac, 0xf4,
    0x00, 0x00, 0x1d, 0x80, 0x00, 0x00, 0xaa, 0x00, 0x00, 0x08, 0xd1, 0x00, 0x00, 0x5e, 0x20, 0x00,
    0x03, 0xe4, 0x00, 0x00, 0x1d, 0x81, 0x11, 0x10, 0x7f, 0xff, 0xff, 0xf8, 0xae, 0xab, 0x70, 0xb6,
    0x0b, 0x60, 0xb6, 0x0b, 0x60, 0xb6, 0x0b, 0x60, 0xb6, 0x0b, 0x60, 0xbc, 0x74, 0x54, 0x11, 0x00,
    0x00, 0x4c, 0x00, 0x00, 0x0d, 0x20, 0x00, 0x08, 0x80, 0x00, 0x03, 0xd0, 0x00, 0x00, 0xd3, 0x00,
    0x00, 0x78, 0x00, 0x00, 0x2d, 0x00, 0x00, 0x0c, 0x40, 0x00, 0x07, 0x90, 0x00, 0x01, 0xe0, 0x00,
    0x00, 0xb5, 0x00, 0x00, 0x22, 0xae, 0xa0, 0x7b, 0x06, 0xb0, 0x6b, 0x06, 0xb0, 0x6b, 0x06, 0xb0,
    0x6b, 0x06, 0xb0, 0x6b, 0x7c, 0xb4, 0x54, 0x00, 0x1a, 0x10, 0x00, 0x07, 0xc7, 0x00, 0x00, 0xd1,
    0xd0, 0x00, 0x59, 0x09, 0x50, 0x0b, 0x20, 0x2b, 0x00, 0x40, 0x00, 0x40, 0xbb, 0xbb, 0xbb, 0x2b,
    0x40, 0x01, 0x92, 0x01, 0x56, 0x30, 0x01, 0xeb, 0x9e, 0x90, 0x01, 0x00, 0x3f, 0x10, 0x49, 0xaa,
    0xf2, 0x3e, 0x43, 0x3f, 0x25, 0xd0, 0x05, 0xf2, 0x0a, 0xed, 0xaf, 0x20, 0x00, 0x00, 0x00, 0xc3,
    0x00, 0x00, 0x0e, 0x40, 0x00, 0x00, 0xe4, 0x46, 0x40, 0x0e, 0xcc, 0x9d, 0xb0, 0xea, 0x00, 0x1d,
    0x6e, 0x40, 0x00, 0x8a, 0xe5, 0x00, 0x09, 0x9e, 0xd2, 0x04, 0xe4, 0xe8, 0xdf, 0xd5, 0x00, 0x00,
    0x10, 0x00, 0x00, 0x26, 0x51, 0x00, 0x7e, 0xab, 0xe2, 0x3e, 0x20, 0x04, 0x17, 0xb0, 0x00, 0x00,
    0x6c, 0x00, 0x00, 0x01, 0xe6, 0x01, 0xa2, 0x03, 0xcf, 0xf9, 0x00, 0x00, 0x00, 0x00, 0x00, 0x00,
    0x01, 0xe1, 0x00, 0x00, 0x01, 0xf1, 0x00, 0x36, 0x41, 0xf1, 0x08, 0xea, 0xbc, 0xf1, 0x3e, 0x20,
    0x07, 0xf1, 0x7b, 0x00, 0x01, 0xf1, 0x6c, 0x00, 0x02, 0xf1, 0x1e, 0x60, 0x1b, 0xf1, 0x04, 0xcf,
    0xe7, 0xf1, 0x00, 0x01, 0x00, 0x00, 0x00, 0x36, 0x40, 0x00, 0x8d, 0x9b, 0xc1, 0x3e, 0x10, 0x09,
    0x97, 0xd9, 0x99, 0xbc, 0x6c, 0x33, 0x33, 0x31, 0xe7, 0x01, 0x71, 0x03, 0xcf, 0xfb, 0x20, 0x00,
    0x00, 0x00, 0x02, 0xce, 0x60, 0xa9, 0x11, 0x4d, 0x95, 0x17, 0xdb, 0x92, 0x0b, 0x60, 0x00, 0xb6,
    0x00, 0x0b, 0x60, 0x00, 0xb6, 0x00, 0x0b, 0x60, 0x00, 0x00, 0x36, 0x50, 0x51, 0x09, 0xea, 0xac,
    0xe3, 0x4e, 0x20, 0x05, 0xf3, 0x7b, 0x00, 0x00, 0xf3, 0x5d, 0x00, 0x02, 0xf3, 0x1c, 0xb5, 0x6d,
    0xf3, 0x01, 0x7b, 0x94, 0xf2, 0x03, 0x00, 0x05, 0xe0, 0x0d, 0xda, 0xbe, 0x60, 0x00, 0x36, 0x52,
    0x00, 0xc3, 0x00, 0x00, 0x0e, 0x40, 0x00, 0x00, 0xe4, 0x46, 0x40, 0x0e, 0xdc, 0xae, 0x80, 0xe9,
    0x00, 0x4f, 0x1e, 0x40, 0x01, 0xf2, 0xe4, 0x00, 0x0f, 0x2e, 0x40, 0x00, 0xf2, 0xe4, 0x00, 0x0f,
    0x20, 0x00, 0x00, 0xe5, 0x04, 0x10, 0x51, 0x0e, 0x40, 0xe4, 0x0e, 0x40, 0xe4, 0x0e, 0x40, 0xe4,
    0x00, 0x00, 0x00, 0x00, 0xe6, 0x00, 0x04, 0x10, 0x00, 0x52, 0x00, 0x0d, 0x50, 0x00, 0xd5, 0x00,
    0x0d, 0x50, 0x00, 0xd5, 0x00, 0x0d, 0x50, 0x00, 0xd5, 0x00, 0x0e, 0x40, 0xab, 0xe1, 0x04, 0x51,
    0x00, 0xc3, 0x00, 0x00, 0x0e, 0x40, 0x00, 0x00, 0xe4, 0x00, 0x35, 0x0e, 0x40, 0x4e, 0x40, 0xe4,
    0x5e, 0x40, 0x0e, 0xaf, 0xa0, 0x00, 0xed, 0x5e, 0x60, 0x0e, 0x40, 0x4e, 0x30, 0xe4, 0x00, 0x7d,
    0x10, 0xc3, 0xe4, 0xe4, 0xe4, 0xe4, 0xe4, 0xe4, 0xe4, 0xe4, 0x51, 0x46, 0x30, 0x15, 0x51, 0x0e,
    0xdb, 0xaf, 0x8e, 0xac, 0xe2, 0xe9, 0x00, 0x6f, 0x40, 0x0b, 0x8e, 0x40, 0x03, 0xf0, 0x00, 0x8a,
    0xe4, 0x00, 0x3e, 0x00, 0x07, 0xae, 0x40, 0x03, 0xe0, 0x00, 0x7a, 0xe4, 0x00, 0x3e, 0x00, 0x07,
    0xa0, 0x51, 0x46, 0x40, 0x0e, 0xcc, 0xae, 0x80, 0xe9, 0x00, 0x4f, 0x1e, 0x40, 0x01, 0xf2, 0xe4,
    0x00, 0x0f, 0x2e, 0x40, 0x00, 0xf2, 0xe4, 0x00, 0x0f, 0x20, 0x00, 0x26, 0x51, 0x00, 0x08, 0xea,
    0xbe, 0x30, 0x3e, 0x20, 0x07, 0xc0, 0x7b, 0x00, 0x01, 0xf1, 0x6c, 0x00, 0x02, 0xf1, 0x1e, 0x60,
    0x1b, 0xa0, 0x03, 0xcf, 0xe9, 0x10, 0x00, 0x00, 0x00, 0x00, 0x51, 0x46, 0x40, 0x0e, 0xcc, 0x9d,
    0xb0, 0xea, 0x00, 0x1d, 0x6e, 0x40, 0x00, 0x8a, 0xe5, 0x00, 0x09, 0x9e, 0xd2, 0x04, 0xe4, 0xe8,
    0xdf, 0xd5, 0x0e, 0x40, 0x10, 0x00, 0xe4, 0x00, 0x00, 0x04, 0x10, 0x00, 0x00, 0x00, 0x36, 0x50,
    0x50, 0x08, 0xea, 0xbc, 0xf1, 0x3e, 0x20, 0x07, 0xf1, 0x7b, 0x00, 0x01, 0xf1, 0x6c, 0x00, 0x02,
    0xf1, 0x1e, 0x60, 0x1b, 0xf1, 0x04, 0xcf, 0xe8, 0xf1, 0x00, 0x01, 0x01, 0xf1, 0x00, 0x00, 0x01,
    0xf1, 0x00, 0x00, 0x00, 0x50, 0x51, 0x43, 0xec, 0xd5, 0xea, 0x00, 0xe4, 0x00, 0xe4, 0x00, 0xe4,
    0x00, 0xe4, 0x00, 0x01, 0x56, 0x30, 0x2e, 0xa9, 0xd4, 0x7b, 0x00, 0x00, 0x2e, 0xc9, 0x50, 0x00,
    0x47, 0xd7, 0x34, 0x00, 0xa9, 0x5d, 0xfe, 0xb2, 0x00, 0x10, 0x00, 0x08, 0x50, 0x04, 0xd9, 0x51,
    0x7d, 0xb9, 0x20, 0xb6, 0x00, 0x0b, 0x60, 0x00, 0xb6, 0x00, 0x0a, 0x90, 0x10, 0x3e, 0xe7, 0x00,
    0x00, 0x00, 0x51, 0x00, 0x15, 0x0f, 0x30, 0x02, 0xf0, 0xf3, 0x00, 0x2f, 0x0f, 0x30, 0x02, 0xf0,
    0xe3, 0x00, 0x3f, 0x0b, 0xa1, 0x1b, 0xf0, 0x2c, 0xfe, 0x8f, 0x00, 0x00, 0x00, 0x00, 0x51, 0x00,
    0x03, 0x3a, 0x80, 0x00, 0xc5, 0x3e, 0x10, 0x3d, 0x00, 0xc6, 0x0a, 0x70, 0x05, 0xc2, 0xe1, 0x00,
    0x0d, 0xc9, 0x00, 0x00, 0x7f, 0x20, 0x00, 0x51, 0x00, 0x15, 0x00, 0x02, 0x39, 0x70, 0x06, 0xf3,
    0x00, 0xa6, 0x4d, 0x00, 0xcb, 0x90, 0x1e, 0x10, 0xd3, 0x2d, 0x2e, 0x06, 0xa0, 0x07, 0x98, 0x80,
    0xb5, 0xb4, 0x00, 0x2e, 0xd2, 0x05, 0xcd, 0x00, 0x00, 0xbb, 0x00, 0x0e, 0x80, 0x00, 0x34, 0x00,
    0x05, 0x12, 0xe4, 0x09, 0xa0, 0x04, 0xd7, 0xd1, 0x00, 0x08, 0xf3, 0x00, 0x01, 0xdd, 0x80, 0x00,
    0xa9, 0x1d, 0x40, 0x7c, 0x00, 0x4e, 0x20, 0x05, 0x10, 0x00, 0x33, 0x0a, 0x80, 0x00, 0xc5, 0x03,
    0xe1, 0x03, 0xd0, 0x00, 0xb6, 0x0a, 0x70, 0x00, 0x5d, 0x2e, 0x10, 0x00, 0x0d, 0xc9, 0x00, 0x00,
    0x07, 0xf2, 0x00, 0x00, 0x07, 0xa0, 0x00, 0x1c, 0xae, 0x30, 0x00, 0x03, 0x52, 0x00, 0x00, 0x25,
    0x55, 0x54, 0x49, 0x99, 0xe8, 0x00, 0x07, 0xc0, 0x00, 0x5d, 0x20, 0x02, 0xe3, 0x00, 0x1d, 0x60,
    0x00, 0x7f, 0xee, 0xec, 0x00, 0xad, 0x04, 0xe2, 0x05, 0xc0, 0x05, 0xc0, 0x06, 0xc0, 0x4e, 0x70,
    0x18, 0xb0, 0x05, 0xc0, 0x05, 0xc0, 0x05, 0xd0, 0x02, 0xfa, 0x00, 0x25, 0xa4, 0xb5, 0xb5, 0xb5,
    0xb5, 0xb5, 0xb5, 0xb5, 0xb5, 0xb5, 0xb5, 0x42, 0xab, 0x20, 0x1b, 0x80, 0x09, 0x90, 0x09, 0x90,
    0x08, 0x90, 0x04, 0xe6, 0x08, 0xb1, 0x09, 0x90, 0x09, 0x90, 0x09, 0x80, 0x8e, 0x50, 0x43, 0x00,
    0x01, 0x20, 0x01, 0x11, 0xdb, 0xb3, 0xb3, 0x36, 0x05, 0xb8, 0x00, 0x02, 0x62, 0x02, 0xa3, 0xa3,
    0x64, 0x04, 0x72, 0xa4, 0xa3, 0x02, 0x62, 0x00, 0x04, 0x22, 0xfd, 0x09, 0x70, 0x00, 0x00, 0x00,
    0x00, 0x01, 0x55, 0x00, 0x00, 0x00, 0x26, 0xbf, 0xff, 0x00, 0x03, 0x8d, 0xff, 0xff, 0xff, 0x00,
    0x0f, 0xff, 0xff, 0xff, 0xef, 0x00, 0x0f, 0xff, 0xea, 0x51, 0x7f, 0x00, 0x0f, 0xb3, 0x00, 0x00,
    0x7f, 0x00, 0x0f, 0x70, 0x00, 0x00, 0x7f, 0x00, 0x0f, 0x70, 0x00, 0x00, 0x7f, 0x00, 0x0f, 0x70,
    0x01, 0xbe, 0xff, 0x16, 0x7f, 0x70, 0x06, 0xff, 0xfe, 0xcf, 0xff, 0x70, 0x01, 0xbe, 0xd6, 0xcf,
    0xff, 0x40, 0x00, 0x00, 0x00, 0x16, 0x73, 0x00, 0x00, 0x00, 0x00, 0xb4, 0xdf, 0xff, 0xff, 0xfd,
    0x4b, 0xe8, 0xe7, 0x22, 0x22, 0x7e, 0x8e, 0xc0, 0xc6, 0x00, 0x00, 0x6c, 0x0c, 0xfb, 0xf7, 0x11,
    0x11, 0x7f, 0xbf, 0xb0, 0xbf, 0xff, 0xff, 0xfb, 0x0b, 0xfb, 0xf7, 0x11, 0x11, 0x7f, 0xbf, 0xc0,
    0xc6, 0x00, 0x00, 0x6c, 0x0c, 0xe8, 0xe7, 0x22, 0x22, 0x7e, 0x8e, 0xb4, 0xdf, 0xff, 0xff, 0xfd,
    0x4b, 0xab, 0xb4, 0x7b, 0xbb, 0xbb, 0xba, 0xff, 0xf7, 0xbf, 0xff, 0xff, 0xff, 0xff, 0xf7, 0xbf,
    0xff, 0xff, 0xff, 0x34, 0x41, 0x24, 0x44, 0x44, 0x43, 0xef, 0xf6, 0xaf, 0xff, 0xff, 0xfe, 0xff,
    0xf7, 0xbf, 0xff, 0xff, 0xff, 0xef, 0xf6, 0xaf, 0xff, 0xff, 0xfe, 0x34, 0x41, 0x24, 0x44, 0x44,
    0x43, 0xff, 0xf7, 0xbf, 0xff, 0xff, 0xff, 0xff, 0xf7, 0xbf, 0xff, 0xff, 0xff, 0xab, 0xb4, 0x7b,
    0xbb, 0xbb, 0xba, 0x00, 0x00, 0x00, 0x00, 0x03, 0xd4, 0x00, 0x00, 0x00, 0x00, 0x3e, 0xfd, 0x00,
    0x00, 0x00, 0x03, 0xef, 0xe4, 0x4d, 0x30, 0x00, 0x3e, 0xfe, 0x40, 0xdf, 0xe3, 0x03, 0xef, 0xe4,
    0x00, 0x4e, 0xfe, 0x6e, 0xfe, 0x40, 0x00, 0x04, 0xef, 0xff, 0xe4, 0x00, 0x00, 0x00, 0x4e, 0xfe,
    0x40, 0x00, 0x00, 0x00, 0x04, 0xd4, 0x00, 0x00, 0x00, 0x37, 0x00, 0x00, 0x55, 0x0d, 0xfa, 0x00,
    0x7f, 0xf2, 0x7f, 0xfa, 0x7f, 0xfa, 0x00, 0x7f, 0xff, 0xfa, 0x00, 0x00, 0xaf, 0xfe, 0x10, 0x00,
    0x7f, 0xff, 0xfa, 0x00, 0x7f, 0xfa, 0x7f, 0xfa, 0x0d, 0xfa, 0x00, 0x7f, 0xf2, 0x37, 0x00, 0x00,
    0x55, 0x00, 0x00, 0x00, 0x06, 0x60, 0x00, 0x00, 0x00, 0x21, 0x0e, 0xe0, 0x12, 0x00, 0x03, 0xeb,
    0x0e, 0xe0, 0xbe, 0x30, 0x1d, 0xf7, 0x0e, 0xe0, 0x7f, 0xd1, 0x6f, 0xa0, 0x0e, 0xe0, 0x0a, 0xf6,
    0xaf, 0x30, 0x0e, 0xe0, 0x03, 0xfa, 0xcf, 0x10, 0x0e, 0xe0, 0x02, 0xfc, 0xbf, 0x40, 0x02, 0x20,
    0x04, 0xfb, 0x7f, 0xa0, 0x00, 0x00, 0x0a, 0xf7, 0x1e, 0xf8, 0x00, 0x00, 0x8f, 0xe1, 0x03, 0xef,
    0xda, 0xad, 0xfe, 0x30, 0x00, 0x2b, 0xff, 0xff, 0xb2, 0x00, 0x00, 0x00, 0x24, 0x42, 0x00, 0x00,
    0x00, 0x00, 0x14, 0x41, 0x00, 0x00, 0x00, 0x00, 0x7f, 0xf7, 0x00, 0x00, 0x03, 0x43, 0xcf, 0xfc,
    0x34, 0x30, 0x1d, 0xff, 0xff, 0xff, 0xff, 0xd1, 0x6f, 0xff, 0xfb, 0xbf, 0xff, 0xf6, 0x1b, 0xff,
    0x70, 0x07, 0xff, 0xb1, 0x07, 0xff, 0x30, 0x03, 0xff, 0x60, 0x1b, 0xff, 0x70, 0x07, 0xff, 0xb1,
    0x6f, 0xff, 0xfb, 0xbf, 0xff, 0xf6, 0x1d, 0xff, 0xff, 0xff, 0xff, 0xd1, 0x03, 0x43, 0xcf, 0xfc,
    0x34, 0x30, 0x00, 0x00, 0x7f, 0xf7, 0x00, 0x00, 0x00, 0x00, 0x14, 0x41, 0x00, 0x00, 0x00, 0x00,
    0x02, 0xa6, 0x05, 0xb5, 0x00, 0x00, 0x00, 0x4e, 0xff, 0x97, 0xf7, 0x00, 0x00, 0x06, 0xfc, 0x27,
    0xfe, 0xf7, 0x00, 0x00, 0x9f, 0xb4, 0xd8, 0x5e, 0xf7, 0x00, 0x1b, 0xf8, 0x5e, 0xff, 0xb4, 0xde,
    0x50, 0xcf, 0x68, 0xff, 0xff, 0xfd, 0x3b, 0xf5, 0x53, 0x9f, 0xff, 0xff, 0xff, 0xe2, 0x71, 0x00,
    0xbf, 0xfe, 0xbc, 0xff, 0xf4, 0x00, 0x00, 0xbf, 0xf9, 0x02, 0xff, 0xf4, 0x00, 0x00, 0xbf, 0xf9,
    0x02, 0xff, 0xf4, 0x00, 0x00, 0x8b, 0xb6, 0x01, 0xbb, 0xb2, 0x00, 0x00, 0x00, 0x27, 0x72, 0x00,
    0x00, 0x00, 0x00, 0x7f, 0xf7, 0x00, 0x00, 0x00, 0x00, 0x7f, 0xf7, 0x00, 0x00, 0x00, 0x00, 0x7f,
    0xf7, 0x00, 0x00, 0x00, 0x00, 0x7f, 0xf7, 0x00, 0x00, 0x00, 0xdf, 0xff, 0xff, 0xfd, 0x00, 0x00,
    0x4e, 0xff, 0xff, 0xe4, 0x00, 0x00, 0x04, 0xef, 0xfe, 0x40, 0x00, 0x34, 0x44, 0x4e, 0xe4, 0x44,
    0x43, 0xff, 0xff, 0xb4, 0x4b, 0xff, 0xff, 0xff, 0xff, 0xfe, 0xef, 0xff, 0xff, 0xff, 0xff, 0xff,
    0xff, 0x6c, 0x9f, 0x67, 0x77, 0x77, 0x77, 0x77, 0x76, 0x00, 0x5e, 0xff, 0xff, 0xff, 0xb0, 0x00,
    0x01, 0xec, 0x77, 0x77, 0x78, 0xf7, 0x00, 0x0a, 0xf2, 0x00, 0x00, 0x00, 0x9f, 0x30, 0x5f, 0x70,
    0x00, 0x00, 0x00, 0x1e, 0xc0, 0xdf, 0x87, 0x60, 0x00, 0x27, 0x7b, 0xf6, 0xff, 0xff, 0xf3, 0x00,
    0xaf, 0xff, 0xf7, 0xff, 0xff, 0xff, 0xff, 0xff, 0xff, 0xf7, 0xff, 0xff, 0xff, 0xff, 0xff, 0xff,
    0xf7, 0xaf, 0xff, 0xff, 0xff, 0xff, 0xff, 0xe3, 0x00, 0x00, 0x24, 0x41, 0x00, 0x57, 0x00, 0x2b,
    0xff, 0xff, 0xb2, 0x9f, 0x03, 0xef, 0xa7, 0x7a, 0xfe, 0xcf, 0x1e, 0xf4, 0x00, 0x00, 0x4e, 0xff,
    0x7f, 0x70, 0x00, 0x3d, 0xde, 0xff, 0x7b, 0x10, 0x00, 0x2b, 0xbb, 0xbb, 0x00, 0x00, 0x00, 0x00,
    0x00, 0x00, 0xbb, 0xbb, 0xb2, 0x00, 0x01, 0xb7, 0xff, 0xed, 0xd3, 0x00, 0x07, 0xf6, 0xff, 0xe4,
    0x00, 0x00, 0x4f, 0xd1, 0xfc, 0xef, 0xa7, 0x7b, 0xfe, 0x30, 0xf9, 0x2b, 0xff, 0xff, 0xb2, 0x00,
    0x75, 0x00, 0x14, 0x42, 0x00, 0x00, 0x00, 0x00, 0x5c, 0x00, 0x05, 0xff, 0xab, 0xbf, 0xff, 0xff,
    0xff, 0xff, 0xff, 0xff, 0xff, 0xff, 0xff, 0xff, 0xab, 0xbf, 0xff, 0x00, 0x05, 0xff, 0x00, 0x00,
    0x5c, 0x00, 0x00, 0x4c, 0x00, 0x00, 0x00, 0x4f, 0xf0, 0x00, 0xab, 0xbf, 0xff, 0x03, 0x0f, 0xff,
    0xff, 0xf0, 0xb9, 0xff, 0xff, 0xff, 0x04, 0xef, 0xff, 0xff, 0xf0, 0xba, 0xac, 0xcf, 0xff, 0x04,
    0x00, 0x00, 0x5f, 0xf0, 0x00, 0x00, 0x00, 0x5d, 0x00, 0x00, 0x00, 0x00, 0x00, 0x00, 0x00, 0x10,
    0x00, 0x00, 0x00, 0x00, 0x00, 0x04, 0xe3, 0x00, 0x00, 0x00, 0x5c, 0x00, 0x11, 0x6e, 0x20, 0x00,
    0x05, 0xff, 0x00, 0x7d, 0x29, 0xb0, 0xab, 0xbf, 0xff, 0x03, 0x09, 0xb1, 0xf2, 0xff, 0xff, 0xff,
    0x0b, 0xa1, 0xf2, 0xb6, 0xff, 0xff, 0xff, 0x04, 0xe0, 0xe3, 0xa7, 0xff, 0xff, 0xff, 0x0b, 0xa1,
    0xf2, 0xb6, 0xab, 0xbf, 0xff, 0x03, 0x09, 0xb1, 0xf2, 0x00, 0x05, 0xff, 0x00, 0x7d, 0x29, 0xb0,
    0x00, 0x00, 0x5c, 0x00, 0x11, 0x6e, 0x20, 0x00, 0x00, 0x00, 0x00, 0x04, 0xe3, 0x00, 0x00, 0x00,
    0x00, 0x00, 0x00, 0x10, 0x00, 0xaf, 0xff, 0xff, 0xff, 0xff, 0xfa, 0xfd, 0x6b, 0xff, 0xff, 0xff,
    0xff, 0xf6, 0x03, 0xff, 0xff, 0xef, 0xff, 0xfb, 0x39, 0xff, 0xf6, 0x1c, 0xff, 0xff, 0xfc, 0xff,
    0x60, 0x01, 0xcf, 0xff, 0x60, 0x96, 0x00, 0x00, 0x7f, 0xf9, 0x00, 0x00, 0x00, 0x00, 0x7f, 0xfb,
    0x77, 0x77, 0x77, 0x77, 0xbf, 0xaf, 0xff, 0xff, 0xff, 0xff, 0xfa, 0x00, 0x02, 0x30, 0x00, 0x00,
    0x00, 0xbe, 0x10, 0x00, 0x00, 0x2f, 0xf6, 0x00, 0x00, 0x0a, 0xff, 0xd1, 0x00, 0x05, 0xff, 0xff,
    0x90, 0x01, 0xdf, 0xff, 0xff, 0x30, 0x8f, 0xff, 0xff, 0xfc, 0x0d, 0xff, 0xff, 0xff, 0xf2, 0xe9,
    0xbf, 0xff, 0xff, 0x3c, 0xc5, 0xff, 0xff, 0xf1, 0x5f, 0xa3, 0xbf, 0xf9, 0x00, 0x7f, 0xff, 0xfa,
    0x10, 0x00, 0x26, 0x63, 0x00, 0x00, 0x5b, 0x20, 0x00, 0x58, 0x7f, 0x30, 0x06, 0xff, 0x7f, 0x30,
    0x7f, 0xff, 0x7f, 0x38, 0xff, 0xff, 0x7f, 0xcf, 0xff, 0xff, 0x7f, 0xff, 0xff, 0xff, 0x7f, 0xcf,
    0xff, 0xff, 0x7f, 0x39, 0xff, 0xff, 0x7f, 0x30, 0x7f, 0xff, 0x7f, 0x30, 0x06, 0xff, 0x5b, 0x20,
    0x00, 0x58, 0x46, 0x00, 0x00, 0x00, 0x00, 0x0e, 0xfd, 0x40, 0x00, 0x00, 0x00, 0xff, 0xff, 0xa2,
    0x00, 0x00, 0x0f, 0xff, 0xff, 0xe7, 0x00, 0x00, 0xff, 0xff, 0xff, 0xfd, 0x50, 0x0f, 0xff, 0xff,
    0xff, 0xff, 0xb1, 0xff, 0xff, 0xff, 0xff, 0xff, 0x7f, 0xff, 0xff, 0xff, 0xff, 0xb1, 0xff, 0xff,
    0xff, 0xfd, 0x50, 0x0f, 0xff, 0xff, 0xe7, 0x00, 0x00, 0xff, 0xff, 0xa2, 0x00, 0x00, 0x0e, 0xfd,
    0x40, 0x00, 0x00, 0x00, 0x46, 0x00, 0x00, 0x00, 0x00, 0x00, 0x6c, 0xca, 0x20, 0x6c, 0xca, 0x2f,
    0xff, 0xf7, 0x0f, 0xff, 0xf7, 0xff, 0xff, 0x70, 0xff, 0xff, 0x7f, 0xff, 0xf7, 0x0f, 0xff, 0xf7,
    0xff, 0xff, 0x70, 0xff, 0xff, 0x7f, 0xff, 0xf7, 0x0f, 0xff, 0xf7, 0xff, 0xff, 0x70, 0xff, 0xff,
    0x7f, 0xff, 0xf7, 0x0f, 0xff, 0xf7, 0xff, 0xff, 0x70, 0xff, 0xff, 0x7f, 0xff, 0xf7, 0x0f, 0xff,
    0xf7, 0x6b, 0xba, 0x20, 0x6b, 0xba, 0x20, 0x6b, 0xbb, 0xbb, 0xbb, 0xba, 0x2f, 0xff, 0xff, 0xff,
    0xff, 0xf7, 0xff, 0xff, 0xff, 0xff, 0xff, 0x7f, 0xff, 0xff, 0xff, 0xff, 0xf7, 0xff, 0xff, 0xff,
    0xff, 0xff, 0x7f, 0xff, 0xff, 0xff, 0xff, 0xf7, 0xff, 0xff, 0xff, 0xff, 0xff, 0x7f, 0xff, 0xff,
    0xff, 0xff, 0xf7, 0xff, 0xff, 0xff, 0xff, 0xff, 0x7f, 0xff, 0xff, 0xff, 0xff, 0xf7, 0x6b, 0xbb,
    0xbb, 0xbb, 0xba, 0x20, 0x39, 0x10, 0x00, 0x7b, 0x7f, 0xc1, 0x00, 0xaf, 0x7f, 0xfd, 0x20, 0xaf,
    0x7f, 0xff, 0xe3, 0xaf, 0x7f, 0xff, 0xfe, 0xdf, 0x7f, 0xff, 0xff, 0xff, 0x7f, 0xff, 0xfe, 0xdf,
    0x7f, 0xff, 0xd2, 0xaf, 0x7f, 0xfd, 0x20, 0xaf, 0x7f, 0xc1, 0x00, 0xaf, 0x39, 0x10, 0x00, 0x7b,
    0x00, 0x00, 0x59, 0x10, 0x00, 0x00, 0x00, 0x6f, 0xfc, 0x10, 0x00, 0x00, 0x5f, 0xff, 0xfb, 0x00,
    0x00, 0x4e, 0xff, 0xff, 0xfa, 0x00, 0x3e, 0xff, 0xff, 0xff, 0xf9, 0x0d, 0xff, 0xff, 0xff, 0xff,
    0xf5, 0xaf, 0xff, 0xff, 0xff, 0xfe, 0x42, 0x44, 0x44, 0x44, 0x44, 0x40, 0xef, 0xff, 0xff, 0xff,
    0xff, 0x7f, 0xff, 0xff, 0xff, 0xff, 0xf7, 0x9b, 0xbb, 0xbb, 0xbb, 0xbb, 0x30, 0x00, 0x00, 0x07,
    0x30, 0x00, 0x09, 0xfb, 0x00, 0x09, 0xfe, 0x20, 0x09, 0xfe, 0x20, 0x09, 0xfe, 0x20, 0x04, 0xff,
    0x50, 0x00, 0x09, 0xfe, 0x20, 0x00, 0x09, 0xfe, 0x20, 0x00, 0x09, 0xfe, 0x20, 0x00, 0x09, 0xfb,
    0x00, 0x00, 0x07, 0x30, 0x07, 0x20, 0x00, 0x04, 0xfe, 0x20, 0x00, 0x09, 0xfe, 0x20, 0x00, 0x09,
    0xfe, 0x20, 0x00, 0x09, 0xfe, 0x20, 0x00, 0x0c, 0xfb, 0x00, 0x09, 0xfe, 0x20, 0x09, 0xfe, 0x20,
    0x09, 0xfe, 0x20, 0x04, 0xfe, 0x20, 0x00, 0x07, 0x20, 0x00, 0x00, 0x00, 0x00, 0x7b, 0x20, 0x00,
    0x00, 0x00, 0x0d, 0xf6, 0x00, 0x00, 0x00, 0x00, 0xdf, 0x60, 0x00, 0x00, 0x00, 0x0d, 0xf6, 0x00,
    0x00, 0x79, 0x99, 0xef, 0xb9, 0x99, 0x2f, 0xff, 0xff, 0xff, 0xff, 0xf7, 0x79, 0x99, 0xef, 0xb9,
    0x99, 0x20, 0x00, 0x0d, 0xf6, 0x00, 0x00, 0x00, 0x00, 0xdf, 0x60, 0x00, 0x00, 0x00, 0x0d, 0xf6,
    0x00, 0x00, 0x00, 0x00, 0x7b, 0x20, 0x00, 0x00, 0x79, 0x99, 0x99, 0x99, 0x99, 0x2f, 0xff, 0xff,
    0xff, 0xff, 0xf7, 0x79, 0x99, 0x99, 0x99, 0x99, 0x20, 0x00, 0x03, 0x9d, 0xfe, 0xc7, 0x10, 0x00,
    0x00, 0x9f, 0xe6, 0x34, 0xaf, 0xd3, 0x00, 0x0b, 0xfe, 0x20, 0x89, 0x19, 0xfe, 0x40, 0x7f, 0xf9,
    0x01, 0xcf, 0xb1, 0xff, 0xe1, 0xef, 0xf6, 0x7e, 0xff, 0xe0, 0xef, 0xf7, 0x7f, 0xf9, 0x3f, 0xff,
    0xb1, 0xff, 0xe1, 0x0b, 0xfe, 0x25, 0xa9, 0x19, 0xfe, 0x40, 0x00, 0x9f, 0xe6, 0x34, 0xaf, 0xd3,
    0x00, 0x00, 0x03, 0x9d, 0xfe, 0xc7, 0x10, 0x00, 0x42, 0x00, 0x00, 0x00, 0x00, 0x00, 0x00, 0x0d,
    0xe5, 0x00, 0x00, 0x00, 0x00, 0x00, 0x00, 0x2c, 0xf8, 0x4a, 0xdf, 0xeb, 0x50, 0x00, 0x00, 0x09,
    0xff, 0xc5, 0x35, 0xcf, 0xb1, 0x00, 0x00, 0x05, 0xee, 0x4a, 0x71, 0xcf, 0xd1, 0x00, 0xb8, 0x03,
    0xdf, 0xff, 0x75, 0xff, 0xb0, 0x3f, 0xfb, 0x11, 0xaf, 0xfb, 0x3f, 0xff, 0x30, 0xbf, 0xf5, 0x00,
    0x7f, 0xd8, 0xff, 0xb0, 0x01, 0xdf, 0xc0, 0x00, 0x4e, 0xff, 0xd2, 0x00, 0x01, 0xbf, 0xc5, 0x21,
    0x1b, 0xfa, 0x00, 0x00, 0x00, 0x5b, 0xef, 0xb1, 0x08, 0xfc, 0x20, 0x00, 0x00, 0x00, 0x00, 0x00,
    0x05, 0xed, 0x00, 0x00, 0x00, 0x00, 0x00, 0x00, 0x02, 0x40, 0x00, 0x00, 0x00, 0x63, 0x00, 0x00,
    0x00, 0x00, 0x00, 0x07, 0xfe, 0x10, 0x00, 0x00, 0x00, 0x00, 0x2e, 0xff, 0x80, 0x00, 0x00, 0x00,
    0x00, 0xaf, 0xff, 0xf2, 0x00, 0x00, 0x00, 0x03, 0xfe, 0x9b, 0xfb, 0x00, 0x00, 0x00, 0x0c, 0xfb,
    0x04, 0xff, 0x40, 0x00, 0x00, 0x6f, 0xfc, 0x05, 0xff, 0xd0, 0x00, 0x01, 0xef, 0xfd, 0x06, 0xff,
    0xf7, 0x00, 0x08, 0xff, 0xff, 0x8c, 0xff, 0xfe, 0x10, 0x2f, 0xff, 0xfd, 0x05, 0xff, 0xff, 0x90,
    0xaf, 0xff, 0xfe, 0x38, 0xff, 0xff, 0xf3, 0xef, 0xff, 0xff, 0xff, 0xff, 0xff, 0xf6, 0x47, 0x77,
    0x77, 0x77, 0x77, 0x77, 0x71, 0x00, 0x00, 0x00, 0x00, 0x09, 0x20, 0x34, 0x40, 0x00, 0x02, 0x4f,
    0xd2, 0xff, 0xfa, 0x00, 0x4e, 0xff, 0xfd, 0x99, 0xdf, 0x73, 0xef, 0xaf, 0xf6, 0x00, 0x1a, 0x3e,
    0xf7, 0x0e, 0x60, 0x00, 0x02, 0xdf, 0x80, 0x01, 0x00, 0x00, 0x1d, 0xf9, 0x67, 0x0e, 0x60, 0x99,
    0xdf, 0x91, 0xef, 0xaf, 0xf6, 0xff, 0xfa, 0x00, 0x4e, 0xff, 0xfd, 0x34, 0x40, 0x00, 0x02, 0x4f,
    0xd2, 0x00, 0x00, 0x00, 0x00, 0x09, 0x20, 0x00, 0x00, 0x27, 0x00, 0x00, 0x00, 0x00, 0x2e, 0xf9,
    0x00, 0x00, 0x00, 0x2e, 0xff, 0xf9, 0x00, 0x00, 0x2e, 0xf9, 0x2e, 0xf9, 0x00, 0x2e, 0xf9, 0x00,
    0x2e, 0xf9, 0x0b, 0xf9, 0x00, 0x00, 0x2e, 0xf4, 0x36, 0x00, 0x00, 0x00, 0x27, 0x00, 0x36, 0x00,
    0x00, 0x00, 0x27, 0x0b, 0xf9, 0x00, 0x00, 0x2e, 0xf4, 0x2e, 0xf9, 0x00, 0x2e, 0xf9, 0x00, 0x2e,
    0xf9, 0x2e, 0xf9, 0x00, 0x00, 0x2e, 0xff, 0xf9, 0x00, 0x00, 0x00, 0x2e, 0xf9, 0x00, 0x00, 0x00,
    0x00, 0x27, 0x00, 0x00, 0x00, 0x00, 0x00, 0x00, 0x00, 0x00, 0x00, 0x00, 0x00, 0x1b, 0xb1, 0x03,
    0x44, 0x44, 0x42, 0x00, 0x1c, 0xff, 0xc1, 0xef, 0xff, 0xff, 0xb0, 0x0b, 0xfe, 0xef, 0xb2, 0x44,
    0x44, 0xcb, 0x00, 0x64, 0xbb, 0x46, 0x00, 0x00, 0x0b, 0xb0, 0x00, 0x0b, 0xb0, 0x00, 0x00, 0x00,
    0xbb, 0x00, 0x00, 0xbb, 0x00, 0x00, 0x06, 0x4b, 0xb4, 0x60, 0x0b, 0xc4, 0x44, 0x42, 0xbf, 0xee,
    0xfb, 0x00, 0xbf, 0xff, 0xff, 0xe1, 0xcf, 0xfc, 0x10, 0x02, 0x44, 0x44, 0x43, 0x01, 0xbb, 0x10,
    0x00, 0x00, 0x00, 0x00, 0x00, 0x00, 0x00, 0x00, 0xaf, 0xff, 0xf6, 0x00, 0x00, 0x00, 0xff, 0xff,
    0xff, 0x97, 0x77, 0x73, 0xff, 0xff, 0xff, 0xff, 0xff, 0xfe, 0xff, 0xff, 0xff, 0xff, 0xff, 0xff,
    0xff, 0xff, 0xff, 0xff, 0xff, 0xff, 0xff, 0xff, 0xff, 0xff, 0xff, 0xff, 0xff, 0xff, 0xff, 0xff,
    0xff, 0xff, 0xff, 0xff, 0xff, 0xff, 0xff, 0xff, 0xaf, 0xff, 0xff, 0xff, 0xff, 0xfa, 0x00, 0x00,
    0x03, 0x30, 0x00, 0x00, 0x00, 0x00, 0x4e, 0xe4, 0x00, 0x00, 0x00, 0x04, 0xef, 0xfe, 0x40, 0x00,
    0x00, 0x4e, 0xff, 0xff, 0xe4, 0x00, 0x00, 0xdf, 0xff, 0xff, 0xfd, 0x00, 0x00, 0x00, 0x7f, 0xf7,
    0x00, 0x00, 0x00, 0x00, 0x7f, 0xf7, 0x00, 0x00, 0x00, 0x00, 0x7f, 0xf7, 0x00, 0x00, 0x34, 0x43,
    0x7f, 0xf7, 0x34, 0x43, 0xff, 0xfe, 0x37, 0x73, 0xef, 0xff, 0xff, 0xff, 0xeb, 0xbe, 0xff, 0xff,
    0xff, 0xff, 0xff, 0xff, 0x6c, 0x9f, 0x67, 0x77, 0x77, 0x77, 0x77, 0x76, 0x00, 0x00, 0x00, 0x00,
    0x26, 0x20, 0x00, 0x00, 0x00, 0x00, 0xcf, 0xfc, 0x00, 0x00, 0x00, 0x03, 0xff, 0xfe, 0x00, 0x00,
    0x00, 0x08, 0xff, 0xfc, 0x00, 0x00, 0x00, 0x02, 0xdf, 0xf9, 0x00, 0x00, 0x00, 0x00, 0x4f, 0xf4,
    0x00, 0x00, 0x00, 0x00, 0xcf, 0xc0, 0x00, 0x01, 0x00, 0x09, 0xff, 0x40, 0x18, 0xee, 0x21, 0xaf,
    0xf7, 0x00, 0xdf, 0xff, 0xde, 0xff, 0x80, 0x00, 0xcf, 0xff, 0xff, 0xe6, 0x00, 0x00, 0x8f, 0xff,
    0xe9, 0x10, 0x00, 0x00, 0x17, 0x63, 0x00, 0x00, 0x00, 0x00, 0x19, 0xa5, 0x00, 0x00, 0x44, 0x0b,
    0xfd, 0xf3, 0x00, 0x9f, 0xf4, 0xe9, 0x2f, 0x70, 0xaf, 0xf8, 0x0b, 0xfd, 0xf9, 0xaf, 0xf8, 0x00,
    0x19, 0xcf, 0xff, 0xf8, 0x00, 0x00, 0x00, 0xdf, 0xfb, 0x00, 0x00, 0x19, 0xcf, 0xff, 0xf8, 0x00,
    0x0b, 0xfd, 0xf9, 0xaf, 0xf8, 0x00, 0xe9, 0x2f, 0x70, 0xaf, 0xf8, 0x0b, 0xfd, 0xf3, 0x00, 0x9f,
    0xf4, 0x19, 0xa5, 0x00, 0x00, 0x44, 0x00, 0x00, 0x06, 0x77, 0x74, 0x40, 0x00, 0x00, 0xff, 0xff,
    0x7b, 0x90, 0x34, 0x1f, 0xff, 0xf8, 0x8b, 0x4f, 0xf4, 0xff, 0xff, 0xd8, 0x74, 0xff, 0x4f, 0xff,
    0xff, 0xff, 0x7f, 0xf4, 0xff, 0xff, 0xff, 0xf7, 0xff, 0x4f, 0xff, 0xff, 0xff, 0x7f, 0xf4, 0xff,
    0xff, 0xff, 0xf7, 0xff, 0x4f, 0xff, 0xff, 0xff, 0x7f, 0xf4, 0xff, 0xff, 0xff, 0xf7, 0xff, 0xa4,
    0x44, 0x44, 0x44, 0x1f, 0xff, 0xff, 0xff, 0x70, 0x00, 0x67, 0x77, 0x77, 0x72, 0x00, 0x00, 0x6b,
    0xbb, 0xbb, 0xba, 0x30, 0x0f, 0xeb, 0xbb, 0xbb, 0xee, 0x30, 0xf8, 0x00, 0x00, 0x08, 0xfe, 0x2f,
    0x70, 0x00, 0x00, 0x7f, 0xf7, 0xfa, 0x44, 0x44, 0x4a, 0xff, 0x7f, 0xff, 0xff, 0xff, 0xff, 0xf7,
    0xff, 0xff, 0x96, 0xdf, 0xff, 0x7f, 0xff, 0xd0, 0x06, 0xff, 0xf7, 0xff, 0xff, 0x20, 0x9f, 0xff,
    0x7f, 0xff, 0xff, 0xdf, 0xff, 0xf7, 0x6b, 0xbb, 0xbb, 0xbb, 0xba, 0x20, 0x11, 0x11, 0x11, 0x11,
    0x11, 0x0f, 0xff, 0xff, 0xff, 0xff, 0xf7, 0x89, 0x99, 0x99, 0x99, 0x99, 0x40, 0x00, 0x00, 0x00,
    0x00, 0x00, 0x55, 0x55, 0x55, 0x55, 0x55, 0x2f, 0xff, 0xff, 0xff, 0xff, 0xf7, 0x55, 0x55, 0x55,
    0x55, 0x55, 0x20, 0x00, 0x00, 0x00, 0x00, 0x00, 0x89, 0x99, 0x99, 0x99, 0x99, 0x4f, 0xff, 0xff,
    0xff, 0xff, 0xf7, 0x11, 0x11, 0x11, 0x11, 0x11, 0x00, 0xaf, 0xff, 0xff, 0xff, 0xff, 0xfa, 0xef,
    0xff, 0xff, 0xff, 0xff, 0xfe, 0x4d, 0xff, 0xff, 0xff, 0xff, 0xd4, 0xc3, 0xbf, 0xff, 0xff, 0xfb,
    0x3c, 0xfe, 0x57, 0xff, 0xff, 0x75, 0xef, 0xff, 0xf9, 0x4c, 0xc4, 0x9f, 0xff, 0xff, 0xff, 0xd5,
    0x5d, 0xff, 0xff, 0xff, 0xff, 0xff, 0xff, 0xff, 0xff, 0xaf, 0xff, 0xff, 0xff, 0xff, 0xfa, 0x17,
    0x77, 0x71, 0x00, 0x5f, 0xff, 0xf2, 0x00, 0x7f, 0xff, 0xc0, 0x00, 0x9f, 0xff, 0x70, 0x00, 0xbf,
    0xff, 0xcb, 0xb4, 0xdf, 0xff, 0xff, 0xf3, 0xef, 0xff, 0xff, 0x90, 0x34, 0x4c, 0xfe, 0x10, 0x00,
    0x0e, 0xf7, 0x00, 0x00, 0x3f, 0xd0, 0x00, 0x00, 0x6f, 0x40, 0x00, 0x00, 0xab, 0x00, 0x00, 0x00,
    0x42, 0x00, 0x00, 0x00, 0x16, 0x40, 0x00, 0x00, 0x0a, 0xbd, 0xad, 0xbb, 0x40, 0x00, 0xff, 0xfa,
    0xef, 0xf7, 0x00, 0x0f, 0xff, 0xd8, 0x77, 0x40, 0x00, 0xff, 0xf4, 0xbb, 0xb6, 0x71, 0x0f, 0xff,
    0x4f, 0xff, 0x7b, 0xc1, 0xff, 0xf4, 0xff, 0xf8, 0x67, 0x3f, 0xff, 0x4f, 0xff, 0xeb, 0xb6, 0xff,
    0xf4, 0xff, 0xff, 0xff, 0x7f, 0xff, 0x4f, 0xff, 0xff, 0xf7, 0x34, 0x44, 0xff, 0xff, 0xff, 0x70,
    0x00, 0x4f, 0xff, 0xff, 0xf7, 0x00, 0x01, 0x77, 0x77, 0x77, 0x20, 0x00, 0x00, 0x25, 0x00, 0x00,
    0x00, 0x00, 0x09, 0xf1, 0x00, 0x00, 0x00, 0x3d, 0xff, 0xf8, 0x00, 0x00, 0x1d, 0xff, 0xff, 0xf7,
    0x00, 0x05, 0xff, 0xff, 0xff, 0xd0, 0x00, 0x8f, 0xff, 0xff, 0xff, 0x00, 0x0a, 0xff, 0xff, 0xff,
    0xf2, 0x00, 0xdf, 0xff, 0xff, 0xff, 0x50, 0x6f, 0xff, 0xff, 0xff, 0xfd, 0x1e, 0xff, 0xff, 0xff,
    0xff, 0xf6, 0x24, 0x44, 0x44, 0x44, 0x44, 0x00, 0x00, 0x2f, 0xf9, 0x00, 0x00, 0x00, 0x00, 0x36,
    0x10, 0x00, 0x00, 0xaf, 0xff, 0xff, 0xff, 0xff, 0xff, 0xe3, 0xfc, 0x8e, 0x8e, 0x8c, 0xaa, 0xc8,
    0xf7, 0xf8, 0x1c, 0x0c, 0x18, 0x44, 0x81, 0xf7, 0xff, 0xeb, 0xfb, 0xec, 0xdd, 0xcf, 0xf7, 0xff,
    0x90, 0xb0, 0x92, 0x66, 0x2f, 0xf7, 0xff, 0xeb, 0xfb, 0xec, 0xdd, 0xcf, 0xf7, 0xf8, 0x1c, 0x00,
    0x00, 0x04, 0x81, 0xf7, 0xfc, 0x8e, 0x87, 0x77, 0x7a, 0xc8, 0xf7, 0xaf, 0xff, 0xff, 0xff, 0xff,
    0xff, 0xe3, 0x00, 0x00, 0x00, 0x00, 0x01, 0x63, 0x00, 0x00, 0x00, 0x01, 0x8e, 0xfe, 0x00, 0x00,
    0x02, 0x9f, 0xff, 0xfb, 0x00, 0x03, 0xaf, 0xff, 0xff, 0xf4, 0x05, 0xbf, 0xff, 0xff, 0xff, 0xc0,
    0xaf, 0xff, 0xff, 0xff, 0xff, 0x50, 0xcf, 0xff, 0xff, 0xff, 0xfd, 0x00, 0x14, 0x44, 0x4c, 0xff,
    0xf6, 0x00, 0x00, 0x00, 0x0b, 0xff, 0xe1, 0x00, 0x00, 0x00, 0x0b, 0xff, 0x70, 0x00, 0x00, 0x00,
    0x0b, 0xfe, 0x10, 0x00, 0x00, 0x00, 0x0a, 0xf8, 0x00, 0x00, 0x00, 0x00, 0x02, 0x60, 0x00, 0x00,
    0x67, 0x77, 0x72, 0x40, 0x0f, 0xff, 0xff, 0x4f, 0x60, 0xff, 0xff, 0xf4, 0xff, 0x6f, 0xff, 0xff,
    0x47, 0x77, 0xff, 0xff, 0xfd, 0xbb, 0xbf, 0xff, 0xff, 0xff, 0xff, 0xff, 0xff, 0xff, 0xff, 0xff,
    0xff, 0xff, 0xff, 0xff, 0xff, 0xff, 0xff, 0xff, 0xff, 0xff, 0xff, 0xff, 0xff, 0xff, 0xff, 0xff,
    0xff, 0xff, 0xff, 0xff, 0xff, 0xff, 0x67, 0x77, 0x77, 0x77, 0x60, 0x00, 0x01, 0x58, 0xbb, 0xb8,
    0x51, 0x00, 0x00, 0x18, 0xef, 0xff, 0xff, 0xff, 0xe8, 0x10, 0x3d, 0xff, 0xa5, 0x32, 0x35, 0xaf,
    0xfd, 0x3d, 0xfa, 0x20, 0x00, 0x00, 0x00, 0x2a, 0xfd, 0x25, 0x00, 0x5b, 0xef, 0xeb, 0x50, 0x05,
    0x20, 0x01, 0xbf, 0xff, 0xdf, 0xff, 0xb1, 0x00, 0x00, 0x2e, 0xc4, 0x00, 0x04, 0xce, 0x20, 0x00,
    0x00, 0x10, 0x00, 0x20, 0x00, 0x10, 0x00, 0x00, 0x00, 0x00, 0xaf, 0xa0, 0x00, 0x00, 0x00, 0x00,
    0x00, 0x0d, 0xfd, 0x00, 0x00, 0x00, 0x00, 0x00, 0x00, 0x4a, 0x40, 0x00, 0x00, 0x00, 0x14, 0x44,
    0x44, 0x44, 0x44, 0x44, 0x42, 0x0d, 0xff, 0xff, 0xff, 0xff, 0xff, 0xff, 0xf2, 0xf9, 0x44, 0x44,
    0x44, 0x44, 0x44, 0x7f, 0xbf, 0x7b, 0xff, 0xff, 0xff, 0xff, 0xf3, 0xdf, 0xf7, 0xbf, 0xff, 0xff,
    0xff, 0xff, 0x07, 0xff, 0x7b, 0xff, 0xff, 0xff, 0xff, 0xf3, 0xdf, 0xf9, 0x44, 0x44, 0x44, 0x44,
    0x44, 0x7f, 0xbd, 0xff, 0xff, 0xff, 0xff, 0xff, 0xff, 0xf2, 0x14, 0x44, 0x44, 0x44, 0x44, 0x44,
    0x42, 0x00, 0x14, 0x44, 0x44, 0x44, 0x44, 0x44, 0x42, 0x0d, 0xff, 0xff, 0xff, 0xff, 0xff, 0xff,
    0xf2, 0xf9, 0x44, 0x44, 0x44, 0x44, 0x44, 0x7f, 0xbf, 0x7b, 0xff, 0xff, 0xff, 0xb0, 0x03, 0xdf,
    0xf7, 0xbf, 0xff, 0xff, 0xfb, 0x00, 0x07, 0xff, 0x7b, 0xff, 0xff, 0xff, 0xb0, 0x03, 0xdf, 0xf9,
    0x44, 0x44, 0x44, 0x44, 0x44, 0x7f, 0xbd, 0xff, 0xff, 0xff, 0xff, 0xff, 0xff, 0xf2, 0x14, 0x44,
    0x44, 0x44, 0x44, 0x44, 0x42, 0x00, 0x14, 0x44, 0x44, 0x44, 0x44, 0x44, 0x42, 0x0d, 0xff, 0xff,
    0xff, 0xff, 0xff, 0xff, 0xf2, 0xf9, 0x44, 0x44, 0x44, 0x44, 0x44, 0x7f, 0xbf, 0x7b, 0xff, 0xff,
    0x70, 0x00, 0x03, 0xdf, 0xf7, 0xbf, 0xff, 0xf7, 0x00, 0x00, 0x07, 0xff, 0x7b, 0xff, 0xff, 0x70,
    0x00, 0x03, 0xdf, 0xf9, 0x44, 0x44, 0x44, 0x44, 0x44, 0x7f, 0xbd, 0xff, 0xff, 0xff, 0xff, 0xff,
    0xff, 0xf2, 0x14, 0x44, 0x44, 0x44, 0x44, 0x44, 0x42, 0x00, 0x14, 0x44, 0x44, 0x44, 0x44, 0x44,
    0x42, 0x0d, 0xff, 0xff, 0xff, 0xff, 0xff, 0xff, 0xf2, 0xf9, 0x44, 0x44, 0x44, 0x44, 0x44, 0x7f,
    0xbf, 0x7b, 0xff, 0x40, 0x00, 0x00, 0x03, 0xdf, 0xf7, 0xbf, 0xf4, 0x00, 0x00, 0x00, 0x07, 0xff,
    0x7b, 0xff, 0x40, 0x00, 0x00, 0x03, 0xdf, 0xf9, 0x44, 0x44, 0x44, 0x44, 0x44, 0x7f, 0xbd, 0xff,
    0xff, 0xff, 0xff, 0xff, 0xff, 0xf2, 0x14, 0x44, 0x44, 0x44, 0x44, 0x44, 0x42, 0x00, 0x14, 0x44,
    0x44, 0x44, 0x44, 0x44, 0x42, 0x0d, 0xff, 0xff, 0xff, 0xff, 0xff, 0xff, 0xf2, 0xf9, 0x44, 0x44,
    0x44, 0x44, 0x44, 0x7f, 0xbf, 0x70, 0x00, 0x00, 0x00, 0x00, 0x03, 0xdf, 0xf7, 0x00, 0x00, 0x00,
    0x00, 0x00, 0x07, 0xff, 0x70, 0x00, 0x00, 0x00, 0x00, 0x03, 0xdf, 0xf9, 0x44, 0x44, 0x44, 0x44,
    0x44, 0x7f, 0xbd, 0xff, 0xff, 0xff, 0xff, 0xff, 0xff, 0xf2, 0x14, 0x44, 0x44, 0x44, 0x44, 0x44,
    0x42, 0x00, 0x00, 0x00, 0x00, 0x00, 0x00, 0x00, 0x00, 0x00, 0x00, 0x00, 0x02, 0x5e, 0xa0, 0x00,
    0x00, 0x00, 0x00, 0x05, 0xca, 0xfd, 0x00, 0x00, 0x00, 0x20, 0x00, 0xc1, 0x05, 0x20, 0x00, 0x00,
    0x9f, 0xc1, 0x68, 0x00, 0x00, 0x00, 0x68, 0x1e, 0xff, 0xde, 0xde, 0xdd, 0xdd, 0xde, 0xfc, 0x9f,
    0xc1, 0x00, 0xb3, 0x00, 0x00, 0x78, 0x10, 0x20, 0x00, 0x03, 0xb0, 0x56, 0x40, 0x00, 0x00, 0x00,
    0x00, 0x09, 0xae, 0xfa, 0x00, 0x00, 0x00, 0x00, 0x00, 0x03, 0xdf, 0xa0, 0x00, 0x00, 0x00, 0x00,
    0x00, 0x01, 0x11, 0x00, 0x00, 0x00, 0x03, 0x67, 0x61, 0x00, 0x00, 0x9f, 0xfc, 0xfe, 0x50, 0x07,
    0xff, 0xf1, 0xdf, 0xe1, 0x0d, 0xfe, 0xf1, 0x3e, 0xf6, 0x1f, 0xd2, 0xd2, 0x95, 0xf9, 0x3f, 0xfa,
    0x21, 0x3d, 0xfa, 0x4f, 0xff, 0x80, 0xbf, 0xfb, 0x3f, 0xfc, 0x21, 0x3e, 0xfb, 0x2f, 0xd2, 0xc2,
    0x94, 0xf9, 0x0d, 0xfd, 0xf1, 0x3c, 0xf7, 0x07, 0xff, 0xf1, 0xcf, 0xf2, 0x00, 0xaf, 0xfc, 0xff,
    0x60, 0x00, 0x03, 0x67, 0x52, 0x00, 0x00, 0x03, 0x77, 0x70, 0x00, 0x0b, 0xbb, 0xef, 0xff, 0xcb,
    0xb5, 0xbb, 0xbb, 0xbb, 0xbb, 0xbb, 0x52, 0x77, 0x77, 0x77, 0x77, 0x60, 0x4f, 0xff, 0xff, 0xff,
    0xfb, 0x04, 0xfa, 0xae, 0x6f, 0x5f, 0xb0, 0x4f, 0x99, 0xd6, 0xf4, 0xfb, 0x04, 0xf9, 0x9d, 0x6f,
    0x4f, 0xb0, 0x4f, 0x99, 0xd6, 0xf4, 0xfb, 0x04, 0xf9, 0x9d, 0x6f, 0x4f, 0xb0, 0x4f, 0xaa, 0xe6,
    0xf5, 0xfb, 0x03, 0xff, 0xff, 0xff, 0xff, 0xa0, 0x05, 0x77, 0x77, 0x77, 0x72, 0x00, 0x00, 0x00,
    0x00, 0x00, 0x16, 0x10, 0x00, 0x00, 0x00, 0x02, 0xdf, 0xd1, 0x00, 0x00, 0x00, 0x15, 0xff, 0xfb,
    0x00, 0x00, 0x02, 0xd9, 0x5f, 0xfc, 0x00, 0x00, 0x2d, 0xff, 0x95, 0xd2, 0x00, 0x02, 0xdf, 0xff,
    0xf8, 0x00, 0x00, 0x2d, 0xff, 0xff, 0xd2, 0x00, 0x02, 0xdf, 0xff, 0xfd, 0x20, 0x00, 0x2d, 0xff,
    0xff, 0xd2, 0x00, 0x00, 0xbf, 0xff, 0xfd, 0x20, 0x00, 0x00, 0xdf, 0xff, 0xd2, 0x00, 0x00, 0x00,
    0xef, 0xfd, 0x20, 0x00, 0x00, 0x00, 0x66, 0x41, 0x00, 0x00, 0x00, 0x00, 0x00, 0x05, 0xdf, 0xff,
    0xff, 0xff, 0xfe, 0x70, 0x05, 0xff, 0xff, 0xff, 0xff, 0xff, 0xfe, 0x05, 0xff, 0xff, 0x91, 0xdd,
    0x19, 0xff, 0xf5, 0xff, 0xff, 0xfd, 0x11, 0x11, 0xdf, 0xff, 0xef, 0xff, 0xff, 0xfa, 0x00, 0xaf,
    0xff, 0xf5, 0xff, 0xff, 0xfd, 0x11, 0x11, 0xdf, 0xff, 0x05, 0xff, 0xff, 0x91, 0xdd, 0x19, 0xff,
    0xf0, 0x05, 0xff, 0xff, 0xff, 0xff, 0xff, 0xfe, 0x00, 0x05, 0xdf, 0xff, 0xff, 0xff, 0xfe, 0x70,
    0x00, 0x27, 0x77, 0x77, 0x10, 0x2d, 0xff, 0xff, 0xfc, 0x2d, 0x94, 0x76, 0x67, 0xfd, 0xf9, 0x47,
    0x66, 0x7f, 0xff, 0xec, 0xdd, 0xdd, 0xff, 0xff, 0xff, 0xff, 0xff, 0xff, 0xff, 0xff, 0xff, 0xff,
    0xff, 0xff, 0xff, 0xff, 0xff, 0xff, 0xff, 0xff, 0xff, 0xff, 0xff, 0xff, 0xff, 0xff, 0xff, 0xff,
    0xff, 0xfc, 0xff, 0xff, 0xff, 0xfc, 0x17, 0x77, 0x77, 0x77, 0x10, 0x00, 0x00, 0x00, 0x00, 0x00,
    0x06, 0x70, 0x00, 0x50, 0x00, 0x00, 0x04, 0xf7, 0x00, 0x9f, 0x40, 0x00, 0x00, 0x6f, 0x70, 0xaf,
    0xf9, 0x77, 0x77, 0x7a, 0xf7, 0x6f, 0xff, 0xff, 0xff, 0xff, 0xff, 0x70, 0xaf, 0xf9, 0x77, 0x77,
    0x77, 0x72, 0x00, 0x9f, 0x40, 0x00, 0x00, 0x00, 0x00, 0x00, 0x50, 0x00, 0x00, 0x00, 0x00,
];

#[rustfmt::skip]
static MONTSERRAT_12_GLYPHS: [twine_text::GlyphDsc; 158] = [
    twine_text::GlyphDsc { bitmap_index: 0, adv_w: 0, box_w: 0, box_h: 0, ofs_x: 0, ofs_y: 0 }, // reserved
    twine_text::GlyphDsc { bitmap_index: 0, adv_w: 52, box_w: 0, box_h: 0, ofs_x: 0, ofs_y: 0 }, // U+0020 ' '
    twine_text::GlyphDsc { bitmap_index: 0, adv_w: 51, box_w: 3, box_h: 10, ofs_x: 0, ofs_y: -1 }, // U+0021 '!'
    twine_text::GlyphDsc { bitmap_index: 15, adv_w: 75, box_w: 4, box_h: 4, ofs_x: 0, ofs_y: 5 }, // U+0022 '"'
    twine_text::GlyphDsc { bitmap_index: 23, adv_w: 135, box_w: 9, box_h: 9, ofs_x: 0, ofs_y: 0 }, // U+0023 '#'
    twine_text::GlyphDsc { bitmap_index: 64, adv_w: 119, box_w: 7, box_h: 12, ofs_x: 0, ofs_y: -2 }, // U+0024 '$'
    twine_text::GlyphDsc { bitmap_index: 106, adv_w: 162, box_w: 10, box_h: 10, ofs_x: 0, ofs_y: -1 }, // U+0025 '%'
    twine_text::GlyphDsc { bitmap_index: 156, adv_w: 132, box_w: 8, box_h: 10, ofs_x: 0, ofs_y: -1 }, // U+0026 '&'
    twine_text::GlyphDsc { bitmap_index: 196, adv_w: 40, box_w: 2, box_h: 4, ofs_x: 0, ofs_y: 5 }, // U+0027 '\''
    twine_text::GlyphDsc { bitmap_index: 200, adv_w: 65, box_w: 3, box_h: 12, ofs_x: 1, ofs_y: -3 }, // U+0028 '('
    twine_text::GlyphDsc { bitmap_index: 218, adv_w: 65, box_w: 3, box_h: 12, ofs_x: 0, ofs_y: -3 }, // U+0029 ')'
    twine_text::GlyphDsc { bitmap_index: 236, adv_w: 77, box_w: 5, box_h: 5, ofs_x: 0, ofs_y: 4 }, // U+002A '*'
    twine_text::GlyphDsc { bitmap_index: 249, adv_w: 112, box_w: 7, box_h: 6, ofs_x: 0, ofs_y: 1 }, // U+002B '+'
    twine_text::GlyphDsc { bitmap_index: 270, adv_w: 44, box_w: 3, box_h: 4, ofs_x: 0, ofs_y: -2 }, // U+002C ','
    twine_text::GlyphDsc { bitmap_index: 276, adv_w: 74, box_w: 4, box_h: 2, ofs_x: 0, ofs_y: 2 }, // U+002D '-'
    twine_text::GlyphDsc { bitmap_index: 280, adv_w: 44, box_w: 3, box_h: 3, ofs_x: 0, ofs_y: -1 }, // U+002E '.'
    twine_text::GlyphDsc { bitmap_index: 285, adv_w: 68, box_w: 6, box_h: 13, ofs_x: -1, ofs_y: -2 }, // U+002F '/'
    twine_text::GlyphDsc { bitmap_index: 324, adv_w: 128, box_w: 8, box_h: 10, ofs_x: 0, ofs_y: -1 }, // U+0030 '0'
    twine_text::GlyphDsc { bitmap_index: 364, adv_w: 71, box_w: 4, box_h: 9, ofs_x: 0, ofs_y: 0 }, // U+0031 '1'
    twine_text::GlyphDsc { bitmap_index: 382, adv_w: 110, box_w: 7, box_h: 9, ofs_x: 0, ofs_y: 0 }, // U+0032 '2'
    twine_text::GlyphDsc { bitmap_index: 414, adv_w: 110, box_w: 7, box_h: 10, ofs_x: 0, ofs_y: -1 }, // U+0033 '3'
    twine_text::GlyphDsc { bitmap_index: 449, adv_w: 128, box_w: 8, box_h: 9, ofs_x: 0, ofs_y: 0 }, // U+0034 '4'
    twine_text::GlyphDsc { bitmap_index: 485, adv_w: 110, box_w: 7, box_h: 10, ofs_x: 0, ofs_y: -1 }, // U+0035 '5'
    twine_text::GlyphDsc { bitmap_index: 520, adv_w: 118, box_w: 8, box_h: 10, ofs_x: 0, ofs_y: -1 }, // U+0036 '6'
    twine_text::GlyphDsc { bitmap_index: 560, adv_w: 115, box_w: 7, box_h: 9, ofs_x: 0, ofs_y: 0 }, // U+0037 '7'
    twine_text::GlyphDsc { bitmap_index: 592, adv_w: 124, box_w: 8, box_h: 10, ofs_x: 0, ofs_y: -1 }, // U+0038 '8'
    twine_text::GlyphDsc { bitmap_index: 632, adv_w: 118, box_w: 7, box_h: 10, ofs_x: 0, ofs_y: -1 }, // U+0039 '9'
    twine_text::GlyphDsc { bitmap_index: 667, adv_w: 44, box_w: 3, box_h: 8, ofs_x: 0, ofs_y: -1 }, // U+003A ':'
    twine_text::GlyphDsc { bitmap_index: 679, adv_w: 44, box_w: 3, box_h: 9, ofs_x: 0, ofs_y: -2 }, // U+003B ';'
    twine_text::GlyphDsc { bitmap_index: 693, adv_w: 112, box_w: 7, box_h: 6, ofs_x: 0, ofs_y: 1 }, // U+003C '<'
    twine_text::GlyphDsc { bitmap_index: 714, adv_w: 112, box_w: 7, box_h: 5, ofs_x: 0, ofs_y: 2 }, // U+003D '='
    twine_text::GlyphDsc { bitmap_index: 732, adv_w: 112, box_w: 7, box_h: 6, ofs_x: 0, ofs_y: 1 }, // U+003E '>'
    twine_text::GlyphDsc { bitmap_index: 753, adv_w: 110, box_w: 7, box_h: 10, ofs_x: 0, ofs_y: -1 }, // U+003F '?'
    twine_text::GlyphDsc { bitmap_index: 788, adv_w: 199, box_w: 12, box_h: 12, ofs_x: 0, ofs_y: -3 }, // U+0040 '@'
    twine_text::GlyphDsc { bitmap_index: 860, adv_w: 141, box_w: 9, box_h: 9, ofs_x: 0, ofs_y: 0 }, // U+0041 'A'
    twine_text::GlyphDsc { bitmap_index: 901, adv_w: 145, box_w: 8, box_h: 9, ofs_x: 1, ofs_y: 0 }, // U+0042 'B'
    twine_text::GlyphDsc { bitmap_index: 937, adv_w: 137, box_w: 9, box_h: 10, ofs_x: 0, ofs_y: -1 }, // U+0043 'C'
    twine_text::GlyphDsc { bitmap_index: 982, adv_w: 159, box_w: 9, box_h: 9, ofs_x: 1, ofs_y: 0 }, // U+0044 'D'
    twine_text::GlyphDsc { bitmap_index: 1023, adv_w: 129, box_w: 7, box_h: 9, ofs_x: 1, ofs_y: 0 }, // U+0045 'E'
    twine_text::GlyphDsc { bitmap_index: 1055, adv_w: 122, box_w: 7, box_h: 9, ofs_x: 1, ofs_y: 0 }, // U+0046 'F'
    twine_text::GlyphDsc { bitmap_index: 1087, adv_w: 148, box_w: 9, box_h: 10, ofs_x: 0, ofs_y: -1 }, // U+0047 'G'
    twine_text::GlyphDsc { bitmap_index: 1132, adv_w: 156, box_w: 8, box_h: 9, ofs_x: 1, ofs_y: 0 }, // U+0048 'H'
    twine_text::GlyphDsc { bitmap_index: 1168, adv_w: 60, box_w: 2, box_h: 9, ofs_x: 1, ofs_y: 0 }, // U+0049 'I'
    twine_text::GlyphDsc { bitmap_index: 1177, adv_w: 98, box_w: 6, box_h: 10, ofs_x: -1, ofs_y: -1 }, // U+004A 'J'
    twine_text::GlyphDsc { bitmap_index: 1207, adv_w: 138, box_w: 8, box_h: 9, ofs_x: 1, ofs_y: 0 }, // U+004B 'K'
    twine_text::GlyphDsc { bitmap_index: 1243, adv_w: 114, box_w: 7, box_h: 9, ofs_x: 1, ofs_y: 0 }, // U+004C 'L'
    twine_text::GlyphDsc { bitmap_index: 1275, adv_w: 183, box_w: 10, box_h: 9, ofs_x: 1, ofs_y: 0 }, // U+004D 'M'
    twine_text::GlyphDsc { bitmap_index: 1320, adv_w: 156, box_w: 8, box_h: 9, ofs_x: 1, ofs_y: 0 }, // U+004E 'N'
    twine_text::GlyphDsc { bitmap_index: 1356, adv_w: 161, box_w: 10, box_h: 10, ofs_x: 0, ofs_y: -1 }, // U+004F 'O'
    twine_text::GlyphDsc { bitmap_index: 1406, adv_w: 139, box_w: 8, box_h: 9, ofs_x: 1, ofs_y: 0 }, // U+0050 'P'
    twine_text::GlyphDsc { bitmap_index: 1442, adv_w: 161, box_w: 10, box_h: 11, ofs_x: 0, ofs_y: -2 }, // U+0051 'Q'
    twine_text::GlyphDsc { bitmap_index: 1497, adv_w: 140, box_w: 8, box_h: 9, ofs_x: 1, ofs_y: 0 }, // U+0052 'R'
    twine_text::GlyphDsc { bitmap_index: 1533, adv_w: 119, box_w: 7, box_h: 10, ofs_x: 0, ofs_y: -1 }, // U+0053 'S'
    twine_text::GlyphDsc { bitmap_index: 1568, adv_w: 113, box_w: 7, box_h: 9, ofs_x: 0, ofs_y: 0 }, // U+0054 'T'
    twine_text::GlyphDsc { bitmap_index: 1600, adv_w: 152, box_w: 8, box_h: 10, ofs_x: 1, ofs_y: -1 }, // U+0055 'U'
    twine_text::GlyphDsc { bitmap_index: 1640, adv_w: 137, box_w: 9, box_h: 9, ofs_x: 0, ofs_y: 0 }, // U+0056 'V'
    twine_text::GlyphDsc { bitmap_index: 1681, adv_w: 216, box_w: 14, box_h: 9, ofs_x: 0, ofs_y: 0 }, // U+0057 'W'
    twine_text::GlyphDsc { bitmap_index: 1744, adv_w: 129, box_w: 8, box_h: 9, ofs_x: 0, ofs_y: 0 }, // U+0058 'X'
    twine_text::GlyphDsc { bitmap_index: 1780, adv_w: 124, box_w: 8, box_h: 9, ofs_x: 0, ofs_y: 0 }, // U+0059 'Y'
    twine_text::GlyphDsc { bitmap_index: 1816, adv_w: 126, box_w: 8, box_h: 9, ofs_x: 0, ofs_y: 0 }, // U+005A 'Z'
    twine_text::GlyphDsc { bitmap_index: 1852, adv_w: 64, box_w: 3, box_h: 12, ofs_x: 1, ofs_y: -3 }, // U+005B '['
    twine_text::GlyphDsc { bitmap_index: 1870, adv_w: 68, box_w: 6, box_h: 13, ofs_x: -1, ofs_y: -2 }, // U+005C '\\'
    twine_text::GlyphDsc { bitmap_index: 1909, adv_w: 64, box_w: 3, box_h: 12, ofs_x: 0, ofs_y: -3 }, // U+005D ']'
    twine_text::GlyphDsc { bitmap_index: 1927, adv_w: 112, box_w: 7, box_h: 6, ofs_x: 0, ofs_y: 1 }, // U+005E '^'
    twine_text::GlyphDsc { bitmap_index: 1948, adv_w: 96, box_w: 6, box_h: 1, ofs_x: 0, ofs_y: -1 }, // U+005F '_'
    twine_text::GlyphDsc { bitmap_index: 1951, adv_w: 115, box_w: 4, box_h: 2, ofs_x: 1, ofs_y: 7 }, // U+0060 '`'
    twine_text::GlyphDsc { bitmap_index: 1955, adv_w: 115, box_w: 7, box_h: 8, ofs_x: 0, ofs_y: -1 }, // U+0061 'a'
    twine_text::GlyphDsc { bitmap_index: 1983, adv_w: 131, box_w: 7, box_h: 10, ofs_x: 1, ofs_y: -1 }, // U+0062 'b'
    twine_text::GlyphDsc { bitmap_index: 2018, adv_w: 110, box_w: 7, box_h: 8, ofs_x: 0, ofs_y: -1 }, // U+0063 'c'
    twine_text::GlyphDsc { bitmap_index: 2046, adv_w: 131, box_w: 8, box_h: 10, ofs_x: 0, ofs_y: -1 }, // U+0064 'd'
    twine_text::GlyphDsc { bitmap_index: 2086, adv_w: 118, box_w: 7, box_h: 8, ofs_x: 0, ofs_y: -1 }, // U+0065 'e'
    twine_text::GlyphDsc { bitmap_index: 2114, adv_w: 68, box_w: 5, box_h: 9, ofs_x: 0, ofs_y: 0 }, // U+0066 'f'
    twine_text::GlyphDsc { bitmap_index: 2137, adv_w: 132, box_w: 8, box_h: 10, ofs_x: 0, ofs_y: -3 }, // U+0067 'g'
    twine_text::GlyphDsc { bitmap_index: 2177, adv_w: 131, box_w: 7, box_h: 9, ofs_x: 1, ofs_y: 0 }, // U+0068 'h'
    twine_text::GlyphDsc { bitmap_index: 2209, adv_w: 54, box_w: 3, box_h: 10, ofs_x: 0, ofs_y: 0 }, // U+0069 'i'
    twine_text::GlyphDsc { bitmap_index: 2224, adv_w: 55, box_w: 5, box_h: 13, ofs_x: -2, ofs_y: -3 }, // U+006A 'j'
    twine_text::GlyphDsc { bitmap_index: 2257, adv_w: 118, box_w: 7, box_h: 9, ofs_x: 1, ofs_y: 0 }, // U+006B 'k'
    twine_text::GlyphDsc { bitmap_index: 2289, adv_w: 54, box_w: 2, box_h: 9, ofs_x: 1, ofs_y: 0 }, // U+006C 'l'
    twine_text::GlyphDsc { bitmap_index: 2298, adv_w: 203, box_w: 11, box_h: 7, ofs_x: 1, ofs_y: 0 }, // U+006D 'm'
    twine_text::GlyphDsc { bitmap_index: 2337, adv_w: 131, box_w: 7, box_h: 7, ofs_x: 1, ofs_y: 0 }, // U+006E 'n'
    twine_text::GlyphDsc { bitmap_index: 2362, adv_w: 122, box_w: 8, box_h: 8, ofs_x: 0, ofs_y: -1 }, // U+006F 'o'
    twine_text::GlyphDsc { bitmap_index: 2394, adv_w: 131, box_w: 7, box_h: 10, ofs_x: 1, ofs_y: -3 }, // U+0070 'p'
    twine_text::GlyphDsc { bitmap_index: 2429, adv_w: 131, box_w: 8, box_h: 10, ofs_x: 0, ofs_y: -3 }, // U+0071 'q'
    twine_text::GlyphDsc { bitmap_index: 2469, adv_w: 79, box_w: 4, box_h: 7, ofs_x: 1, ofs_y: 0 }, // U+0072 'r'
    twine_text::GlyphDsc { bitmap_index: 2483, adv_w: 96, box_w: 6, box_h: 8, ofs_x: 0, ofs_y: -1 }, // U+0073 's'
    twine_text::GlyphDsc { bitmap_index: 2507, adv_w: 79, box_w: 5, box_h: 9, ofs_x: 0, ofs_y: -1 }, // U+0074 't'
    twine_text::GlyphDsc { bitmap_index: 2530, adv_w: 130, box_w: 7, box_h: 8, ofs_x: 1, ofs_y: -1 }, // U+0075 'u'
    twine_text::GlyphDsc { bitmap_index: 2558, adv_w: 107, box_w: 7, box_h: 7, ofs_x: 0, ofs_y: 0 }, // U+0076 'v'
    twine_text::GlyphDsc { bitmap_index: 2583, adv_w: 173, box_w: 11, box_h: 7, ofs_x: 0, ofs_y: 0 }, // U+0077 'w'
    twine_text::GlyphDsc { bitmap_index: 2622, adv_w: 106, box_w: 7, box_h: 7, ofs_x: 0, ofs_y: 0 }, // U+0078 'x'
    twine_text::GlyphDsc { bitmap_index: 2647, adv_w: 107, box_w: 8, box_h: 10, ofs_x: -1, ofs_y: -3 }, // U+0079 'y'
    twine_text::GlyphDsc { bitmap_index: 2687, adv_w: 100, box_w: 6, box_h: 7, ofs_x: 0, ofs_y: 0 }, // U+007A 'z'
    twine_text::GlyphDsc { bitmap_index: 2708, adv_w: 67, box_w: 4, box_h: 12, ofs_x: 0, ofs_y: -3 }, // U+007B '{'
    twine_text::GlyphDsc { bitmap_index: 2732, adv_w: 57, box_w: 2, box_h: 12, ofs_x: 1, ofs_y: -3 }, // U+007C '|'
    twine_text::GlyphDsc { bitmap_index: 2744, adv_w: 67, box_w: 4, box_h: 12, ofs_x: 0, ofs_y: -3 }, // U+007D '}'
    twine_text::GlyphDsc { bitmap_index: 2768, adv_w: 112, box_w: 7, box_h: 3, ofs_x: 0, ofs_y: 3 }, // U+007E '~'
    twine_text::GlyphDsc { bitmap_index: 2779, adv_w: 80, box_w: 5, box_h: 5, ofs_x: 0, ofs_y: 4 }, // U+00B0 '°'
    twine_text::GlyphDsc { bitmap_index: 2792, adv_w: 60, box_w: 3, box_h: 3, ofs_x: 0, ofs_y: 2 }, // U+2022 '•'
    twine_text::GlyphDsc { bitmap_index: 2797, adv_w: 192, box_w: 12, box_h: 13, ofs_x: 0, ofs_y: -3 }, // U+F001
    twine_text::GlyphDsc { bitmap_index: 2875, adv_w: 192, box_w: 12, box_h: 9, ofs_x: 0, ofs_y: -1 }, // U+F008
    twine_text::GlyphDsc { bitmap_index: 2929, adv_w: 192, box_w: 12, box_h: 11, ofs_x: 0, ofs_y: -2 }, // U+F00B
    twine_text::GlyphDsc { bitmap_index: 2995, adv_w: 192, box_w: 12, box_h: 9, ofs_x: 0, ofs_y: -1 }, // U+F00C
    twine_text::GlyphDsc { bitmap_index: 3049, adv_w: 132, box_w: 9, box_h: 9, ofs_x: 0, ofs_y: -1 }, // U+F00D
    twine_text::GlyphDsc { bitmap_index: 3090, adv_w: 192, box_w: 12, box_h: 13, ofs_x: 0, ofs_y: -3 }, // U+F011
    twine_text::GlyphDsc { bitmap_index: 3168, adv_w: 192, box_w: 12, box_h: 13, ofs_x: 0, ofs_y: -3 }, // U+F013
    twine_text::GlyphDsc { bitmap_index: 3246, adv_w: 216, box_w: 14, box_h: 11, ofs_x: 0, ofs_y: -2 }, // U+F015
    twine_text::GlyphDsc { bitmap_index: 3323, adv_w: 192, box_w: 12, box_h: 13, ofs_x: 0, ofs_y: -3 }, // U+F019
    twine_text::GlyphDsc { bitmap_index: 3401, adv_w: 216, box_w: 14, box_h: 9, ofs_x: 0, ofs_y: -1 }, // U+F01C
    twine_text::GlyphDsc { bitmap_index: 3464, adv_w: 192, box_w: 12, box_h: 13, ofs_x: 0, ofs_y: -3 }, // U+F021
    twine_text::GlyphDsc { bitmap_index: 3542, adv_w: 96, box_w: 6, box_h: 9, ofs_x: 0, ofs_y: -1 }, // U+F026
    twine_text::GlyphDsc { bitmap_index: 3569, adv_w: 144, box_w: 9, box_h: 9, ofs_x: 0, ofs_y: -1 }, // U+F027
    twine_text::GlyphDsc { bitmap_index: 3610, adv_w: 216, box_w: 14, box_h: 13, ofs_x: 0, ofs_y: -3 }, // U+F028
    twine_text::GlyphDsc { bitmap_index: 3701, adv_w: 192, box_w: 12, box_h: 9, ofs_x: 0, ofs_y: -1 }, // U+F03E
    twine_text::GlyphDsc { bitmap_index: 3755, adv_w: 132, box_w: 9, box_h: 13, ofs_x: 0, ofs_y: -3 }, // U+F043
    twine_text::GlyphDsc { bitmap_index: 3814, adv_w: 168, box_w: 8, box_h: 11, ofs_x: 1, ofs_y: -2 }, // U+F048
    twine_text::GlyphDsc { bitmap_index: 3858, adv_w: 168, box_w: 11, box_h: 13, ofs_x: 0, ofs_y: -3 }, // U+F04B
    twine_text::GlyphDsc { bitmap_index: 3930, adv_w: 168, box_w: 11, box_h: 11, ofs_x: 0, ofs_y: -2 }, // U+F04C
    twine_text::GlyphDsc { bitmap_index: 3991, adv_w: 168, box_w: 11, box_h: 11, ofs_x: 0, ofs_y: -2 }, // U+F04D
    twine_text::GlyphDsc { bitmap_index: 4052, adv_w: 168, box_w: 8, box_h: 11, ofs_x: 1, ofs_y: -2 }, // U+F051
    twine_text::GlyphDsc { bitmap_index: 4096, adv_w: 168, box_w: 11, box_h: 11, ofs_x: 0, ofs_y: -2 }, // U+F052
    twine_text::GlyphDsc { bitmap_index: 4157, adv_w: 120, box_w: 7, box_h: 11, ofs_x: 0, ofs_y: -2 }, // U+F053
    twine_text::GlyphDsc { bitmap_index: 4196, adv_w: 120, box_w: 7, box_h: 11, ofs_x: 0, ofs_y: -2 }, // U+F054
    twine_text::GlyphDsc { bitmap_index: 4235, adv_w: 168, box_w: 11, box_h: 11, ofs_x: 0, ofs_y: -2 }, // U+F067
    twine_text::GlyphDsc { bitmap_index: 4296, adv_w: 168, box_w: 11, box_h: 3, ofs_x: 0, ofs_y: 2 }, // U+F068
    twine_text::GlyphDsc { bitmap_index: 4313, adv_w: 216, box_w: 14, box_h: 9, ofs_x: 0, ofs_y: -1 }, // U+F06E
    twine_text::GlyphDsc { bitmap_index: 4376, adv_w: 240, box_w: 15, box_h: 13, ofs_x: 0, ofs_y: -3 }, // U+F070
    twine_text::GlyphDsc { bitmap_index: 4474, adv_w: 216, box_w: 14, box_h: 13, ofs_x: 0, ofs_y: -3 }, // U+F071
    twine_text::GlyphDsc { bitmap_index: 4565, adv_w: 192, box_w: 12, box_h: 11, ofs_x: 0, ofs_y: -2 }, // U+F074
    twine_text::GlyphDsc { bitmap_index: 4631, adv_w: 168, box_w: 11, box_h: 7, ofs_x: 0, ofs_y: 0 }, // U+F077
    twine_text::GlyphDsc { bitmap_index: 4670, adv_w: 168, box_w: 11, box_h: 7, ofs_x: 0, ofs_y: 0 }, // U+F078
    twine_text::GlyphDsc { bitmap_index: 4709, adv_w: 240, box_w: 15, box_h: 11, ofs_x: 0, ofs_y: -2 }, // U+F079
    twine_text::GlyphDsc { bitmap_index: 4792, adv_w: 192, box_w: 12, box_h: 9, ofs_x: 0, ofs_y: -1 }, // U+F07B
    twine_text::GlyphDsc { bitmap_index: 4846, adv_w: 192, box_w: 12, box_h: 13, ofs_x: 0, ofs_y: -3 }, // U+F093
    twine_text::GlyphDsc { bitmap_index: 4924, adv_w: 192, box_w: 12, box_h: 13, ofs_x: 0, ofs_y: -3 }, // U+F095
    twine_text::GlyphDsc { bitmap_index: 5002, adv_w: 168, box_w: 11, box_h: 11, ofs_x: 0, ofs_y: -2 }, // U+F0C4
    twine_text::GlyphDsc { bitmap_index: 5063, adv_w: 168, box_w: 11, box_h: 13, ofs_x: 0, ofs_y: -3 }, // U+F0C5
    twine_text::GlyphDsc { bitmap_index: 5135, adv_w: 168, box_w: 11, box_h: 11, ofs_x: 0, ofs_y: -2 }, // U+F0C7
    twine_text::GlyphDsc { bitmap_index: 5196, adv_w: 168, box_w: 11, box_h: 11, ofs_x: 0, ofs_y: -2 }, // U+F0C9
    twine_text::GlyphDsc { bitmap_index: 5257, adv_w: 192, box_w: 12, box_h: 9, ofs_x: 0, ofs_y: -1 }, // U+F0E0
    twine_text::GlyphDsc { bitmap_index: 5311, adv_w: 120, box_w: 8, box_h: 13, ofs_x: 0, ofs_y: -3 }, // U+F0E7
    twine_text::GlyphDsc { bitmap_index: 5363, adv_w: 168, box_w: 11, box_h: 13, ofs_x: 0, ofs_y: -3 }, // U+F0EA
    twine_text::GlyphDsc { bitmap_index: 5435, adv_w: 168, box_w: 11, box_h: 13, ofs_x: 0, ofs_y: -3 }, // U+F0F3
    twine_text::GlyphDsc { bitmap_index: 5507, adv_w: 216, box_w: 14, box_h: 9, ofs_x: 0, ofs_y: -1 }, // U+F11C
    twine_text::GlyphDsc { bitmap_index: 5570, adv_w: 192, box_w: 12, box_h: 13, ofs_x: 0, ofs_y: -3 }, // U+F124
    twine_text::GlyphDsc { bitmap_index: 5648, adv_w: 144, box_w: 9, box_h: 13, ofs_x: 0, ofs_y: -3 }, // U+F15B
    twine_text::GlyphDsc { bitmap_index: 5707, adv_w: 240, box_w: 15, box_h: 11, ofs_x: 0, ofs_y: -2 }, // U+F1EB
    twine_text::GlyphDsc { bitmap_index: 5790, adv_w: 240, box_w: 15, box_h: 9, ofs_x: 0, ofs_y: -1 }, // U+F240
    twine_text::GlyphDsc { bitmap_index: 5858, adv_w: 240, box_w: 15, box_h: 9, ofs_x: 0, ofs_y: -1 }, // U+F241
    twine_text::GlyphDsc { bitmap_index: 5926, adv_w: 240, box_w: 15, box_h: 9, ofs_x: 0, ofs_y: -1 }, // U+F242
    twine_text::GlyphDsc { bitmap_index: 5994, adv_w: 240, box_w: 15, box_h: 9, ofs_x: 0, ofs_y: -1 }, // U+F243
    twine_text::GlyphDsc { bitmap_index: 6062, adv_w: 240, box_w: 15, box_h: 9, ofs_x: 0, ofs_y: -1 }, // U+F244
    twine_text::GlyphDsc { bitmap_index: 6130, adv_w: 240, box_w: 15, box_h: 11, ofs_x: 0, ofs_y: -2 }, // U+F287
    twine_text::GlyphDsc { bitmap_index: 6213, adv_w: 168, box_w: 10, box_h: 13, ofs_x: 0, ofs_y: -3 }, // U+F293
    twine_text::GlyphDsc { bitmap_index: 6278, adv_w: 168, box_w: 11, box_h: 13, ofs_x: 0, ofs_y: -3 }, // U+F2ED
    twine_text::GlyphDsc { bitmap_index: 6350, adv_w: 192, box_w: 12, box_h: 13, ofs_x: 0, ofs_y: -3 }, // U+F304
    twine_text::GlyphDsc { bitmap_index: 6428, adv_w: 240, box_w: 15, box_h: 9, ofs_x: 0, ofs_y: -1 }, // U+F55A
    twine_text::GlyphDsc { bitmap_index: 6496, adv_w: 144, box_w: 9, box_h: 13, ofs_x: 0, ofs_y: -3 }, // U+F7C2
    twine_text::GlyphDsc { bitmap_index: 6555, adv_w: 192, box_w: 13, box_h: 8, ofs_x: 0, ofs_y: 0 }, // U+F8A2
];

#[rustfmt::skip]
static MONTSERRAT_12_UNICODE_LIST_1: [u16; 4] = [
    0x0000, 0x1f72, 0xef51, 0xef58,
];

#[rustfmt::skip]
static MONTSERRAT_12_UNICODE_LIST_3: [u16; 6] = [
    0x0000, 0x0002, 0x0004, 0x0008, 0x000b, 0x0010,
];

#[rustfmt::skip]
static MONTSERRAT_12_UNICODE_LIST_5: [u16; 3] = [
    0x0000, 0x0005, 0x000a,
];

#[rustfmt::skip]
static MONTSERRAT_12_UNICODE_LIST_8: [u16; 6] = [
    0x0000, 0x0001, 0x0007, 0x0009, 0x000a, 0x000d,
];

#[rustfmt::skip]
static MONTSERRAT_12_UNICODE_LIST_10: [u16; 15] = [
    0x0000, 0x0018, 0x001a, 0x0049, 0x004a, 0x004c, 0x004e, 0x0065, 0x006c, 0x006f, 0x0078, 0x00a1,
    0x00a9, 0x00e0, 0x0170,
];

#[rustfmt::skip]
static MONTSERRAT_12_UNICODE_LIST_12: [u16; 7] = [
    0x0000, 0x000c, 0x0066, 0x007d, 0x02d3, 0x053b, 0x061b,
];

#[rustfmt::skip]
static MONTSERRAT_12_CMAPS: [twine_text::Cmap; 13] = [
    twine_text::Cmap { range_start: 0x20, range_length: 95, glyph_id_start: 1, unicode_list: &[], glyph_id_ofs_list: twine_text::GlyphIdOfs::None, kind: twine_text::CmapKind::Format0Tiny },
    twine_text::Cmap { range_start: 0xb0, range_length: 61273, glyph_id_start: 96, unicode_list: &MONTSERRAT_12_UNICODE_LIST_1, glyph_id_ofs_list: twine_text::GlyphIdOfs::None, kind: twine_text::CmapKind::SparseTiny },
    twine_text::Cmap { range_start: 0xf00b, range_length: 3, glyph_id_start: 100, unicode_list: &[], glyph_id_ofs_list: twine_text::GlyphIdOfs::None, kind: twine_text::CmapKind::Format0Tiny },
    twine_text::Cmap { range_start: 0xf011, range_length: 17, glyph_id_start: 103, unicode_list: &MONTSERRAT_12_UNICODE_LIST_3, glyph_id_ofs_list: twine_text::GlyphIdOfs::None, kind: twine_text::CmapKind::SparseTiny },
    twine_text::Cmap { range_start: 0xf026, range_length: 3, glyph_id_start: 109, unicode_list: &[], glyph_id_ofs_list: twine_text::GlyphIdOfs::None, kind: twine_text::CmapKind::Format0Tiny },
    twine_text::Cmap { range_start: 0xf03e, range_length: 11, glyph_id_start: 112, unicode_list: &MONTSERRAT_12_UNICODE_LIST_5, glyph_id_ofs_list: twine_text::GlyphIdOfs::None, kind: twine_text::CmapKind::SparseTiny },
    twine_text::Cmap { range_start: 0xf04b, range_length: 3, glyph_id_start: 115, unicode_list: &[], glyph_id_ofs_list: twine_text::GlyphIdOfs::None, kind: twine_text::CmapKind::Format0Tiny },
    twine_text::Cmap { range_start: 0xf051, range_length: 4, glyph_id_start: 118, unicode_list: &[], glyph_id_ofs_list: twine_text::GlyphIdOfs::None, kind: twine_text::CmapKind::Format0Tiny },
    twine_text::Cmap { range_start: 0xf067, range_length: 14, glyph_id_start: 122, unicode_list: &MONTSERRAT_12_UNICODE_LIST_8, glyph_id_ofs_list: twine_text::GlyphIdOfs::None, kind: twine_text::CmapKind::SparseTiny },
    twine_text::Cmap { range_start: 0xf077, range_length: 3, glyph_id_start: 128, unicode_list: &[], glyph_id_ofs_list: twine_text::GlyphIdOfs::None, kind: twine_text::CmapKind::Format0Tiny },
    twine_text::Cmap { range_start: 0xf07b, range_length: 369, glyph_id_start: 131, unicode_list: &MONTSERRAT_12_UNICODE_LIST_10, glyph_id_ofs_list: twine_text::GlyphIdOfs::None, kind: twine_text::CmapKind::SparseTiny },
    twine_text::Cmap { range_start: 0xf240, range_length: 5, glyph_id_start: 146, unicode_list: &[], glyph_id_ofs_list: twine_text::GlyphIdOfs::None, kind: twine_text::CmapKind::Format0Tiny },
    twine_text::Cmap { range_start: 0xf287, range_length: 1564, glyph_id_start: 151, unicode_list: &MONTSERRAT_12_UNICODE_LIST_12, glyph_id_ofs_list: twine_text::GlyphIdOfs::None, kind: twine_text::CmapKind::SparseTiny },
];

#[rustfmt::skip]
static MONTSERRAT_12_KERN_PAIRS: [[u8; 2]; 2640] = [
    [2, 11], [2, 18], [2, 24], [2, 43], [2, 53], [2, 55], [2, 56], [2, 58],
    [3, 3], [3, 6], [3, 7], [3, 8], [3, 11], [3, 13], [3, 15], [3, 16],
    [3, 17], [3, 18], [3, 19], [3, 20], [3, 21], [3, 22], [3, 23], [3, 24],
    [3, 26], [3, 27], [3, 28], [3, 32], [3, 33], [3, 34], [3, 36], [3, 40],
    [3, 48], [3, 50], [3, 53], [3, 61], [3, 62], [3, 64], [3, 68], [3, 69],
    [3, 70], [3, 72], [3, 80], [3, 82], [3, 94], [3, 96], [5, 3], [5, 8],
    [5, 11], [5, 12], [5, 13], [5, 14], [5, 15], [5, 18], [5, 20], [5, 21],
    [5, 24], [5, 26], [5, 27], [5, 28], [5, 32], [5, 53], [5, 57], [5, 58],
    [5, 61], [5, 64], [5, 87], [5, 88], [5, 89], [5, 95], [5, 96], [5, 97],
    [6, 3], [6, 6], [6, 8], [6, 10], [6, 11], [6, 12], [6, 13], [6, 14],
    [6, 15], [6, 18], [6, 19], [6, 20], [6, 21], [6, 22], [6, 24], [6, 25],
    [6, 32], [6, 61], [6, 66], [6, 68], [6, 69], [6, 70], [6, 72], [6, 80],
    [6, 82], [6, 95], [6, 96], [6, 97], [7, 2], [7, 3], [7, 6], [7, 7],
    [7, 8], [7, 11], [7, 16], [7, 18], [7, 19], [7, 24], [7, 27], [7, 28],
    [7, 32], [7, 34], [7, 43], [7, 53], [7, 55], [7, 56], [7, 58], [7, 59],
    [7, 61], [7, 62], [7, 64], [7, 66], [7, 85], [7, 87], [7, 88], [7, 94],
    [7, 96], [8, 3], [8, 6], [8, 7], [8, 8], [8, 11], [8, 13], [8, 15],
    [8, 16], [8, 17], [8, 18], [8, 19], [8, 20], [8, 21], [8, 22], [8, 23],
    [8, 24], [8, 26], [8, 27], [8, 28], [8, 32], [8, 33], [8, 34], [8, 36],
    [8, 40], [8, 48], [8, 50], [8, 53], [8, 61], [8, 62], [8, 64], [8, 68],
    [8, 69], [8, 70], [8, 72], [8, 80], [8, 82], [8, 94], [8, 96], [9, 16],
    [9, 18], [9, 21], [9, 53], [9, 61], [9, 62], [9, 75], [9, 94], [10, 53],
    [11, 2], [11, 3], [11, 5], [11, 6], [11, 7], [11, 8], [11, 11], [11, 12],
    [11, 13], [11, 14], [11, 15], [11, 16], [11, 17], [11, 18], [11, 19], [11, 21],
    [11, 23], [11, 24], [11, 26], [11, 32], [11, 34], [11, 43], [11, 52], [11, 53],
    [11, 55], [11, 56], [11, 57], [11, 58], [11, 59], [11, 64], [11, 67], [11, 68],
    [11, 69], [11, 70], [11, 72], [11, 73], [11, 74], [11, 76], [11, 77], [11, 80],
    [11, 82], [11, 85], [11, 87], [11, 88], [11, 89], [11, 91], [11, 95], [11, 96],
    [11, 97], [12, 5], [12, 6], [12, 11], [12, 13], [12, 15], [12, 17], [12, 18],
    [12, 19], [12, 20], [12, 21], [12, 23], [12, 24], [12, 32], [12, 33], [12, 34],
    [12, 36], [12, 40], [12, 43], [12, 48], [12, 50], [12, 52], [12, 53], [12, 55],
    [12, 56], [12, 57], [12, 58], [12, 61], [12, 68], [12, 69], [12, 70], [12, 72],
    [12, 80], [12, 82], [12, 85], [12, 87], [12, 88], [12, 89], [12, 91], [13, 3],
    [13, 5], [13, 6], [13, 8], [13, 11], [13, 12], [13, 14], [13, 16], [13, 17],
    [13, 18], [13, 19], [13, 20], [13, 21], [13, 23], [13, 24], [13, 25], [13, 32],
    [13, 33], [13, 34], [13, 36], [13, 40], [13, 43], [13, 48], [13, 50], [13, 52],
    [13, 53], [13, 54], [13, 55], [13, 56], [13, 58], [13, 59], [13, 61], [13, 64],
    [13, 66], [13, 68], [13, 69], [13, 70], [13, 72], [13, 75], [13, 80], [13, 82],
    [13, 85], [13, 86], [13, 87], [13, 88], [13, 95], [13, 96], [13, 97], [14, 5],
    [14, 6], [14, 11], [14, 13], [14, 15], [14, 17], [14, 18], [14, 19], [14, 20],
    [14, 21], [14, 23], [14, 24], [14, 32], [14, 33], [14, 34], [14, 36], [14, 40],
    [14, 43], [14, 48], [14, 50], [14, 52], [14, 53], [14, 55], [14, 56], [14, 57],
    [14, 58], [14, 61], [14, 68], [14, 69], [14, 70], [14, 72], [14, 80], [14, 82],
    [14, 85], [14, 87], [14, 88], [14, 89], [14, 91], [15, 3], [15, 5], [15, 6],
    [15, 8], [15, 11], [15, 12], [15, 14], [15, 16], [15, 17], [15, 18], [15, 19],
    [15, 20], [15, 21], [15, 23], [15, 24], [15, 25], [15, 32], [15, 33], [15, 34],
    [15, 36], [15, 40], [15, 43], [15, 48], [15, 50], [15, 52], [15, 53], [15, 54],
    [15, 55], [15, 56], [15, 58], [15, 59], [15, 61], [15, 64], [15, 66], [15, 68],
    [15, 69], [15, 70], [15, 72], [15, 75], [15, 80], [15, 82], [15, 85], [15, 86],
    [15, 87], [15, 88], [15, 95], [15, 96], [15, 97], [16, 3], [16, 5], [16, 7],
    [16, 8], [16, 10], [16, 12], [16, 13], [16, 14], [16, 15], [16, 16], [16, 17],
    [16, 18], [16, 21], [16, 23], [16, 24], [16, 25], [16, 27], [16, 28], [16, 33],
    [16, 34], [16, 36], [16, 40], [16, 43], [16, 48], [16, 50], [16, 52], [16, 53],
    [16, 55], [16, 56], [16, 58], [16, 61], [16, 62], [16, 64], [16, 66], [16, 67],
    [16, 68], [16, 69], [16, 70], [16, 72], [16, 73], [16, 74], [16, 76], [16, 77],
    [16, 78], [16, 79], [16, 80], [16, 81], [16, 82], [16, 83], [16, 84], [16, 85],
    [16, 86], [16, 87], [16, 88], [16, 89], [16, 91], [16, 94], [16, 95], [16, 96],
    [16, 97], [17, 3], [17, 8], [17, 11], [17, 12], [17, 13], [17, 14], [17, 15],
    [17, 16], [17, 20], [17, 24], [17, 32], [17, 34], [17, 43], [17, 53], [17, 55],
    [17, 56], [17, 57], [17, 58], [17, 59], [17, 61], [17, 64], [17, 75], [17, 85],
    [17, 87], [17, 88], [17, 89], [17, 95], [17, 97], [19, 6], [19, 7], [19, 12],
    [19, 13], [19, 14], [19, 15], [19, 16], [19, 21], [19, 43], [19, 53], [19, 55],
    [19, 56], [19, 58], [19, 61], [19, 64], [19, 68], [19, 69], [19, 70], [19, 72],
    [19, 80], [19, 82], [19, 89], [19, 91], [19, 95], [19, 97], [20, 3], [20, 6],
    [20, 8], [20, 19], [20, 20], [20, 22], [20, 24], [20, 53], [20, 55], [20, 56],
    [20, 57], [20, 58], [20, 75], [20, 87], [20, 88], [20, 89], [20, 96], [21, 3],
    [21, 5], [21, 6], [21, 7], [21, 8], [21, 11], [21, 12], [21, 13], [21, 14],
    [21, 15], [21, 16], [21, 18], [21, 20], [21, 24], [21, 25], [21, 26], [21, 27],
    [21, 28], [21, 32], [21, 33], [21, 36], [21, 40], [21, 48], [21, 50], [21, 52],
    [21, 53], [21, 55], [21, 56], [21, 57], [21, 58], [21, 59], [21, 61], [21, 64],
    [21, 66], [21, 68], [21, 69], [21, 70], [21, 72], [21, 80], [21, 82], [21, 87],
    [21, 88], [21, 89], [21, 95], [21, 96], [21, 97], [22, 6], [22, 11], [22, 19],
    [22, 20], [22, 22], [22, 24], [22, 43], [22, 53], [22, 55], [22, 56], [22, 57],
    [22, 58], [22, 61], [22, 87], [22, 88], [22, 89], [22, 96], [23, 3], [23, 6],
    [23, 7], [23, 8], [23, 11], [23, 12], [23, 13], [23, 14], [23, 15], [23, 16],
    [23, 24], [23, 34], [23, 53], [23, 55], [23, 56], [23, 57], [23, 58], [23, 68],
    [23, 69], [23, 70], [23, 72], [23, 75], [23, 80], [23, 82], [23, 87], [23, 88],
    [23, 89], [23, 95], [23, 96], [23, 97], [24, 3], [24, 5], [24, 7], [24, 8],
    [24, 11], [24, 12], [24, 13], [24, 14], [24, 15], [24, 16], [24, 17], [24, 18],
    [24, 20], [24, 21], [24, 22], [24, 23], [24, 25], [24, 27], [24, 28], [24, 32],
    [24, 33], [24, 34], [24, 36], [24, 40], [24, 43], [24, 48], [24, 50], [24, 52],
    [24, 55], [24, 56], [24, 58], [24, 59], [24, 61], [24, 64], [24, 66], [24, 68],
    [24, 69], [24, 70], [24, 72], [24, 75], [24, 78], [24, 79], [24, 80], [24, 81],
    [24, 82], [24, 83], [24, 84], [24, 85], [24, 86], [24, 89], [24, 91], [24, 95],
    [24, 96], [24, 97], [25, 6], [25, 11], [25, 13], [25, 15], [25, 32], [25, 34],
    [25, 53], [25, 55], [25, 56], [25, 57], [25, 58], [25, 61], [25, 75], [25, 89],
    [26, 3], [26, 8], [26, 11], [26, 12], [26, 13], [26, 14], [26, 15], [26, 16],
    [26, 20], [26, 24], [26, 32], [26, 34], [26, 43], [26, 53], [26, 55], [26, 56],
    [26, 57], [26, 58], [26, 59], [26, 61], [26, 64], [26, 75], [26, 85], [26, 87],
    [26, 88], [26, 89], [26, 95], [26, 97], [27, 3], [27, 8], [27, 16], [27, 24],
    [27, 32], [27, 34], [27, 43], [27, 53], [27, 55], [27, 56], [27, 57], [27, 58],
    [27, 61], [27, 64], [27, 85], [27, 87], [27, 88], [27, 89], [28, 3], [28, 8],
    [28, 16], [28, 24], [28, 32], [28, 34], [28, 43], [28, 53], [28, 55], [28, 56],
    [28, 57], [28, 58], [28, 61], [28, 64], [28, 85], [28, 87], [28, 88], [28, 89],
    [32, 2], [32, 7], [32, 11], [32, 13], [32, 15], [32, 16], [32, 20], [32, 21],
    [32, 25], [32, 26], [32, 32], [32, 34], [32, 43], [32, 55], [32, 56], [32, 57],
    [32, 58], [32, 59], [32, 60], [32, 64], [32, 68], [32, 69], [32, 70], [32, 72],
    [32, 80], [32, 82], [32, 87], [32, 88], [32, 96], [33, 3], [33, 8], [33, 10],
    [33, 12], [33, 13], [33, 14], [33, 15], [33, 16], [33, 18], [33, 19], [33, 20],
    [33, 32], [33, 34], [33, 43], [33, 53], [33, 55], [33, 56], [33, 57], [33, 58],
    [33, 59], [33, 61], [33, 62], [33, 64], [33, 85], [33, 89], [33, 94], [33, 95],
    [33, 96], [33, 97], [34, 3], [34, 8], [34, 11], [34, 12], [34, 13], [34, 14],
    [34, 15], [34, 16], [34, 17], [34, 18], [34, 20], [34, 21], [34, 23], [34, 24],
    [34, 25], [34, 26], [34, 27], [34, 28], [34, 32], [34, 33], [34, 34], [34, 36],
    [34, 40], [34, 43], [34, 48], [34, 50], [34, 53], [34, 54], [34, 55], [34, 56],
    [34, 57], [34, 58], [34, 61], [34, 64], [34, 68], [34, 69], [34, 70], [34, 72],
    [34, 80], [34, 82], [34, 84], [34, 85], [34, 86], [34, 87], [34, 88], [34, 89],
    [34, 90], [34, 95], [34, 96], [34, 97], [35, 32], [35, 53], [35, 55], [35, 56],
    [35, 57], [35, 58], [35, 61], [35, 64], [36, 7], [36, 11], [36, 13], [36, 15],
    [36, 17], [36, 18], [36, 19], [36, 21], [36, 22], [36, 23], [36, 25], [36, 26],
    [36, 27], [36, 28], [36, 33], [36, 34], [36, 36], [36, 40], [36, 48], [36, 50],
    [36, 53], [36, 55], [36, 56], [36, 57], [36, 58], [36, 61], [36, 64], [36, 66],
    [36, 68], [36, 69], [36, 70], [36, 72], [36, 80], [36, 82], [36, 84], [36, 86],
    [36, 89], [36, 91], [36, 96], [37, 3], [37, 8], [37, 10], [37, 12], [37, 13],
    [37, 14], [37, 15], [37, 16], [37, 18], [37, 19], [37, 20], [37, 32], [37, 34],
    [37, 43], [37, 53], [37, 55], [37, 56], [37, 57], [37, 58], [37, 59], [37, 61],
    [37, 62], [37, 64], [37, 85], [37, 89], [37, 94], [37, 95], [37, 96], [37, 97],
    [38, 12], [38, 13], [38, 14], [38, 15], [38, 17], [38, 19], [38, 20], [38, 21],
    [38, 22], [38, 23], [38, 24], [38, 25], [38, 27], [38, 28], [38, 32], [38, 55],
    [38, 56], [38, 57], [38, 58], [38, 64], [38, 66], [38, 68], [38, 69], [38, 70],
    [38, 72], [38, 80], [38, 82], [38, 84], [38, 85], [38, 86], [38, 87], [38, 88],
    [38, 89], [38, 91], [38, 95], [38, 97], [39, 2], [39, 3], [39, 7], [39, 8],
    [39, 10], [39, 11], [39, 13], [39, 15], [39, 16], [39, 17], [39, 18], [39, 21],
    [39, 22], [39, 23], [39, 24], [39, 25], [39, 26], [39, 32], [39, 33], [39, 34],
    [39, 36], [39, 40], [39, 43], [39, 48], [39, 50], [39, 53], [39, 57], [39, 61],
    [39, 62], [39, 64], [39, 66], [39, 68], [39, 69], [39, 70], [39, 72], [39, 75],
    [39, 78], [39, 79], [39, 80], [39, 81], [39, 82], [39, 83], [39, 84], [39, 86],
    [39, 87], [39, 88], [39, 89], [39, 91], [39, 94], [39, 96], [40, 13], [40, 15],
    [40, 61], [41, 55], [41, 56], [41, 57], [41, 58], [41, 75], [42, 55], [42, 56],
    [42, 57], [42, 58], [42, 75], [43, 13], [43, 15], [43, 16], [43, 34], [43, 53],
    [43, 57], [43, 58], [43, 64], [43, 75], [43, 89], [44, 5], [44, 7], [44, 12],
    [44, 14], [44, 16], [44, 17], [44, 18], [44, 20], [44, 21], [44, 23], [44, 25],
    [44, 26], [44, 32], [44, 33], [44, 34], [44, 36], [44, 40], [44, 48], [44, 50],
    [44, 52], [44, 53], [44, 54], [44, 55], [44, 56], [44, 57], [44, 58], [44, 60],
    [44, 62], [44, 64], [44, 66], [44, 68], [44, 69], [44, 70], [44, 72], [44, 78],
    [44, 79], [44, 80], [44, 81], [44, 82], [44, 83], [44, 84], [44, 85], [44, 86],
    [44, 87], [44, 88], [44, 89], [44, 91], [44, 94], [44, 95], [44, 96], [44, 97],
    [45, 5], [45, 11], [45, 12], [45, 13], [45, 14], [45, 15], [45, 16], [45, 17],
    [45, 18], [45, 21], [45, 23], [45, 24], [45, 25], [45, 26], [45, 27], [45, 28],
    [45, 32], [45, 33], [45, 36], [45, 40], [45, 43], [45, 48], [45, 50], [45, 52],
    [45, 53], [45, 54], [45, 55], [45, 56], [45, 57], [45, 58], [45, 61], [45, 64],
    [45, 68], [45, 69], [45, 70], [45, 72], [45, 80], [45, 82], [45, 85], [45, 86],
    [45, 87], [45, 88], [45, 89], [45, 95], [45, 96], [45, 97], [46, 55], [46, 56],
    [46, 57], [46, 58], [46, 75], [47, 55], [47, 56], [47, 57], [47, 58], [47, 75],
    [48, 3], [48, 8], [48, 10], [48, 12], [48, 13], [48, 14], [48, 15], [48, 16],
    [48, 18], [48, 19], [48, 20], [48, 32], [48, 34], [48, 43], [48, 53], [48, 55],
    [48, 56], [48, 57], [48, 58], [48, 59], [48, 61], [48, 62], [48, 64], [48, 85],
    [48, 89], [48, 94], [48, 95], [48, 96], [48, 97], [49, 7], [49, 10], [49, 13],
    [49, 15], [49, 16], [49, 19], [49, 20], [49, 21], [49, 22], [49, 25], [49, 34],
    [49, 35], [49, 37], [49, 38], [49, 39], [49, 41], [49, 42], [49, 43], [49, 44],
    [49, 45], [49, 46], [49, 47], [49, 49], [49, 51], [49, 53], [49, 54], [49, 55],
    [49, 56], [49, 57], [49, 58], [49, 59], [49, 61], [49, 62], [49, 64], [49, 66],
    [49, 68], [49, 69], [49, 70], [49, 72], [49, 75], [49, 78], [49, 79], [49, 80],
    [49, 81], [49, 82], [49, 83], [49, 85], [49, 87], [49, 88], [49, 89], [49, 94],
    [49, 96], [50, 3], [50, 8], [50, 10], [50, 12], [50, 13], [50, 14], [50, 15],
    [50, 16], [50, 18], [50, 19], [50, 20], [50, 32], [50, 34], [50, 43], [50, 53],
    [50, 55], [50, 56], [50, 57], [50, 58], [50, 59], [50, 61], [50, 62], [50, 64],
    [50, 85], [50, 89], [50, 94], [50, 95], [50, 96], [50, 97], [51, 20], [51, 21],
    [51, 32], [51, 43], [51, 53], [51, 57], [51, 58], [51, 61], [51, 64], [51, 66],
    [51, 85], [51, 96], [52, 3], [52, 8], [52, 11], [52, 12], [52, 13], [52, 14],
    [52, 15], [52, 18], [52, 20], [52, 21], [52, 24], [52, 26], [52, 27], [52, 28],
    [52, 32], [52, 53], [52, 57], [52, 58], [52, 61], [52, 64], [52, 87], [52, 88],
    [52, 89], [52, 95], [52, 96], [52, 97], [53, 2], [53, 3], [53, 5], [53, 7],
    [53, 8], [53, 9], [53, 11], [53, 12], [53, 13], [53, 14], [53, 15], [53, 16],
    [53, 17], [53, 18], [53, 19], [53, 20], [53, 21], [53, 22], [53, 23], [53, 24],
    [53, 25], [53, 27], [53, 28], [53, 32], [53, 33], [53, 34], [53, 36], [53, 40],
    [53, 43], [53, 48], [53, 50], [53, 52], [53, 53], [53, 54], [53, 55], [53, 56],
    [53, 57], [53, 58], [53, 61], [53, 62], [53, 66], [53, 68], [53, 69], [53, 70],
    [53, 72], [53, 75], [53, 78], [53, 79], [53, 80], [53, 81], [53, 82], [53, 83],
    [53, 84], [53, 86], [53, 87], [53, 88], [53, 89], [53, 91], [53, 94], [53, 95],
    [53, 96], [53, 97], [54, 13], [54, 15], [54, 16], [54, 34], [54, 53], [54, 57],
    [54, 58], [54, 64], [54, 75], [54, 89], [55, 2], [55, 5], [55, 7], [55, 10],
    [55, 11], [55, 12], [55, 13], [55, 14], [55, 15], [55, 16], [55, 17], [55, 18],
    [55, 21], [55, 22], [55, 23], [55, 24], [55, 25], [55, 26], [55, 27], [55, 28],
    [55, 33], [55, 34], [55, 35], [55, 36], [55, 37], [55, 38], [55, 39], [55, 40],
    [55, 41], [55, 42], [55, 43], [55, 44], [55, 45], [55, 46], [55, 47], [55, 48],
    [55, 49], [55, 50], [55, 51], [55, 52], [55, 53], [55, 57], [55, 58], [55, 59],
    [55, 61], [55, 62], [55, 64], [55, 66], [55, 67], [55, 68], [55, 69], [55, 70],
    [55, 72], [55, 73], [55, 74], [55, 75], [55, 76], [55, 77], [55, 78], [55, 79],
    [55, 80], [55, 81], [55, 82], [55, 83], [55, 84], [55, 86], [55, 87], [55, 88],
    [55, 89], [55, 91], [55, 94], [55, 95], [55, 96], [55, 97], [56, 2], [56, 5],
    [56, 7], [56, 10], [56, 11], [56, 12], [56, 13], [56, 14], [56, 15], [56, 16],
    [56, 17], [56, 18], [56, 21], [56, 22], [56, 23], [56, 24], [56, 25], [56, 26],
    [56, 27], [56, 28], [56, 33], [56, 34], [56, 35], [56, 36], [56, 37], [56, 38],
    [56, 39], [56, 40], [56, 41], [56, 42], [56, 43], [56, 44], [56, 45], [56, 46],
    [56, 47], [56, 48], [56, 49], [56, 50], [56, 51], [56, 52], [56, 53], [56, 57],
    [56, 58], [56, 59], [56, 61], [56, 62], [56, 64], [56, 66], [56, 67], [56, 68],
    [56, 69], [56, 70], [56, 72], [56, 73], [56, 74], [56, 75], [56, 76], [56, 77],
    [56, 78], [56, 79], [56, 80], [56, 81], [56, 82], [56, 83], [56, 84], [56, 86],
    [56, 87], [56, 88], [56, 89], [56, 91], [56, 94], [56, 95], [56, 96], [56, 97],
    [57, 5], [57, 7], [57, 9], [57, 11], [57, 12], [57, 14], [57, 16], [57, 17],
    [57, 18], [57, 21], [57, 23], [57, 24], [57, 25], [57, 26], [57, 27], [57, 28],
    [57, 32], [57, 33], [57, 34], [57, 35], [57, 36], [57, 37], [57, 38], [57, 39],
    [57, 40], [57, 41], [57, 42], [57, 44], [57, 45], [57, 46], [57, 47], [57, 48],
    [57, 49], [57, 50], [57, 51], [57, 52], [57, 53], [57, 54], [57, 55], [57, 56],
    [57, 57], [57, 58], [57, 59], [57, 64], [57, 66], [57, 68], [57, 69], [57, 70],
    [57, 72], [57, 78], [57, 79], [57, 80], [57, 81], [57, 82], [57, 83], [57, 84],
    [57, 85], [57, 86], [57, 87], [57, 88], [57, 89], [57, 91], [57, 95], [57, 96],
    [57, 97], [58, 2], [58, 5], [58, 7], [58, 9], [58, 10], [58, 11], [58, 12],
    [58, 13], [58, 14], [58, 15], [58, 16], [58, 17], [58, 18], [58, 19], [58, 20],
    [58, 21], [58, 22], [58, 23], [58, 24], [58, 25], [58, 26], [58, 27], [58, 28],
    [58, 33], [58, 34], [58, 35], [58, 36], [58, 37], [58, 38], [58, 39], [58, 40],
    [58, 41], [58, 42], [58, 43], [58, 44], [58, 45], [58, 46], [58, 47], [58, 48],
    [58, 49], [58, 50], [58, 51], [58, 52], [58, 53], [58, 54], [58, 55], [58, 56],
    [58, 57], [58, 58], [58, 61], [58, 62], [58, 64], [58, 66], [58, 67], [58, 68],
    [58, 69], [58, 70], [58, 72], [58, 73], [58, 74], [58, 75], [58, 76], [58, 77],
    [58, 78], [58, 79], [58, 80], [58, 81], [58, 82], [58, 83], [58, 84], [58, 85],
    [58, 86], [58, 87], [58, 88], [58, 89], [58, 91], [58, 94], [58, 95], [58, 96],
    [58, 97], [59, 7], [59, 11], [59, 12], [59, 13], [59, 14], [59, 15], [59, 16],
    [59, 17], [59, 18], [59, 21], [59, 23], [59, 33], [59, 36], [59, 40], [59, 48],
    [59, 50], [59, 57], [59, 62], [59, 64], [59, 68], [59, 69], [59, 70], [59, 72],
    [59, 80], [59, 82], [59, 85], [59, 86], [59, 87], [59, 88], [59, 94], [59, 95],
    [59, 97], [60, 3], [60, 8], [60, 10], [60, 12], [60, 14], [60, 16], [60, 18],
    [60, 21], [60, 24], [60, 32], [60, 53], [60, 55], [60, 56], [60, 58], [60, 61],
    [60, 64], [60, 66], [60, 75], [60, 95], [60, 97], [61, 3], [61, 6], [61, 7],
    [61, 8], [61, 10], [61, 11], [61, 13], [61, 15], [61, 16], [61, 17], [61, 18],
    [61, 19], [61, 20], [61, 21], [61, 23], [61, 24], [61, 27], [61, 28], [61, 32],
    [61, 33], [61, 34], [61, 36], [61, 40], [61, 43], [61, 48], [61, 50], [61, 53],
    [61, 54], [61, 55], [61, 56], [61, 57], [61, 58], [61, 61], [61, 62], [61, 64],
    [61, 75], [61, 87], [61, 88], [61, 94], [61, 96], [62, 53], [62, 57], [62, 58],
    [64, 3], [64, 5], [64, 6], [64, 8], [64, 11], [64, 13], [64, 15], [64, 16],
    [64, 17], [64, 18], [64, 19], [64, 20], [64, 21], [64, 22], [64, 23], [64, 26],
    [64, 27], [64, 28], [64, 32], [64, 33], [64, 34], [64, 35], [64, 36], [64, 37],
    [64, 38], [64, 39], [64, 40], [64, 41], [64, 42], [64, 43], [64, 44], [64, 45],
    [64, 46], [64, 47], [64, 48], [64, 49], [64, 50], [64, 51], [64, 52], [64, 54],
    [64, 55], [64, 56], [64, 57], [64, 58], [64, 59], [64, 61], [64, 62], [64, 66],
    [64, 68], [64, 69], [64, 70], [64, 72], [64, 75], [64, 80], [64, 82], [64, 84],
    [64, 85], [64, 86], [64, 87], [64, 88], [64, 89], [64, 90], [64, 91], [64, 94],
    [66, 6], [66, 11], [66, 18], [66, 19], [66, 24], [66, 26], [66, 32], [66, 61],
    [66, 87], [66, 88], [66, 90], [66, 96], [67, 3], [67, 6], [67, 8], [67, 11],
    [67, 12], [67, 13], [67, 14], [67, 15], [67, 18], [67, 19], [67, 20], [67, 24],
    [67, 26], [67, 32], [67, 34], [67, 53], [67, 55], [67, 56], [67, 57], [67, 58],
    [67, 61], [67, 64], [67, 66], [67, 75], [67, 87], [67, 88], [67, 89], [67, 90],
    [67, 91], [67, 95], [67, 96], [67, 97], [68, 7], [68, 10], [68, 11], [68, 12],
    [68, 13], [68, 14], [68, 15], [68, 17], [68, 18], [68, 19], [68, 20], [68, 21],
    [68, 23], [68, 24], [68, 25], [68, 26], [68, 27], [68, 28], [68, 32], [68, 53],
    [68, 54], [68, 55], [68, 56], [68, 58], [68, 60], [68, 61], [68, 62], [68, 67],
    [68, 68], [68, 69], [68, 70], [68, 72], [68, 73], [68, 74], [68, 76], [68, 77],
    [68, 80], [68, 82], [68, 85], [68, 87], [68, 88], [68, 89], [68, 91], [68, 94],
    [68, 95], [68, 96], [68, 97], [69, 11], [69, 85], [70, 3], [70, 6], [70, 8],
    [70, 11], [70, 12], [70, 14], [70, 18], [70, 19], [70, 20], [70, 24], [70, 26],
    [70, 32], [70, 53], [70, 55], [70, 56], [70, 57], [70, 58], [70, 61], [70, 64],
    [70, 66], [70, 75], [70, 87], [70, 88], [70, 89], [70, 91], [70, 95], [70, 96],
    [70, 97], [71, 6], [71, 7], [71, 10], [71, 11], [71, 12], [71, 13], [71, 14],
    [71, 15], [71, 16], [71, 17], [71, 18], [71, 19], [71, 20], [71, 21], [71, 22],
    [71, 23], [71, 24], [71, 25], [71, 26], [71, 27], [71, 28], [71, 32], [71, 34],
    [71, 61], [71, 62], [71, 64], [71, 66], [71, 68], [71, 69], [71, 70], [71, 72],
    [71, 80], [71, 82], [71, 87], [71, 88], [71, 90], [71, 94], [71, 95], [71, 96],
    [71, 97], [72, 5], [72, 18], [72, 32], [72, 52], [72, 53], [72, 54], [72, 55],
    [72, 56], [72, 57], [72, 58], [72, 61], [73, 6], [73, 11], [73, 18], [73, 19],
    [73, 24], [73, 26], [73, 32], [73, 61], [73, 87], [73, 88], [73, 90], [73, 96],
    [74, 11], [74, 61], [74, 85], [75, 5], [75, 18], [75, 32], [75, 52], [75, 53],
    [75, 54], [75, 55], [75, 56], [75, 57], [75, 58], [75, 61], [76, 7], [76, 12],
    [76, 13], [76, 14], [76, 15], [76, 17], [76, 18], [76, 19], [76, 20], [76, 21],
    [76, 23], [76, 25], [76, 26], [76, 32], [76, 34], [76, 53], [76, 55], [76, 56],
    [76, 57], [76, 58], [76, 60], [76, 61], [76, 64], [76, 66], [76, 68], [76, 69],
    [76, 70], [76, 72], [76, 75], [76, 78], [76, 79], [76, 80], [76, 81], [76, 82],
    [76, 83], [76, 84], [76, 86], [76, 87], [76, 88], [76, 89], [76, 90], [76, 91],
    [76, 95], [76, 97], [77, 11], [77, 85], [78, 6], [78, 11], [78, 18], [78, 19],
    [78, 24], [78, 26], [78, 32], [78, 61], [78, 87], [78, 88], [78, 90], [78, 96],
    [79, 6], [79, 11], [79, 18], [79, 19], [79, 24], [79, 26], [79, 32], [79, 61],
    [79, 87], [79, 88], [79, 90], [79, 96], [80, 3], [80, 6], [80, 8], [80, 11],
    [80, 12], [80, 13], [80, 14], [80, 15], [80, 18], [80, 19], [80, 20], [80, 24],
    [80, 26], [80, 32], [80, 34], [80, 53], [80, 55], [80, 56], [80, 57], [80, 58],
    [80, 61], [80, 64], [80, 66], [80, 75], [80, 87], [80, 88], [80, 89], [80, 90],
    [80, 91], [80, 95], [80, 96], [80, 97], [81, 3], [81, 6], [81, 8], [81, 11],
    [81, 12], [81, 13], [81, 14], [81, 15], [81, 18], [81, 19], [81, 20], [81, 24],
    [81, 26], [81, 32], [81, 34], [81, 53], [81, 55], [81, 56], [81, 57], [81, 58],
    [81, 61], [81, 64], [81, 66], [81, 75], [81, 87], [81, 88], [81, 89], [81, 90],
    [81, 91], [81, 95], [81, 96], [81, 97], [82, 5], [82, 18], [82, 32], [82, 52],
    [82, 53], [82, 54], [82, 55], [82, 56], [82, 57], [82, 58], [82, 61], [82, 75],
    [83, 5], [83, 7], [83, 9], [83, 10], [83, 11], [83, 12], [83, 13], [83, 14],
    [83, 15], [83, 16], [83, 18], [83, 20], [83, 21], [83, 24], [83, 26], [83, 32],
    [83, 33], [83, 34], [83, 35], [83, 36], [83, 37], [83, 38], [83, 39], [83, 40],
    [83, 41], [83, 42], [83, 44], [83, 45], [83, 46], [83, 47], [83, 48], [83, 49],
    [83, 50], [83, 51], [83, 52], [83, 53], [83, 54], [83, 55], [83, 56], [83, 57],
    [83, 58], [83, 60], [83, 61], [83, 62], [83, 64], [83, 66], [83, 67], [83, 68],
    [83, 69], [83, 70], [83, 72], [83, 73], [83, 74], [83, 76], [83, 77], [83, 78],
    [83, 79], [83, 80], [83, 81], [83, 82], [83, 83], [83, 85], [83, 87], [83, 88],
    [83, 89], [83, 94], [83, 95], [83, 96], [83, 97], [84, 18], [84, 19], [84, 20],
    [84, 24], [84, 26], [84, 32], [84, 61], [84, 87], [84, 88], [84, 89], [84, 96],
    [85, 7], [85, 11], [85, 12], [85, 13], [85, 14], [85, 15], [85, 17], [85, 18],
    [85, 19], [85, 21], [85, 22], [85, 23], [85, 24], [85, 25], [85, 26], [85, 32],
    [85, 34], [85, 61], [85, 64], [85, 66], [85, 68], [85, 69], [85, 70], [85, 72],
    [85, 80], [85, 82], [85, 85], [85, 87], [85, 88], [85, 90], [85, 95], [85, 96],
    [85, 97], [86, 5], [86, 18], [86, 32], [86, 52], [86, 53], [86, 54], [86, 55],
    [86, 56], [86, 57], [86, 58], [86, 61], [87, 5], [87, 7], [87, 11], [87, 12],
    [87, 13], [87, 14], [87, 15], [87, 16], [87, 17], [87, 18], [87, 19], [87, 21],
    [87, 22], [87, 23], [87, 24], [87, 25], [87, 26], [87, 27], [87, 28], [87, 32],
    [87, 33], [87, 34], [87, 36], [87, 40], [87, 48], [87, 50], [87, 52], [87, 53],
    [87, 57], [87, 58], [87, 61], [87, 64], [87, 66], [87, 68], [87, 69], [87, 70],
    [87, 72], [87, 75], [87, 80], [87, 82], [87, 84], [87, 87], [87, 88], [87, 89],
    [87, 90], [87, 91], [87, 95], [87, 96], [87, 97], [88, 5], [88, 7], [88, 11],
    [88, 12], [88, 13], [88, 14], [88, 15], [88, 16], [88, 17], [88, 18], [88, 19],
    [88, 21], [88, 22], [88, 23], [88, 24], [88, 25], [88, 26], [88, 27], [88, 28],
    [88, 32], [88, 33], [88, 34], [88, 36], [88, 40], [88, 48], [88, 50], [88, 52],
    [88, 53], [88, 57], [88, 58], [88, 61], [88, 64], [88, 66], [88, 68], [88, 69],
    [88, 70], [88, 72], [88, 75], [88, 80], [88, 82], [88, 84], [88, 87], [88, 88],
    [88, 89], [88, 90], [88, 91], [88, 95], [88, 96], [88, 97], [89, 5], [89, 7],
    [89, 11], [89, 12], [89, 14], [89, 16], [89, 17], [89, 18], [89, 21], [89, 23],
    [89, 24], [89, 27], [89, 28], [89, 32], [89, 33], [89, 36], [89, 40], [89, 48],
    [89, 50], [89, 52], [89, 53], [89, 54], [89, 55], [89, 56], [89, 58], [89, 61],
    [89, 64], [89, 66], [89, 68], [89, 69], [89, 70], [89, 72], [89, 75], [89, 80],
    [89, 82], [89, 84], [89, 86], [89, 87], [89, 88], [89, 90], [89, 91], [89, 95],
    [89, 96], [89, 97], [90, 5], [90, 7], [90, 11], [90, 12], [90, 13], [90, 14],
    [90, 15], [90, 16], [90, 17], [90, 18], [90, 19], [90, 21], [90, 22], [90, 23],
    [90, 24], [90, 25], [90, 26], [90, 27], [90, 28], [90, 32], [90, 33], [90, 34],
    [90, 36], [90, 40], [90, 48], [90, 50], [90, 52], [90, 53], [90, 57], [90, 58],
    [90, 61], [90, 64], [90, 66], [90, 68], [90, 69], [90, 70], [90, 72], [90, 75],
    [90, 80], [90, 82], [90, 84], [90, 87], [90, 88], [90, 89], [90, 90], [90, 91],
    [90, 95], [90, 96], [90, 97], [91, 7], [91, 11], [91, 12], [91, 14], [91, 18],
    [91, 19], [91, 21], [91, 61], [91, 64], [91, 68], [91, 69], [91, 70], [91, 72],
    [91, 80], [91, 82], [91, 87], [91, 88], [91, 89], [91, 90], [91, 95], [91, 97],
    [92, 3], [92, 8], [92, 10], [92, 12], [92, 14], [92, 16], [92, 18], [92, 21],
    [92, 24], [92, 32], [92, 53], [92, 55], [92, 56], [92, 58], [92, 61], [92, 64],
    [92, 66], [92, 75], [92, 95], [92, 97], [95, 5], [95, 6], [95, 11], [95, 13],
    [95, 15], [95, 17], [95, 18], [95, 19], [95, 20], [95, 21], [95, 23], [95, 24],
    [95, 32], [95, 33], [95, 34], [95, 36], [95, 40], [95, 43], [95, 48], [95, 50],
    [95, 52], [95, 53], [95, 55], [95, 56], [95, 57], [95, 58], [95, 61], [95, 68],
    [95, 69], [95, 70], [95, 72], [95, 80], [95, 82], [95, 85], [95, 87], [95, 88],
    [95, 89], [95, 91], [96, 3], [96, 5], [96, 6], [96, 8], [96, 11], [96, 13],
    [96, 15], [96, 16], [96, 18], [96, 19], [96, 20], [96, 21], [96, 22], [96, 24],
    [96, 26], [96, 32], [96, 33], [96, 34], [96, 36], [96, 40], [96, 43], [96, 48],
    [96, 50], [96, 52], [96, 53], [96, 55], [96, 56], [96, 57], [96, 58], [96, 61],
    [96, 68], [96, 69], [96, 70], [96, 72], [96, 80], [96, 82], [96, 85], [96, 87],
    [96, 88], [96, 89], [97, 5], [97, 6], [97, 11], [97, 13], [97, 15], [97, 17],
    [97, 18], [97, 19], [97, 20], [97, 21], [97, 23], [97, 24], [97, 32], [97, 33],
    [97, 34], [97, 36], [97, 40], [97, 43], [97, 48], [97, 50], [97, 52], [97, 53],
    [97, 55], [97, 56], [97, 57], [97, 58], [97, 61], [97, 68], [97, 69], [97, 70],
    [97, 72], [97, 80], [97, 82], [97, 85], [97, 87], [97, 88], [97, 89], [97, 91],
];

#[rustfmt::skip]
static MONTSERRAT_12_KERN_VALUES: [i8; 2640] = [
    1, 2, 1, 4, 4, 2, 2, 4, 9, 5, -4, 9, 4, -11, -11, -12,
    1, 9, 4, 3, -8, 1, 1, 9, 8, 2, 2, 6, -3, -8, -3, -3,
    -3, -3, 2, 12, 2, -1, -3, -3, -3, -3, -3, -3, 2, 4, -6, -6,
    -4, 3, 4, 3, 4, -2, -1, 2, -2, -2, -1, -1, -4, -2, -2, -3,
    -2, -4, -2, -2, -2, 3, -3, 3, -5, -23, -5, -4, -10, 4, 6, 4,
    6, -4, 2, 2, 6, 4, -3, 4, -11, -7, 2, 4, 4, 4, 4, 4,
    4, 4, -5, 4, -2, -9, -8, -1, -9, -6, 7, -6, -2, -3, -1, -1,
    -14, 2, 6, -5, -4, -4, -8, 2, -15, -2, 7, 2, 2, -2, -2, -2,
    -8, 9, 5, -4, 9, 4, -11, -11, -12, 1, 9, 4, 3, -8, 1, 1,
    9, 8, 2, 2, 6, -3, -8, -3, -3, -3, -3, 2, 12, 2, -1, -3,
    -3, -3, -3, -3, -3, 2, 4, 6, 2, -4, -2, 7, 2, 17, 2, -7,
    1, 4, 2, 6, -2, 4, 4, -2, -6, -2, -6, -26, 1, 5, 4, -2,
    1, 7, 6, 6, -18, -2, 2, 6, 6, 6, -2, 4, 2, -2, 4, -3,
    -3, -3, -3, 4, 4, 4, 4, -3, -3, 6, 8, 8, 2, 3, -2, 6,
    -2, -3, -7, -2, -1, -1, 1, -3, -2, -4, 1, 1, -2, -8, 1, -3,
    1, 1, -4, 1, 1, -3, -6, -4, -4, -3, -6, -12, 2, 2, 2, 2,
    2, 2, 2, -2, -2, -4, -2, -11, 2, -12, -11, -6, -1, -1, 19, -2,
    -2, 2, 2, -2, -2, -2, 2, -10, -4, 6, -4, -4, 11, -4, -4, 2,
    -6, -2, -7, -7, -7, 3, -19, 2, 2, -2, -2, -2, -2, 2, -2, -2,
    -1, -2, -6, -6, -1, -12, -1, -3, -7, -2, -1, -1, 1, -3, -2, -4,
    1, 1, -2, -8, 1, -3, 1, 1, -4, 1, 1, -3, -6, -4, -4, -3,
    -6, -12, 2, 2, 2, 2, 2, 2, 2, -2, -2, -4, -2, -11, 2, -12,
    -11, -6, -1, -1, 19, -2, -2, 2, 2, -2, -2, -2, 2, -10, -4, 6,
    -4, -4, 11, -4, -4, 2, -6, -2, -7, -7, -7, 3, -19, 2, 2, -2,
    -2, -2, -2, 2, -2, -2, -1, -2, -6, -6, -1, -12, -1, 12, -4, -7,
    12, 6, -13, -19, -13, -19, -13, -4, 6, -13, -4, 2, -4, -3, -3, -4,
    -8, -4, -4, -2, -4, -4, -4, 6, 6, 6, 6, 5, 6, -23, -13, 2,
    -13, -13, -13, -13, 2, 2, 2, 2, -13, -13, -13, -13, -13, -13, -13, -5,
    -13, -6, -6, -11, -13, 6, -13, 9, -13, 1, 1, 1, 1, -2, 1, -2,
    -4, -2, -1, -4, -2, -4, -4, -5, -5, -6, -6, -4, -4, -4, -2, 2,
    1, 1, -2, 1, 1, 2, -1, -1, 2, -1, 2, 2, -4, 2, -1, -2,
    -2, -3, -1, 6, -2, -2, -2, -2, -2, -2, -1, -1, -1, -1, -2, -2,
    -2, -1, -1, -2, -2, -1, -2, -2, -2, -2, -1, -1, -1, -2, -3, -6,
    -1, -6, 4, -6, -4, 2, 4, 2, 4, 5, -5, -2, -9, 2, -1, 1,
    1, -10, 2, 2, 2, 2, 2, -1, -10, -10, -10, -2, -17, -1, -10, 4,
    5, 2, 2, 2, 2, 2, 2, -3, -3, -2, 2, -6, 2, -2, -2, -1,
    -1, -1, -2, -2, -2, -1, -1, -2, -2, -2, -2, -2, -2, -2, -1, -4,
    2, -1, -2, 1, 2, 1, 2, 2, -1, 1, -2, -2, -2, -1, -2, 2,
    2, 2, 2, -2, 2, 2, -2, -2, -3, 1, -4, 1, 6, -1, -6, 6,
    5, -10, -10, -10, -10, -8, -4, 2, -2, -12, -3, -4, -3, -4, -4, 3,
    -3, -12, -3, -3, -5, -3, -3, -1, 1, 1, 2, -1, 2, -6, -7, -10,
    -10, -10, -10, -4, -5, -5, -10, -5, -10, -5, -6, -2, -5, -4, -5, -10,
    1, -10, -2, 1, 2, 2, -2, -1, -2, -3, -3, -4, -4, -6, -2, -1,
    1, 1, 1, 1, -2, 1, -2, -4, -2, -1, -4, -2, -4, -4, -5, -5,
    -6, -6, -4, -4, -4, -2, 2, 1, 1, -2, 1, 1, 2, 2, 9, 1,
    -2, 2, 7, -2, -4, -4, -1, -7, -3, 2, 2, 1, 1, -2, 2, 2,
    9, 1, -2, 2, 7, -2, -4, -4, -1, -7, -3, 2, 2, 1, 1, -2,
    -1, -4, 2, -10, -10, -6, -3, -10, -2, 2, -9, -8, -5, -2, -2, -3,
    -2, -2, -3, -4, -2, -2, -2, -2, -2, -2, 2, 2, 2, -3, -3, 2,
    1, -4, 1, -4, -4, -2, -2, -2, -6, -2, -3, -2, -4, -4, -5, -6,
    -2, -4, 2, -6, 1, -2, 2, 1, 2, 1, -8, -8, -18, -3, 6, -3,
    6, 6, -2, -8, 2, -3, -2, -10, -1, -2, 2, 2, -13, -2, 2, -2,
    -2, 3, -2, -2, -7, -3, -7, -7, -6, -10, -12, 11, -1, -1, -1, -1,
    -1, -1, -1, -1, -2, -5, -5, -6, -5, -3, -18, -3, -4, -3, -8, -8,
    -2, -11, -4, -2, -4, 4, 2, 2, -4, 2, -1, -5, -2, -4, -2, -2,
    -1, -1, -7, -3, -7, -7, -7, -7, -3, -1, -1, -3, -2, -2, 2, -1,
    -4, -4, -4, -4, -4, -4, -4, -3, -3, -3, 2, -3, -3, 2, 1, -4,
    1, -4, -4, -2, -2, -2, -6, -2, -3, -2, -4, -4, -5, -6, -2, -4,
    2, -6, 1, -2, 2, 1, 2, 1, -4, 2, -4, 2, -3, -1, -2, -6,
    -1, -3, -1, -1, -1, -1, -2, -2, -2, -1, -2, 2, -1, -1, -1, -1,
    -1, -1, -1, -1, -2, -1, -2, -2, -2, -2, -4, -4, 2, 8, -5, 8,
    -1, 4, -2, -2, -8, -2, 3, -9, -3, -2, 2, -3, 1, -1, -2, -6,
    -2, -2, -3, -2, -2, 1, -3, 2, 2, -4, -4, -3, -3, -3, -3, -3,
    -2, -2, -3, -2, -3, -2, -2, -3, 1, 1, -4, -3, 2, 6, 2, 2,
    -3, -3, -3, -4, -3, 4, -3, -3, -4, -3, 4, -2, -2, -2, -3, -2,
    -2, -2, -2, -1, -1, -3, -4, -6, -6, 1, -4, 4, -1, -9, -4, -4,
    -2, -8, -7, -5, -7, -7, -7, -7, -3, -6, -2, -8, -8, -7, -9, -5,
    2, 13, -2, -4, -4, -4, -4, -2, -2, -4, -2, -4, -2, -3, -5, -3,
    -7, -7, -8, -4, 2, -6, -2, -6, -1, -13, -2, 6, -2, 6, 4, -4,
    -7, -6, -4, -10, -1, -2, 4, 4, -18, -2, -2, -2, 1, -2, -2, -1,
    -15, -2, -10, -10, -2, -14, -13, 11, -1, -1, -1, -1, -1, -1, -1, -1,
    -7, -7, -1, -2, -12, -2, -3, -3, -4, -3, 4, -3, -3, -4, -3, 4,
    -3, -3, 2, 1, -4, 1, -4, -4, -2, -2, -2, -6, -2, -3, -2, -4,
    -4, -5, -6, -2, -4, 2, -6, 1, -2, 2, 1, 2, 1, -6, -2, -5,
    -5, -9, -1, -3, -6, -2, -1, -9, -2, -2, -2, -2, -2, -2, -6, -2,
    -2, -2, -2, -2, -2, -8, -2, -3, -3, -6, -2, -3, -4, -2, -6, -3,
    -2, -2, -2, -2, -2, -4, -4, -2, -4, -2, -4, 1, -1, -1, -6, -2,
    4, -3, -3, 2, 1, -4, 1, -4, 8, -2, -2, -2, -6, -2, -3, -2,
    -4, -4, -5, -6, -2, -4, 2, 8, 1, -2, 2, 1, 2, 1, -1, -4,
    -1, -2, -2, -4, -2, -4, 3, -1, 1, 3, -6, -6, -4, 3, 4, 3,
    4, -2, -1, 2, -2, -2, -1, -1, -4, -2, -2, -3, -2, -4, -2, -2,
    -2, 3, -3, 3, 4, 2, -2, -6, 2, -3, 6, -6, -6, -6, -6, -4,
    -4, 8, 3, 2, -17, -1, -4, 4, -2, -2, -2, 2, -2, -7, -2, -2,
    -2, -2, -2, -2, 2, -2, -2, -2, -6, -2, 6, 4, -5, -11, -11, -11,
    -11, -3, -2, -2, -11, -2, -11, -2, -7, -2, -6, -6, -6, -2, 4, -6,
    8, -6, -2, -2, -2, -3, -2, -2, -2, -2, -1, -1, 2, -3, -5, 2,
    6, -4, -7, -4, -7, -8, -5, 6, -14, -2, -5, 2, -3, -1, -4, -4,
    -4, -7, -3, -4, -3, -3, -3, -4, -3, -3, -3, -3, -3, -3, -3, -4,
    -3, -4, -3, -3, -2, -4, -3, -2, 6, 4, -2, -11, -3, -11, -11, -11,
    -11, -3, -3, -4, -3, -3, -7, -7, -11, -7, -11, -7, -11, -6, -3, -3,
    -6, -5, 4, -4, 5, -4, 2, -3, -5, 2, 6, -4, -7, -4, -7, -8,
    -5, 6, -14, -2, -5, 2, -3, -1, -4, -4, -4, -7, -3, -4, -3, -3,
    -3, -4, -3, -3, -3, -3, -3, -3, -3, -4, -3, -4, -3, -3, -2, -4,
    -3, -2, 6, 4, -2, -11, -3, -11, -11, -11, -11, -3, -3, -4, -3, -3,
    -7, -7, -11, -7, -11, -7, -11, -6, -3, -3, -6, -5, 4, -4, 5, -4,
    -2, -4, -2, -2, -3, -3, 3, -6, 2, -10, -6, -2, -4, -3, -1, -1,
    -6, -5, -6, -4, -5, -4, -4, -4, -5, -4, -4, -4, -4, -4, -4, -5,
    -4, -5, -4, -2, -6, -2, -4, -4, -4, -6, -2, 9, -3, -6, -6, -6,
    -6, -2, -2, -6, -2, -6, -2, -4, -4, -5, -5, -5, -7, -2, -3, -4,
    -3, 4, -3, -10, -2, 1, 4, -6, -7, -6, -7, -4, -6, 6, -2, 1,
    -18, -3, -6, 4, -4, -3, -7, -7, -6, -10, -3, -6, -3, -3, -3, -6,
    -3, -3, -2, -3, -3, -3, -3, -6, -3, -6, -3, -3, -2, -2, -3, -3,
    -6, 9, 6, 5, -1, -12, -3, -12, -12, -12, -12, -3, -3, -6, -3, -3,
    -7, -7, -12, -7, -12, -7, -13, -4, -7, -8, -8, -10, -6, 5, -6, 4,
    -6, -2, 2, -2, 4, -2, 4, 1, -4, 4, -6, -4, -2, -2, -2, -2,
    -2, -2, 2, 6, -2, -2, -2, -2, -2, -2, -1, -1, -2, -2, 2, -2,
    -2, 2, 2, 2, -2, -2, 7, 3, -2, 4, 2, 4, 4, 4, 5, 6,
    5, -2, 19, -2, -2, -12, -2, 3, -12, 6, -26, 19, 19, 2, -4, -4,
    2, 2, -1, -4, -10, 9, 9, -12, -4, 6, -4, -4, 6, -4, -4, -4,
    -2, -8, -8, 4, -4, -13, 7, 27, 23, 4, 4, 7, -12, -3, -4, -2,
    -1, 4, -5, -1, -2, 2, 2, 25, -4, -2, 6, 5, -5, 2, -4, 2,
    2, 2, -2, -6, 11, 6, -6, 6, 6, 6, -6, 6, 6, 16, 6, 6,
    6, 6, -6, 6, -6, 6, 4, -2, -2, -2, 9, -1, 4, -25, 5, -2,
    -5, -5, -5, -5, 21, -5, -5, 2, -4, -5, -2, -2, 7, 4, 5, 5,
    -5, -5, -4, -1, -4, -2, -10, -13, -2, -2, -3, -4, -3, -5, -3, -3,
    2, -2, 2, -2, -5, -2, -4, -5, -2, -7, -2, -16, -8, -8, -2, -7,
    -13, -5, -1, -1, -3, -3, -3, -3, -2, 2, -3, 2, -4, -4, 2, -2,
    4, -2, 4, -1, -4, -1, -3, -4, -1, -2, -1, -1, 1, 1, -3, -17,
    -2, -3, -3, -4, -1, -9, -2, -1, -2, -2, -2, -2, -1, -1, -1, -1,
    -2, -2, 1, -1, -1, -3, -1, -2, -2, 3, -2, 4, -1, -4, -1, -4,
    -4, 2, 2, -5, -2, -4, -5, -2, -7, -19, -4, -4, -7, -10, -13, -1,
    -3, -1, -2, -2, -3, -1, 2, -3, 2, 3, -2, 6, 9, -2, -2, -2,
    -2, -6, 2, 9, 3, 4, -5, 2, 2, 8, 2, 6, 4, 4, 5, -4,
    12, 9, -3, -2, -2, -2, -2, -2, -2, -2, 2, 2, -1, 9, -2, 7,
    -2, -3, -1, 4, -3, -5, -2, -2, -2, -8, -9, -13, -5, -5, -4, -1,
    -4, -2, -10, -13, -2, -2, -3, -4, 4, -6, -1, -3, -1, 4, -3, -5,
    -2, -2, -2, -8, -9, -8, -2, -4, 2, -4, 2, -2, 2, 3, 2, -6,
    -2, -2, 2, 2, -4, -5, -2, -2, -1, -4, -2, -8, 12, -2, -4, -4,
    -4, -4, -4, -1, -1, -4, -1, -4, -1, -3, -2, -5, -5, -4, -5, -2,
    -4, -4, 4, -1, -5, -5, -4, -1, -4, -2, -10, -13, -2, -2, -3, -4,
    -5, -5, -4, -1, -4, -2, -10, -13, -2, -2, -3, -4, -3, -5, -3, -3,
    2, -2, 2, -2, -5, -2, -4, -5, -2, -7, -2, -16, -8, -8, -2, -7,
    -13, -5, -1, -1, -3, -3, -3, -3, -2, 2, -3, 2, -3, -5, -3, -3,
    2, -2, 2, -2, -5, -2, -4, -5, -2, -7, -2, -16, -8, -8, -2, -7,
    -13, -5, -1, -1, -3, -3, -3, -3, -2, 2, -3, 2, -3, -1, 4, -3,
    -5, -2, -2, -2, -8, -9, -13, 5, -3, -6, -2, -2, 6, -2, -2, -2,
    -2, -8, -1, -1, -5, 4, 2, 1, -5, -8, -2, -5, -2, -2, -2, -5,
    -2, -2, -2, -2, -2, -2, -5, -2, -5, -2, -3, -7, -4, -5, -5, -8,
    -7, -3, -4, -2, -2, -8, -1, -2, -2, -2, -2, -1, -1, -1, -1, -1,
    -1, -2, -1, -2, -1, 3, 3, 3, -1, -2, -2, 6, -2, -1, -2, -2,
    -5, -1, -3, -12, -2, -2, -2, -2, -2, -3, -2, 2, -2, 2, -3, -4,
    -1, -6, -1, -3, -4, -1, -2, -3, -4, -13, 6, -4, -3, -3, -3, -3,
    -3, -3, -2, -2, -2, -7, -2, -1, -2, -3, -1, 4, -3, -5, -2, -2,
    -2, -8, -9, -13, -1, -4, 8, -2, -6, -2, -6, -6, 1, 2, 2, -5,
    1, 1, 3, 1, 6, 1, 1, 6, -1, -5, -1, -1, -1, -1, -1, -8,
    -6, -5, -4, -2, -4, -3, -3, -3, -3, -4, -3, -3, -1, -2, -2, -4,
    -2, -2, -2, 7, -2, -1, -4, 8, -2, -6, -2, -6, -6, 1, 2, 2,
    -5, 1, 1, 3, 1, 6, 1, 1, 6, -1, -5, -1, -1, -1, -1, -1,
    -8, -6, -5, -4, -2, -4, -3, -3, -3, -3, -4, -3, -3, -1, -2, -2,
    -4, -2, -2, -2, 7, -2, -2, -4, 2, -4, -4, 2, -2, 2, -6, -2,
    -1, -2, -2, 2, -2, -2, -2, -2, -2, -2, -8, -2, -4, -4, -6, -9,
    7, -2, -3, -3, -3, -3, 1, -3, -3, -2, -2, -4, -4, -5, -2, -4,
    2, -4, -1, -4, 8, -2, -6, -2, -6, -6, 1, 2, 2, -5, 1, 1,
    3, 1, 6, 1, 1, 6, -1, -5, -1, -1, -1, -1, -1, -8, -6, -5,
    -4, -2, -4, -3, -3, -3, -3, -4, -3, -3, -1, -2, -2, -4, -2, -2,
    -2, 7, -2, -1, 2, -2, -2, -2, -1, -2, -12, 4, -2, -2, -2, -2,
    -2, -2, -2, -2, -2, -3, -2, -2, 2, 2, 2, -2, -2, 7, 3, -2,
    4, 2, 4, 4, 4, 5, 6, 5, -2, 19, -2, -2, -3, -7, -2, -1,
    -1, 1, -3, -2, -4, 1, 1, -2, -8, 1, -3, 1, 1, -4, 1, 1,
    -3, -6, -4, -4, -3, -6, -12, 2, 2, 2, 2, 2, 2, 2, -2, -2,
    -4, -2, 4, 4, 4, 4, 6, -12, -12, -11, 8, 6, 3, -8, 1, 8,
    7, 4, 2, -18, 2, 2, -2, 2, 2, 4, 8, 5, 5, -4, 4, 10,
    -3, -3, -3, -3, -3, -3, 4, 7, 7, 2, -3, -7, -2, -1, -1, 1,
    -3, -2, -4, 1, 1, -2, -8, 1, -3, 1, 1, -4, 1, 1, -3, -6,
    -4, -4, -3, -6, -12, 2, 2, 2, 2, 2, 2, 2, -2, -2, -4, -2,
];

static MONTSERRAT_12_DATA: twine_text::BitmapFont = twine_text::BitmapFont {
    bpp: 4,
    bitmap: &MONTSERRAT_12_BITMAP,
    glyphs: &MONTSERRAT_12_GLYPHS,
    cmaps: &MONTSERRAT_12_CMAPS,
    kern: twine_text::Kern::Pairs {
        glyph_ids: twine_text::KernPairIds::U8(&MONTSERRAT_12_KERN_PAIRS),
        values: &MONTSERRAT_12_KERN_VALUES,
    },
    kern_scale: 16,
    format: twine_text::BitmapFormat::Plain,
};

/// Montserrat-Medium.ttf at 12 px, 4 bpp, 157 glyphs (line height 16 px).
pub static MONTSERRAT_12: twine_text::Font = twine_text::Font {
    line_height: 16,
    base_line: 4,
    underline_position: -1,
    underline_thickness: 1,
    provider: &MONTSERRAT_12_DATA,
    fallback: None,
    subpx: twine_text::Subpx::None,
};
