// Generated by twine-cli 0.1.0: twine font --ttf assets/fonts/Montserrat-Medium.ttf --size 16 --bpp 4 --range 0xA0-0xAC --range 0xAE-0x17F --range 0x2013-0x2014 --range 0x2018-0x201A --range 0x201C-0x201E --range 0x2026 --range 0x20AC --compress --no-kerning --name MONTSERRAT_16_LATIN_EXT --out crates/twine-assets/src/fonts/montserrat_16_latin_ext.rs
// Source: Montserrat-Medium.ttf SHA-256 c888ea70fdceef0d05752266472a940aeb86692a7bdf8f2211380587418ca223
// 233 glyphs, line height 21 px, base line 5 px, 4 bpp, compressed bitmaps, 0 kerning pairs.
// Do not edit: regenerate with the command above.

#[rustfmt::skip]
static MONTSERRAT_16_LATIN_EXT_BITMAP: [u8; 11245] = [
    0x46, 0x08, 0x91, 0xfa, 0x13, 0x50, 0x7b, 0x0f, 0x70, 0x00, 0x80, 0x80, 0x0c, 0xc0, 0x01, 0x01,
    0x00, 0x74, 0x00, 0x00, 0xc6, 0x60, 0x0f, 0x92, 0xc0, 0x3c, 0x98, 0x8a, 0x01, 0x0d, 0xd9, 0x4a,
    0xb4, 0x82, 0xd6, 0xe5, 0xb0, 0x58, 0x95, 0x90, 0x00, 0x78, 0x8c, 0x18, 0x01, 0xf8, 0x40, 0x3c,
    0x83, 0xc0, 0x19, 0x00, 0x16, 0x97, 0xa7, 0x56, 0xa0, 0xb6, 0xea, 0x8f, 0x2a, 0x00, 0x4c, 0x87,
    0xd6, 0x00, 0xf7, 0x80, 0x40, 0x00, 0xe2, 0x44, 0x10, 0x07, 0x1e, 0x6d, 0xdb, 0x6c, 0x02, 0x2d,
    0x1a, 0xdc, 0xa3, 0x00, 0xa8, 0x7d, 0x48, 0xd6, 0x00, 0x23, 0x22, 0x00, 0x78, 0x49, 0xc0, 0x8b,
    0x00, 0x4d, 0x86, 0x59, 0x98, 0x40, 0x0f, 0xc6, 0x6e, 0xec, 0x20, 0x1f, 0xfc, 0xc3, 0x61, 0x13,
    0x37, 0x28, 0x5c, 0x91, 0x26, 0x7a, 0x00, 0x01, 0x00, 0xf8, 0x40, 0xf0, 0x80, 0x94, 0xc0, 0x75,
    0x8d, 0xb2, 0xf6, 0xf3, 0x70, 0x50, 0x28, 0x43, 0x7b, 0x88, 0x52, 0x40, 0xc5, 0x44, 0x03, 0x2b,
    0xc0, 0x0d, 0x41, 0x00, 0xde, 0xe0, 0x1f, 0xc6, 0x01, 0x7b, 0x90, 0x06, 0xa4, 0x00, 0x20, 0xfb,
    0x1a, 0xe1, 0xe8, 0x0e, 0x9a, 0xc6, 0x53, 0x25, 0x19, 0x3e, 0xc7, 0x73, 0xea, 0xd1, 0x80, 0x32,
    0x00, 0xf8, 0x4c, 0x6f, 0x08, 0x03, 0xd5, 0xc1, 0x05, 0xc0, 0x1c, 0xe9, 0xc2, 0x1c, 0x50, 0x01,
    0x1c, 0x40, 0xc0, 0x05, 0x0e, 0x80, 0x3c, 0x8e, 0x01, 0x99, 0x68, 0x60, 0xe8, 0x03, 0xd6, 0x18,
    0xd4, 0x20, 0x19, 0xfb, 0xc0, 0x86, 0xba, 0xc0, 0x27, 0xee, 0x60, 0x4f, 0x72, 0xc0, 0x26, 0xcc,
    0x70, 0x56, 0x62, 0x80, 0x27, 0xee, 0x40, 0x2f, 0x72, 0x00, 0x21, 0x22, 0x30, 0x79, 0x14, 0x00,
    0x4d, 0x11, 0x11, 0x80, 0x7f, 0x32, 0x19, 0xac, 0x40, 0x3c, 0x4e, 0x2f, 0x06, 0x01, 0xff, 0x97,
    0x48, 0x00, 0x8d, 0x0c, 0x02, 0x3d, 0xca, 0xce, 0x40, 0xe7, 0xee, 0xa1, 0x80, 0xb4, 0x40, 0x58,
    0x81, 0x66, 0x48, 0x01, 0xe2, 0xae, 0x70, 0x55, 0x65, 0xfc, 0xc2, 0x18, 0x04, 0x2e, 0x04, 0xe7,
    0x92, 0xb2, 0x28, 0x39, 0x67, 0x6c, 0xc2, 0x00, 0x2d, 0x73, 0x30, 0x04, 0xc0, 0x2f, 0x10, 0x7c,
    0xb8, 0xa8, 0x60, 0x6b, 0x32, 0x3b, 0x90, 0x28, 0x02, 0x70, 0x75, 0x17, 0xa0, 0x00, 0xe2, 0x32,
    0x00, 0xfc, 0xd7, 0x7b, 0x14, 0x03, 0xa8, 0x6e, 0x62, 0x73, 0x60, 0x02, 0x6d, 0x73, 0xbd, 0xb4,
    0x81, 0x40, 0x05, 0x39, 0xe1, 0xce, 0x40, 0x47, 0x81, 0x28, 0x4b, 0x42, 0x3e, 0x00, 0xb8, 0x08,
    0x81, 0xb8, 0x03, 0xce, 0x22, 0x20, 0x5c, 0x00, 0x84, 0x00, 0xe2, 0x42, 0x2b, 0x5b, 0x7a, 0xc0,
    0x36, 0x00, 0x74, 0x17, 0x9e, 0x97, 0x84, 0x40, 0x00, 0xbd, 0x21, 0x15, 0x01, 0x7c, 0x40, 0x13,
    0xed, 0xda, 0xae, 0x25, 0x40, 0x39, 0x2a, 0xea, 0xe8, 0x80, 0x20, 0x19, 0xcd, 0x90, 0x1d, 0xcc,
    0x22, 0x86, 0x5d, 0x8c, 0xca, 0x97, 0x4a, 0x0e, 0x35, 0x46, 0x02, 0xc9, 0xbc, 0x70, 0x00, 0x94,
    0x81, 0x48, 0x01, 0x32, 0x27, 0x83, 0x05, 0x7e, 0x48, 0xe1, 0x15, 0xc1, 0xd4, 0x18, 0x0a, 0xe8,
    0xa5, 0x80, 0x54, 0xcf, 0x63, 0x00, 0x01, 0xeb, 0x3f, 0x43, 0x34, 0x4f, 0x0e, 0xdd, 0xf9, 0x7b,
    0xff, 0x68, 0x07, 0xff, 0x10, 0x9c, 0x00, 0xe2, 0x32, 0x00, 0xfc, 0xd7, 0x7b, 0x14, 0x03, 0xa8,
    0x6e, 0x62, 0x73, 0x60, 0x02, 0x6d, 0x7a, 0xcc, 0x52, 0x40, 0xa0, 0x02, 0x9c, 0x1e, 0x7b, 0xe8,
    0x63, 0xc0, 0x94, 0x02, 0x62, 0x52, 0x51, 0x70, 0x11, 0x00, 0x48, 0xb0, 0x4a, 0x0e, 0x22, 0x20,
    0x0b, 0x74, 0xda, 0x20, 0xe2, 0x42, 0x20, 0x04, 0xc4, 0x24, 0x0d, 0x80, 0x1d, 0x00, 0xa2, 0x0c,
    0x44, 0x88, 0x00, 0x17, 0xa6, 0x44, 0x00, 0xa9, 0xe2, 0x00, 0x9f, 0x6e, 0xd5, 0x71, 0x2a, 0x01,
    0xc9, 0x57, 0x57, 0x44, 0x01, 0x33, 0xe1, 0xa8, 0x8c, 0xa0, 0x00, 0x12, 0x08, 0x01, 0xfb, 0x71,
    0x0a, 0xf2, 0x7e, 0x19, 0x80, 0x02, 0x22, 0xb9, 0x83, 0xa0, 0xf4, 0x6f, 0x58, 0x00, 0xb1, 0x00,
    0x3c, 0x62, 0x01, 0xff, 0x77, 0xf8, 0x2b, 0xfc, 0x95, 0x76, 0x08, 0xbb, 0x2a, 0x24, 0x04, 0x88,
    0x10, 0x0f, 0xfb, 0x94, 0x02, 0x44, 0x95, 0x12, 0x1a, 0xbb, 0xf2, 0x80, 0x19, 0xde, 0xa2, 0x02,
    0xef, 0xf0, 0x40, 0x1b, 0x90, 0x91, 0x80, 0x66, 0x58, 0x00, 0x9e, 0xbc, 0x40, 0x13, 0x5e, 0x04,
    0x06, 0xa3, 0xfd, 0xc1, 0x5d, 0xdd, 0x40, 0xb9, 0x8e, 0x09, 0x00, 0x09, 0xf4, 0x98, 0x04, 0xed,
    0x4e, 0x01, 0x2d, 0xe4, 0x0a, 0x41, 0x92, 0x90, 0xa8, 0x7f, 0x6f, 0x80, 0x00, 0x45, 0x98, 0x4a,
    0xc1, 0x8e, 0xe1, 0x80, 0x47, 0x00, 0xc2, 0xe7, 0x90, 0x01, 0xd0, 0x80, 0x1f, 0xfd, 0x11, 0x00,
    0x88, 0x03, 0x28, 0x05, 0x60, 0x1a, 0x99, 0x65, 0x80, 0x33, 0x45, 0x25, 0x00, 0x68, 0xee, 0x6a,
    0x7b, 0x80, 0x61, 0x00, 0xff, 0xe0, 0xce, 0x80, 0x7c, 0x03, 0xac, 0xdd, 0xd2, 0x78, 0xa6, 0x68,
    0x83, 0x1d, 0x00, 0x65, 0x51, 0x00, 0x7f, 0xa8, 0x03, 0xf1, 0xda, 0x90, 0x07, 0x92, 0xac, 0x03,
    0xff, 0xe4, 0xac, 0x00, 0xcc, 0x35, 0x0e, 0xa1, 0x87, 0x10, 0x01, 0x00, 0xb4, 0x80, 0x17, 0x84,
    0xc4, 0x6c, 0x1b, 0x08, 0x8d, 0xd2, 0x04, 0x60, 0x06, 0x10, 0x0f, 0xfe, 0x09, 0x10, 0x08, 0x95,
    0xc3, 0x52, 0x05, 0xce, 0xb2, 0x03, 0xbf, 0xed, 0xf0, 0x47, 0x30, 0x63, 0x22, 0x20, 0x81, 0x81,
    0xaa, 0x65, 0xed, 0x88, 0x4e, 0x47, 0xa8, 0x00, 0x25, 0x01, 0x51, 0x00, 0x14, 0xc0, 0xcc, 0x00,
    0x5c, 0xcb, 0xce, 0xc0, 0x02, 0x8b, 0x3b, 0x82, 0x00, 0x6a, 0x0f, 0xa9, 0x03, 0xb5, 0xb2, 0x48,
    0x15, 0xf0, 0x55, 0x08, 0x00, 0x23, 0x30, 0x80, 0x78, 0x88, 0x01, 0x92, 0x35, 0x40, 0x38, 0x71,
    0x80, 0x33, 0x59, 0x80, 0x7a, 0xd9, 0x00, 0x3f, 0xf2, 0xb4, 0x00, 0x7f, 0xe2, 0xbf, 0x00, 0xff,
    0xe0, 0xcc, 0x8c, 0x06, 0x48, 0x00, 0xae, 0x7c, 0xe0, 0xce, 0xe0, 0x04, 0x01, 0x00, 0x69, 0xd1,
    0x28, 0xe0, 0x02, 0xaa, 0x00, 0x25, 0x77, 0x9a, 0x64, 0x40, 0x57, 0xc7, 0x40, 0x1e, 0x70, 0x70,
    0x07, 0x15, 0x5a, 0x40, 0x80, 0x45, 0x32, 0x00, 0xaa, 0x9c, 0x07, 0xc0, 0x1b, 0xa0, 0x80, 0x26,
    0x6b, 0x45, 0x84, 0x23, 0x30, 0x80, 0x78, 0x88, 0x01, 0x24, 0x6a, 0x80, 0x70, 0xe3, 0x00, 0x4d,
    0x66, 0x01, 0xeb, 0x64, 0x00, 0xff, 0x95, 0xa0, 0x03, 0xfe, 0x2b, 0xf0, 0x0f, 0xfd, 0x32, 0x28,
    0xaa, 0x20, 0x2b, 0x9f, 0x38, 0x33, 0xba, 0x43, 0xb2, 0x90, 0x01, 0x3a, 0x25, 0x1c, 0x11, 0x04,
    0x62, 0x15, 0x77, 0x9a, 0x64, 0x40, 0x19, 0xc1, 0x00, 0x33, 0x83, 0x80, 0x68, 0xbd, 0x10, 0x08,
    0xa6, 0x40, 0x1a, 0x8b, 0x44, 0x03, 0x74, 0x10, 0x05, 0x0a, 0x9f, 0xd4, 0x13, 0x3c, 0x40, 0x1c,
    0x44, 0x00, 0xcb, 0x11, 0x6c, 0x00, 0x61, 0xc6, 0x00, 0xc9, 0x76, 0xd2, 0xb0, 0x0d, 0x6c, 0x80,
    0x1e, 0x49, 0xa1, 0x00, 0x95, 0xa0, 0x03, 0xe7, 0x9d, 0xb0, 0x01, 0x5f, 0x80, 0x7e, 0x36, 0xa4,
    0x10, 0x99, 0x18, 0x0c, 0x90, 0x01, 0x72, 0x1e, 0x94, 0x59, 0xdc, 0x00, 0x80, 0x20, 0x02, 0xff,
    0x83, 0xa8, 0xa3, 0x80, 0x0a, 0xa8, 0x00, 0xc6, 0xee, 0x50, 0x99, 0x10, 0x15, 0xf1, 0xd0, 0x07,
    0xce, 0x0e, 0x00, 0xe2, 0xab, 0x48, 0x10, 0x0c, 0x53, 0x20, 0x0a, 0xa9, 0xc0, 0x7c, 0x01, 0xdd,
    0x04, 0x01, 0x33, 0x5a, 0x2c, 0x20, 0x00, 0x9c, 0xc0, 0x38, 0xe2, 0x40, 0x38, 0xe6, 0x00, 0x3c,
    0xc4, 0x01, 0xc7, 0xce, 0x01, 0xd0, 0x0a, 0x01, 0xad, 0x68, 0x80, 0x28, 0x4d, 0x40, 0x0c, 0xa6,
    0x60, 0x0e, 0x62, 0x30, 0x00, 0xd4, 0x40, 0x33, 0x2e, 0x4d, 0x3f, 0x94, 0x44, 0xfa, 0x80, 0x00,
    0x8c, 0xc0, 0x1f, 0xe7, 0xd9, 0x00, 0xfe, 0x4c, 0x28, 0x00, 0xfe, 0x28, 0xa0, 0x0f, 0xe4, 0xcc,
    0x08, 0x07, 0xef, 0x21, 0x70, 0x0f, 0x8d, 0x2d, 0x6c, 0x03, 0xea, 0x16, 0xe2, 0x50, 0x0e, 0x16,
    0x90, 0x43, 0x90, 0x0e, 0x90, 0x60, 0x05, 0x19, 0x80, 0x21, 0x65, 0x01, 0x12, 0x0c, 0x80, 0x4e,
    0x2b, 0xdd, 0x68, 0xa9, 0x00, 0x2d, 0x33, 0x3a, 0xc2, 0xc1, 0x4b, 0xcc, 0xf9, 0x19, 0xc6, 0x49,
    0x00, 0x3d, 0x43, 0x20, 0x00, 0xf0, 0x99, 0x00, 0x7e, 0x1d, 0xf0, 0x0f, 0xc3, 0x4b, 0x84, 0x01,
    0xf0, 0xc5, 0x80, 0x7f, 0x26, 0x60, 0x40, 0x3f, 0x79, 0x0b, 0x80, 0x7c, 0x69, 0x6b, 0x60, 0x1f,
    0x50, 0xb7, 0x12, 0x80, 0x70, 0xb4, 0x82, 0x1c, 0x80, 0x74, 0x83, 0x00, 0x28, 0xcc, 0x01, 0x0b,
    0x28, 0x08, 0x90, 0x64, 0x02, 0x71, 0x5e, 0xeb, 0x45, 0x48, 0x01, 0x69, 0x99, 0xd6, 0x16, 0x0a,
    0x5e, 0x67, 0xc8, 0xce, 0x32, 0x48, 0x01, 0xea, 0x19, 0x00, 0xe3, 0x20, 0x0f, 0xe9, 0xec, 0x50,
    0x0f, 0x9c, 0xb3, 0x65, 0x00, 0x3c, 0xf6, 0x43, 0x88, 0x01, 0xf2, 0x66, 0x04, 0x03, 0xf7, 0x90,
    0xb8, 0x07, 0xc6, 0x96, 0xb6, 0x01, 0xf5, 0x0b, 0x71, 0x28, 0x07, 0x0b, 0x48, 0x21, 0xc8, 0x07,
    0x48, 0x30, 0x02, 0x8c, 0xc0, 0x10, 0xb2, 0x80, 0x89, 0x06, 0x40, 0x27, 0x15, 0xee, 0xb4, 0x54,
    0x80, 0x16, 0x99, 0x9d, 0x61, 0x60, 0xa5, 0xe6, 0x7c, 0x8c, 0xe3, 0x24, 0x80, 0x1e, 0xa1, 0x90,
    0x00, 0xc6, 0x20, 0x02, 0x00, 0xf5, 0x76, 0x2c, 0x58, 0x07, 0x9b, 0x3b, 0x89, 0x60, 0x1e, 0xc1,
    0x09, 0xc2, 0x00, 0xf9, 0x33, 0x02, 0x01, 0xfb, 0xc8, 0x5c, 0x03, 0xe3, 0x4b, 0x5b, 0x00, 0xfa,
    0x85, 0xb8, 0x94, 0x03, 0x85, 0xa4, 0x10, 0xe4, 0x03, 0xa4, 0x18, 0x01, 0x46, 0x60, 0x08, 0x59,
    0x40, 0x44, 0x83, 0x20, 0x13, 0x8a, 0xf7, 0x5a, 0x2a, 0x40, 0x0b, 0x4c, 0xce, 0xb0, 0xb0, 0x52,
    0xf3, 0x3e, 0x46, 0x71, 0x92, 0x40, 0x0f, 0x50, 0xc8, 0x00, 0x93, 0x85, 0x78, 0x40, 0x3c, 0xcc,
    0x17, 0x91, 0x00, 0xf1, 0x41, 0x83, 0x80, 0x7e, 0x4c, 0xc0, 0x80, 0x7e, 0xf2, 0x17, 0x00, 0xf8,
    0xd2, 0xd6, 0xc0, 0x3e, 0xa1, 0x6e, 0x25, 0x00, 0xe1, 0x69, 0x04, 0x39, 0x00, 0xe9, 0x06, 0x00,
    0x51, 0x98, 0x02, 0x16, 0x50, 0x11, 0x20, 0xc8, 0x04, 0xe2, 0xbd, 0xd6, 0x8a, 0x90, 0x02, 0xd3,
    0x33, 0xac, 0x2c, 0x14, 0xbc, 0xcf, 0x91, 0x9c, 0x64, 0x90, 0x03, 0xd4, 0x32, 0x00, 0xe5, 0x30,
    0x0f, 0xe9, 0x29, 0x50, 0x0f, 0xca, 0xf3, 0xa0, 0x1f, 0xae, 0xd1, 0x60, 0x1f, 0x9f, 0xe4, 0xc0,
    0x3f, 0x25, 0xe0, 0x80, 0x7e, 0xf2, 0x17, 0x00, 0xf8, 0xd2, 0xd6, 0xc0, 0x3e, 0xa1, 0x6e, 0x25,
    0x00, 0xe1, 0x69, 0x04, 0x39, 0x00, 0xe9, 0x06, 0x00, 0x51, 0x98, 0x02, 0x16, 0x50, 0x11, 0x20,
    0xc8, 0x04, 0xe2, 0xbd, 0xd6, 0x8a, 0x90, 0x02, 0xd3, 0x33, 0xac, 0x2c, 0x14, 0xbc, 0xcf, 0x91,
    0x9c, 0x64, 0x90, 0x03, 0xd4, 0x32, 0x00, 0xf0, 0x99, 0xfe, 0x20, 0x0f, 0x56, 0x67, 0xeb, 0x00,
    0xe5, 0x47, 0x08, 0xcc, 0xeb, 0x00, 0xc3, 0x6b, 0x80, 0x46, 0x7c, 0x40, 0x1a, 0x42, 0xc0, 0x3f,
    0xf1, 0x3c, 0x88, 0x03, 0x59, 0xb2, 0x80, 0x69, 0x27, 0x00, 0x9e, 0x67, 0x58, 0x04, 0xa9, 0x02,
    0x30, 0x57, 0xfe, 0xe0, 0x00, 0xc0, 0x57, 0x72, 0x80, 0x3f, 0xa4, 0xaf, 0x32, 0x90, 0x0f, 0xc4,
    0xee, 0x43, 0x38, 0x83, 0x19, 0xb9, 0x64, 0xa4, 0x03, 0xcd, 0x33, 0xd0, 0x00, 0xe3, 0x54, 0x10,
    0x0e, 0x7e, 0xca, 0xbe, 0xa2, 0x00, 0x54, 0x2d, 0xee, 0x42, 0x40, 0x3a, 0xbd, 0xa1, 0x1b, 0xe5,
    0x85, 0x1c, 0x00, 0x71, 0x09, 0x12, 0xc0, 0x3f, 0x08, 0x08, 0x07, 0xe1, 0x0e, 0x00, 0xfc, 0x46,
    0xa2, 0x01, 0xfa, 0x4a, 0xc4, 0x03, 0x21, 0x02, 0xc2, 0xe3, 0xab, 0x55, 0xc0, 0x01, 0xed, 0xa2,
    0xa5, 0xe2, 0x80, 0x24, 0xbe, 0x0e, 0xd7, 0x00, 0xf9, 0xf0, 0x03, 0xf3, 0x71, 0x88, 0x07, 0x84,
    0x3b, 0x44, 0x00, 0x00, 0x19, 0x00, 0x7c, 0xba, 0xc0, 0x1e, 0x6c, 0xa5, 0x00, 0x84, 0xcc, 0x1e,
    0xc6, 0x62, 0x4c, 0xcf, 0xac, 0x01, 0x39, 0x9d, 0x60, 0x02, 0x33, 0xe2, 0x00, 0xff, 0xb1, 0x9b,
    0x28, 0x04, 0xf3, 0x3a, 0x00, 0x2b, 0xff, 0xda, 0x01, 0xff, 0xc9, 0xc6, 0x6e, 0x50, 0x03, 0xcc,
    0xf8, 0x00, 0xe1, 0x31, 0x00, 0xe3, 0xfa, 0x00, 0xe2, 0xf8, 0x91, 0x01, 0x33, 0x0f, 0xa9, 0x98,
    0x93, 0x33, 0xeb, 0x00, 0x4e, 0x67, 0x58, 0x00, 0x8c, 0xf8, 0x80, 0x3f, 0xec, 0x66, 0xca, 0x01,
    0x3c, 0xce, 0x80, 0x0a, 0xff, 0xf6, 0x80, 0x7f, 0xf2, 0x71, 0x9b, 0x94, 0x00, 0xf3, 0x3e, 0x00,
    0x84, 0xc4, 0x03, 0x86, 0xbb, 0xcc, 0x03, 0x59, 0x6c, 0x79, 0x00, 0x9c, 0xd1, 0xaf, 0x89, 0x26,
    0x67, 0xd6, 0x00, 0x9c, 0xce, 0xb0, 0x01, 0x19, 0xf1, 0x00, 0x7f, 0xd8, 0xcd, 0x94, 0x02, 0x79,
    0x9d, 0x00, 0x15, 0xff, 0xed, 0x00, 0xff, 0xe4, 0xe3, 0x37, 0x28, 0x01, 0xe6, 0x7c, 0x00, 0x3e,
    0x04, 0x58, 0x06, 0x4a, 0x0c, 0xd0, 0x00, 0x98, 0x29, 0xba, 0x99, 0x26, 0x67, 0xd6, 0x00, 0x9c,
    0xce, 0xb0, 0x01, 0x19, 0xf1, 0x00, 0x7f, 0xd8, 0xcd, 0x94, 0x02, 0x79, 0x9d, 0x00, 0x15, 0xff,
    0xed, 0x00, 0xff, 0xe4, 0xe3, 0x37, 0x28, 0x01, 0xe6, 0x7c, 0x13, 0x20, 0x00, 0xde, 0x20, 0x02,
    0x2e, 0x4c, 0x00, 0x9c, 0x40, 0x04, 0xc5, 0x00, 0xff, 0xf3, 0x00, 0x00, 0x11, 0x88, 0x26, 0x58,
    0xa4, 0xd4, 0x02, 0xf2, 0x80, 0x13, 0x14, 0x03, 0xff, 0xd0, 0x00, 0x09, 0x88, 0x04, 0x59, 0xda,
    0x20, 0x33, 0x5a, 0x94, 0x22, 0xb6, 0x39, 0xb1, 0x00, 0x26, 0x28, 0x07, 0xff, 0xf0, 0xa9, 0x0a,
    0x9f, 0xc0, 0xfd, 0x54, 0x34, 0x40, 0x26, 0x28, 0x07, 0xff, 0x9c, 0x01, 0x33, 0xe1, 0x00, 0xf1,
    0x66, 0x77, 0x72, 0x04, 0x03, 0x9f, 0x32, 0xa7, 0x76, 0x10, 0x06, 0xe3, 0x39, 0x67, 0x0f, 0x80,
    0x3f, 0xc7, 0x26, 0x8b, 0x61, 0x4c, 0xc3, 0x00, 0x94, 0x0f, 0x9c, 0x0e, 0xee, 0x00, 0x8c, 0x3e,
    0xf0, 0x27, 0x75, 0x00, 0x11, 0x07, 0x80, 0x7f, 0xa8, 0x14, 0x03, 0xf9, 0x98, 0xa4, 0x01, 0x63,
    0x35, 0x19, 0x29, 0x60, 0x19, 0x66, 0x65, 0x7a, 0xb1, 0x00, 0x00, 0x84, 0xc0, 0x02, 0x20, 0x0c,
    0x3f, 0xd6, 0x7a, 0xa0, 0x19, 0x1b, 0x75, 0xca, 0x80, 0x01, 0x35, 0x80, 0x6d, 0x91, 0x31, 0x4c,
    0x80, 0x0e, 0x5c, 0x40, 0x03, 0xa8, 0x07, 0xf0, 0xd9, 0x80, 0x7e, 0x80, 0xe1, 0x00, 0xf8, 0xa8,
    0xa8, 0x03, 0xf2, 0x4a, 0x48, 0x07, 0xe6, 0x6c, 0x01, 0xfa, 0x4e, 0x70, 0x03, 0xf7, 0x0b, 0x80,
    0x7e, 0x2d, 0x00, 0xff, 0x1c, 0x80, 0x00, 0x00, 0xc6, 0x40, 0x1f, 0xf3, 0x63, 0x80, 0x7f, 0x97,
    0x2d, 0x80, 0x3f, 0xc3, 0x24, 0x20, 0x1f, 0x3f, 0x65, 0x5f, 0x51, 0x00, 0x6a, 0x84, 0xbd, 0xc8,
    0x4c, 0x30, 0x03, 0xac, 0x52, 0x11, 0xbe, 0x07, 0x00, 0x28, 0xdc, 0x03, 0x8a, 0x09, 0x48, 0x96,
    0x01, 0xf3, 0x86, 0x08, 0x08, 0x07, 0xc2, 0x23, 0x10, 0xe0, 0x0f, 0x84, 0x44, 0x43, 0x51, 0x00,
    0xf3, 0x06, 0x04, 0x95, 0x80, 0x72, 0x41, 0xa0, 0x2c, 0x2e, 0xba, 0xb5, 0x59, 0x68, 0x04, 0xf6,
    0xd1, 0x52, 0xf1, 0x82, 0x01, 0x92, 0xff, 0xb9, 0xae, 0x20, 0x00, 0x00, 0xf8, 0x4c, 0x80, 0x3f,
    0x8b, 0x20, 0xc0, 0x3f, 0x17, 0x55, 0x88, 0x07, 0xe1, 0x93, 0x10, 0x0f, 0x9f, 0xb2, 0xaf, 0xa8,
    0x80, 0x35, 0x42, 0x5e, 0xe4, 0x26, 0x18, 0x01, 0xd6, 0x29, 0x08, 0xdf, 0x03, 0x80, 0x14, 0x6e,
    0x01, 0xc5, 0x04, 0xa4, 0x4b, 0x00, 0xf9, 0xc3, 0x04, 0x04, 0x03, 0xe1, 0x11, 0x88, 0x70, 0x07,
    0xc2, 0x22, 0x21, 0xa8, 0x80, 0x79, 0x83, 0x02, 0x4a, 0xc0, 0x39, 0x20, 0xd0, 0x16, 0x17, 0x5d,
    0x5a, 0xac, 0xb4, 0x02, 0x7b, 0x68, 0xa9, 0x78, 0xc1, 0x00, 0xc9, 0x7f, 0xdc, 0xd7, 0x10, 0x00,
    0x00, 0xf1, 0x90, 0x07, 0xfa, 0xbb, 0x0c, 0x03, 0xf4, 0x86, 0x5f, 0x98, 0x07, 0xd3, 0x24, 0x1d,
    0x30, 0x0f, 0x3f, 0x65, 0x5f, 0x51, 0x00, 0x6a, 0x84, 0xbd, 0xc8, 0x4c, 0x30, 0x03, 0xac, 0x52,
    0x11, 0xbe, 0x07, 0x00, 0x28, 0xdc, 0x03, 0x8a, 0x09, 0x48, 0x96, 0x01, 0xf3, 0x86, 0x08, 0x08,
    0x07, 0xc2, 0x23, 0x10, 0xe0, 0x0f, 0x84, 0x44, 0x43, 0x51, 0x00, 0xf3, 0x06, 0x04, 0x95, 0x80,
    0x72, 0x41, 0xa0, 0x2c, 0x2e, 0xba, 0xb5, 0x59, 0x68, 0x04, 0xf6, 0xd1, 0x52, 0xf1, 0x82, 0x01,
    0x92, 0xff, 0xb9, 0xae, 0x20, 0x00, 0x00, 0xe3, 0x00, 0x08, 0x80, 0x3e, 0xbe, 0xd4, 0x89, 0x00,
    0xf0, 0x86, 0xcc, 0x2c, 0x80, 0x78, 0x6c, 0xc6, 0x34, 0x40, 0x3c, 0xfd, 0x95, 0x7d, 0x44, 0x01,
    0xaa, 0x12, 0xf7, 0x21, 0x30, 0xc0, 0x0e, 0xb1, 0x48, 0x46, 0xf8, 0x1c, 0x00, 0xa3, 0x70, 0x0e,
    0x28, 0x25, 0x22, 0x58, 0x07, 0xce, 0x18, 0x20, 0x20, 0x1f, 0x08, 0x8c, 0x43, 0x80, 0x3e, 0x11,
    0x11, 0x0d, 0x44, 0x03, 0xcc, 0x18, 0x12, 0x56, 0x01, 0xc9, 0x06, 0x80, 0xb0, 0xba, 0xea, 0xd5,
    0x65, 0xa0, 0x13, 0xdb, 0x45, 0x4b, 0xc6, 0x08, 0x06, 0x4b, 0xfe, 0xe6, 0xb8, 0x80, 0x00, 0x00,
    0xcd, 0xa0, 0xda, 0x01, 0xf9, 0x68, 0x16, 0x80, 0x3f, 0x1a, 0x2b, 0xb0, 0x07, 0xcf, 0xd9, 0x57,
    0xd4, 0x40, 0x1a, 0xa1, 0x2f, 0x72, 0x13, 0x0c, 0x00, 0xeb, 0x14, 0x84, 0x6f, 0x81, 0xc0, 0x0a,
    0x37, 0x00, 0xe2, 0x82, 0x52, 0x25, 0x80, 0x7c, 0xe1, 0x82, 0x02, 0x01, 0xf0, 0x88, 0xc4, 0x38,
    0x03, 0xe1, 0x11, 0x10, 0xd4, 0x40, 0x3c, 0xc1, 0x81, 0x25, 0x60, 0x1c, 0x90, 0x68, 0x0b, 0x0b,
    0xae, 0xad, 0x56, 0x5a, 0x01, 0x3d, 0xb4, 0x54, 0xbc, 0x60, 0x80, 0x64, 0xbf, 0xee, 0x6b, 0x88,
    0x00, 0x05, 0x00, 0x94, 0x45, 0x74, 0x0b, 0x48, 0x3a, 0x97, 0x50, 0xa0, 0x72, 0x86, 0xe0, 0x05,
    0x86, 0x2a, 0x01, 0xb8, 0x9d, 0x46, 0x1c, 0x70, 0x3c, 0x60, 0x00, 0xfe, 0x25, 0x00, 0xf8, 0xd5,
    0x06, 0x3c, 0x03, 0x9f, 0xb2, 0xaf, 0x97, 0x80, 0x35, 0x42, 0x5e, 0xe0, 0x02, 0x8c, 0x00, 0xeb,
    0x14, 0x84, 0xc3, 0x81, 0xc0, 0x0a, 0x37, 0x00, 0xa2, 0x4e, 0x09, 0x48, 0x96, 0x01, 0x38, 0x38,
    0x38, 0x60, 0x80, 0x80, 0x06, 0x6c, 0x00, 0x22, 0x31, 0x0e, 0x00, 0x49, 0x30, 0x00, 0x44, 0x44,
    0x35, 0x12, 0x78, 0x00, 0x98, 0x30, 0x24, 0xae, 0x11, 0x00, 0x04, 0x83, 0x40, 0x58, 0x55, 0x0a,
    0xb5, 0x59, 0x68, 0x04, 0xe0, 0x05, 0xa9, 0x78, 0xc1, 0x00, 0x94, 0x77, 0xfb, 0x9a, 0xe2, 0x01,
    0x93, 0xc8, 0x04, 0x40, 0x1c, 0x00, 0x09, 0x88, 0x07, 0xf4, 0xf9, 0x80, 0x7c, 0x35, 0x1e, 0x40,
    0x18, 0x4c, 0x41, 0xb0, 0x80, 0x4c, 0x1f, 0x08, 0x03, 0x9b, 0x04, 0x03, 0xff, 0xda, 0xe0, 0x1d,
    0xe0, 0x24, 0x04, 0x01, 0xc4, 0x20, 0xa3, 0x40, 0x18, 0x95, 0x00, 0x60, 0xf1, 0x96, 0x30, 0x60,
    0x00, 0xd4, 0x33, 0x4e, 0xb8, 0x40, 0x12, 0xef, 0x6f, 0xd9, 0x00, 0x00, 0x00, 0xf1, 0x18, 0x07,
    0xe6, 0xc5, 0x00, 0xf9, 0x6b, 0x58, 0x02, 0x13, 0x10, 0x5c, 0x30, 0x13, 0x07, 0xc2, 0x00, 0xe6,
    0xc1, 0x00, 0xff, 0xf6, 0xb8, 0x07, 0x78, 0x09, 0x01, 0x00, 0x71, 0x08, 0x28, 0xd0, 0x06, 0x25,
    0x40, 0x18, 0x3c, 0x65, 0x8c, 0x18, 0x00, 0x35, 0x0c, 0xd3, 0xae, 0x10, 0x04, 0xbb, 0xdb, 0xf6,
    0x40, 0x00, 0x00, 0xc2, 0x60, 0x1f, 0x8f, 0xfa, 0xc4, 0x03, 0x8b, 0xef, 0x4a, 0xc0, 0x21, 0x33,
    0x62, 0x84, 0xd0, 0x98, 0x3e, 0x10, 0x07, 0x36, 0x08, 0x07, 0xff, 0xb5, 0xc0, 0x3b, 0xc0, 0x48,
    0x08, 0x03, 0x88, 0x41, 0x46, 0x80, 0x31, 0x2a, 0x00, 0xc1, 0xe3, 0x2c, 0x60, 0xc0, 0x01, 0xa8,
    0x66, 0x9d, 0x70, 0x80, 0x25, 0xde, 0xdf, 0xb2, 0x00, 0x00, 0xb1, 0xc3, 0x1c, 0x03, 0xd4, 0x81,
    0x48, 0x01, 0x09, 0x8b, 0x18, 0x31, 0x89, 0x83, 0xe1, 0x00, 0x73, 0x60, 0x80, 0x7f, 0xfb, 0x5c,
    0x03, 0xbc, 0x04, 0x80, 0x80, 0x38, 0x84, 0x14, 0x68, 0x03, 0x12, 0xa0, 0x0c, 0x1e, 0x32, 0xc6,
    0x0c, 0x00, 0x1a, 0x86, 0x69, 0xd7, 0x08, 0x02, 0x5d, 0xed, 0xfb, 0x20, 0x00, 0x00, 0xf1, 0x98,
    0x03, 0xf4, 0x6b, 0x80, 0x7c, 0xe7, 0x88, 0x01, 0x19, 0x00, 0x1e, 0xc8, 0x04, 0xc6, 0x70, 0x80,
    0x3a, 0x34, 0x2c, 0x20, 0x03, 0x1b, 0x40, 0x8a, 0x15, 0x00, 0x2f, 0x46, 0x00, 0x31, 0xc8, 0x01,
    0x8e, 0x00, 0x37, 0x94, 0x0c, 0x39, 0x80, 0x63, 0x67, 0xa3, 0x90, 0x0f, 0x40, 0xa4, 0x08, 0x07,
    0x85, 0xc1, 0x40, 0x3f, 0xfb, 0x20, 0x13, 0x10, 0x0f, 0x93, 0x14, 0x03, 0xfa, 0x73, 0x2a, 0x50,
    0x0c, 0xea, 0xb3, 0x55, 0x00, 0x2e, 0x99, 0xb1, 0xd5, 0x80, 0x3e, 0x80, 0xc0, 0x0f, 0xc2, 0x01,
    0xf9, 0x47, 0x40, 0x18, 0xcc, 0x7a, 0xa1, 0x30, 0x01, 0xe6, 0x50, 0xee, 0xc1, 0x00, 0x5f, 0xfd,
    0xb0, 0x20, 0x1f, 0xf0, 0x00, 0x46, 0xf6, 0xb8, 0x06, 0xb7, 0x48, 0x48, 0x90, 0x02, 0x22, 0x64,
    0xd2, 0xec, 0x20, 0x60, 0xe0, 0x16, 0x81, 0x87, 0x80, 0x80, 0x5c, 0x44, 0x00, 0xe8, 0xd5, 0xe0,
    0x0f, 0x10, 0x8b, 0x8c, 0x03, 0xab, 0x38, 0x38, 0x03, 0xe1, 0xa2, 0x10, 0x0f, 0xb8, 0x03, 0x89,
    0x11, 0x0c, 0xc1, 0x00, 0x96, 0xec, 0xcf, 0x21, 0x1e, 0x0f, 0xdd, 0x40, 0x00, 0x00, 0x4d, 0x90,
    0x07, 0xa4, 0xbc, 0x80, 0x3d, 0x3c, 0x20, 0x1c, 0x6f, 0x6a, 0x40, 0x15, 0x64, 0xa4, 0x6b, 0x00,
    0x3f, 0x3b, 0x3c, 0xe0, 0x00, 0xa6, 0x00, 0x1a, 0x12, 0x02, 0x9c, 0xdd, 0x40, 0x08, 0x7a, 0xcf,
    0x71, 0x80, 0x04, 0x4a, 0x53, 0x37, 0x80, 0x08, 0x68, 0xc9, 0xa4, 0x02, 0xa0, 0xcd, 0xa9, 0x00,
    0x93, 0x3b, 0x98, 0xfe, 0x60, 0x00, 0xe9, 0xb2, 0x00, 0xea, 0x59, 0x20, 0x0c, 0x5d, 0x84, 0x01,
    0x8d, 0x71, 0x88, 0x02, 0xac, 0x94, 0x8d, 0x60, 0x07, 0xe7, 0x67, 0x9c, 0x00, 0x14, 0xc0, 0x03,
    0x42, 0x40, 0x53, 0x9b, 0xa8, 0x01, 0x0f, 0x59, 0xee, 0x30, 0x00, 0x89, 0x4a, 0x66, 0xf0, 0x01,
    0x0d, 0x19, 0x34, 0x80, 0x54, 0x19, 0xb5, 0x20, 0x12, 0x67, 0x73, 0x1f, 0xcc, 0x00, 0x9b, 0x24,
    0x03, 0x9a, 0x20, 0x54, 0x01, 0x8b, 0x12, 0xf8, 0x80, 0x27, 0x58, 0x66, 0x10, 0x02, 0xb2, 0x52,
    0x35, 0x80, 0x1f, 0x9d, 0x9e, 0x70, 0x00, 0x53, 0x00, 0x0d, 0x09, 0x01, 0x4e, 0x6e, 0xa0, 0x04,
    0x3d, 0x67, 0xb8, 0xc0, 0x02, 0x25, 0x29, 0x9b, 0xc0, 0x04, 0x34, 0x64, 0xd2, 0x01, 0x50, 0x66,
    0xd4, 0x80, 0x49, 0x9d, 0xcc, 0x7f, 0x30, 0x00, 0x2d, 0xb0, 0x31, 0x80, 0x51, 0xf9, 0x8b, 0x20,
    0x0b, 0xd2, 0xbb, 0x04, 0x02, 0x17, 0x84, 0x30, 0x0a, 0xb2, 0x52, 0x35, 0x80, 0x1f, 0x9d, 0x9e,
    0x70, 0x00, 0x53, 0x00, 0x0d, 0x09, 0x01, 0x4e, 0x6e, 0xa0, 0x04, 0x3d, 0x67, 0xb8, 0xc0, 0x02,
    0x25, 0x29, 0x9b, 0xc0, 0x04, 0x34, 0x64, 0xd2, 0x01, 0x50, 0x66, 0xd4, 0x80, 0x49, 0x9d, 0xcc,
    0x7f, 0x30, 0x00, 0x1b, 0x02, 0x30, 0x06, 0x4a, 0x03, 0xa0, 0x0c, 0xf8, 0x0f, 0x80, 0x18, 0xde,
    0x18, 0x80, 0x2a, 0xc9, 0x48, 0xd6, 0x00, 0x7e, 0x76, 0x79, 0xc0, 0x01, 0x4c, 0x00, 0x34, 0x24,
    0x05, 0x39, 0xba, 0x80, 0x10, 0xf5, 0x9e, 0xe3, 0x00, 0x08, 0x94, 0xa6, 0x6f, 0x00, 0x10, 0xd1,
    0x93, 0x48, 0x05, 0x41, 0x9b, 0x52, 0x01, 0x26, 0x77, 0x31, 0xfc, 0xc0, 0x00, 0x9e, 0xe8, 0x40,
    0x30, 0xe5, 0xe2, 0x00, 0x61, 0x74, 0xc6, 0x00, 0xee, 0x3e, 0x30, 0x0c, 0x6b, 0xe4, 0x40, 0x0a,
    0xb2, 0x52, 0x35, 0x80, 0x1f, 0x9d, 0x9e, 0x70, 0x00, 0x53, 0x00, 0x0d, 0x09, 0x01, 0x4e, 0x6e,
    0xa0, 0x04, 0x3d, 0x67, 0xb8, 0xc0, 0x02, 0x25, 0x29, 0x9b, 0xc0, 0x04, 0x34, 0x64, 0xd2, 0x01,
    0x50, 0x66, 0xd4, 0x80, 0x49, 0x9d, 0xcc, 0x7f, 0x30, 0x00, 0x1b, 0xc3, 0x90, 0x01, 0x61, 0xd0,
    0x03, 0x56, 0x4a, 0x4e, 0xb6, 0x52, 0x55, 0xd0, 0x05, 0xf9, 0xd9, 0xe7, 0x23, 0xb9, 0xb6, 0x90,
    0x00, 0x53, 0x00, 0x0d, 0x05, 0x90, 0x01, 0x19, 0x80, 0x02, 0x9c, 0xdd, 0x40, 0x5e, 0xee, 0x61,
    0x20, 0xf5, 0x99, 0x98, 0x2a, 0x67, 0x55, 0x91, 0x54, 0xa8, 0x80, 0x06, 0x22, 0x65, 0x40, 0x21,
    0xa3, 0x26, 0x62, 0xa5, 0xaa, 0xa3, 0xd4, 0x01, 0xa1, 0x9b, 0x71, 0x54, 0x7a, 0xa3, 0x31, 0x40,
    0x07, 0x9f, 0xda, 0xc0, 0xb9, 0xfd, 0xc8, 0x00, 0x00, 0x91, 0xe1, 0x44, 0x00, 0x37, 0x6a, 0x4a,
    0xc2, 0x0b, 0x5b, 0xdc, 0xc0, 0xb1, 0x2c, 0xa0, 0x00, 0xf1, 0x18, 0x0c, 0x03, 0xf0, 0x80, 0x79,
    0x07, 0x80, 0x32, 0x00, 0x2d, 0x2d, 0x52, 0x6d, 0x41, 0x6d, 0xea, 0xd2, 0x54, 0x00, 0x98, 0x95,
    0xac, 0x01, 0xdb, 0x06, 0x01, 0xca, 0x62, 0xa0, 0x1e, 0xda, 0x60, 0x00, 0x00, 0x36, 0x20, 0x07,
    0xcd, 0x54, 0x50, 0x0f, 0x9b, 0x04, 0x03, 0xe5, 0xa3, 0x40, 0x0c, 0x39, 0x49, 0x77, 0x00, 0x54,
    0x59, 0x95, 0xac, 0x01, 0x24, 0x18, 0x01, 0x19, 0x80, 0xc1, 0x79, 0x99, 0x44, 0x40, 0x05, 0x88,
    0xd3, 0x62, 0x82, 0x68, 0x99, 0x50, 0x01, 0x69, 0x6a, 0x8f, 0xea, 0x00, 0x5b, 0x7a, 0xb9, 0x65,
    0x00, 0x93, 0x3f, 0xb9, 0x00, 0x00, 0x00, 0xe6, 0xc4, 0x00, 0xf3, 0xc4, 0x10, 0x03, 0x84, 0xfd,
    0x00, 0x3c, 0x98, 0xc8, 0x01, 0x87, 0x29, 0x2e, 0xe0, 0x0a, 0x8b, 0x32, 0xb5, 0x80, 0x24, 0x83,
    0x00, 0x23, 0x30, 0x18, 0x2f, 0x33, 0x28, 0x88, 0x00, 0xb1, 0x1a, 0x6c, 0x50, 0x4d, 0x13, 0x2a,
    0x00, 0x2d, 0x2d, 0x51, 0xfd, 0x40, 0x0b, 0x6f, 0x57, 0x2c, 0xa0, 0x12, 0x67, 0xf7, 0x20, 0x00,
    0x00, 0x8f, 0x2c, 0x80, 0x38, 0xf6, 0x8f, 0xc8, 0x03, 0xb5, 0xa3, 0x84, 0x03, 0x1b, 0x43, 0xb8,
    0xc0, 0x21, 0xca, 0x4b, 0xb8, 0x02, 0xa2, 0xcc, 0xad, 0x60, 0x09, 0x20, 0xc0, 0x08, 0xcc, 0x06,
    0x0b, 0xcc, 0xca, 0x22, 0x00, 0x2c, 0x46, 0x9b, 0x14, 0x13, 0x44, 0xca, 0x80, 0x0b, 0x4b, 0x54,
    0x7f, 0x50, 0x02, 0xdb, 0xd5, 0xcb, 0x28, 0x04, 0x99, 0xfd, 0xc8, 0x00, 0x00, 0x0c, 0x01, 0x40,
    0x07, 0x13, 0x13, 0x30, 0x40, 0x31, 0xf1, 0x27, 0x08, 0x07, 0x2c, 0x3a, 0x00, 0x61, 0xca, 0x4b,
    0xb8, 0x02, 0xa2, 0xcc, 0xad, 0x60, 0x09, 0x20, 0xc0, 0x08, 0xcc, 0x06, 0x0b, 0xcc, 0xca, 0x22,
    0x00, 0x2c, 0x46, 0x9b, 0x14, 0x13, 0x44, 0xca, 0x80, 0x0b, 0x4b, 0x54, 0x7f, 0x50, 0x02, 0xdb,
    0xd5, 0xcb, 0x28, 0x04, 0x99, 0xfd, 0xc8, 0x00, 0x3b, 0x80, 0x01, 0xc2, 0xc8, 0x00, 0xf3, 0x44,
    0x00, 0xa6, 0x20, 0x0c, 0x80, 0x0f, 0xfe, 0xc0, 0x03, 0xc7, 0x03, 0xdb, 0x70, 0x7d, 0x70, 0x09,
    0x00, 0x2c, 0x80, 0x0f, 0xfe, 0xd0, 0x00, 0x56, 0x18, 0x02, 0x5a, 0xf4, 0x83, 0x74, 0xfa, 0x00,
    0x45, 0x73, 0x20, 0x06, 0x40, 0x07, 0xff, 0x80, 0x45, 0x27, 0x0c, 0xf6, 0xa1, 0x8a, 0x4d, 0x10,
    0x47, 0x00, 0xb2, 0x00, 0x3f, 0xfb, 0x20, 0x00, 0x3d, 0x90, 0x00, 0xc0, 0x26, 0x1c, 0x8d, 0x90,
    0x0c, 0x40, 0xeb, 0x40, 0x01, 0xcf, 0xf5, 0x3a, 0x00, 0x07, 0x5c, 0x15, 0xa4, 0x00, 0x35, 0xfd,
    0xbc, 0x4a, 0x1a, 0x93, 0x93, 0x61, 0x86, 0x68, 0x63, 0x4e, 0x02, 0x60, 0x50, 0x08, 0x84, 0x18,
    0x10, 0x02, 0x21, 0x33, 0x24, 0xba, 0x2f, 0x94, 0x85, 0x3c, 0xdd, 0x9f, 0xc4, 0x06, 0x7b, 0xaa,
    0x20, 0x00, 0x35, 0xa8, 0x40, 0x80, 0x06, 0xff, 0xb1, 0x04, 0x00, 0x3e, 0x97, 0xfa, 0x00, 0x47,
    0x24, 0x8b, 0x50, 0x06, 0x4d, 0xd9, 0x5a, 0xe4, 0x00, 0x2f, 0xba, 0xe5, 0x63, 0x00, 0x79, 0x00,
    0x20, 0x10, 0x00, 0x60, 0x11, 0x87, 0x80, 0x78, 0x40, 0x3f, 0xfa, 0x20, 0x00, 0x26, 0x30, 0x07,
    0xc9, 0x10, 0x70, 0x0f, 0x93, 0x0c, 0x40, 0x3c, 0x8b, 0x88, 0x01, 0x86, 0xed, 0x4b, 0x5a, 0x40,
    0x0b, 0x5b, 0xdd, 0x60, 0x78, 0x12, 0xca, 0x00, 0x0e, 0x09, 0x18, 0x0c, 0x03, 0x20, 0x18, 0x00,
    0x40, 0x31, 0x80, 0xa0, 0xf0, 0x06, 0xb0, 0x40, 0xb4, 0xb5, 0x55, 0x33, 0x90, 0x2d, 0xbd, 0x51,
    0xe6, 0x00, 0x24, 0xcf, 0xed, 0x60, 0x00, 0x00, 0xe4, 0xc6, 0x00, 0xf2, 0xd5, 0x18, 0x03, 0xc3,
    0x8c, 0x01, 0xe4, 0x3a, 0x50, 0x0c, 0x37, 0x6a, 0x5a, 0xd2, 0x00, 0x5a, 0xde, 0xeb, 0x03, 0xc0,
    0x96, 0x50, 0x00, 0x70, 0x48, 0xc0, 0x60, 0x19, 0x00, 0xc0, 0x02, 0x01, 0x8c, 0x05, 0x07, 0x80,
    0x35, 0x82, 0x05, 0xa5, 0xaa, 0xa9, 0x9c, 0x81, 0x6d, 0xea, 0x8f, 0x30, 0x01, 0x26, 0x7f, 0x6b,
    0x00, 0x00, 0x00, 0x8a, 0xf0, 0xc0, 0x38, 0xbc, 0xeb, 0x4c, 0x03, 0x0f, 0x43, 0x68, 0x07, 0x1b,
    0xba, 0x18, 0xc0, 0x21, 0xbb, 0x52, 0xd6, 0x90, 0x02, 0xd6, 0xf7, 0x58, 0x1e, 0x04, 0xb2, 0x80,
    0x03, 0x82, 0x46, 0x03, 0x00, 0xc8, 0x06, 0x00, 0x10, 0x0c, 0x60, 0x28, 0x3c, 0x01, 0xac, 0x10,
    0x2d, 0x2d, 0x55, 0x4c, 0xe4, 0x0b, 0x6f, 0x54, 0x79, 0x80, 0x09, 0x33, 0xfb, 0x58, 0x00, 0x00,
    0x0d, 0x48, 0x93, 0x80, 0x66, 0x3f, 0xcf, 0x10, 0x0c, 0xd0, 0xd9, 0xec, 0x01, 0x85, 0x5e, 0x5c,
    0x03, 0x0d, 0xda, 0x96, 0xb4, 0x80, 0x16, 0xb7, 0xba, 0xc0, 0xf0, 0x25, 0x94, 0x00, 0x1c, 0x12,
    0x30, 0x18, 0x06, 0x40, 0x30, 0x00, 0x80, 0x63, 0x01, 0x41, 0xe0, 0x0d, 0x60, 0x81, 0x69, 0x6a,
    0xaa, 0x67, 0x20, 0x5b, 0x7a, 0xa3, 0xcc, 0x00, 0x49, 0x9f, 0xda, 0xc0, 0x00, 0x00, 0xa0, 0x45,
    0x02, 0x01, 0x89, 0x94, 0xd8, 0x80, 0x31, 0x72, 0x17, 0x18, 0x07, 0x23, 0xc2, 0x80, 0x61, 0xbb,
    0x52, 0xd6, 0x90, 0x02, 0xd6, 0xf7, 0x58, 0x1e, 0x04, 0xb2, 0x80, 0x03, 0x82, 0x46, 0x03, 0x00,
    0xc8, 0x06, 0x00, 0x10, 0x0c, 0x60, 0x28, 0x3c, 0x01, 0xac, 0x10, 0x2d, 0x2d, 0x55, 0x4c, 0xe4,
    0x0b, 0x6f, 0x54, 0x79, 0x80, 0x09, 0x33, 0xfb, 0x58, 0x00, 0x00, 0xa4, 0xc0, 0x38, 0x99, 0x00,
    0x38, 0xb9, 0xc0, 0x23, 0x38, 0x8c, 0xe1, 0xdc, 0xcf, 0x2f, 0xf7, 0x79, 0x04, 0x65, 0x01, 0x10,
    0x04, 0x56, 0xc0, 0x1c, 0x52, 0xa0, 0x10, 0x00, 0xf9, 0x88, 0x03, 0x23, 0xc4, 0xd9, 0x00, 0x06,
    0xed, 0x4a, 0xc4, 0x40, 0x05, 0xad, 0xec, 0x01, 0x78, 0x12, 0xca, 0x04, 0xd4, 0x12, 0x30, 0x18,
    0x28, 0x2a, 0x01, 0x80, 0x04, 0x22, 0x00, 0x60, 0x28, 0x3c, 0xcc, 0x40, 0xb0, 0x40, 0xb4, 0x93,
    0x5a, 0x67, 0x20, 0x54, 0x07, 0xa7, 0x98, 0x00, 0x0a, 0xe7, 0xf6, 0xb0, 0x06, 0xa3, 0x01, 0x00,
    0xc0, 0x02, 0xb9, 0x00, 0xf1, 0x4a, 0xd8, 0x80, 0x71, 0x67, 0x98, 0x04, 0x8e, 0x00, 0x42, 0x17,
    0x3d, 0x90, 0x0c, 0x50, 0xc0, 0x1f, 0xfd, 0x57, 0x00, 0x70, 0x98, 0x05, 0xa0, 0x05, 0x0e, 0x65,
    0x97, 0x00, 0x15, 0x8c, 0xd2, 0xd0, 0x04, 0x99, 0xfd, 0x89, 0xea, 0x00, 0xc5, 0x72, 0x20, 0x18,
    0xbc, 0xa4, 0x40, 0x30, 0xf4, 0x80, 0x48, 0xe0, 0x66, 0x01, 0x73, 0xd9, 0x00, 0xc5, 0x0c, 0x01,
    0xff, 0xd5, 0x70, 0x07, 0x09, 0x80, 0x5a, 0x00, 0x50, 0xe6, 0x59, 0x70, 0x01, 0x58, 0xcd, 0x2d,
    0x00, 0x49, 0x9f, 0xd8, 0x9e, 0xa0, 0x00, 0xa7, 0x18, 0x03, 0xa8, 0xa2, 0xdc, 0x02, 0x1e, 0xb4,
    0xc3, 0x00, 0x23, 0x20, 0x00, 0x55, 0xcf, 0x64, 0x03, 0x14, 0x30, 0x07, 0xff, 0x55, 0xc0, 0x1c,
    0x26, 0x01, 0x68, 0x01, 0x43, 0x99, 0x65, 0xc0, 0x05, 0x63, 0x34, 0xb4, 0x01, 0x26, 0x7f, 0x62,
    0x7a, 0x80, 0x00, 0x32, 0x03, 0x20, 0x06, 0xdc, 0x0d, 0x30, 0x0d, 0x70, 0x16, 0xe0, 0x04, 0x70,
    0x0c, 0x2e, 0x7b, 0x20, 0x18, 0xa1, 0x80, 0x3f, 0xfa, 0xae, 0x00, 0xe1, 0x30, 0x0b, 0x40, 0x0a,
    0x1c, 0xcb, 0x2e, 0x00, 0x2b, 0x19, 0xa5, 0xa0, 0x09, 0x33, 0xfb, 0x13, 0xd4, 0x00, 0xe3, 0xc8,
    0x00, 0xf1, 0xea, 0x40, 0x07, 0xdb, 0x00, 0x19, 0xd4, 0x0c, 0xc0, 0x05, 0x60, 0xeb, 0x10, 0x08,
    0x6f, 0x82, 0xc5, 0xc0, 0x27, 0x1a, 0x02, 0x4b, 0x00, 0xad, 0x48, 0x01, 0xe4, 0x80, 0x85, 0x20,
    0x12, 0x1f, 0x87, 0xa1, 0x80, 0x6a, 0x45, 0x4e, 0x00, 0xe6, 0x1b, 0x25, 0x00, 0xf3, 0x0d, 0x00,
    0x7e, 0x16, 0x00, 0xce, 0x6a, 0xf2, 0x20, 0x11, 0x56, 0x52, 0xb8, 0x06, 0x2d, 0xd7, 0x50, 0x07,
    0x7d, 0x00, 0xfd, 0xe4, 0x01, 0xff, 0xc9, 0x48, 0x74, 0x00, 0xeb, 0xb2, 0x55, 0xd8, 0x40, 0x26,
    0xdc, 0xda, 0x4b, 0x00, 0xa4, 0x80, 0x0a, 0xca, 0x20, 0x04, 0x00, 0xd8, 0x04, 0x00, 0x10, 0x0c,
    0x60, 0x20, 0x06, 0x00, 0xd4, 0x44, 0x00, 0x4c, 0x91, 0x70, 0xe0, 0x02, 0xa5, 0xba, 0x0b, 0x50,
    0x09, 0x33, 0xbf, 0x10, 0x03, 0xc2, 0x01, 0xff, 0xc3, 0x9d, 0x00, 0xfc, 0x00, 0x9c, 0xc1, 0xcc,
    0x03, 0xa9, 0x42, 0x94, 0x03, 0xb5, 0x83, 0x58, 0x02, 0x75, 0x00, 0xe5, 0x60, 0xeb, 0x10, 0x08,
    0x6f, 0x82, 0xc5, 0xc0, 0x27, 0x1a, 0x02, 0x4b, 0x00, 0xad, 0x48, 0x01, 0xe4, 0x80, 0x85, 0x20,
    0x12, 0x1f, 0x87, 0xa1, 0x80, 0x6a, 0x45, 0x4e, 0x00, 0xe6, 0x1b, 0x25, 0x00, 0xf3, 0x0d, 0x00,
    0x7e, 0x16, 0x00, 0xce, 0x6a, 0xf2, 0x20, 0x11, 0x56, 0x52, 0xb8, 0x06, 0x2d, 0xd7, 0x50, 0x07,
    0x00, 0x9e, 0x67, 0x20, 0x07, 0x8f, 0x33, 0x30, 0x07, 0x91, 0x59, 0xd4, 0x80, 0x3e, 0x4c, 0xc0,
    0x80, 0x7e, 0xf2, 0x17, 0x00, 0xf8, 0xd2, 0xd6, 0xc0, 0x3e, 0xa1, 0x6e, 0x25, 0x00, 0xe1, 0x69,
    0x04, 0x39, 0x00, 0xe9, 0x06, 0x00, 0x51, 0x98, 0x02, 0x16, 0x50, 0x11, 0x20, 0xc8, 0x04, 0xe2,
    0xbd, 0xd6, 0x8a, 0x90, 0x02, 0xd3, 0x33, 0xac, 0x2c, 0x14, 0xbc, 0xcf, 0x91, 0x9c, 0x64, 0x90,
    0x03, 0xd4, 0x32, 0x00, 0x19, 0xf0, 0x80, 0x53, 0x11, 0x88, 0x02, 0xab, 0xbc, 0x60, 0x11, 0xbc,
    0x31, 0x00, 0x55, 0x92, 0x91, 0xac, 0x00, 0xfc, 0xec, 0xf3, 0x80, 0x02, 0x98, 0x00, 0x68, 0x48,
    0x0a, 0x73, 0x75, 0x00, 0x21, 0xeb, 0x3d, 0xc6, 0x00, 0x11, 0x29, 0x4c, 0xde, 0x00, 0x21, 0xa3,
    0x26, 0x90, 0x0a, 0x83, 0x36, 0xa4, 0x02, 0x4c, 0xee, 0x63, 0xf9, 0x80, 0x00, 0x90, 0x80, 0x06,
    0x40, 0x1e, 0x39, 0x23, 0xe1, 0x00, 0xf3, 0xe7, 0x44, 0x0c, 0x03, 0xe7, 0xf9, 0x50, 0x0f, 0xc9,
    0x98, 0x10, 0x0f, 0xde, 0x42, 0xe0, 0x1f, 0x1a, 0x5a, 0xd8, 0x07, 0xd4, 0x2d, 0xc4, 0xa0, 0x1c,
    0x2d, 0x20, 0x87, 0x20, 0x1d, 0x20, 0xc0, 0x0a, 0x33, 0x00, 0x42, 0xca, 0x02, 0x24, 0x19, 0x00,
    0x9c, 0x57, 0xba, 0xd1, 0x52, 0x00, 0x5a, 0x66, 0x75, 0x85, 0x82, 0x97, 0x99, 0xf2, 0x33, 0x8c,
    0x92, 0x00, 0x7a, 0x86, 0x40, 0x00, 0x51, 0x80, 0x2c, 0x80, 0x2c, 0xe8, 0xb1, 0x20, 0x09, 0xbf,
    0x7e, 0x80, 0x31, 0xae, 0x91, 0x00, 0x2a, 0xc9, 0x48, 0xd6, 0x00, 0x7e, 0x76, 0x79, 0xc0, 0x01,
    0x4c, 0x00, 0x34, 0x24, 0x05, 0x39, 0xba, 0x80, 0x10, 0xf5, 0x9e, 0xe3, 0x00, 0x08, 0x94, 0xa6,
    0x6f, 0x00, 0x10, 0xd1, 0x93, 0x48, 0x05, 0x41, 0x9b, 0x52, 0x01, 0x26, 0x77, 0x31, 0xfc, 0xc0,
    0x00, 0xe3, 0x20, 0x0f, 0xf2, 0x66, 0x04, 0x03, 0xfb, 0xc8, 0x5c, 0x03, 0xf1, 0xa5, 0xad, 0x80,
    0x7e, 0xa1, 0x6e, 0x25, 0x00, 0xf0, 0xb4, 0x82, 0x1c, 0x80, 0x7a, 0x41, 0x80, 0x14, 0x66, 0x00,
    0xc2, 0xca, 0x02, 0x24, 0x19, 0x00, 0xce, 0x2b, 0xdd, 0x68, 0xa9, 0x00, 0x56, 0x99, 0x9d, 0x61,
    0x60, 0x05, 0x2f, 0x33, 0xe4, 0x67, 0x10, 0x92, 0x40, 0x0f, 0x50, 0xd8, 0x66, 0x80, 0x7d, 0x69,
    0x00, 0x1f, 0xc6, 0xd6, 0x40, 0x1f, 0xc2, 0x26, 0x70, 0x0f, 0xe2, 0xbe, 0x10, 0x00, 0x1b, 0xc3,
    0x10, 0x05, 0x59, 0x29, 0x1a, 0xc0, 0x0f, 0xce, 0xcf, 0x38, 0x00, 0x29, 0x80, 0x06, 0x84, 0x80,
    0xa7, 0x37, 0x50, 0x02, 0x1e, 0xb3, 0xdc, 0x60, 0x01, 0x12, 0x94, 0xcd, 0xe0, 0x02, 0x1a, 0x32,
    0x69, 0x00, 0xa8, 0x33, 0x69, 0x80, 0x24, 0xce, 0xe7, 0xad, 0x18, 0x04, 0x22, 0x8b, 0x50, 0x0f,
    0x0e, 0xb1, 0x80, 0x75, 0xe7, 0x08, 0x00, 0xf8, 0x8c, 0x40, 0x3e, 0x3c, 0xa1, 0x00, 0xf1, 0xfd,
    0xc8, 0x07, 0xe9, 0x11, 0x00, 0x73, 0xf6, 0x55, 0xf5, 0x10, 0x02, 0xa1, 0x6f, 0x72, 0x12, 0x01,
    0xd5, 0xed, 0x08, 0xdf, 0x2c, 0x28, 0xe0, 0x03, 0x88, 0x48, 0x96, 0x01, 0xf8, 0x40, 0x40, 0x3f,
    0x08, 0x70, 0x07, 0xe2, 0x35, 0x10, 0x0f, 0xd2, 0x56, 0x20, 0x19, 0x08, 0x16, 0x17, 0x1d, 0x5a,
    0xae, 0x00, 0x0f, 0x6d, 0x15, 0x2f, 0x14, 0x01, 0x25, 0xfe, 0xf6, 0xb8, 0x00, 0x00, 0xe6, 0xc4,
    0x00, 0xe7, 0x88, 0x20, 0x06, 0x13, 0xf4, 0x00, 0xe5, 0x39, 0x51, 0x00, 0x0d, 0xda, 0x92, 0xb0,
    0x82, 0xd6, 0xf7, 0x30, 0x2c, 0x4b, 0x28, 0x00, 0x3c, 0x46, 0x03, 0x00, 0xfc, 0x20, 0x1e, 0x41,
    0xe0, 0x0c, 0x80, 0x0b, 0x4b, 0x54, 0x9b, 0x50, 0x5b, 0x7a, 0xb4, 0x95, 0x00, 0x26, 0x7f, 0x6b,
    0x00, 0x00, 0xe1, 0x31, 0x00, 0xf8, 0x77, 0xb0, 0x80, 0x38, 0x69, 0x36, 0xf8, 0x40, 0x30, 0xdd,
    0x94, 0xb4, 0x40, 0x33, 0xf6, 0x55, 0xf5, 0x10, 0x02, 0xa1, 0x6f, 0x72, 0x12, 0x01, 0xd5, 0xed,
    0x08, 0xdf, 0x2c, 0x28, 0xe0, 0x03, 0x88, 0x48, 0x96, 0x01, 0xf8, 0x40, 0x40, 0x3f, 0x08, 0x70,
    0x07, 0xe2, 0x35, 0x10, 0x0f, 0xd2, 0x56, 0x20, 0x19, 0x08, 0x16, 0x17, 0x1d, 0x5a, 0xae, 0x00,
    0x0f, 0x6d, 0x15, 0x2f, 0x14, 0x01, 0x25, 0xfe, 0xf6, 0xb8, 0x00, 0x00, 0x8f, 0x2c, 0x80, 0x31,
    0xed, 0x1f, 0x90, 0x06, 0xd6, 0x8e, 0x10, 0x08, 0xdd, 0xd0, 0xc4, 0x00, 0x1b, 0xb5, 0x25, 0x61,
    0x05, 0xad, 0xee, 0x60, 0x58, 0x96, 0x50, 0x00, 0x78, 0x8c, 0x06, 0x01, 0xf8, 0x40, 0x3c, 0x83,
    0xc0, 0x19, 0x00, 0x16, 0x96, 0xa9, 0x36, 0xa0, 0xb6, 0xf5, 0x69, 0x2a, 0x00, 0x4c, 0xfe, 0xd6,
    0x00, 0x00, 0xf1, 0x80, 0x7f, 0x26, 0x30, 0x07, 0xe5, 0x84, 0x00, 0xfc, 0x44, 0x61, 0x00, 0xe7,
    0xec, 0xab, 0xea, 0x20, 0x05, 0x42, 0xde, 0xe4, 0x24, 0x03, 0xab, 0xda, 0x11, 0xbe, 0x58, 0x51,
    0xc0, 0x07, 0x10, 0x91, 0x2c, 0x03, 0xf0, 0x80, 0x80, 0x7e, 0x10, 0xe0, 0x0f, 0xc4, 0x6a, 0x20,
    0x1f, 0xa4, 0xac, 0x40, 0x32, 0x10, 0x2c, 0x2e, 0x3a, 0xb5, 0x5c, 0x00, 0x1e, 0xda, 0x2a, 0x5e,
    0x28, 0x02, 0x4b, 0xfd, 0xed, 0x70, 0x00, 0xd5, 0x00, 0x1f, 0x30, 0x80, 0x7d, 0x92, 0x01, 0xe4,
    0x78, 0x51, 0x00, 0x0d, 0xda, 0x92, 0xb0, 0x82, 0xd6, 0xf7, 0x30, 0x2c, 0x4b, 0x28, 0x00, 0x3c,
    0x46, 0x03, 0x00, 0xfc, 0x20, 0x1e, 0x41, 0xe0, 0x0c, 0x80, 0x0b, 0x4b, 0x54, 0x9b, 0x50, 0x5b,
    0x7a, 0xb4, 0x95, 0x00, 0x26, 0x7f, 0x6b, 0x00, 0x00, 0x84, 0xc4, 0x00, 0x62, 0x01, 0x86, 0xb4,
    0xee, 0x04, 0x03, 0xa5, 0x38, 0x6c, 0x03, 0xeb, 0x8e, 0x10, 0x0e, 0x7e, 0xca, 0xbe, 0xa2, 0x00,
    0x54, 0x2d, 0xee, 0x42, 0x40, 0x3a, 0xbd, 0xa1, 0x1b, 0xe5, 0x85, 0x1c, 0x00, 0x71, 0x09, 0x12,
    0xc0, 0x3f, 0x08, 0x08, 0x07, 0xe1, 0x0e, 0x00, 0xfc, 0x46, 0xa2, 0x01, 0xfa, 0x4a, 0xc4, 0x03,
    0x21, 0x02, 0xc2, 0xe3, 0xab, 0x55, 0xc0, 0x01, 0xed, 0xa2, 0xa5, 0xe2, 0x80, 0x24, 0xbf, 0xde,
    0xd7, 0x00, 0x00, 0x35, 0x09, 0x5a, 0x00, 0x4c, 0x79, 0x92, 0x00, 0x69, 0x96, 0xb8, 0x07, 0x21,
    0xda, 0x88, 0x00, 0x6e, 0xd4, 0x95, 0x84, 0x16, 0xb7, 0xb9, 0x81, 0x62, 0x59, 0x40, 0x01, 0xe2,
    0x30, 0x18, 0x07, 0xe1, 0x00, 0xf2, 0x0f, 0x00, 0x64, 0x00, 0x5a, 0x5a, 0xa4, 0xda, 0x82, 0xdb,
    0xd5, 0xa4, 0xa8, 0x01, 0x33, 0xfb, 0x58, 0x00, 0x00, 0x11, 0x00, 0x04, 0x40, 0x0f, 0x0e, 0x3a,
    0xe3, 0x00, 0x78, 0xf2, 0xa2, 0x90, 0x03, 0x09, 0x98, 0x7b, 0x8a, 0x01, 0xc9, 0x99, 0xdd, 0xae,
    0x01, 0xd3, 0x99, 0x53, 0xc6, 0x08, 0x04, 0x46, 0x72, 0xd5, 0x0e, 0xc0, 0x3f, 0x95, 0x94, 0x80,
    0x3f, 0xb4, 0x1c, 0x03, 0xf9, 0xc0, 0xc0, 0x3f, 0x98, 0x0c, 0x03, 0xfb, 0xc5, 0x00, 0x3f, 0x42,
    0xb0, 0x80, 0x31, 0x9a, 0x8d, 0x76, 0x80, 0x09, 0xe6, 0x65, 0x7b, 0x90, 0x00, 0x00, 0xff, 0x0b,
    0x08, 0x07, 0xc3, 0xac, 0x72, 0x01, 0xfc, 0x42, 0x00, 0x10, 0x0f, 0xf1, 0xa8, 0x06, 0x58, 0x82,
    0x00, 0x43, 0x40, 0x01, 0xca, 0x55, 0x5d, 0x80, 0x3d, 0x45, 0x7b, 0xac, 0x70, 0x0e, 0x24, 0x94,
    0x00, 0x1c, 0x00, 0x73, 0x01, 0x80, 0x64, 0x00, 0xf8, 0x40, 0x31, 0x00, 0x72, 0x8f, 0x00, 0x6a,
    0x00, 0xe1, 0x84, 0xb5, 0x55, 0x38, 0x07, 0x9a, 0x9a, 0xa8, 0xda, 0x01, 0xf2, 0xef, 0x73, 0x0f,
    0xdc, 0x02, 0x01, 0x33, 0xe1, 0x00, 0xf1, 0x66, 0x77, 0x72, 0x04, 0x03, 0x9f, 0x32, 0xa7, 0x76,
    0x10, 0x06, 0xe3, 0x39, 0x67, 0x0f, 0x80, 0x3f, 0xc7, 0x26, 0x8b, 0x61, 0x4c, 0xc3, 0x00, 0x94,
    0x0f, 0x9c, 0x0e, 0xee, 0x00, 0x8c, 0x3e, 0xf0, 0x27, 0x75, 0x00, 0x11, 0x07, 0x80, 0x7f, 0xa8,
    0x14, 0x03, 0xf9, 0x98, 0xa4, 0x01, 0x63, 0x35, 0x19, 0x29, 0x60, 0x19, 0x66, 0x65, 0x7a, 0xb1,
    0x00, 0x00, 0xf8, 0x75, 0x80, 0x39, 0x2e, 0xda, 0x53, 0x40, 0x19, 0xb7, 0x56, 0x05, 0xe0, 0x12,
    0xd7, 0x13, 0x05, 0x28, 0x0e, 0x52, 0xaa, 0xec, 0x01, 0xa8, 0xaf, 0x75, 0x8e, 0x01, 0x12, 0x4a,
    0x00, 0x0e, 0x00, 0x26, 0x03, 0x00, 0xc8, 0x01, 0xc2, 0x01, 0x88, 0x02, 0x51, 0xe0, 0x0d, 0x40,
    0x10, 0xc2, 0x5a, 0xaa, 0x9c, 0x03, 0x35, 0x35, 0x51, 0xb4, 0x03, 0x97, 0x7b, 0x98, 0x7e, 0xe0,
    0x00, 0x4c, 0xf1, 0x00, 0x59, 0x9c, 0x60, 0x26, 0xcd, 0xc4, 0x44, 0xcc, 0xfa, 0xc0, 0x13, 0x99,
    0xd6, 0x00, 0x23, 0x3e, 0x20, 0x0f, 0xfb, 0x19, 0xb2, 0x80, 0x4f, 0x33, 0xa0, 0x02, 0xbf, 0xfd,
    0xa0, 0x1f, 0xfc, 0x9c, 0x66, 0xe5, 0x00, 0x3c, 0xcf, 0x80, 0x00, 0x11, 0x9e, 0x20, 0x0d, 0x51,
    0x19, 0x00, 0x34, 0x5d, 0xe6, 0x00, 0xe5, 0x87, 0x40, 0x0c, 0x39, 0x49, 0x77, 0x00, 0x54, 0x59,
    0x95, 0xac, 0x01, 0x24, 0x18, 0x01, 0x19, 0x80, 0xc1, 0x79, 0x99, 0x44, 0x40, 0x05, 0x88, 0xd3,
    0x62, 0x82, 0x68, 0x99, 0x50, 0x01, 0x69, 0x6a, 0x8f, 0xea, 0x00, 0x5b, 0x7a, 0xb9, 0x65, 0x00,
    0x93, 0x3f, 0xb9, 0x00, 0x00, 0x00, 0x28, 0x80, 0x14, 0x40, 0x2e, 0x92, 0x5b, 0x00, 0xd4, 0x3d,
    0xfa, 0x20, 0x26, 0x55, 0xf2, 0x06, 0x49, 0x99, 0xf5, 0x80, 0x27, 0x33, 0xac, 0x00, 0x46, 0x7c,
    0x40, 0x1f, 0xf6, 0x33, 0x65, 0x00, 0x9e, 0x67, 0x40, 0x05, 0x7f, 0xfb, 0x40, 0x3f, 0xf9, 0x38,
    0xcd, 0xca, 0x00, 0x79, 0x9f, 0x00, 0x3b, 0x00, 0x21, 0x40, 0x32, 0x5c, 0xd2, 0xa0, 0x06, 0x3c,
    0xc7, 0x68, 0x80, 0x72, 0x69, 0xa0, 0x06, 0x1c, 0xa4, 0xbb, 0x80, 0x2a, 0x2c, 0xca, 0xd6, 0x00,
    0x92, 0x0c, 0x00, 0x8c, 0xc0, 0x60, 0xbc, 0xcc, 0xa2, 0x20, 0x02, 0xc4, 0x69, 0xb1, 0x41, 0x34,
    0x4c, 0xa8, 0x00, 0xb4, 0xb5, 0x47, 0xf5, 0x00, 0x2d, 0xbd, 0x5c, 0xb2, 0x80, 0x49, 0x9f, 0xdc,
    0x80, 0x00, 0x00, 0xc6, 0x01, 0xf1, 0xe3, 0x80, 0x78, 0xa1, 0x40, 0x21, 0x33, 0x12, 0x09, 0x98,
    0x93, 0x33, 0xeb, 0x00, 0x4e, 0x67, 0x58, 0x00, 0x8c, 0xf8, 0x80, 0x3f, 0xec, 0x66, 0xca, 0x01,
    0x3c, 0xce, 0x80, 0x0a, 0xff, 0xf6, 0x80, 0x7f, 0xf2, 0x71, 0x9b, 0x94, 0x00, 0xf3, 0x3e, 0x00,
    0xd5, 0x00, 0x1f, 0x98, 0x40, 0x3f, 0x64, 0x80, 0x7c, 0xb0, 0xe8, 0x01, 0x87, 0x29, 0x2e, 0xe0,
    0x0a, 0x8b, 0x32, 0xb5, 0x80, 0x24, 0x83, 0x00, 0x23, 0x30, 0x18, 0x2f, 0x33, 0x28, 0x88, 0x00,
    0xb1, 0x1a, 0x6c, 0x50, 0x4d, 0x13, 0x2a, 0x00, 0x2d, 0x2d, 0x51, 0xfd, 0x40, 0x0b, 0x6f, 0x57,
    0x2c, 0xa0, 0x12, 0x67, 0xf7, 0x20, 0x00, 0x13, 0x3f, 0x88, 0x13, 0x33, 0xeb, 0x00, 0xa7, 0x33,
    0xac, 0x02, 0x23, 0x3e, 0x20, 0x0f, 0xfe, 0x0e, 0x33, 0x65, 0x00, 0xcf, 0x33, 0xa0, 0x03, 0x5f,
    0xfe, 0xd0, 0x0f, 0xfe, 0x66, 0x33, 0x72, 0x80, 0x4f, 0x33, 0xd4, 0x0b, 0xff, 0xd0, 0x78, 0x01,
    0xe1, 0x9d, 0x30, 0x0f, 0x85, 0x9c, 0x03, 0xc3, 0x9e, 0x00, 0x00, 0x96, 0x1d, 0x00, 0x30, 0xe5,
    0x25, 0xdc, 0x01, 0x51, 0x66, 0x56, 0xb0, 0x04, 0x90, 0x60, 0x04, 0x66, 0x03, 0x05, 0xe6, 0x65,
    0x11, 0x00, 0x16, 0x23, 0x4d, 0x8a, 0x09, 0xa2, 0x65, 0x40, 0x05, 0xa5, 0xaa, 0x3f, 0xa8, 0x01,
    0x6d, 0xea, 0xe1, 0x10, 0x01, 0x26, 0x7b, 0xa5, 0x08, 0x07, 0x97, 0xc0, 0x3f, 0x0e, 0xb1, 0x00,
    0x7b, 0x87, 0x80, 0x00, 0x00, 0x18, 0x80, 0x0c, 0x40, 0x2b, 0xc3, 0xa8, 0x00, 0xd1, 0x5c, 0x14,
    0x20, 0x26, 0x64, 0xe9, 0x23, 0x24, 0xcc, 0xfa, 0xc0, 0x13, 0x99, 0xd6, 0x00, 0x23, 0x3e, 0x20,
    0x0f, 0xfb, 0x19, 0xb2, 0x80, 0x4f, 0x33, 0xa0, 0x02, 0xbf, 0xfd, 0xa0, 0x1f, 0xfc, 0x9c, 0x66,
    0xe5, 0x00, 0x3c, 0xcf, 0x80, 0x00, 0x35, 0x09, 0x5a, 0x00, 0x66, 0x3c, 0xc9, 0x00, 0x3a, 0x65,
    0xae, 0x01, 0xe5, 0xc4, 0x40, 0x06, 0x1c, 0xa4, 0xbb, 0x80, 0x2a, 0x2c, 0xca, 0xd6, 0x00, 0x92,
    0x0c, 0x00, 0x8c, 0xc0, 0x60, 0xbc, 0xcc, 0xa2, 0x20, 0x02, 0xc4, 0x69, 0xb1, 0x41, 0x34, 0x4c,
    0xa8, 0x00, 0xb4, 0xb5, 0x47, 0xf5, 0x00, 0x2d, 0xbd, 0x5c, 0xb2, 0x80, 0x49, 0x9f, 0xdc, 0x80,
    0x00, 0x00, 0xe1, 0x31, 0x00, 0xfc, 0x3b, 0xd8, 0x40, 0x1e, 0x1a, 0x4d, 0xae, 0x10, 0x0e, 0x1b,
    0xb2, 0x1e, 0x88, 0x07, 0x3f, 0x65, 0xdb, 0xac, 0x80, 0x2a, 0x85, 0xbd, 0xd4, 0xb7, 0x00, 0x1d,
    0x5e, 0xd0, 0x88, 0xd9, 0xc0, 0x0a, 0x38, 0x00, 0xe1, 0x20, 0x22, 0x58, 0x07, 0xf0, 0x80, 0x80,
    0x79, 0xa8, 0x04, 0x38, 0x03, 0xdc, 0xa0, 0x46, 0xa2, 0x01, 0xfd, 0x25, 0x62, 0x01, 0xf9, 0x61,
    0x71, 0xd5, 0xa5, 0x84, 0x02, 0x7b, 0x68, 0xa9, 0x46, 0xf0, 0x0c, 0x97, 0xfb, 0xdb, 0x02, 0x00,
    0x00, 0x86, 0xb1, 0x40, 0x38, 0x68, 0x26, 0xd4, 0x03, 0x1f, 0xd2, 0xe0, 0x80, 0x62, 0x18, 0x83,
    0x23, 0x20, 0x16, 0x52, 0xa5, 0xda, 0x34, 0x38, 0xaf, 0x73, 0x5c, 0x40, 0xcd, 0x28, 0x00, 0x2e,
    0x00, 0x38, 0x18, 0x06, 0x20, 0x03, 0x81, 0x00, 0x62, 0x00, 0x19, 0xa0, 0xc0, 0x03, 0x20, 0x17,
    0x1e, 0x62, 0xfd, 0xc0, 0x22, 0xc9, 0x52, 0xbd, 0x01, 0x01, 0x13, 0x4c, 0x95, 0x41, 0xa1, 0x18,
    0xc6, 0x66, 0xa2, 0x40, 0xa7, 0x9c, 0xc4, 0xaf, 0x88, 0x1d, 0xfe, 0xe7, 0x59, 0x00, 0x00, 0xca,
    0x01, 0x28, 0x80, 0x7a, 0x5c, 0x9a, 0x04, 0x03, 0xdd, 0xd6, 0x78, 0x07, 0xc5, 0x51, 0xc6, 0x01,
    0xe7, 0xec, 0xbb, 0x75, 0x90, 0x05, 0x50, 0xb7, 0xba, 0x96, 0xe0, 0x03, 0xab, 0xda, 0x11, 0x1b,
    0x38, 0x01, 0x47, 0x00, 0x1c, 0x24, 0x04, 0x4b, 0x00, 0xfe, 0x10, 0x10, 0x0f, 0x35, 0x00, 0x87,
    0x00, 0x7b, 0x94, 0x08, 0xd4, 0x40, 0x3f, 0xa4, 0xac, 0x40, 0x3f, 0x2c, 0x2e, 0x3a, 0xb4, 0xb0,
    0x80, 0x4f, 0x6d, 0x15, 0x28, 0xde, 0x01, 0x92, 0xff, 0x7b, 0x60, 0x40, 0x00, 0x1d, 0x00, 0x12,
    0x40, 0x31, 0x8d, 0xc4, 0xe0, 0x07, 0x5f, 0xef, 0xa8, 0x07, 0x2e, 0x6b, 0x03, 0x20, 0x16, 0x52,
    0xa5, 0xda, 0x34, 0x38, 0xaf, 0x73, 0x5c, 0x40, 0xcd, 0x28, 0x00, 0x2e, 0x00, 0x38, 0x18, 0x06,
    0x20, 0x03, 0x81, 0x00, 0x62, 0x00, 0x19, 0xa0, 0xc0, 0x03, 0x20, 0x17, 0x1e, 0x62, 0xfd, 0xc0,
    0x22, 0xc9, 0x52, 0xbd, 0x01, 0x01, 0x13, 0x4c, 0x95, 0x41, 0xa1, 0x18, 0xc6, 0x66, 0xa2, 0x40,
    0xa7, 0x9c, 0xc4, 0xaf, 0x88, 0x1d, 0xfe, 0xe7, 0x59, 0x00, 0x00, 0xf1, 0x80, 0x7f, 0x93, 0x18,
    0x03, 0xf9, 0x61, 0x00, 0x3f, 0x88, 0xd8, 0x40, 0x3c, 0xfd, 0x97, 0x6e, 0xb2, 0x00, 0xaa, 0x16,
    0xf7, 0x52, 0xdc, 0x00, 0x75, 0x7b, 0x42, 0x23, 0x67, 0x00, 0x28, 0xe0, 0x03, 0x84, 0x80, 0x89,
    0x60, 0x1f, 0xc2, 0x02, 0x01, 0xe6, 0xa0, 0x10, 0xe0, 0x0f, 0x72, 0x81, 0x1a, 0x88, 0x07, 0xf4,
    0x95, 0x88, 0x07, 0xe5, 0x85, 0xc7, 0x56, 0x96, 0x10, 0x09, 0xed, 0xa2, 0xa5, 0x1b, 0xc0, 0x32,
    0x5f, 0xef, 0x6c, 0x08, 0x00, 0x00, 0xcb, 0x62, 0x01, 0xf1, 0x30, 0x07, 0xe7, 0xd1, 0x00, 0xf2,
    0xc4, 0x10, 0x19, 0x00, 0xb2, 0x95, 0x2e, 0xd1, 0xa1, 0xc5, 0x7b, 0x9a, 0xe2, 0x06, 0x69, 0x40,
    0x01, 0x70, 0x01, 0xc0, 0xc0, 0x31, 0x00, 0x1c, 0x08, 0x03, 0x10, 0x00, 0xcd, 0x06, 0x00, 0x19,
    0x00, 0xb8, 0xf3, 0x17, 0xee, 0x01, 0x16, 0x4a, 0x95, 0xe8, 0x08, 0x08, 0x9a, 0x64, 0xaa, 0x0d,
    0x08, 0xc6, 0x33, 0x35, 0x12, 0x05, 0x3c, 0xe6, 0x25, 0x7c, 0x40, 0xef, 0xf7, 0x3a, 0xc8, 0x00,
    0x00, 0xe3, 0x44, 0x08, 0x07, 0x9f, 0xb2, 0xed, 0xd6, 0x40, 0x15, 0x42, 0xde, 0xea, 0x5b, 0x80,
    0x0e, 0xaf, 0x68, 0x44, 0x6c, 0xe0, 0x05, 0x1c, 0x00, 0x70, 0x90, 0x11, 0x2c, 0x03, 0xf8, 0x40,
    0x40, 0x3c, 0xd4, 0x02, 0x1c, 0x01, 0xee, 0x50, 0x23, 0x51, 0x00, 0xfe, 0x92, 0xb1, 0x00, 0xfc,
    0xb0, 0xb8, 0xea, 0xd2, 0xc2, 0x01, 0x3d, 0xb4, 0x54, 0xa3, 0x78, 0x06, 0x4b, 0xfd, 0xed, 0x81,
    0x00, 0xf0, 0xd0, 0x07, 0xf8, 0xd8, 0x80, 0x3f, 0x8c, 0x8c, 0x03, 0xf8, 0x70, 0x03, 0x80, 0x00,
    0xe9, 0x00, 0xfc, 0x84, 0x01, 0xfb, 0x10, 0x40, 0x3e, 0x9b, 0x10, 0x0f, 0x2c, 0xe2, 0x03, 0x20,
    0x16, 0x52, 0xa5, 0xda, 0x34, 0x38, 0xaf, 0x73, 0x5c, 0x40, 0xcd, 0x28, 0x00, 0x2e, 0x00, 0x38,
    0x18, 0x06, 0x20, 0x03, 0x81, 0x00, 0x62, 0x00, 0x19, 0xa0, 0xc0, 0x03, 0x20, 0x17, 0x1e, 0x62,
    0xfd, 0xc0, 0x22, 0xc9, 0x52, 0xbd, 0x01, 0x01, 0x13, 0x4c, 0x95, 0x41, 0xa1, 0x18, 0xc6, 0x66,
    0xa2, 0x40, 0xa7, 0x9c, 0xc4, 0xaf, 0x88, 0x1d, 0xfe, 0xe7, 0x59, 0x00, 0x00, 0xc2, 0x62, 0x01,
    0xf1, 0x67, 0x68, 0x80, 0x70, 0xcd, 0x6a, 0x50, 0x80, 0x04, 0xc2, 0xdc, 0x22, 0xc0, 0xc5, 0x31,
    0x40, 0x39, 0x71, 0x00, 0x3f, 0xfa, 0xf8, 0xcd, 0xd8, 0x01, 0x9e, 0x67, 0x9c, 0x03, 0x5f, 0xff,
    0x58, 0x07, 0xff, 0x88, 0x00, 0x3c, 0x90, 0x07, 0xd5, 0x63, 0x86, 0x01, 0xc7, 0xba, 0x8a, 0x50,
    0x0e, 0x37, 0x6d, 0x46, 0x00, 0xfb, 0xc8, 0x03, 0xff, 0x96, 0xb1, 0x04, 0x00, 0xf5, 0xd2, 0xb5,
    0xc8, 0x07, 0x3e, 0xeb, 0x95, 0x8c, 0x03, 0x79, 0x00, 0x20, 0x10, 0x03, 0x18, 0x04, 0x61, 0xe0,
    0x1f, 0x84, 0x03, 0xff, 0xae, 0x01, 0x31, 0x00, 0xf1, 0x88, 0x04, 0x58, 0xe0, 0x1c, 0x58, 0xe0,
    0x04, 0x40, 0x7a, 0xaf, 0x83, 0xd4, 0x22, 0x41, 0xee, 0xfa, 0x41, 0xec, 0x73, 0x42, 0x3b, 0xbb,
    0x02, 0x38, 0x40, 0x2f, 0x66, 0xe5, 0x00, 0xf9, 0xa6, 0x7a, 0x00, 0x3e, 0x9f, 0xfe, 0xd0, 0x0f,
    0xff, 0x80, 0x05, 0xd2, 0x00, 0xf4, 0xc8, 0xa6, 0xe8, 0x03, 0x62, 0x86, 0x6e, 0x00, 0x65, 0xc0,
    0x42, 0x18, 0x50, 0x0e, 0x8b, 0xa6, 0xab, 0x00, 0xcd, 0x9b, 0xd0, 0x8c, 0x01, 0x59, 0x80, 0x1c,
    0x70, 0x02, 0x50, 0x0c, 0x60, 0x1f, 0xfd, 0xd0, 0x03, 0x00, 0x14, 0xf6, 0x2f, 0x16, 0x5c, 0x4d,
    0x82, 0x62, 0x82, 0x62, 0x80, 0x7f, 0xf9, 0xc0, 0x06, 0xb3, 0x45, 0x08, 0xee, 0x50, 0x86, 0x2e,
    0x61, 0x00, 0x91, 0x88, 0x02, 0xc8, 0x00, 0xff, 0xf0, 0x00, 0x69, 0x99, 0x97, 0x32, 0x53, 0x46,
    0x43, 0x04, 0xc5, 0x00, 0xff, 0xf3, 0x80, 0x33, 0xc3, 0x31, 0x12, 0xd5, 0xdc, 0x80, 0x8e, 0x01,
    0x64, 0x00, 0x7f, 0xf6, 0x40, 0x05, 0x00, 0x94, 0x01, 0x0c, 0x4f, 0x20, 0x0f, 0xce, 0xe8, 0x00,
    0x57, 0xf0, 0x40, 0x12, 0x62, 0x80, 0x7f, 0xff, 0x00, 0xb2, 0x08, 0x43, 0xe9, 0x55, 0x47, 0xe6,
    0x04, 0x1c, 0x84, 0x01, 0x90, 0x01, 0xff, 0xd9, 0x13, 0x14, 0xc5, 0x00, 0xff, 0xe8, 0x8b, 0x1a,
    0x4d, 0x08, 0x62, 0x59, 0x10, 0x00, 0xa7, 0x8b, 0x94, 0xde, 0xc5, 0x1c, 0x32, 0x00, 0x3f, 0xf9,
    0x5e, 0xc1, 0x36, 0x00, 0xa3, 0xd0, 0x00, 0x03, 0x05, 0xc5, 0x48, 0x40, 0x40, 0x4c, 0x50, 0x0f,
    0xfe, 0x90, 0x47, 0xc8, 0x00, 0xff, 0xe1, 0x00, 0x13, 0x10, 0x0c, 0x46, 0xf8, 0x40, 0x1a, 0x34,
    0x03, 0xff, 0xc2, 0xdc, 0x60, 0x18, 0x4c, 0x04, 0x03, 0x98, 0x40, 0x40, 0x32, 0x15, 0xb7, 0xca,
    0xaa, 0x2c, 0x99, 0x1d, 0xd5, 0x46, 0x66, 0x09, 0x4f, 0x76, 0x91, 0x00, 0x00, 0xfa, 0x78, 0x80,
    0xba, 0x79, 0x4c, 0x0d, 0x7d, 0xec, 0x40, 0x6d, 0x91, 0xc0, 0x27, 0x4c, 0x80, 0x0a, 0x30, 0x03,
    0xff, 0xcb, 0x1e, 0x01, 0xf1, 0x93, 0x06, 0x80, 0x3f, 0x65, 0x54, 0x00, 0xcd, 0xea, 0x00, 0x00,
    0xc6, 0x40, 0x1d, 0x3d, 0x88, 0x01, 0x41, 0x65, 0x41, 0x80, 0x2e, 0x09, 0xfc, 0x40, 0x19, 0x9d,
    0x60, 0x0c, 0xcc, 0x01, 0x8c, 0xf0, 0x80, 0x7f, 0xf6, 0xc4, 0x00, 0x82, 0x00, 0x20, 0x10, 0xad,
    0x55, 0x70, 0x58, 0x68, 0x55, 0x0a, 0x4c, 0x0f, 0x3b, 0xa6, 0x00, 0x00, 0xa7, 0x10, 0x02, 0x74,
    0xaa, 0x10, 0x00, 0xf1, 0xb4, 0x40, 0x08, 0x4e, 0x66, 0x00, 0x92, 0x04, 0x03, 0xff, 0xda, 0x28,
    0x56, 0x42, 0x0b, 0x7a, 0x52, 0x00, 0x4e, 0xde, 0x40, 0x00, 0x13, 0x10, 0x0e, 0x23, 0x04, 0xc5,
    0x00, 0xcb, 0xb6, 0x01, 0xf2, 0xd3, 0x40, 0x07, 0x92, 0x9a, 0x40, 0x3c, 0x96, 0xb2, 0x01, 0xe4,
    0xa4, 0xa0, 0x0f, 0x1d, 0x0b, 0x08, 0x07, 0xa0, 0xa8, 0xa8, 0x03, 0xc7, 0xab, 0x29, 0x20, 0x1d,
    0x02, 0x0c, 0xec, 0xc0, 0x0f, 0xd0, 0xb2, 0x80, 0x1f, 0xa8, 0xe8, 0x97, 0xd0, 0x03, 0xb3, 0x88,
    0x03, 0x32, 0x80, 0x7f, 0x7f, 0x00, 0x7f, 0x0f, 0x00, 0x7f, 0x42, 0x80, 0x70, 0x7d, 0x00, 0xfb,
    0xc8, 0x03, 0xff, 0x94, 0xae, 0x40, 0x1c, 0xf4, 0x04, 0x01, 0xa2, 0x27, 0x00, 0xd2, 0xf0, 0xe0,
    0x1a, 0xd8, 0x0c, 0x03, 0x96, 0x8a, 0x88, 0x03, 0x52, 0xf8, 0x70, 0x80, 0x48, 0x05, 0x47, 0x60,
    0x1e, 0x48, 0x56, 0x8f, 0x00, 0xcf, 0xec, 0x01, 0x2b, 0x00, 0x7d, 0x9a, 0x01, 0xf0, 0xf0, 0x07,
    0xd0, 0xa0, 0x18, 0x47, 0x00, 0xca, 0xe5, 0x90, 0x01, 0x3d, 0x01, 0x00, 0x68, 0x89, 0xc0, 0x34,
    0xbc, 0x38, 0x06, 0xb6, 0x03, 0x00, 0xe5, 0xa2, 0xa2, 0x00, 0xd4, 0xbe, 0x1c, 0x20, 0x12, 0x01,
    0x51, 0xd8, 0x07, 0x92, 0x15, 0x80, 0x00, 0x11, 0x88, 0x07, 0x26, 0x58, 0x80, 0x64, 0x9a, 0x80,
    0x0e, 0x5e, 0x50, 0x0f, 0x26, 0x28, 0x07, 0xff, 0xfc, 0x03, 0xb1, 0x9b, 0x88, 0x00, 0xf3, 0x3c,
    0xe0, 0x04, 0xe8, 0x05, 0xab, 0x80, 0x7f, 0x50, 0x02, 0xe0, 0x05, 0xe4, 0x01, 0xff, 0xe9, 0x13,
    0x10, 0x0f, 0x26, 0x28, 0x07, 0xff, 0xfc, 0x03, 0xb1, 0x9b, 0x88, 0x00, 0xf3, 0x3c, 0xeb, 0xff,
    0xf2, 0x80, 0x43, 0x02, 0x01, 0xe3, 0x65, 0x00, 0xf1, 0x11, 0x00, 0x3e, 0xc0, 0x0c, 0x7d, 0x0f,
    0x20, 0x0f, 0xfe, 0x9c, 0x78, 0x1c, 0x02, 0xb0, 0x13, 0x82, 0x48, 0x00, 0x13, 0x10, 0x0a, 0xcc,
    0x13, 0x14, 0x02, 0x40, 0x0f, 0xe1, 0x00, 0xfa, 0x88, 0x03, 0xe5, 0x00, 0xff, 0xf2, 0xe3, 0x37,
    0x10, 0x01, 0xe6, 0x79, 0xc0, 0x00, 0x8d, 0x1f, 0x42, 0xb7, 0xc8, 0x00, 0x20, 0x17, 0xe8, 0x04,
    0xca, 0x01, 0xff, 0xdc, 0x13, 0x10, 0x0f, 0x26, 0x28, 0x07, 0xff, 0x44, 0x54, 0x03, 0xe6, 0xa4,
    0x00, 0xf3, 0x4a, 0x80, 0x78, 0x58, 0x40, 0x3f, 0xf9, 0x38, 0xcd, 0xc4, 0x00, 0x79, 0x9e, 0x70,
    0x7d, 0x00, 0xde, 0x40, 0x1f, 0xfc, 0xd2, 0x80, 0x0c, 0xae, 0x40, 0x13, 0xf1, 0x00, 0x61, 0x00,
    0xff, 0xe3, 0x80, 0x01, 0x31, 0x00, 0xf8, 0xb1, 0xc0, 0x3f, 0xf9, 0x02, 0x40, 0x1f, 0x7e, 0x58,
    0x07, 0xcc, 0xb2, 0x01, 0xde, 0x09, 0x00, 0x1d, 0x26, 0x1a, 0x01, 0xe8, 0xc0, 0x0f, 0xc2, 0x01,
    0xff, 0xb1, 0x9b, 0x8c, 0x02, 0x59, 0x9e, 0x40, 0x00, 0x2e, 0x90, 0x04, 0x64, 0x01, 0xff, 0xc6,
    0x73, 0x00, 0xd4, 0x80, 0x32, 0x12, 0xe1, 0xa0, 0x04, 0x00, 0x44, 0x00, 0x32, 0x08, 0x07, 0xff,
    0x0c, 0x00, 0xf1, 0x18, 0x80, 0x7c, 0x99, 0x62, 0x01, 0xe4, 0x9a, 0x80, 0x08, 0x4c, 0x00, 0x9a,
    0x80, 0x26, 0x29, 0x90, 0x01, 0xcb, 0x88, 0x00, 0x75, 0x00, 0xfe, 0x1b, 0x30, 0x0f, 0xd0, 0x1c,
    0x20, 0x1f, 0x15, 0x15, 0x00, 0x7e, 0x49, 0x49, 0x00, 0xfc, 0xcd, 0x80, 0x3f, 0x49, 0xce, 0x00,
    0x7e, 0xe1, 0x70, 0x0f, 0xc5, 0xa0, 0x1f, 0xe3, 0x90, 0x00, 0x00, 0xc3, 0x54, 0x10, 0x0c, 0x3a,
    0x16, 0x20, 0x18, 0xe2, 0x84, 0x00, 0x8e, 0x0d, 0x90, 0x80, 0x0c, 0x9b, 0xb2, 0xb5, 0xc8, 0x00,
    0x5f, 0x75, 0xca, 0xc6, 0x00, 0xf2, 0x00, 0x40, 0x20, 0x00, 0xc0, 0x23, 0x0f, 0x00, 0xf0, 0x80,
    0x7f, 0xf4, 0x40, 0x13, 0x00, 0xf0, 0x98, 0xa6, 0x40, 0x07, 0x2e, 0x20, 0x01, 0xd4, 0x03, 0xf8,
    0x6c, 0xc0, 0x3f, 0x40, 0x70, 0x80, 0x7c, 0x54, 0x54, 0x01, 0xf9, 0x25, 0x24, 0x03, 0xf3, 0x36,
    0x00, 0xfd, 0x27, 0x38, 0x01, 0xfb, 0x85, 0xc0, 0x3f, 0x16, 0x80, 0x7f, 0x8e, 0x40, 0x0b, 0xe8,
    0x01, 0xcd, 0xea, 0x01, 0x86, 0x04, 0x03, 0xf1, 0xb1, 0x00, 0x7e, 0x32, 0x30, 0x0f, 0xc3, 0x80,
    0x1c, 0x47, 0x04, 0x88, 0x20, 0x03, 0x26, 0xec, 0xad, 0x72, 0x00, 0x17, 0xdd, 0x72, 0xb1, 0x80,
    0x3c, 0x80, 0x10, 0x08, 0x00, 0x30, 0x08, 0xc3, 0xc0, 0x3c, 0x20, 0x1f, 0xfd, 0x18, 0xf0, 0x0e,
    0xf8, 0x00, 0x86, 0x04, 0x03, 0xc6, 0xc4, 0x01, 0xe3, 0x23, 0x00, 0xf0, 0xe0, 0x06, 0x00, 0x09,
    0x80, 0x46, 0x20, 0x18, 0x66, 0xcf, 0x28, 0x40, 0x3a, 0x8b, 0x96, 0x40, 0x21, 0x30, 0x04, 0xec,
    0x80, 0x98, 0xa6, 0x40, 0x07, 0x2e, 0x20, 0x01, 0xd4, 0x03, 0xf8, 0x6c, 0xc0, 0x3f, 0x40, 0x70,
    0x80, 0x7c, 0x54, 0x54, 0x01, 0xf9, 0x25, 0x24, 0x03, 0xf3, 0x36, 0x00, 0xfd, 0x27, 0x38, 0x01,
    0xfb, 0x85, 0xc0, 0x3f, 0x16, 0x80, 0x7f, 0x8e, 0x40, 0x00, 0x01, 0xb6, 0x06, 0xa1, 0x00, 0x0c,
    0xde, 0x5c, 0x08, 0x04, 0x5f, 0x1e, 0x40, 0x04, 0x70, 0x6c, 0xa4, 0x00, 0x64, 0xdd, 0x95, 0xae,
    0x40, 0x02, 0xfb, 0xae, 0x56, 0x30, 0x07, 0x90, 0x02, 0x01, 0x00, 0x06, 0x01, 0x18, 0x78, 0x07,
    0x84, 0x03, 0xff, 0xa2, 0x9c, 0x00, 0xfe, 0x53, 0x10, 0x0f, 0xd4, 0x62, 0x01, 0xfb, 0x2d, 0x94,
    0x5a, 0x1c, 0x80, 0x18, 0xb5, 0x39, 0x0b, 0x1a, 0xa0, 0xc4, 0x06, 0x9d, 0xbc, 0x56, 0x01, 0x86,
    0x40, 0x03, 0x62, 0x60, 0x11, 0x00, 0x62, 0x07, 0x00, 0x9c, 0x03, 0xff, 0xb8, 0x13, 0x00, 0xf0,
    0x98, 0xa6, 0x40, 0x07, 0x2e, 0x20, 0x01, 0xd4, 0x03, 0xf8, 0x6c, 0xc0, 0x3f, 0x40, 0x70, 0x80,
    0x7c, 0x54, 0x54, 0x01, 0xf9, 0x25, 0x24, 0x03, 0xf3, 0x36, 0x00, 0xfd, 0x27, 0x38, 0x01, 0xfb,
    0x85, 0xc0, 0x3f, 0x16, 0x80, 0x7f, 0x8e, 0x00, 0x57, 0xd0, 0x04, 0x03, 0x9c, 0x03, 0x54, 0xa2,
    0xc9, 0x18, 0x06, 0xd7, 0xba, 0x3e, 0x00, 0xe6, 0xed, 0xd8, 0xc0, 0x47, 0x04, 0x88, 0x20, 0x03,
    0x26, 0xec, 0xad, 0x72, 0x00, 0x17, 0xdd, 0x72, 0xb1, 0x80, 0x3c, 0x80, 0x10, 0x08, 0x00, 0x30,
    0x08, 0xc3, 0xc0, 0x3c, 0x20, 0x1f, 0xfd, 0x18, 0xf0, 0x0c, 0x21, 0xe0, 0x19, 0x09, 0x80, 0xc0,
    0x34, 0xec, 0x32, 0x00, 0x6d, 0xd7, 0x48, 0x00, 0x00, 0xd1, 0x33, 0x8c, 0x03, 0xec, 0xce, 0x10,
    0x0f, 0x91, 0x80, 0x50, 0x80, 0x3c, 0xfd, 0x95, 0x7d, 0x44, 0x01, 0xaa, 0x12, 0xf7, 0x21, 0x30,
    0xc0, 0x0e, 0xb1, 0x48, 0x46, 0xf8, 0x1c, 0x00, 0xa3, 0x70, 0x0e, 0x28, 0x25, 0x22, 0x58, 0x07,
    0xce, 0x18, 0x20, 0x20, 0x1f, 0x08, 0x8c, 0x43, 0x80, 0x3e, 0x11, 0x11, 0x0d, 0x44, 0x03, 0xcc,
    0x18, 0x12, 0x56, 0x01, 0xc9, 0x06, 0x80, 0xb0, 0xba, 0xea, 0xd5, 0x65, 0xa0, 0x13, 0xdb, 0x45,
    0x4b, 0xc6, 0x08, 0x06, 0x4b, 0xfe, 0xe6, 0xb8, 0x80, 0x00, 0x00, 0x11, 0x9e, 0x20, 0x0c, 0x91,
    0x19, 0x40, 0x33, 0x5d, 0xe7, 0x00, 0xe4, 0x78, 0x50, 0x0c, 0x37, 0x6a, 0x5a, 0xd2, 0x00, 0x5a,
    0xde, 0xeb, 0x03, 0xc0, 0x96, 0x50, 0x00, 0x70, 0x48, 0xc0, 0x60, 0x19, 0x00, 0xc0, 0x02, 0x01,
    0x8c, 0x05, 0x07, 0x80, 0x35, 0x82, 0x05, 0xa5, 0xaa, 0xa9, 0x9c, 0x81, 0x6d, 0xea, 0x8f, 0x30,
    0x01, 0x26, 0x7f, 0x6b, 0x00, 0x00, 0x00, 0xc8, 0x20, 0x04, 0x10, 0x0f, 0xb6, 0xc9, 0x28, 0xc0,
    0x3e, 0x82, 0xee, 0x51, 0x00, 0x7c, 0x37, 0x3c, 0xa0, 0x1f, 0x3f, 0x65, 0x5f, 0x51, 0x00, 0x6a,
    0x84, 0xbd, 0xc8, 0x4c, 0x30, 0x03, 0xac, 0x52, 0x11, 0xbe, 0x07, 0x00, 0x28, 0xdc, 0x03, 0x8a,
    0x09, 0x48, 0x96, 0x01, 0xf3, 0x86, 0x08, 0x08, 0x07, 0xc2, 0x23, 0x10, 0xe0, 0x0f, 0x84, 0x44,
    0x43, 0x51, 0x00, 0xf3, 0x06, 0x04, 0x95, 0x80, 0x72, 0x41, 0xa0, 0x2c, 0x2e, 0xba, 0xb5, 0x59,
    0x68, 0x04, 0xf6, 0xd1, 0x52, 0xf1, 0x82, 0x01, 0x92, 0xff, 0xb9, 0xae, 0x20, 0x00, 0x00, 0x2c,
    0x00, 0x19, 0xc0, 0x32, 0x2d, 0x4d, 0xa0, 0x06, 0x1c, 0xec, 0xc1, 0x80, 0x72, 0x9e, 0xa0, 0x06,
    0x1b, 0xb5, 0x2d, 0x69, 0x00, 0x2d, 0x6f, 0x75, 0x81, 0xe0, 0x4b, 0x28, 0x00, 0x38, 0x24, 0x60,
    0x30, 0x0c, 0x80, 0x60, 0x01, 0x00, 0xc6, 0x02, 0x83, 0xc0, 0x1a, 0xc1, 0x02, 0xd2, 0xd5, 0x54,
    0xce, 0x40, 0xb6, 0xf5, 0x47, 0x98, 0x00, 0x93, 0x3f, 0xb5, 0x80, 0x00, 0x00, 0xf1, 0x90, 0x18,
    0x80, 0x7c, 0xba, 0x31, 0xc0, 0x1f, 0x0c, 0xd8, 0x2f, 0x88, 0x07, 0x87, 0xc1, 0xf0, 0x80, 0x3c,
    0xfd, 0x95, 0x7d, 0x44, 0x01, 0xaa, 0x12, 0xf7, 0x21, 0x30, 0xc0, 0x0e, 0xb1, 0x48, 0x46, 0xf8,
    0x1c, 0x00, 0xa3, 0x70, 0x0e, 0x28, 0x25, 0x22, 0x58, 0x07, 0xce, 0x18, 0x20, 0x20, 0x1f, 0x08,
    0x8c, 0x43, 0x80, 0x3e, 0x11, 0x11, 0x0d, 0x44, 0x03, 0xcc, 0x18, 0x12, 0x56, 0x01, 0xc9, 0x06,
    0x80, 0xb0, 0xba, 0xea, 0xd5, 0x65, 0xa0, 0x13, 0xdb, 0x45, 0x4b, 0xc6, 0x08, 0x06, 0x4b, 0xfe,
    0xe6, 0xb8, 0x80, 0x00, 0x00, 0xd5, 0x23, 0x6c, 0x01, 0x99, 0xee, 0xc0, 0xc0, 0x18, 0xbc, 0xba,
    0x80, 0x3c, 0xb0, 0x22, 0x00, 0x86, 0xed, 0x4b, 0x5a, 0x40, 0x0b, 0x5b, 0xdd, 0x60, 0x78, 0x12,
    0xca, 0x00, 0x0e, 0x09, 0x18, 0x0c, 0x03, 0x20, 0x18, 0x00, 0x40, 0x31, 0x80, 0xa0, 0xf0, 0x06,
    0xb0, 0x40, 0xb4, 0xb5, 0x55, 0x33, 0x90, 0x2d, 0xbd, 0x51, 0xe6, 0x00, 0x24, 0xcf, 0xed, 0x60,
    0x00, 0x00, 0xe1, 0x23, 0x3f, 0xf0, 0x06, 0x5c, 0xed, 0xcc, 0xfe, 0xe0, 0x0a, 0x69, 0xe7, 0x32,
    0x05, 0xcc, 0xee, 0x00, 0x33, 0x1e, 0xd8, 0xce, 0x02, 0x33, 0xf0, 0x02, 0xce, 0x00, 0x3f, 0xf8,
    0x44, 0x4b, 0x00, 0xf8, 0xd9, 0xb8, 0x40, 0x40, 0x40, 0x3e, 0x49, 0x9e, 0x20, 0x20, 0xe0, 0x0f,
    0x9f, 0xff, 0x8c, 0x04, 0xd4, 0x40, 0x3f, 0xf8, 0x72, 0x56, 0x20, 0x1f, 0xfc, 0x25, 0x85, 0xf9,
    0x66, 0x80, 0xd9, 0xbc, 0x20, 0x07, 0xc7, 0x49, 0x98, 0x12, 0x67, 0xc6, 0x00, 0x91, 0xe1, 0x40,
    0x23, 0x78, 0x50, 0x0c, 0x37, 0x6a, 0x5a, 0xc2, 0x9c, 0xa4, 0xad, 0x20, 0x05, 0xad, 0xee, 0xb0,
    0x71, 0xa7, 0x73, 0x43, 0x80, 0x96, 0x50, 0x00, 0x70, 0x2a, 0xc0, 0x02, 0x93, 0x33, 0x01, 0x80,
    0x64, 0x04, 0xcc, 0xd2, 0x0c, 0x00, 0x10, 0x0c, 0x60, 0x91, 0x1a, 0x6d, 0x10, 0x3c, 0x01, 0xac,
    0x11, 0x51, 0x25, 0x41, 0x0b, 0x4b, 0x55, 0x53, 0x38, 0x63, 0x23, 0x6c, 0x80, 0x16, 0xde, 0xa8,
    0xf3, 0x18, 0xf3, 0x72, 0xd6, 0x01, 0x26, 0x7f, 0x6b, 0x01, 0x57, 0xf7, 0xd1, 0x00, 0x00, 0xe1,
    0x32, 0x00, 0xf0, 0xef, 0x80, 0x78, 0x69, 0x70, 0x80, 0x02, 0x66, 0x28, 0xa1, 0x00, 0x93, 0x33,
    0xba, 0xc8, 0x02, 0x9c, 0xc5, 0xc2, 0xe1, 0x00, 0x08, 0xcc, 0x8f, 0xa3, 0x40, 0x1f, 0x18, 0x90,
    0x07, 0xc2, 0x23, 0x00, 0xf0, 0xd8, 0x68, 0x02, 0x73, 0x2f, 0x58, 0x40, 0x03, 0x2a, 0xc2, 0xee,
    0x00, 0xbe, 0x66, 0x67, 0x30, 0x0f, 0xa0, 0xbc, 0x03, 0xe1, 0xe3, 0x80, 0x00, 0xa2, 0xcc, 0x01,
    0x2b, 0x26, 0x03, 0xb8, 0x40, 0x8c, 0x88, 0x80, 0xc9, 0xaa, 0x30, 0x00, 0x5f, 0x38, 0x02, 0x93,
    0x00, 0xca, 0x01, 0xc2, 0x01, 0xff, 0xc9, 0x13, 0x3e, 0x10, 0x09, 0x33, 0x3b, 0xac, 0x80, 0x29,
    0xcc, 0x5c, 0x2e, 0x10, 0x00, 0x8c, 0xc8, 0xfa, 0x34, 0x01, 0xf1, 0x89, 0x00, 0x7c, 0x22, 0x30,
    0x0f, 0x0d, 0x86, 0x80, 0x27, 0x32, 0xf5, 0x84, 0x00, 0x32, 0xac, 0x2e, 0xe0, 0x0b, 0xe6, 0x66,
    0x73, 0x00, 0xfa, 0x0b, 0xc0, 0x3e, 0x1e, 0x38, 0x5f, 0x40, 0x0c, 0x7f, 0x00, 0x19, 0xd0, 0x03,
    0xf6, 0x68, 0x07, 0xe1, 0xa0, 0x0f, 0xd6, 0x60, 0x18, 0x47, 0x05, 0x80, 0xc9, 0xaa, 0x30, 0x00,
    0x5f, 0x38, 0x02, 0x93, 0x00, 0xca, 0x01, 0xc2, 0x01, 0xff, 0xc9, 0x8f, 0x00, 0xc7, 0x00, 0x19,
    0xdc, 0x20, 0x13, 0xa8, 0x80, 0x47, 0x40, 0x18, 0x00, 0x18, 0x80, 0x08, 0x80, 0x19, 0xbd, 0x1f,
    0xc0, 0x39, 0x6a, 0x6f, 0xc8, 0x00, 0x26, 0x67, 0xef, 0x30, 0x09, 0x33, 0x3b, 0xac, 0x80, 0x29,
    0xcc, 0x5c, 0x2e, 0x10, 0x00, 0x8c, 0xc8, 0xfa, 0x34, 0x01, 0xf1, 0x89, 0x00, 0x7c, 0x22, 0x30,
    0x0f, 0x0d, 0x86, 0x80, 0x27, 0x32, 0xf5, 0x84, 0x00, 0x32, 0xac, 0x2e, 0xe0, 0x0b, 0xe6, 0x66,
    0x73, 0x00, 0xfa, 0x0b, 0xc0, 0x3e, 0x1e, 0x38, 0x08, 0x90, 0x3b, 0x30, 0x92, 0xcd, 0xe3, 0x01,
    0xa8, 0xd5, 0x00, 0x23, 0x23, 0x40, 0x03, 0x26, 0xa8, 0xc0, 0x10, 0xbe, 0x70, 0x06, 0x93, 0x00,
    0xe5, 0x00, 0xf0, 0x80, 0x7f, 0xf3, 0x00, 0x00, 0xf1, 0x98, 0x03, 0xe9, 0xd7, 0x00, 0xf4, 0x16,
    0x20, 0x07, 0x16, 0x70, 0x80, 0x61, 0xbd, 0xba, 0xce, 0x70, 0x05, 0xa4, 0xef, 0x63, 0x08, 0x01,
    0x59, 0x84, 0x27, 0x0c, 0x01, 0x10, 0x07, 0xe7, 0x4d, 0x83, 0x00, 0xe8, 0xa6, 0x7c, 0xe9, 0x10,
    0x09, 0x6f, 0xad, 0x1b, 0x00, 0x38, 0x52, 0xa0, 0x8c, 0x10, 0x03, 0x84, 0x00, 0x57, 0x8c, 0x88,
    0x78, 0x33, 0x15, 0xbc, 0x5d, 0xa5, 0xf4, 0x00, 0x97, 0xdd, 0xa4, 0x40, 0x00, 0xcd, 0x8a, 0x01,
    0x9a, 0x20, 0xa0, 0x18, 0xb1, 0x00, 0x32, 0x1d, 0x31, 0x00, 0x2a, 0xec, 0x91, 0xa2, 0x6b, 0x39,
    0x8e, 0xc1, 0x70, 0xe0, 0x08, 0xc1, 0x15, 0xff, 0x24, 0xc0, 0x15, 0xb2, 0xa9, 0x88, 0x00, 0x26,
    0x9c, 0x0c, 0x4d, 0x74, 0x44, 0x06, 0x3b, 0xa6, 0xec, 0x92, 0x87, 0x5d, 0xcf, 0xd6, 0x00, 0x00,
    0xc4, 0x60, 0x1f, 0x2e, 0x74, 0x80, 0x72, 0x4e, 0xe1, 0x38, 0x06, 0x4e, 0x74, 0x87, 0x00, 0x86,
    0xf6, 0xeb, 0x39, 0xc0, 0x16, 0x93, 0xbd, 0x8c, 0x20, 0x05, 0x66, 0x10, 0x9c, 0x30, 0x04, 0x40,
    0x1f, 0x9d, 0x36, 0x0c, 0x03, 0xa2, 0x99, 0xf3, 0xa4, 0x40, 0x25, 0xbe, 0xb4, 0x6c, 0x00, 0xe1,
    0x4a, 0x82, 0x30, 0x40, 0x0e, 0x10, 0x01, 0x5e, 0x32, 0x21, 0xe0, 0xcc, 0x56, 0xf1, 0x76, 0x97,
    0xd0, 0x02, 0x5f, 0x76, 0x91, 0x00, 0x00, 0x15, 0xd8, 0x80, 0x23, 0xcc, 0x1f, 0x90, 0x05, 0xaf,
    0x1c, 0x20, 0x03, 0x77, 0x42, 0x88, 0x02, 0xae, 0xc9, 0x1a, 0x26, 0xb3, 0x98, 0xec, 0x17, 0x0e,
    0x00, 0x8c, 0x11, 0x5f, 0xf2, 0x4c, 0x01, 0x5b, 0x2a, 0x98, 0x80, 0x02, 0x69, 0xc0, 0xc4, 0xd7,
    0x44, 0x40, 0x63, 0xba, 0x6e, 0xc9, 0x28, 0x75, 0xdc, 0xfd, 0x60, 0x00, 0x89, 0x14, 0xc0, 0x30,
    0xde, 0xdd, 0x67, 0x38, 0x02, 0xd2, 0x77, 0xb1, 0x84, 0x00, 0xac, 0xc2, 0x13, 0x86, 0x00, 0x88,
    0x03, 0xf3, 0xa6, 0xc1, 0x80, 0x74, 0x53, 0x3e, 0x74, 0x88, 0x04, 0xb7, 0xd6, 0x8d, 0x80, 0x1c,
    0x29, 0x50, 0x46, 0x08, 0x01, 0xc2, 0x00, 0x2b, 0xc6, 0x44, 0x3c, 0x19, 0x8a, 0xde, 0x2e, 0xd2,
    0xfa, 0x00, 0x4b, 0xe7, 0x6e, 0x91, 0x00, 0xec, 0x57, 0x00, 0xf2, 0x0b, 0x70, 0x07, 0xdb, 0xa8,
    0x00, 0x80, 0x00, 0x23, 0xc3, 0x10, 0x02, 0xae, 0xc9, 0x1a, 0x26, 0xb3, 0x98, 0xec, 0x17, 0x0e,
    0x00, 0x8c, 0x11, 0x5f, 0xf2, 0x4c, 0x01, 0x5b, 0x2a, 0x98, 0x80, 0x02, 0x69, 0xc0, 0xc4, 0xd7,
    0x44, 0x40, 0x63, 0xba, 0x6e, 0xc9, 0x28, 0x75, 0xc9, 0x5a, 0xc0, 0x1b, 0x61, 0x00, 0x32, 0x98,
    0x98, 0x07, 0x6d, 0x38, 0x00, 0x00, 0x11, 0x00, 0x02, 0x60, 0x1d, 0xf0, 0x9e, 0xc0, 0x18, 0xbd,
    0x26, 0xd4, 0x03, 0xd1, 0x06, 0x00, 0xc3, 0x7b, 0x75, 0x9c, 0xe0, 0x0b, 0x49, 0xde, 0xc6, 0x10,
    0x02, 0xb3, 0x08, 0x4e, 0x18, 0x02, 0x20, 0x0f, 0xce, 0x9b, 0x06, 0x01, 0xd1, 0x4c, 0xf9, 0xd2,
    0x20, 0x12, 0xdf, 0x5a, 0x36, 0x00, 0x70, 0xa5, 0x41, 0x18, 0x20, 0x07, 0x08, 0x00, 0xaf, 0x19,
    0x10, 0xf0, 0x66, 0x2b, 0x78, 0xbb, 0x4b, 0xe8, 0x01, 0x2f, 0xbb, 0x48, 0x80, 0x06, 0xa1, 0x2b,
    0x50, 0x03, 0x1e, 0x60, 0xd4, 0x02, 0x99, 0x54, 0x00, 0x64, 0x3c, 0x62, 0x00, 0x55, 0xd9, 0x23,
    0x44, 0xd6, 0x73, 0x1d, 0x82, 0xe1, 0xc0, 0x11, 0x82, 0x2b, 0xfe, 0x49, 0x80, 0x2b, 0x65, 0x53,
    0x10, 0x00, 0x4d, 0x38, 0x18, 0x9a, 0xe8, 0x88, 0x0c, 0x77, 0x4d, 0xd9, 0x25, 0x0e, 0xbb, 0x9f,
    0xac, 0x00, 0x33, 0xfe, 0x1d, 0xcc, 0xfc, 0x9b, 0x98, 0xb0, 0x6c, 0xc9, 0x0c, 0xe5, 0x0e, 0x33,
    0x84, 0x03, 0xff, 0xfe, 0x01, 0xf8, 0x49, 0x80, 0x3e, 0x15, 0xf1, 0x00, 0xf3, 0xe8, 0x18, 0x07,
    0x87, 0x68, 0x80, 0x20, 0x02, 0x51, 0x00, 0xcf, 0x44, 0x01, 0x2f, 0x85, 0x3a, 0x86, 0x38, 0x2d,
    0xe8, 0x4c, 0x07, 0xe4, 0x00, 0x7f, 0xf2, 0xc4, 0x1c, 0x03, 0x30, 0x72, 0x30, 0x00, 0xa5, 0x6e,
    0xc2, 0x00, 0x67, 0x8d, 0x10, 0x0b, 0x6d, 0x40, 0x24, 0x07, 0xd0, 0x0d, 0xba, 0x80, 0x00, 0x18,
    0x80, 0x0c, 0x40, 0x32, 0x61, 0xd7, 0x80, 0x73, 0xd7, 0x0e, 0x88, 0x00, 0xce, 0x4e, 0x82, 0x33,
    0x0e, 0xe6, 0x7e, 0x4d, 0xcc, 0x58, 0x36, 0x64, 0x86, 0x72, 0x87, 0x19, 0xc2, 0x01, 0xff, 0xff,
    0x00, 0xe0, 0x00, 0xc4, 0x60, 0x1c, 0xb0, 0x00, 0x25, 0x10, 0x10, 0x03, 0xd1, 0x27, 0x02, 0xf8,
    0x52, 0x08, 0x63, 0x82, 0xde, 0x84, 0xc0, 0x7e, 0x40, 0x07, 0xff, 0x2c, 0x41, 0xc0, 0x33, 0x07,
    0x23, 0x00, 0x0a, 0x52, 0xec, 0x20, 0x06, 0xee, 0x68, 0x80, 0x33, 0xfe, 0x1d, 0xcc, 0xfc, 0x9b,
    0x98, 0xb0, 0x6c, 0xc9, 0x0c, 0xe5, 0x0e, 0x33, 0x84, 0x03, 0xfe, 0x36, 0x70, 0xd6, 0x50, 0x09,
    0x2e, 0x01, 0x2e, 0x00, 0x27, 0xdf, 0x09, 0xdd, 0x00, 0x7f, 0xf7, 0x80, 0x01, 0x51, 0x00, 0xcb,
    0x4a, 0x01, 0x2e, 0x86, 0xba, 0x86, 0x20, 0x25, 0xe8, 0x4c, 0x82, 0x72, 0x00, 0x3f, 0x55, 0x02,
    0xb4, 0x01, 0x12, 0x11, 0xc0, 0x02, 0x30, 0x23, 0x00, 0x94, 0x3d, 0x18, 0x00, 0x32, 0xb7, 0x61,
    0x00, 0x37, 0x73, 0x44, 0x00, 0x88, 0x80, 0x02, 0x00, 0xe3, 0xcf, 0x93, 0xc2, 0x00, 0xcb, 0x1a,
    0x3c, 0xc4, 0x00, 0x13, 0x76, 0x08, 0xd8, 0x13, 0x07, 0xc2, 0x00, 0xe6, 0xc1, 0x00, 0xff, 0xf6,
    0xb8, 0x07, 0x78, 0x09, 0x01, 0x00, 0x71, 0x08, 0x28, 0xd0, 0x06, 0x25, 0x40, 0x18, 0x3c, 0x65,
    0x8c, 0x18, 0x00, 0x35, 0x0c, 0xd3, 0xae, 0x10, 0x04, 0xbb, 0xdb, 0xf6, 0x40, 0x00, 0x00, 0x45,
    0xa0, 0x48, 0x04, 0x69, 0xf1, 0x86, 0x01, 0x16, 0xa6, 0x7d, 0x00, 0x11, 0x84, 0x00, 0x62, 0xe7,
    0xb2, 0x01, 0x8a, 0x18, 0x03, 0xff, 0xaa, 0xe0, 0x0e, 0x13, 0x00, 0xb4, 0x00, 0xa1, 0xcc, 0xb2,
    0xe0, 0x02, 0xb1, 0x9a, 0x5a, 0x00, 0x93, 0x3f, 0xb1, 0x3d, 0x40, 0x00, 0x1c, 0xcf, 0x00, 0x71,
    0x66, 0x70, 0x04, 0x26, 0x0a, 0xbc, 0x26, 0x0f, 0x84, 0x01, 0xcd, 0x82, 0x01, 0xff, 0xed, 0x70,
    0x0e, 0xf0, 0x12, 0x02, 0x00, 0xe2, 0x10, 0x51, 0xa0, 0x0c, 0x4a, 0x80, 0x30, 0x78, 0xcb, 0x18,
    0x30, 0x00, 0x6a, 0x19, 0xa7, 0x5c, 0x20, 0x09, 0x77, 0xb7, 0xec, 0x80, 0x00, 0x01, 0x33, 0xe0,
    0x08, 0xa2, 0x38, 0x02, 0x3b, 0xbe, 0x00, 0x23, 0x80, 0x61, 0x73, 0xd9, 0x00, 0xc5, 0x0c, 0x01,
    0xff, 0xd5, 0x70, 0x07, 0x09, 0x80, 0x5a, 0x00, 0x50, 0xe6, 0x59, 0x70, 0x01, 0x58, 0xcd, 0x2d,
    0x00, 0x49, 0x9f, 0xd8, 0x9e, 0xa0, 0x00, 0x0a, 0x00, 0x05, 0x40, 0x3d, 0x4a, 0x51, 0xe0, 0x1c,
    0x3b, 0xfc, 0x36, 0x01, 0x09, 0x89, 0xd6, 0x40, 0x88, 0xc1, 0xf0, 0x80, 0x39, 0xb0, 0x40, 0x3f,
    0xfd, 0xae, 0x01, 0xde, 0x02, 0x40, 0x40, 0x1c, 0x42, 0x0a, 0x34, 0x01, 0x89, 0x50, 0x06, 0x0f,
    0x19, 0x63, 0x06, 0x00, 0x0d, 0x43, 0x34, 0xeb, 0x84, 0x01, 0x2e, 0xf6, 0xfd, 0x90, 0x00, 0x01,
    0xb0, 0x01, 0x50, 0x04, 0x22, 0xc8, 0xfc, 0x00, 0xd5, 0xfb, 0xec, 0x00, 0x47, 0x03, 0x52, 0x17,
    0x3d, 0x90, 0x0c, 0x50, 0xc0, 0x1f, 0xfd, 0x57, 0x00, 0x70, 0x98, 0x05, 0xa0, 0x05, 0x0e, 0x65,
    0x97, 0x00, 0x15, 0x8c, 0xd2, 0xd0, 0x04, 0x99, 0xfd, 0x89, 0xea, 0x00, 0xc4, 0xa2, 0x01, 0xf1,
    0xc9, 0xd0, 0x07, 0xcb, 0xac, 0x02, 0x01, 0xe7, 0xda, 0x21, 0x00, 0x84, 0xc4, 0x57, 0x69, 0x01,
    0x30, 0x7c, 0x20, 0x00, 0x80, 0x1b, 0x04, 0x03, 0xff, 0xda, 0xe0, 0x1d, 0xe0, 0x24, 0x04, 0x01,
    0xc4, 0x20, 0xa3, 0x40, 0x18, 0x95, 0x00, 0x60, 0xf1, 0x96, 0x30, 0x60, 0x00, 0xd4, 0x33, 0x4e,
    0xb8, 0x40, 0x12, 0xef, 0x6f, 0xd9, 0x00, 0x00, 0x00, 0xaa, 0xdc, 0x03, 0x97, 0x6f, 0x04, 0x03,
    0x36, 0x23, 0x88, 0x06, 0x3f, 0x3e, 0x00, 0x91, 0xc1, 0x1c, 0x85, 0xcf, 0x64, 0x03, 0x14, 0x30,
    0x07, 0xff, 0x55, 0xc0, 0x1c, 0x26, 0x01, 0x68, 0x01, 0x43, 0x99, 0x65, 0xc0, 0x05, 0x63, 0x34,
    0xb4, 0x01, 0x26, 0x7f, 0x62, 0x7a, 0x80, 0x00, 0xc2, 0x62, 0x46, 0x01, 0xea, 0x80, 0xfb, 0x00,
    0xe5, 0x7a, 0x97, 0x80, 0x00, 0x98, 0xae, 0x0c, 0x50, 0x98, 0x3e, 0x10, 0x07, 0x36, 0x08, 0x07,
    0xff, 0xb5, 0xc0, 0x3b, 0xc0, 0x48, 0x08, 0x03, 0x88, 0x41, 0x46, 0x80, 0x31, 0x2a, 0x00, 0xc1,
    0xe3, 0x2c, 0x60, 0xc0, 0x01, 0xa8, 0x66, 0x9d, 0x70, 0x80, 0x25, 0xde, 0xdf, 0xb2, 0x00, 0x00,
    0x9a, 0xc6, 0x68, 0x02, 0x28, 0xe4, 0x78, 0x00, 0xda, 0xad, 0x84, 0x08, 0xe4, 0x60, 0x66, 0x73,
    0xd9, 0x00, 0xc5, 0x0c, 0x01, 0xff, 0xd5, 0x70, 0x07, 0x09, 0x80, 0x5a, 0x00, 0x50, 0xe6, 0x59,
    0x70, 0x01, 0x58, 0xcd, 0x2d, 0x00, 0x49, 0x9f, 0xd8, 0x9e, 0xa0, 0x13, 0x10, 0x0e, 0x13, 0x07,
    0xc2, 0x00, 0xe6, 0xc1, 0x00, 0xff, 0xf6, 0xb8, 0x07, 0x78, 0x09, 0x01, 0x00, 0x71, 0x08, 0x28,
    0xd0, 0x06, 0x25, 0x70, 0x18, 0x3c, 0x65, 0x8c, 0x1b, 0x00, 0x35, 0x0c, 0xd3, 0xa6, 0x10, 0x04,
    0xba, 0xe9, 0x94, 0x40, 0x1c, 0x4d, 0x46, 0x01, 0xf8, 0x59, 0xc0, 0x3e, 0x2b, 0xf0, 0x0e, 0x47,
    0x00, 0xc2, 0xe7, 0xb2, 0x01, 0x8a, 0x18, 0x03, 0xff, 0xaa, 0xe0, 0x0e, 0x13, 0x00, 0xb4, 0x00,
    0xa1, 0xcc, 0xb2, 0xe0, 0x02, 0xb1, 0x9a, 0x5b, 0x03, 0x04, 0xcf, 0xed, 0x98, 0x60, 0x0c, 0x32,
    0xae, 0x01, 0xf2, 0xb2, 0x00, 0x74, 0x57, 0x00, 0x00, 0xfc, 0x44, 0x00, 0xff, 0xe1, 0xb6, 0x61,
    0xc0, 0x3f, 0xf8, 0x2b, 0x59, 0x8b, 0x60, 0x0f, 0x09, 0x88, 0x04, 0xb8, 0x03, 0x8c, 0x01, 0x8c,
    0x57, 0x1c, 0x03, 0xbf, 0x04, 0x03, 0x26, 0x2a, 0x0e, 0x80, 0x64, 0x20, 0x70, 0x0d, 0xa2, 0x80,
    0xe8, 0x20, 0x16, 0x91, 0xe8, 0x06, 0x77, 0x00, 0x34, 0x1c, 0x02, 0x75, 0xb4, 0x10, 0x02, 0x0e,
    0x80, 0x10, 0x74, 0x00, 0x83, 0x6a, 0x0e, 0x00, 0xd1, 0x40, 0x09, 0xd0, 0x43, 0x48, 0xc8, 0xf4,
    0x00, 0xee, 0x00, 0xda, 0x0e, 0x0e, 0xa0, 0x0b, 0x41, 0x41, 0xd0, 0x0c, 0x83, 0xaa, 0x34, 0x00,
    0x50, 0x7d, 0x14, 0x00, 0xe7, 0x4e, 0x32, 0x00, 0x11, 0xeb, 0xb8, 0x03, 0xda, 0x09, 0x60, 0x1a,
    0x90, 0x74, 0x03, 0xc8, 0x20, 0xa0, 0x19, 0xc0, 0x50, 0x02, 0x00, 0xe1, 0xbc, 0x40, 0x0f, 0xf0,
    0xe9, 0x4d, 0x20, 0x07, 0xf1, 0xc4, 0xae, 0x00, 0x79, 0x94, 0x00, 0x48, 0x87, 0x24, 0x00, 0x0b,
    0x8f, 0x40, 0x06, 0x88, 0x20, 0x04, 0xd2, 0x36, 0x48, 0x00, 0x33, 0x0e, 0x80, 0x56, 0xc0, 0x66,
    0xe0, 0x05, 0x94, 0xb8, 0x81, 0x9a, 0xc0, 0x14, 0x82, 0x0d, 0x4c, 0x28, 0x14, 0x66, 0x00, 0x38,
    0xba, 0x8b, 0x0a, 0xf0, 0x3d, 0x00, 0x42, 0xbb, 0xea, 0x21, 0xe8, 0xe2, 0xe0, 0x1b, 0xd1, 0x78,
    0x00, 0xa3, 0x0a, 0x20, 0x19, 0x44, 0x90, 0x02, 0x60, 0xf0, 0x08, 0x00, 0xc4, 0x60, 0x1f, 0x93,
    0x3a, 0x40, 0x3c, 0x71, 0x58, 0x50, 0x01, 0x19, 0x1e, 0x20, 0xdc, 0x09, 0x8c, 0xe1, 0x00, 0x74,
    0x68, 0x58, 0x40, 0x06, 0x36, 0x81, 0x14, 0x2a, 0x00, 0x5e, 0x8c, 0x00, 0x63, 0x90, 0x03, 0x1c,
    0x00, 0x6f, 0x28, 0x18, 0x73, 0x00, 0xc6, 0xcf, 0x47, 0x20, 0x1e, 0x81, 0x48, 0x10, 0x0f, 0x0b,
    0x82, 0x80, 0x7f, 0xf6, 0x40, 0x00, 0x86, 0xb1, 0x40, 0x38, 0x68, 0x26, 0xd4, 0x03, 0x1f, 0xd2,
    0xe0, 0x80, 0x4e, 0xe4, 0x00, 0x12, 0x2b, 0x07, 0x58, 0x80, 0x43, 0x7c, 0x16, 0x2e, 0x01, 0x38,
    0xd0, 0x12, 0x58, 0x05, 0x6a, 0x40, 0x0f, 0x24, 0x04, 0x29, 0x00, 0x90, 0xfc, 0x3d, 0x0c, 0x03,
    0x52, 0x2a, 0x70, 0x07, 0x30, 0xd9, 0x28, 0x07, 0x98, 0x68, 0x03, 0xf0, 0xb0, 0x06, 0x73, 0x57,
    0x91, 0x00, 0x8a, 0xb2, 0x95, 0xc0, 0x31, 0x6e, 0xba, 0x80, 0x38, 0x00, 0xb5, 0x47, 0x94, 0x03,
    0xd4, 0xe3, 0x2e, 0x01, 0x19, 0x03, 0x90, 0x39, 0x09, 0x8c, 0xe1, 0x00, 0x74, 0x68, 0x58, 0x40,
    0x06, 0x36, 0x81, 0x14, 0x2a, 0x00, 0x5e, 0x8c, 0x00, 0x63, 0x90, 0x03, 0x1c, 0x00, 0x6f, 0x28,
    0x18, 0x73, 0x00, 0xc6, 0xcf, 0x47, 0x20, 0x1e, 0x81, 0x48, 0x10, 0x0f, 0x0b, 0x82, 0x80, 0x7f,
    0xf6, 0x40, 0x00, 0xf1, 0x18, 0x07, 0xe6, 0xd5, 0x00, 0xf9, 0x6b, 0x18, 0x02, 0x13, 0x39, 0xbc,
    0x0c, 0xc4, 0x05, 0x99, 0xfb, 0xc0, 0xb3, 0x3c, 0xa1, 0x00, 0x26, 0x7c, 0xca, 0xea, 0x01, 0xe3,
    0xb4, 0x80, 0x0f, 0x0f, 0x1d, 0x00, 0x7d, 0x47, 0xc2, 0x01, 0xe8, 0x4b, 0x30, 0x0f, 0x2b, 0xb9,
    0x40, 0x3c, 0x74, 0x90, 0x01, 0xe1, 0xe0, 0xc6, 0x6f, 0x02, 0x10, 0x44, 0xcf, 0x84, 0x00, 0xc7,
    0x8e, 0x01, 0x93, 0x6d, 0xc0, 0x3b, 0x5c, 0x00, 0x4e, 0xe3, 0x47, 0x72, 0x0d, 0xde, 0xa8, 0xc3,
    0xcc, 0xb4, 0x0e, 0x00, 0x35, 0x1f, 0x00, 0x68, 0x4d, 0x20, 0x09, 0x5e, 0x4c, 0x02, 0x3b, 0x66,
    0x00, 0x43, 0xc7, 0xa8, 0x91, 0xa1, 0x12, 0xef, 0x40, 0x00, 0xe3, 0x00, 0xfe, 0x7c, 0x30, 0x0f,
    0xcb, 0x04, 0x01, 0x84, 0xce, 0x14, 0x23, 0x31, 0x01, 0x66, 0x7e, 0xf0, 0x2c, 0xcf, 0x28, 0x40,
    0x09, 0x9f, 0x32, 0xba, 0x80, 0x78, 0xed, 0x20, 0x03, 0xc3, 0xc7, 0x40, 0x1f, 0x51, 0xf0, 0x80,
    0x7a, 0x12, 0xcc, 0x03, 0xca, 0xee, 0x50, 0x0f, 0x1d, 0x24, 0x00, 0x78, 0x78, 0x31, 0x9b, 0xc0,
    0x84, 0x11, 0x33, 0xe1, 0x00, 0x9a, 0xc0, 0x3d, 0xcc, 0x01, 0xe8, 0xd0, 0x08, 0x9d, 0xfc, 0x83,
    0x77, 0xaa, 0x30, 0xf3, 0x2d, 0x03, 0x80, 0x0d, 0x47, 0xc0, 0x1a, 0x13, 0x48, 0x02, 0x57, 0x93,
    0x00, 0x8e, 0xd9, 0x80, 0x10, 0xf1, 0xea, 0x24, 0x68, 0x44, 0xbb, 0xd0, 0x00, 0x09, 0x80, 0x04,
    0xc0, 0x3d, 0x14, 0x79, 0x60, 0x1c, 0x34, 0x1c, 0xb0, 0x01, 0x09, 0x98, 0xa7, 0xac, 0xcc, 0x40,
    0x59, 0x9f, 0xbc, 0x0b, 0x33, 0xca, 0x10, 0x02, 0x67, 0xcc, 0xae, 0xa0, 0x1e, 0x3b, 0x48, 0x00,
    0xf0, 0xf1, 0xd0, 0x07, 0xd4, 0x7c, 0x20, 0x1e, 0x84, 0xb3, 0x00, 0xf2, 0xbb, 0x94, 0x03, 0xc7,
    0x49, 0x00, 0x1e, 0x1e, 0x0c, 0x66, 0xf0, 0x21, 0x04, 0x4c, 0xf8, 0x40, 0x03, 0xb3, 0x19, 0x80,
    0x01, 0xf6, 0xe8, 0xa0, 0x02, 0x5d, 0x8b, 0x00, 0x13, 0xb9, 0x0d, 0xdc, 0x83, 0x77, 0xaa, 0x30,
    0xf3, 0x2d, 0x03, 0x80, 0x0d, 0x47, 0xc0, 0x1a, 0x13, 0x48, 0x02, 0x57, 0x93, 0x00, 0x8e, 0xd9,
    0x80, 0x10, 0xf1, 0xea, 0x24, 0x68, 0x44, 0xbb, 0xd0, 0x00, 0x1d, 0xf6, 0x10, 0x03, 0x9a, 0xec,
    0x60, 0x44, 0xb5, 0x71, 0x4a, 0x00, 0xe3, 0x40, 0x0e, 0x7e, 0x00, 0xff, 0xf1, 0x80, 0xee, 0xfd,
    0x99, 0xf8, 0xee, 0xff, 0xe2, 0x66, 0x7f, 0xf1, 0x00, 0x05, 0x90, 0xfe, 0x15, 0x12, 0x0a, 0x38,
    0x80, 0x1c, 0x83, 0x32, 0x12, 0xa0, 0x25, 0x8c, 0x98, 0x00, 0x87, 0xa8, 0x00, 0xc2, 0x96, 0x08,
    0xa3, 0x64, 0x05, 0x90, 0x59, 0x0f, 0xe0, 0xfe, 0x15, 0x11, 0x20, 0x90, 0x51, 0x0d, 0x1c, 0x40,
    0xe2, 0x00, 0x1c, 0x80, 0xc8, 0x33, 0x20, 0x92, 0x92, 0xa0, 0xa2, 0x82, 0x58, 0x3d, 0x8c, 0x98,
    0x51, 0x80, 0x00, 0xf0, 0xf5, 0x0f, 0x50, 0x01, 0x80, 0x0c, 0x29, 0x62, 0x88, 0x04, 0x50, 0x4b,
    0x1b, 0x20, 0xb3, 0x00, 0xff, 0x87, 0xa8, 0x17, 0xd4, 0x27, 0x88, 0x03, 0xfe, 0x1e, 0xa0, 0x5f,
    0x50, 0x9e, 0x20, 0x00, 0xf1, 0x22, 0x08, 0x03, 0xe4, 0xcd, 0xbb, 0x6e, 0x90, 0x03, 0x2d, 0x8c,
    0xe6, 0xd0, 0xd0, 0x80, 0x0a, 0xcf, 0x18, 0xc9, 0x73, 0x44, 0x45, 0x63, 0x26, 0x45, 0x00, 0x0c,
    0x1e, 0x5c, 0x7a, 0x67, 0x08, 0x04, 0xd6, 0x6b, 0x77, 0xc2, 0x01, 0x3e, 0x92, 0x6e, 0xf0, 0x80,
    0x4f, 0xb0, 0x13, 0xbb, 0x84, 0x03, 0x98, 0x64, 0x80, 0x30, 0xa8, 0x04, 0x3a, 0x7b, 0x2c, 0xb1,
    0xf6, 0x20, 0x11, 0xfb, 0x3c, 0xd3, 0x3e, 0x08, 0x06, 0x19, 0xee, 0xd2, 0x40,
];

#[rustfmt::skip]
static MONTSERRAT_16_LATIN_EXT_GLYPHS: [twine_text::GlyphDsc; 234] = [
    twine_text::GlyphDsc { bitmap_index: 0, adv_w: 0, box_w: 0, box_h: 0, ofs_x: 0, ofs_y: 0 }, // reserved
    twine_text::GlyphDsc { bitmap_index: 0, adv_w: 69, box_w: 0, box_h: 0, ofs_x: 0, ofs_y: 0 }, // U+00A0 '\u{a0}'
    twine_text::GlyphDsc { bitmap_index: 0, adv_w: 69, box_w: 3, box_h: 12, ofs_x: 1, ofs_y: -3 }, // U+00A1 '¡'
    twine_text::GlyphDsc { bitmap_index: 19, adv_w: 146, box_w: 9, box_h: 13, ofs_x: 0, ofs_y: -2 }, // U+00A2 '¢'
    twine_text::GlyphDsc { bitmap_index: 69, adv_w: 165, box_w: 11, box_h: 12, ofs_x: 0, ofs_y: 0 }, // U+00A3 '£'
    twine_text::GlyphDsc { bitmap_index: 119, adv_w: 179, box_w: 11, box_h: 11, ofs_x: 0, ofs_y: 0 }, // U+00A4 '¤'
    twine_text::GlyphDsc { bitmap_index: 175, adv_w: 181, box_w: 12, box_h: 12, ofs_x: 0, ofs_y: 0 }, // U+00A5 '¥'
    twine_text::GlyphDsc { bitmap_index: 240, adv_w: 77, box_w: 3, box_h: 16, ofs_x: 1, ofs_y: -4 }, // U+00A6 '¦'
    twine_text::GlyphDsc { bitmap_index: 257, adv_w: 128, box_w: 8, box_h: 14, ofs_x: 0, ofs_y: -2 }, // U+00A7 '§'
    twine_text::GlyphDsc { bitmap_index: 311, adv_w: 154, box_w: 6, box_h: 2, ofs_x: 2, ofs_y: 10 }, // U+00A8 '¨'
    twine_text::GlyphDsc { bitmap_index: 317, adv_w: 205, box_w: 13, box_h: 13, ofs_x: 0, ofs_y: -1 }, // U+00A9 '©'
    twine_text::GlyphDsc { bitmap_index: 395, adv_w: 103, box_w: 6, box_h: 6, ofs_x: 0, ofs_y: 6 }, // U+00AA 'ª'
    twine_text::GlyphDsc { bitmap_index: 414, adv_w: 129, box_w: 8, box_h: 7, ofs_x: 0, ofs_y: 1 }, // U+00AB '«'
    twine_text::GlyphDsc { bitmap_index: 442, adv_w: 149, box_w: 8, box_h: 5, ofs_x: 1, ofs_y: 2 }, // U+00AC '¬'
    twine_text::GlyphDsc { bitmap_index: 454, adv_w: 205, box_w: 13, box_h: 13, ofs_x: 0, ofs_y: -1 }, // U+00AE '®'
    twine_text::GlyphDsc { bitmap_index: 533, adv_w: 154, box_w: 6, box_h: 2, ofs_x: 2, ofs_y: 10 }, // U+00AF '¯'
    twine_text::GlyphDsc { bitmap_index: 538, adv_w: 107, box_w: 6, box_h: 6, ofs_x: 0, ofs_y: 6 }, // U+00B0 '°'
    twine_text::GlyphDsc { bitmap_index: 557, adv_w: 149, box_w: 8, box_h: 10, ofs_x: 1, ofs_y: 0 }, // U+00B1 '±'
    twine_text::GlyphDsc { bitmap_index: 588, adv_w: 110, box_w: 7, box_h: 7, ofs_x: 0, ofs_y: 5 }, // U+00B2 '²'
    twine_text::GlyphDsc { bitmap_index: 612, adv_w: 110, box_w: 7, box_h: 7, ofs_x: 0, ofs_y: 5 }, // U+00B3 '³'
    twine_text::GlyphDsc { bitmap_index: 636, adv_w: 154, box_w: 5, box_h: 3, ofs_x: 3, ofs_y: 9 }, // U+00B4 '´'
    twine_text::GlyphDsc { bitmap_index: 644, adv_w: 175, box_w: 9, box_h: 13, ofs_x: 1, ofs_y: -4 }, // U+00B5 'µ'
    twine_text::GlyphDsc { bitmap_index: 681, adv_w: 166, box_w: 9, box_h: 14, ofs_x: 0, ofs_y: -2 }, // U+00B6 '¶'
    twine_text::GlyphDsc { bitmap_index: 709, adv_w: 68, box_w: 3, box_h: 3, ofs_x: 1, ofs_y: 3 }, // U+00B7 '·'
    twine_text::GlyphDsc { bitmap_index: 714, adv_w: 154, box_w: 4, box_h: 5, ofs_x: 3, ofs_y: -4 }, // U+00B8 '¸'
    twine_text::GlyphDsc { bitmap_index: 724, adv_w: 110, box_w: 5, box_h: 7, ofs_x: 1, ofs_y: 5 }, // U+00B9 '¹'
    twine_text::GlyphDsc { bitmap_index: 738, adv_w: 107, box_w: 7, box_h: 6, ofs_x: 0, ofs_y: 6 }, // U+00BA 'º'
    twine_text::GlyphDsc { bitmap_index: 760, adv_w: 129, box_w: 8, box_h: 7, ofs_x: 0, ofs_y: 1 }, // U+00BB '»'
    twine_text::GlyphDsc { bitmap_index: 789, adv_w: 265, box_w: 16, box_h: 12, ofs_x: 1, ofs_y: 0 }, // U+00BC '¼'
    twine_text::GlyphDsc { bitmap_index: 867, adv_w: 265, box_w: 15, box_h: 12, ofs_x: 1, ofs_y: 0 }, // U+00BD '½'
    twine_text::GlyphDsc { bitmap_index: 940, adv_w: 265, box_w: 17, box_h: 12, ofs_x: 0, ofs_y: 0 }, // U+00BE '¾'
    twine_text::GlyphDsc { bitmap_index: 1030, adv_w: 147, box_w: 8, box_h: 12, ofs_x: 1, ofs_y: -3 }, // U+00BF '¿'
    twine_text::GlyphDsc { bitmap_index: 1071, adv_w: 187, box_w: 12, box_h: 15, ofs_x: 0, ofs_y: 0 }, // U+00C0 'À'
    twine_text::GlyphDsc { bitmap_index: 1140, adv_w: 187, box_w: 12, box_h: 15, ofs_x: 0, ofs_y: 0 }, // U+00C1 'Á'
    twine_text::GlyphDsc { bitmap_index: 1209, adv_w: 187, box_w: 12, box_h: 15, ofs_x: 0, ofs_y: 0 }, // U+00C2 'Â'
    twine_text::GlyphDsc { bitmap_index: 1280, adv_w: 187, box_w: 12, box_h: 15, ofs_x: 0, ofs_y: 0 }, // U+00C3 'Ã'
    twine_text::GlyphDsc { bitmap_index: 1353, adv_w: 187, box_w: 12, box_h: 14, ofs_x: 0, ofs_y: 0 }, // U+00C4 'Ä'
    twine_text::GlyphDsc { bitmap_index: 1421, adv_w: 187, box_w: 12, box_h: 16, ofs_x: 0, ofs_y: 0 }, // U+00C5 'Å'
    twine_text::GlyphDsc { bitmap_index: 1494, adv_w: 268, box_w: 16, box_h: 12, ofs_x: 0, ofs_y: 0 }, // U+00C6 'Æ'
    twine_text::GlyphDsc { bitmap_index: 1564, adv_w: 183, box_w: 11, box_h: 16, ofs_x: 0, ofs_y: -4 }, // U+00C7 'Ç'
    twine_text::GlyphDsc { bitmap_index: 1635, adv_w: 172, box_w: 9, box_h: 15, ofs_x: 1, ofs_y: 0 }, // U+00C8 'È'
    twine_text::GlyphDsc { bitmap_index: 1681, adv_w: 172, box_w: 9, box_h: 15, ofs_x: 1, ofs_y: 0 }, // U+00C9 'É'
    twine_text::GlyphDsc { bitmap_index: 1727, adv_w: 172, box_w: 9, box_h: 15, ofs_x: 1, ofs_y: 0 }, // U+00CA 'Ê'
    twine_text::GlyphDsc { bitmap_index: 1774, adv_w: 172, box_w: 9, box_h: 14, ofs_x: 1, ofs_y: 0 }, // U+00CB 'Ë'
    twine_text::GlyphDsc { bitmap_index: 1818, adv_w: 79, box_w: 5, box_h: 15, ofs_x: -1, ofs_y: 0 }, // U+00CC 'Ì'
    twine_text::GlyphDsc { bitmap_index: 1835, adv_w: 79, box_w: 5, box_h: 15, ofs_x: 1, ofs_y: 0 }, // U+00CD 'Í'
    twine_text::GlyphDsc { bitmap_index: 1850, adv_w: 79, box_w: 7, box_h: 15, ofs_x: -1, ofs_y: 0 }, // U+00CE 'Î'
    twine_text::GlyphDsc { bitmap_index: 1870, adv_w: 79, box_w: 5, box_h: 14, ofs_x: 0, ofs_y: 0 }, // U+00CF 'Ï'
    twine_text::GlyphDsc { bitmap_index: 1883, adv_w: 214, box_w: 13, box_h: 12, ofs_x: 0, ofs_y: 0 }, // U+00D0 'Ð'
    twine_text::GlyphDsc { bitmap_index: 1946, adv_w: 208, box_w: 11, box_h: 15, ofs_x: 1, ofs_y: 0 }, // U+00D1 'Ñ'
    twine_text::GlyphDsc { bitmap_index: 2007, adv_w: 215, box_w: 13, box_h: 16, ofs_x: 0, ofs_y: -1 }, // U+00D2 'Ò'
    twine_text::GlyphDsc { bitmap_index: 2091, adv_w: 215, box_w: 13, box_h: 16, ofs_x: 0, ofs_y: -1 }, // U+00D3 'Ó'
    twine_text::GlyphDsc { bitmap_index: 2176, adv_w: 215, box_w: 13, box_h: 16, ofs_x: 0, ofs_y: -1 }, // U+00D4 'Ô'
    twine_text::GlyphDsc { bitmap_index: 2262, adv_w: 215, box_w: 13, box_h: 16, ofs_x: 0, ofs_y: -1 }, // U+00D5 'Õ'
    twine_text::GlyphDsc { bitmap_index: 2351, adv_w: 215, box_w: 13, box_h: 15, ofs_x: 0, ofs_y: -1 }, // U+00D6 'Ö'
    twine_text::GlyphDsc { bitmap_index: 2433, adv_w: 149, box_w: 7, box_h: 7, ofs_x: 1, ofs_y: 2 }, // U+00D7 '×'
    twine_text::GlyphDsc { bitmap_index: 2458, adv_w: 215, box_w: 13, box_h: 15, ofs_x: 0, ofs_y: -2 }, // U+00D8 'Ø'
    twine_text::GlyphDsc { bitmap_index: 2549, adv_w: 202, box_w: 11, box_h: 16, ofs_x: 1, ofs_y: -1 }, // U+00D9 'Ù'
    twine_text::GlyphDsc { bitmap_index: 2604, adv_w: 202, box_w: 11, box_h: 16, ofs_x: 1, ofs_y: -1 }, // U+00DA 'Ú'
    twine_text::GlyphDsc { bitmap_index: 2658, adv_w: 202, box_w: 11, box_h: 16, ofs_x: 1, ofs_y: -1 }, // U+00DB 'Û'
    twine_text::GlyphDsc { bitmap_index: 2713, adv_w: 202, box_w: 11, box_h: 15, ofs_x: 1, ofs_y: -1 }, // U+00DC 'Ü'
    twine_text::GlyphDsc { bitmap_index: 2765, adv_w: 166, box_w: 11, box_h: 15, ofs_x: 0, ofs_y: 0 }, // U+00DD 'Ý'
    twine_text::GlyphDsc { bitmap_index: 2822, adv_w: 185, box_w: 10, box_h: 12, ofs_x: 1, ofs_y: 0 }, // U+00DE 'Þ'
    twine_text::GlyphDsc { bitmap_index: 2868, adv_w: 173, box_w: 10, box_h: 13, ofs_x: 1, ofs_y: -1 }, // U+00DF 'ß'
    twine_text::GlyphDsc { bitmap_index: 2925, adv_w: 153, box_w: 9, box_h: 13, ofs_x: 0, ofs_y: -1 }, // U+00E0 'à'
    twine_text::GlyphDsc { bitmap_index: 2981, adv_w: 153, box_w: 9, box_h: 13, ofs_x: 0, ofs_y: -1 }, // U+00E1 'á'
    twine_text::GlyphDsc { bitmap_index: 3037, adv_w: 153, box_w: 9, box_h: 13, ofs_x: 0, ofs_y: -1 }, // U+00E2 'â'
    twine_text::GlyphDsc { bitmap_index: 3095, adv_w: 153, box_w: 9, box_h: 13, ofs_x: 0, ofs_y: -1 }, // U+00E3 'ã'
    twine_text::GlyphDsc { bitmap_index: 3154, adv_w: 153, box_w: 9, box_h: 13, ofs_x: 0, ofs_y: -1 }, // U+00E4 'ä'
    twine_text::GlyphDsc { bitmap_index: 3212, adv_w: 153, box_w: 9, box_h: 14, ofs_x: 0, ofs_y: -1 }, // U+00E5 'å'
    twine_text::GlyphDsc { bitmap_index: 3273, adv_w: 253, box_w: 16, box_h: 10, ofs_x: 0, ofs_y: -1 }, // U+00E6 'æ'
    twine_text::GlyphDsc { bitmap_index: 3352, adv_w: 146, box_w: 9, box_h: 13, ofs_x: 0, ofs_y: -4 }, // U+00E7 'ç'
    twine_text::GlyphDsc { bitmap_index: 3404, adv_w: 157, box_w: 10, box_h: 13, ofs_x: 0, ofs_y: -1 }, // U+00E8 'è'
    twine_text::GlyphDsc { bitmap_index: 3462, adv_w: 157, box_w: 10, box_h: 13, ofs_x: 0, ofs_y: -1 }, // U+00E9 'é'
    twine_text::GlyphDsc { bitmap_index: 3520, adv_w: 157, box_w: 10, box_h: 13, ofs_x: 0, ofs_y: -1 }, // U+00EA 'ê'
    twine_text::GlyphDsc { bitmap_index: 3580, adv_w: 157, box_w: 10, box_h: 13, ofs_x: 0, ofs_y: -1 }, // U+00EB 'ë'
    twine_text::GlyphDsc { bitmap_index: 3640, adv_w: 71, box_w: 5, box_h: 12, ofs_x: -1, ofs_y: 0 }, // U+00EC 'ì'
    twine_text::GlyphDsc { bitmap_index: 3656, adv_w: 71, box_w: 5, box_h: 12, ofs_x: 1, ofs_y: 0 }, // U+00ED 'í'
    twine_text::GlyphDsc { bitmap_index: 3670, adv_w: 71, box_w: 6, box_h: 12, ofs_x: -1, ofs_y: 0 }, // U+00EE 'î'
    twine_text::GlyphDsc { bitmap_index: 3688, adv_w: 71, box_w: 5, box_h: 12, ofs_x: 0, ofs_y: 0 }, // U+00EF 'ï'
    twine_text::GlyphDsc { bitmap_index: 3703, adv_w: 153, box_w: 9, box_h: 13, ofs_x: 0, ofs_y: -1 }, // U+00F0 'ð'
    twine_text::GlyphDsc { bitmap_index: 3761, adv_w: 174, box_w: 9, box_h: 12, ofs_x: 1, ofs_y: 0 }, // U+00F1 'ñ'
    twine_text::GlyphDsc { bitmap_index: 3804, adv_w: 163, box_w: 10, box_h: 13, ofs_x: 0, ofs_y: -1 }, // U+00F2 'ò'
    twine_text::GlyphDsc { bitmap_index: 3863, adv_w: 163, box_w: 10, box_h: 13, ofs_x: 0, ofs_y: -1 }, // U+00F3 'ó'
    twine_text::GlyphDsc { bitmap_index: 3922, adv_w: 163, box_w: 10, box_h: 13, ofs_x: 0, ofs_y: -1 }, // U+00F4 'ô'
    twine_text::GlyphDsc { bitmap_index: 3983, adv_w: 163, box_w: 10, box_h: 13, ofs_x: 0, ofs_y: -1 }, // U+00F5 'õ'
    twine_text::GlyphDsc { bitmap_index: 4045, adv_w: 163, box_w: 10, box_h: 13, ofs_x: 0, ofs_y: -1 }, // U+00F6 'ö'
    twine_text::GlyphDsc { bitmap_index: 4106, adv_w: 149, box_w: 8, box_h: 9, ofs_x: 1, ofs_y: 1 }, // U+00F7 '÷'
    twine_text::GlyphDsc { bitmap_index: 4135, adv_w: 163, box_w: 10, box_h: 12, ofs_x: 0, ofs_y: -2 }, // U+00F8 'ø'
    twine_text::GlyphDsc { bitmap_index: 4193, adv_w: 173, box_w: 9, box_h: 13, ofs_x: 1, ofs_y: -1 }, // U+00F9 'ù'
    twine_text::GlyphDsc { bitmap_index: 4235, adv_w: 173, box_w: 9, box_h: 13, ofs_x: 1, ofs_y: -1 }, // U+00FA 'ú'
    twine_text::GlyphDsc { bitmap_index: 4278, adv_w: 173, box_w: 9, box_h: 13, ofs_x: 1, ofs_y: -1 }, // U+00FB 'û'
    twine_text::GlyphDsc { bitmap_index: 4322, adv_w: 173, box_w: 9, box_h: 13, ofs_x: 1, ofs_y: -1 }, // U+00FC 'ü'
    twine_text::GlyphDsc { bitmap_index: 4365, adv_w: 143, box_w: 10, box_h: 16, ofs_x: -1, ofs_y: -4 }, // U+00FD 'ý'
    twine_text::GlyphDsc { bitmap_index: 4432, adv_w: 175, box_w: 10, box_h: 16, ofs_x: 1, ofs_y: -4 }, // U+00FE 'þ'
    twine_text::GlyphDsc { bitmap_index: 4492, adv_w: 143, box_w: 10, box_h: 16, ofs_x: -1, ofs_y: -4 }, // U+00FF 'ÿ'
    twine_text::GlyphDsc { bitmap_index: 4560, adv_w: 187, box_w: 12, box_h: 14, ofs_x: 0, ofs_y: 0 }, // U+0100 'Ā'
    twine_text::GlyphDsc { bitmap_index: 4627, adv_w: 153, box_w: 9, box_h: 13, ofs_x: 0, ofs_y: -1 }, // U+0101 'ā'
    twine_text::GlyphDsc { bitmap_index: 4684, adv_w: 187, box_w: 12, box_h: 15, ofs_x: 0, ofs_y: 0 }, // U+0102 'Ă'
    twine_text::GlyphDsc { bitmap_index: 4757, adv_w: 153, box_w: 9, box_h: 13, ofs_x: 0, ofs_y: -1 }, // U+0103 'ă'
    twine_text::GlyphDsc { bitmap_index: 4816, adv_w: 187, box_w: 13, box_h: 16, ofs_x: 0, ofs_y: -4 }, // U+0104 'Ą'
    twine_text::GlyphDsc { bitmap_index: 4893, adv_w: 153, box_w: 9, box_h: 13, ofs_x: 0, ofs_y: -4 }, // U+0105 'ą'
    twine_text::GlyphDsc { bitmap_index: 4950, adv_w: 183, box_w: 11, box_h: 16, ofs_x: 0, ofs_y: -1 }, // U+0106 'Ć'
    twine_text::GlyphDsc { bitmap_index: 5021, adv_w: 146, box_w: 9, box_h: 13, ofs_x: 0, ofs_y: -1 }, // U+0107 'ć'
    twine_text::GlyphDsc { bitmap_index: 5073, adv_w: 183, box_w: 11, box_h: 16, ofs_x: 0, ofs_y: -1 }, // U+0108 'Ĉ'
    twine_text::GlyphDsc { bitmap_index: 5147, adv_w: 146, box_w: 9, box_h: 13, ofs_x: 0, ofs_y: -1 }, // U+0109 'ĉ'
    twine_text::GlyphDsc { bitmap_index: 5201, adv_w: 183, box_w: 11, box_h: 16, ofs_x: 0, ofs_y: -1 }, // U+010A 'Ċ'
    twine_text::GlyphDsc { bitmap_index: 5270, adv_w: 146, box_w: 9, box_h: 13, ofs_x: 0, ofs_y: -1 }, // U+010B 'ċ'
    twine_text::GlyphDsc { bitmap_index: 5320, adv_w: 183, box_w: 11, box_h: 16, ofs_x: 0, ofs_y: -1 }, // U+010C 'Č'
    twine_text::GlyphDsc { bitmap_index: 5394, adv_w: 146, box_w: 9, box_h: 13, ofs_x: 0, ofs_y: -1 }, // U+010D 'č'
    twine_text::GlyphDsc { bitmap_index: 5448, adv_w: 211, box_w: 12, box_h: 15, ofs_x: 1, ofs_y: 0 }, // U+010E 'Ď'
    twine_text::GlyphDsc { bitmap_index: 5517, adv_w: 175, box_w: 13, box_h: 14, ofs_x: 0, ofs_y: -1 }, // U+010F 'ď'
    twine_text::GlyphDsc { bitmap_index: 5586, adv_w: 214, box_w: 13, box_h: 12, ofs_x: 0, ofs_y: 0 }, // U+0110 'Đ'
    twine_text::GlyphDsc { bitmap_index: 5649, adv_w: 175, box_w: 11, box_h: 13, ofs_x: 0, ofs_y: -1 }, // U+0111 'đ'
    twine_text::GlyphDsc { bitmap_index: 5712, adv_w: 172, box_w: 9, box_h: 14, ofs_x: 1, ofs_y: 0 }, // U+0112 'Ē'
    twine_text::GlyphDsc { bitmap_index: 5754, adv_w: 157, box_w: 10, box_h: 13, ofs_x: 0, ofs_y: -1 }, // U+0113 'ē'
    twine_text::GlyphDsc { bitmap_index: 5813, adv_w: 172, box_w: 9, box_h: 15, ofs_x: 1, ofs_y: 0 }, // U+0114 'Ĕ'
    twine_text::GlyphDsc { bitmap_index: 5861, adv_w: 157, box_w: 10, box_h: 13, ofs_x: 0, ofs_y: -1 }, // U+0115 'ĕ'
    twine_text::GlyphDsc { bitmap_index: 5922, adv_w: 172, box_w: 9, box_h: 15, ofs_x: 1, ofs_y: 0 }, // U+0116 'Ė'
    twine_text::GlyphDsc { bitmap_index: 5967, adv_w: 157, box_w: 10, box_h: 13, ofs_x: 0, ofs_y: -1 }, // U+0117 'ė'
    twine_text::GlyphDsc { bitmap_index: 6023, adv_w: 172, box_w: 10, box_h: 16, ofs_x: 1, ofs_y: -4 }, // U+0118 'Ę'
    twine_text::GlyphDsc { bitmap_index: 6074, adv_w: 157, box_w: 10, box_h: 13, ofs_x: 0, ofs_y: -4 }, // U+0119 'ę'
    twine_text::GlyphDsc { bitmap_index: 6132, adv_w: 172, box_w: 9, box_h: 15, ofs_x: 1, ofs_y: 0 }, // U+011A 'Ě'
    twine_text::GlyphDsc { bitmap_index: 6181, adv_w: 157, box_w: 10, box_h: 13, ofs_x: 0, ofs_y: -1 }, // U+011B 'ě'
    twine_text::GlyphDsc { bitmap_index: 6241, adv_w: 198, box_w: 12, box_h: 16, ofs_x: 0, ofs_y: -1 }, // U+011C 'Ĝ'
    twine_text::GlyphDsc { bitmap_index: 6320, adv_w: 177, box_w: 10, box_h: 16, ofs_x: 0, ofs_y: -4 }, // U+011D 'ĝ'
    twine_text::GlyphDsc { bitmap_index: 6398, adv_w: 198, box_w: 12, box_h: 16, ofs_x: 0, ofs_y: -1 }, // U+011E 'Ğ'
    twine_text::GlyphDsc { bitmap_index: 6476, adv_w: 177, box_w: 10, box_h: 16, ofs_x: 0, ofs_y: -4 }, // U+011F 'ğ'
    twine_text::GlyphDsc { bitmap_index: 6554, adv_w: 198, box_w: 12, box_h: 16, ofs_x: 0, ofs_y: -1 }, // U+0120 'Ġ'
    twine_text::GlyphDsc { bitmap_index: 6629, adv_w: 177, box_w: 10, box_h: 16, ofs_x: 0, ofs_y: -4 }, // U+0121 'ġ'
    twine_text::GlyphDsc { bitmap_index: 6704, adv_w: 198, box_w: 12, box_h: 17, ofs_x: 0, ofs_y: -5 }, // U+0122 'Ģ'
    twine_text::GlyphDsc { bitmap_index: 6783, adv_w: 177, box_w: 10, box_h: 17, ofs_x: 0, ofs_y: -4 }, // U+0123 'ģ'
    twine_text::GlyphDsc { bitmap_index: 6860, adv_w: 208, box_w: 11, box_h: 15, ofs_x: 1, ofs_y: 0 }, // U+0124 'Ĥ'
    twine_text::GlyphDsc { bitmap_index: 6900, adv_w: 174, box_w: 11, box_h: 15, ofs_x: -1, ofs_y: 0 }, // U+0125 'ĥ'
    twine_text::GlyphDsc { bitmap_index: 6949, adv_w: 212, box_w: 14, box_h: 12, ofs_x: 0, ofs_y: 0 }, // U+0126 'Ħ'
    twine_text::GlyphDsc { bitmap_index: 6994, adv_w: 177, box_w: 10, box_h: 12, ofs_x: 0, ofs_y: 0 }, // U+0127 'ħ'
    twine_text::GlyphDsc { bitmap_index: 7032, adv_w: 79, box_w: 5, box_h: 15, ofs_x: 0, ofs_y: 0 }, // U+0128 'Ĩ'
    twine_text::GlyphDsc { bitmap_index: 7048, adv_w: 71, box_w: 6, box_h: 12, ofs_x: -1, ofs_y: 0 }, // U+0129 'ĩ'
    twine_text::GlyphDsc { bitmap_index: 7066, adv_w: 79, box_w: 5, box_h: 14, ofs_x: 0, ofs_y: 0 }, // U+012A 'Ī'
    twine_text::GlyphDsc { bitmap_index: 7079, adv_w: 71, box_w: 5, box_h: 12, ofs_x: 0, ofs_y: 0 }, // U+012B 'ī'
    twine_text::GlyphDsc { bitmap_index: 7093, adv_w: 79, box_w: 7, box_h: 15, ofs_x: -1, ofs_y: 0 }, // U+012C 'Ĭ'
    twine_text::GlyphDsc { bitmap_index: 7113, adv_w: 71, box_w: 5, box_h: 12, ofs_x: 0, ofs_y: 0 }, // U+012D 'ĭ'
    twine_text::GlyphDsc { bitmap_index: 7128, adv_w: 79, box_w: 3, box_h: 16, ofs_x: 1, ofs_y: -4 }, // U+012E 'Į'
    twine_text::GlyphDsc { bitmap_index: 7141, adv_w: 71, box_w: 3, box_h: 17, ofs_x: 1, ofs_y: -4 }, // U+012F 'į'
    twine_text::GlyphDsc { bitmap_index: 7159, adv_w: 79, box_w: 3, box_h: 15, ofs_x: 1, ofs_y: 0 }, // U+0130 'İ'
    twine_text::GlyphDsc { bitmap_index: 7170, adv_w: 71, box_w: 2, box_h: 9, ofs_x: 1, ofs_y: 0 }, // U+0131 'ı'
    twine_text::GlyphDsc { bitmap_index: 7176, adv_w: 184, box_w: 9, box_h: 13, ofs_x: 1, ofs_y: -1 }, // U+0132 'Ĳ'
    twine_text::GlyphDsc { bitmap_index: 7212, adv_w: 144, box_w: 7, box_h: 17, ofs_x: 1, ofs_y: -4 }, // U+0133 'ĳ'
    twine_text::GlyphDsc { bitmap_index: 7247, adv_w: 131, box_w: 8, box_h: 16, ofs_x: -1, ofs_y: -1 }, // U+0134 'Ĵ'
    twine_text::GlyphDsc { bitmap_index: 7291, adv_w: 73, box_w: 7, box_h: 16, ofs_x: -2, ofs_y: -4 }, // U+0135 'ĵ'
    twine_text::GlyphDsc { bitmap_index: 7322, adv_w: 184, box_w: 11, box_h: 17, ofs_x: 1, ofs_y: -5 }, // U+0136 'Ķ'
    twine_text::GlyphDsc { bitmap_index: 7389, adv_w: 157, box_w: 9, box_h: 17, ofs_x: 1, ofs_y: -5 }, // U+0137 'ķ'
    twine_text::GlyphDsc { bitmap_index: 7443, adv_w: 157, box_w: 9, box_h: 9, ofs_x: 1, ofs_y: 0 }, // U+0138 'ĸ'
    twine_text::GlyphDsc { bitmap_index: 7478, adv_w: 152, box_w: 9, box_h: 15, ofs_x: 1, ofs_y: 0 }, // U+0139 'Ĺ'
    twine_text::GlyphDsc { bitmap_index: 7505, adv_w: 71, box_w: 5, box_h: 15, ofs_x: 1, ofs_y: 0 }, // U+013A 'ĺ'
    twine_text::GlyphDsc { bitmap_index: 7519, adv_w: 152, box_w: 9, box_h: 17, ofs_x: 1, ofs_y: -5 }, // U+013B 'Ļ'
    twine_text::GlyphDsc { bitmap_index: 7550, adv_w: 71, box_w: 3, box_h: 17, ofs_x: 1, ofs_y: -5 }, // U+013C 'ļ'
    twine_text::GlyphDsc { bitmap_index: 7564, adv_w: 152, box_w: 9, box_h: 12, ofs_x: 1, ofs_y: 0 }, // U+013D 'Ľ'
    twine_text::GlyphDsc { bitmap_index: 7589, adv_w: 71, box_w: 5, box_h: 13, ofs_x: 1, ofs_y: 0 }, // U+013E 'ľ'
    twine_text::GlyphDsc { bitmap_index: 7604, adv_w: 152, box_w: 9, box_h: 12, ofs_x: 1, ofs_y: 0 }, // U+013F 'Ŀ'
    twine_text::GlyphDsc { bitmap_index: 7632, adv_w: 100, box_w: 6, box_h: 12, ofs_x: 1, ofs_y: 0 }, // U+0140 'ŀ'
    twine_text::GlyphDsc { bitmap_index: 7651, adv_w: 154, box_w: 10, box_h: 12, ofs_x: 0, ofs_y: 0 }, // U+0141 'Ł'
    twine_text::GlyphDsc { bitmap_index: 7688, adv_w: 75, box_w: 6, box_h: 12, ofs_x: -1, ofs_y: 0 }, // U+0142 'ł'
    twine_text::GlyphDsc { bitmap_index: 7713, adv_w: 208, box_w: 11, box_h: 15, ofs_x: 1, ofs_y: 0 }, // U+0143 'Ń'
    twine_text::GlyphDsc { bitmap_index: 7770, adv_w: 174, box_w: 9, box_h: 12, ofs_x: 1, ofs_y: 0 }, // U+0144 'ń'
    twine_text::GlyphDsc { bitmap_index: 7811, adv_w: 208, box_w: 11, box_h: 17, ofs_x: 1, ofs_y: -5 }, // U+0145 'Ņ'
    twine_text::GlyphDsc { bitmap_index: 7873, adv_w: 174, box_w: 9, box_h: 14, ofs_x: 1, ofs_y: -5 }, // U+0146 'ņ'
    twine_text::GlyphDsc { bitmap_index: 7918, adv_w: 208, box_w: 11, box_h: 15, ofs_x: 1, ofs_y: 0 }, // U+0147 'Ň'
    twine_text::GlyphDsc { bitmap_index: 7978, adv_w: 174, box_w: 9, box_h: 12, ofs_x: 1, ofs_y: 0 }, // U+0148 'ň'
    twine_text::GlyphDsc { bitmap_index: 8020, adv_w: 186, box_w: 11, box_h: 12, ofs_x: 0, ofs_y: 0 }, // U+0149 'ŉ'
    twine_text::GlyphDsc { bitmap_index: 8061, adv_w: 208, box_w: 11, box_h: 16, ofs_x: 1, ofs_y: -4 }, // U+014A 'Ŋ'
    twine_text::GlyphDsc { bitmap_index: 8123, adv_w: 174, box_w: 9, box_h: 13, ofs_x: 1, ofs_y: -4 }, // U+014B 'ŋ'
    twine_text::GlyphDsc { bitmap_index: 8168, adv_w: 215, box_w: 13, box_h: 15, ofs_x: 0, ofs_y: -1 }, // U+014C 'Ō'
    twine_text::GlyphDsc { bitmap_index: 8250, adv_w: 163, box_w: 10, box_h: 13, ofs_x: 0, ofs_y: -1 }, // U+014D 'ō'
    twine_text::GlyphDsc { bitmap_index: 8310, adv_w: 215, box_w: 13, box_h: 16, ofs_x: 0, ofs_y: -1 }, // U+014E 'Ŏ'
    twine_text::GlyphDsc { bitmap_index: 8398, adv_w: 163, box_w: 10, box_h: 13, ofs_x: 0, ofs_y: -1 }, // U+014F 'ŏ'
    twine_text::GlyphDsc { bitmap_index: 8460, adv_w: 215, box_w: 13, box_h: 16, ofs_x: 0, ofs_y: -1 }, // U+0150 'Ő'
    twine_text::GlyphDsc { bitmap_index: 8548, adv_w: 163, box_w: 10, box_h: 13, ofs_x: 0, ofs_y: -1 }, // U+0151 'ő'
    twine_text::GlyphDsc { bitmap_index: 8609, adv_w: 288, box_w: 18, box_h: 12, ofs_x: 0, ofs_y: 0 }, // U+0152 'Œ'
    twine_text::GlyphDsc { bitmap_index: 8684, adv_w: 273, box_w: 17, box_h: 10, ofs_x: 0, ofs_y: -1 }, // U+0153 'œ'
    twine_text::GlyphDsc { bitmap_index: 8766, adv_w: 186, box_w: 10, box_h: 15, ofs_x: 1, ofs_y: 0 }, // U+0154 'Ŕ'
    twine_text::GlyphDsc { bitmap_index: 8828, adv_w: 105, box_w: 6, box_h: 12, ofs_x: 1, ofs_y: 0 }, // U+0155 'ŕ'
    twine_text::GlyphDsc { bitmap_index: 8855, adv_w: 186, box_w: 10, box_h: 17, ofs_x: 1, ofs_y: -5 }, // U+0156 'Ŗ'
    twine_text::GlyphDsc { bitmap_index: 8921, adv_w: 105, box_w: 6, box_h: 14, ofs_x: 1, ofs_y: -5 }, // U+0157 'ŗ'
    twine_text::GlyphDsc { bitmap_index: 8952, adv_w: 186, box_w: 10, box_h: 15, ofs_x: 1, ofs_y: 0 }, // U+0158 'Ř'
    twine_text::GlyphDsc { bitmap_index: 9016, adv_w: 105, box_w: 7, box_h: 12, ofs_x: 0, ofs_y: 0 }, // U+0159 'ř'
    twine_text::GlyphDsc { bitmap_index: 9047, adv_w: 159, box_w: 10, box_h: 16, ofs_x: 0, ofs_y: -1 }, // U+015A 'Ś'
    twine_text::GlyphDsc { bitmap_index: 9116, adv_w: 128, box_w: 8, box_h: 13, ofs_x: 0, ofs_y: -1 }, // U+015B 'ś'
    twine_text::GlyphDsc { bitmap_index: 9167, adv_w: 159, box_w: 10, box_h: 16, ofs_x: 0, ofs_y: -1 }, // U+015C 'Ŝ'
    twine_text::GlyphDsc { bitmap_index: 9238, adv_w: 128, box_w: 8, box_h: 13, ofs_x: 0, ofs_y: -1 }, // U+015D 'ŝ'
    twine_text::GlyphDsc { bitmap_index: 9291, adv_w: 159, box_w: 10, box_h: 16, ofs_x: 0, ofs_y: -4 }, // U+015E 'Ş'
    twine_text::GlyphDsc { bitmap_index: 9362, adv_w: 128, box_w: 8, box_h: 13, ofs_x: 0, ofs_y: -4 }, // U+015F 'ş'
    twine_text::GlyphDsc { bitmap_index: 9413, adv_w: 159, box_w: 10, box_h: 16, ofs_x: 0, ofs_y: -1 }, // U+0160 'Š'
    twine_text::GlyphDsc { bitmap_index: 9485, adv_w: 128, box_w: 8, box_h: 13, ofs_x: 0, ofs_y: -1 }, // U+0161 'š'
    twine_text::GlyphDsc { bitmap_index: 9538, adv_w: 150, box_w: 10, box_h: 16, ofs_x: 0, ofs_y: -4 }, // U+0162 'Ţ'
    twine_text::GlyphDsc { bitmap_index: 9572, adv_w: 106, box_w: 7, box_h: 15, ofs_x: 0, ofs_y: -4 }, // U+0163 'ţ'
    twine_text::GlyphDsc { bitmap_index: 9614, adv_w: 150, box_w: 10, box_h: 15, ofs_x: 0, ofs_y: 0 }, // U+0164 'Ť'
    twine_text::GlyphDsc { bitmap_index: 9650, adv_w: 106, box_w: 7, box_h: 14, ofs_x: 0, ofs_y: -1 }, // U+0165 'ť'
    twine_text::GlyphDsc { bitmap_index: 9690, adv_w: 150, box_w: 10, box_h: 12, ofs_x: 0, ofs_y: 0 }, // U+0166 'Ŧ'
    twine_text::GlyphDsc { bitmap_index: 9724, adv_w: 106, box_w: 7, box_h: 12, ofs_x: 0, ofs_y: -1 }, // U+0167 'ŧ'
    twine_text::GlyphDsc { bitmap_index: 9764, adv_w: 202, box_w: 11, box_h: 16, ofs_x: 1, ofs_y: -1 }, // U+0168 'Ũ'
    twine_text::GlyphDsc { bitmap_index: 9822, adv_w: 173, box_w: 9, box_h: 13, ofs_x: 1, ofs_y: -1 }, // U+0169 'ũ'
    twine_text::GlyphDsc { bitmap_index: 9867, adv_w: 202, box_w: 11, box_h: 15, ofs_x: 1, ofs_y: -1 }, // U+016A 'Ū'
    twine_text::GlyphDsc { bitmap_index: 9917, adv_w: 173, box_w: 9, box_h: 13, ofs_x: 1, ofs_y: -1 }, // U+016B 'ū'
    twine_text::GlyphDsc { bitmap_index: 9958, adv_w: 202, box_w: 11, box_h: 16, ofs_x: 1, ofs_y: -1 }, // U+016C 'Ŭ'
    twine_text::GlyphDsc { bitmap_index: 10015, adv_w: 173, box_w: 9, box_h: 13, ofs_x: 1, ofs_y: -1 }, // U+016D 'ŭ'
    twine_text::GlyphDsc { bitmap_index: 10059, adv_w: 202, box_w: 11, box_h: 17, ofs_x: 1, ofs_y: -1 }, // U+016E 'Ů'
    twine_text::GlyphDsc { bitmap_index: 10120, adv_w: 173, box_w: 9, box_h: 14, ofs_x: 1, ofs_y: -1 }, // U+016F 'ů'
    twine_text::GlyphDsc { bitmap_index: 10167, adv_w: 202, box_w: 11, box_h: 16, ofs_x: 1, ofs_y: -1 }, // U+0170 'Ű'
    twine_text::GlyphDsc { bitmap_index: 10223, adv_w: 173, box_w: 9, box_h: 13, ofs_x: 1, ofs_y: -1 }, // U+0171 'ű'
    twine_text::GlyphDsc { bitmap_index: 10267, adv_w: 202, box_w: 11, box_h: 16, ofs_x: 1, ofs_y: -4 }, // U+0172 'Ų'
    twine_text::GlyphDsc { bitmap_index: 10319, adv_w: 173, box_w: 9, box_h: 13, ofs_x: 1, ofs_y: -4 }, // U+0173 'ų'
    twine_text::GlyphDsc { bitmap_index: 10360, adv_w: 288, box_w: 18, box_h: 15, ofs_x: 0, ofs_y: 0 }, // U+0174 'Ŵ'
    twine_text::GlyphDsc { bitmap_index: 10474, adv_w: 230, box_w: 15, box_h: 12, ofs_x: 0, ofs_y: 0 }, // U+0175 'ŵ'
    twine_text::GlyphDsc { bitmap_index: 10555, adv_w: 166, box_w: 11, box_h: 15, ofs_x: 0, ofs_y: 0 }, // U+0176 'Ŷ'
    twine_text::GlyphDsc { bitmap_index: 10613, adv_w: 143, box_w: 10, box_h: 16, ofs_x: -1, ofs_y: -4 }, // U+0177 'ŷ'
    twine_text::GlyphDsc { bitmap_index: 10683, adv_w: 166, box_w: 11, box_h: 14, ofs_x: 0, ofs_y: 0 }, // U+0178 'Ÿ'
    twine_text::GlyphDsc { bitmap_index: 10738, adv_w: 168, box_w: 11, box_h: 15, ofs_x: 0, ofs_y: 0 }, // U+0179 'Ź'
    twine_text::GlyphDsc { bitmap_index: 10798, adv_w: 133, box_w: 8, box_h: 12, ofs_x: 0, ofs_y: 0 }, // U+017A 'ź'
    twine_text::GlyphDsc { bitmap_index: 10841, adv_w: 168, box_w: 11, box_h: 15, ofs_x: 0, ofs_y: 0 }, // U+017B 'Ż'
    twine_text::GlyphDsc { bitmap_index: 10900, adv_w: 133, box_w: 8, box_h: 12, ofs_x: 0, ofs_y: 0 }, // U+017C 'ż'
    twine_text::GlyphDsc { bitmap_index: 10940, adv_w: 168, box_w: 11, box_h: 15, ofs_x: 0, ofs_y: 0 }, // U+017D 'Ž'
    twine_text::GlyphDsc { bitmap_index: 11004, adv_w: 133, box_w: 8, box_h: 12, ofs_x: 0, ofs_y: 0 }, // U+017E 'ž'
    twine_text::GlyphDsc { bitmap_index: 11049, adv_w: 80, box_w: 7, box_h: 12, ofs_x: 0, ofs_y: 0 }, // U+017F 'ſ'
    twine_text::GlyphDsc { bitmap_index: 11070, adv_w: 128, box_w: 8, box_h: 2, ofs_x: 0, ofs_y: 3 }, // U+2013 '–'
    twine_text::GlyphDsc { bitmap_index: 11074, adv_w: 256, box_w: 16, box_h: 2, ofs_x: 0, ofs_y: 3 }, // U+2014 '—'
    twine_text::GlyphDsc { bitmap_index: 11081, adv_w: 58, box_w: 3, box_h: 5, ofs_x: 0, ofs_y: 7 }, // U+2018 '‘'
    twine_text::GlyphDsc { bitmap_index: 11089, adv_w: 58, box_w: 3, box_h: 5, ofs_x: 0, ofs_y: 7 }, // U+2019 '’'
    twine_text::GlyphDsc { bitmap_index: 11097, adv_w: 58, box_w: 3, box_h: 6, ofs_x: 0, ofs_y: -3 }, // U+201A '‚'
    twine_text::GlyphDsc { bitmap_index: 11106, adv_w: 106, box_w: 6, box_h: 5, ofs_x: 0, ofs_y: 7 }, // U+201C '“'
    twine_text::GlyphDsc { bitmap_index: 11122, adv_w: 106, box_w: 6, box_h: 5, ofs_x: 0, ofs_y: 7 }, // U+201D '”'
    twine_text::GlyphDsc { bitmap_index: 11138, adv_w: 106, box_w: 6, box_h: 6, ofs_x: 0, ofs_y: -3 }, // U+201E '„'
    twine_text::GlyphDsc { bitmap_index: 11155, adv_w: 177, box_w: 11, box_h: 4, ofs_x: 0, ofs_y: -1 }, // U+2026 '…'
    twine_text::GlyphDsc { bitmap_index: 11171, adv_w: 204, box_w: 13, box_h: 13, ofs_x: 0, ofs_y: -1 }, // U+20AC '€'
];

#[rustfmt::skip]
static MONTSERRAT_16_LATIN_EXT_UNICODE_LIST_2: [u16; 2] = [
    0x0000, 0x0001,
];

#[rustfmt::skip]
static MONTSERRAT_16_LATIN_EXT_UNICODE_LIST_5: [u16; 2] = [
    0x0000, 0x0086,
];

#[rustfmt::skip]
static MONTSERRAT_16_LATIN_EXT_CMAPS: [twine_text::Cmap; 6] = [
    twine_text::Cmap { range_start: 0xa0, range_length: 13, glyph_id_start: 1, unicode_list: &[], glyph_id_ofs_list: twine_text::GlyphIdOfs::None, kind: twine_text::CmapKind::Format0Tiny },
    twine_text::Cmap { range_start: 0xae, range_length: 210, glyph_id_start: 14, unicode_list: &[], glyph_id_ofs_list: twine_text::GlyphIdOfs::None, kind: twine_text::CmapKind::Format0Tiny },
    twine_text::Cmap { range_start: 0x2013, range_length: 2, glyph_id_start: 224, unicode_list: &MONTSERRAT_16_LATIN_EXT_UNICODE_LIST_2, glyph_id_ofs_list: twine_text::GlyphIdOfs::None, kind: twine_text::CmapKind::SparseTiny },
    twine_text::Cmap { range_start: 0x2018, range_length: 3, glyph_id_start: 226, unicode_list: &[], glyph_id_ofs_list: twine_text::GlyphIdOfs::None, kind: twine_text::CmapKind::Format0Tiny },
    twine_text::Cmap { range_start: 0x201c, range_length: 3, glyph_id_start: 229, unicode_list: &[], glyph_id_ofs_list: twine_text::GlyphIdOfs::None, kind: twine_text::CmapKind::Format0Tiny },
    twine_text::Cmap { range_start: 0x2026, range_length: 135, glyph_id_start: 232, unicode_list: &MONTSERRAT_16_LATIN_EXT_UNICODE_LIST_5, glyph_id_ofs_list: twine_text::GlyphIdOfs::None, kind: twine_text::CmapKind::SparseTiny },
];

static MONTSERRAT_16_LATIN_EXT_DATA: twine_text::BitmapFont = twine_text::BitmapFont {
    bpp: 4,
    bitmap: &MONTSERRAT_16_LATIN_EXT_BITMAP,
    glyphs: &MONTSERRAT_16_LATIN_EXT_GLYPHS,
    cmaps: &MONTSERRAT_16_LATIN_EXT_CMAPS,
    kern: twine_text::Kern::None,
    kern_scale: 16,
    format: twine_text::BitmapFormat::Compressed,
};

/// Montserrat-Medium.ttf at 16 px, 4 bpp, 233 glyphs (line height 21 px).
pub static MONTSERRAT_16_LATIN_EXT: twine_text::Font = twine_text::Font {
    line_height: 21,
    base_line: 5,
    underline_position: -2,
    underline_thickness: 1,
    provider: &MONTSERRAT_16_LATIN_EXT_DATA,
    fallback: None,
    subpx: twine_text::Subpx::None,
};
