// Generated by twine-cli 0.1.0: twine font --ttf assets/fonts/Montserrat-Medium.ttf --size 38 --bpp 4 --range 0x20-0x7F --range 0xB0 --range 0x2022 --symbols fa --compress --name MONTSERRAT_38 --out crates/twine-assets/src/fonts/montserrat_38.rs
// Source: Montserrat-Medium.ttf SHA-256 c888ea70fdceef0d05752266472a940aeb86692a7bdf8f2211380587418ca223
// Symbols: fa-solid-900.ttf SHA-256 f9d6933d04c59a42aca30bd88eec38bb9cbeb69b1547fd550ef73eba0bce7a1a
// Symbols: fa-brands-400.ttf SHA-256 e4e76807a21a2ac963e707ddffb3623283618c04345724b26bdc23d0dafdfde6
// 157 glyphs, line height 47 px, base line 10 px, 4 bpp, compressed bitmaps, 2708 kerning pairs.
// Do not edit: regenerate with the command above.

#[rustfmt::skip]
static MONTSERRAT_38_BITMAP: [u8; 27497] = [
    0x09, 0x9c, 0x40, 0xcd, 0x84, 0x04, 0x03, 0xf8, 0x40, 0xc0, 0x23, 0x00, 0xf8, 0x40, 0x21, 0x00,
    0xf9, 0xc0, 0x02, 0x00, 0x10, 0x01, 0x80, 0x7e, 0x30, 0x00, 0x80, 0x7e, 0x10, 0x03, 0x80, 0x70,
    0x80, 0x3c, 0x03, 0x84, 0x00, 0x60, 0x1f, 0x95, 0x99, 0x80, 0x03, 0x99, 0x28, 0x07, 0xff, 0x08,
    0xa2, 0x06, 0x03, 0xee, 0xec, 0x34, 0x20, 0x0a, 0xd8, 0x03, 0x71, 0xb0, 0x01, 0x18, 0x27, 0x75,
    0x60, 0x59, 0x92, 0x80, 0x4d, 0x32, 0x4c, 0x66, 0x68, 0x05, 0xac, 0xc3, 0x10, 0x0f, 0x08, 0x00,
    0x40, 0x3f, 0xf8, 0x5e, 0x01, 0xe3, 0xf0, 0x0f, 0x18, 0x07, 0x84, 0x03, 0xff, 0x8a, 0x22, 0x00,
    0xf0, 0x80, 0x78, 0xc0, 0x3c, 0xe4, 0xaa, 0x60, 0x0b, 0x55, 0x42, 0x00, 0xf8, 0xe6, 0x48, 0x01,
    0xe4, 0x99, 0x10, 0x07, 0xfc, 0xac, 0xc1, 0x00, 0xf6, 0x33, 0x00, 0x3f, 0xf7, 0x00, 0x18, 0x03,
    0xc4, 0x00, 0x20, 0x0f, 0xf8, 0x80, 0x04, 0x01, 0xe6, 0x01, 0x00, 0xff, 0xcc, 0x02, 0x20, 0x0f,
    0x10, 0x10, 0x07, 0xfe, 0x20, 0x20, 0x0f, 0x08, 0x81, 0x80, 0x3f, 0xe1, 0x10, 0x30, 0x07, 0x8c,
    0x00, 0x40, 0x1e, 0x9b, 0xbd, 0xa0, 0x04, 0xbb, 0xf7, 0x00, 0x16, 0xef, 0x40, 0x12, 0x26, 0x30,
    0x00, 0xa2, 0x78, 0xc0, 0x04, 0x89, 0x88, 0x03, 0xff, 0x9d, 0x7f, 0xf9, 0xc0, 0x19, 0xff, 0xe5,
    0x00, 0x77, 0xfe, 0xa0, 0x0f, 0x10, 0x00, 0x80, 0x3c, 0xc0, 0x22, 0x00, 0xff, 0x98, 0x04, 0x40,
    0x1e, 0x20, 0x20, 0x0f, 0xfc, 0x40, 0x40, 0x1f, 0x08, 0x30, 0x07, 0xfe, 0x10, 0x70, 0x0f, 0x10,
    0x00, 0x80, 0x3f, 0xe2, 0x00, 0x10, 0x07, 0x98, 0x01, 0xc0, 0x1f, 0xf3, 0x00, 0x38, 0x03, 0xc4,
    0x00, 0x20, 0x0f, 0x4c, 0xf7, 0x80, 0x32, 0x67, 0xd4, 0x00, 0xe9, 0x9c, 0x80, 0xcd, 0xc8, 0x00,
    0x46, 0x6f, 0x18, 0x01, 0x59, 0xb1, 0x80, 0x7f, 0xf3, 0xb7, 0x78, 0xc0, 0x77, 0x7e, 0x10, 0x3d,
    0xde, 0x60, 0x22, 0xe1, 0x03, 0x22, 0xf8, 0x41, 0x88, 0xb8, 0x40, 0x3c, 0x40, 0xc0, 0x1e, 0x20,
    0x01, 0x00, 0x7f, 0xc4, 0x00, 0x20, 0x0f, 0x30, 0x03, 0xc0, 0x3f, 0xe6, 0x00, 0x70, 0x07, 0x88,
    0x00, 0x40, 0x1f, 0xf1, 0x00, 0x08, 0x03, 0xdc, 0x00, 0x60, 0x0f, 0xfb, 0x80, 0x0c, 0x01, 0xe1,
    0x00, 0x10, 0x07, 0xc0, 0x00, 0xff, 0x11, 0x04, 0x03, 0xff, 0x8c, 0x7b, 0xa2, 0x00, 0xff, 0xff,
    0x80, 0x78, 0x9e, 0x7c, 0x01, 0xd7, 0x2c, 0x40, 0x1f, 0xc7, 0x7b, 0x0c, 0x60, 0x02, 0x46, 0x9d,
    0xb5, 0x00, 0xf3, 0xe2, 0x00, 0x7f, 0xc9, 0x54, 0x00, 0xcb, 0x00, 0x10, 0xa3, 0x00, 0x1d, 0xc8,
    0x20, 0x11, 0x00, 0x43, 0x60, 0x13, 0x7d, 0xd0, 0x02, 0xe2, 0xfe, 0x4c, 0x28, 0x02, 0x71, 0x00,
    0x2c, 0x88, 0x07, 0xc2, 0xd9, 0x64, 0x01, 0x60, 0x05, 0x00, 0x1f, 0xf9, 0x00, 0x30, 0x80, 0x44,
    0x01, 0xff, 0xc9, 0x20, 0x0f, 0xfe, 0x29, 0x00, 0x50, 0x01, 0xff, 0xc5, 0xa0, 0x09, 0x6c, 0xc0,
    0x3f, 0xf8, 0x66, 0xc0, 0x12, 0x66, 0x28, 0x03, 0xff, 0x85, 0x0a, 0x01, 0x8d, 0x80, 0x10, 0xc4,
    0x01, 0xfc, 0x35, 0x42, 0x00, 0xf2, 0x4e, 0xe3, 0x88, 0x07, 0xe5, 0xdb, 0x72, 0x00, 0xf1, 0xc7,
    0xb0, 0x07, 0xf2, 0x46, 0xd8, 0x00, 0x40, 0x30, 0xcb, 0x80, 0x7f, 0xce, 0x00, 0xab, 0x60, 0x0d,
    0x08, 0x01, 0xff, 0xc1, 0x74, 0x9d, 0x30, 0x0b, 0x80, 0x3f, 0xf8, 0x85, 0xc2, 0x00, 0x40, 0x0f,
    0xfe, 0x29, 0x28, 0x00, 0x40, 0x3f, 0xf8, 0xce, 0x00, 0x10, 0x02, 0x48, 0x80, 0x7f, 0xe2, 0x30,
    0x01, 0x00, 0x3d, 0xb1, 0x80, 0x3f, 0xc3, 0xc0, 0x15, 0x01, 0xa0, 0x14, 0xf4, 0xa9, 0x00, 0x4e,
    0x91, 0xe6, 0x00, 0x37, 0x02, 0x50, 0x08, 0x5a, 0xb7, 0x00, 0x17, 0x67, 0x10, 0x00, 0xf0, 0x80,
    0xd5, 0x0c, 0x03, 0xff, 0x82, 0x9e, 0x40, 0x19, 0x73, 0x0e, 0x60, 0x1f, 0x0b, 0x65, 0x88, 0x07,
    0xc7, 0x19, 0xfb, 0x20, 0x09, 0xee, 0x49, 0x80, 0x7f, 0xf0, 0x49, 0x40, 0x0a, 0x20, 0x1f, 0xff,
    0x11, 0x77, 0x08, 0x07, 0xf0, 0x00, 0x85, 0xef, 0x2e, 0x08, 0x03, 0xff, 0x2c, 0xc8, 0xc0, 0x3c,
    0x9f, 0x08, 0x68, 0xf8, 0xc0, 0x1f, 0xe2, 0xb6, 0x53, 0x00, 0xe2, 0xa1, 0x13, 0x4b, 0x90, 0xca,
    0x00, 0x7f, 0x70, 0x87, 0x00, 0x7a, 0x44, 0x5b, 0x2d, 0x18, 0x41, 0x20, 0x1f, 0x9c, 0xc2, 0x08,
    0x03, 0x89, 0x01, 0x8c, 0x02, 0x18, 0x02, 0x50, 0x0f, 0x1c, 0x02, 0x38, 0x07, 0x90, 0x01, 0x40,
    0x1c, 0xa2, 0x1a, 0x01, 0xef, 0x01, 0x90, 0x0f, 0xb8, 0x00, 0x40, 0x1e, 0x20, 0x20, 0x0e, 0x83,
    0x08, 0x20, 0x0f, 0x84, 0x04, 0x03, 0xe7, 0x01, 0x00, 0xc6, 0xe0, 0x8c, 0x01, 0xf8, 0x40, 0x40,
    0x3e, 0x70, 0x10, 0x08, 0x78, 0x06, 0x80, 0x3f, 0xb4, 0x00, 0x40, 0x1e, 0x20, 0x20, 0x0a, 0x08,
    0x2c, 0x40, 0x3f, 0x9c, 0x01, 0x60, 0x1c, 0xc2, 0x18, 0x00, 0x46, 0x05, 0x50, 0x07, 0xf8, 0x94,
    0x19, 0x40, 0x23, 0xb0, 0x34, 0x01, 0x90, 0x1b, 0x00, 0xff, 0xd6, 0x41, 0x57, 0x15, 0xa4, 0x1e,
    0x00, 0x82, 0x0a, 0x10, 0x08, 0xd0, 0xc0, 0x3c, 0x3e, 0x60, 0x8e, 0xa2, 0x2b, 0x30, 0x56, 0x06,
    0x40, 0x18, 0xec, 0xbc, 0xe7, 0x00, 0xe2, 0xca, 0x65, 0x69, 0xf4, 0x01, 0xb0, 0x28, 0x01, 0xa7,
    0x10, 0x10, 0x18, 0xa0, 0x0f, 0x2c, 0xd4, 0xb0, 0x80, 0x2c, 0x42, 0x44, 0x21, 0x01, 0xfb, 0x9a,
    0xa0, 0xae, 0x01, 0xff, 0x95, 0x40, 0xc8, 0x02, 0xc0, 0xd0, 0x20, 0x54, 0x81, 0x22, 0x01, 0xfe,
    0x2b, 0x02, 0x80, 0x03, 0x80, 0x2c, 0x03, 0xbc, 0x05, 0x00, 0x3f, 0xd2, 0x21, 0xc2, 0x00, 0xf0,
    0x22, 0x00, 0x72, 0x00, 0x34, 0x03, 0xf9, 0x90, 0x1c, 0xc0, 0x23, 0x06, 0x00, 0xf8, 0x80, 0x40,
    0x3f, 0x14, 0x01, 0xc0, 0x07, 0x9c, 0x03, 0xe3, 0x00, 0xff, 0x48, 0x87, 0x80, 0x71, 0x80, 0x80,
    0x7c, 0x20, 0x20, 0x1f, 0x3a, 0x04, 0x18, 0x07, 0x78, 0x11, 0x00, 0x39, 0x00, 0x18, 0x01, 0xe3,
    0x80, 0x37, 0x00, 0xf3, 0x88, 0x40, 0x07, 0x40, 0x0a, 0x00, 0x7b, 0xc0, 0x78, 0x03, 0xe1, 0x60,
    0x59, 0x20, 0x3b, 0x30, 0x80, 0x0f, 0x41, 0x84, 0x10, 0x07, 0xe8, 0x40, 0x6d, 0xfc, 0x40, 0x66,
    0x00, 0x71, 0xb8, 0x23, 0x00, 0x7f, 0xae, 0x04, 0x02, 0x29, 0x90, 0x07, 0x8f, 0xfd, 0x60, 0x1f,
    0xf9, 0xfb, 0x73, 0x74, 0xc0, 0x10, 0x00, 0xf8, 0x9e, 0xb3, 0x17, 0x06, 0x01, 0xff, 0xc4, 0x9d,
    0x85, 0x33, 0x23, 0xe5, 0x08, 0x07, 0xff, 0x06, 0xd8, 0x02, 0x12, 0x00, 0x96, 0x80, 0x3f, 0xf3,
    0x20, 0x01, 0x37, 0xb7, 0x9c, 0x00, 0x8a, 0x01, 0xff, 0x50, 0x00, 0xec, 0x80, 0x03, 0x0a, 0x00,
    0xc0, 0x0f, 0xf8, 0x80, 0x16, 0x01, 0xec, 0x00, 0x10, 0x07, 0xfc, 0x20, 0x01, 0x00, 0xf0, 0x80,
    0x04, 0x03, 0xfe, 0x20, 0x06, 0x00, 0x70, 0xd0, 0x03, 0x40, 0x3f, 0xe5, 0x00, 0x2a, 0x00, 0x43,
    0x44, 0x02, 0xc0, 0x1f, 0xf4, 0x88, 0x02, 0x48, 0x13, 0x10, 0x01, 0x42, 0x01, 0xff, 0x0d, 0x80,
    0x0b, 0xea, 0xc8, 0x06, 0xd0, 0x03, 0xff, 0x82, 0xb0, 0x00, 0x25, 0x00, 0x26, 0x20, 0x07, 0xff,
    0x0c, 0x40, 0x39, 0xec, 0x80, 0x3f, 0xf8, 0x45, 0x72, 0x01, 0xca, 0x20, 0x1f, 0xfc, 0x24, 0xc4,
    0x00, 0x2b, 0x00, 0x0b, 0x04, 0x03, 0x98, 0xc0, 0x39, 0x2c, 0x40, 0x6a, 0x92, 0xe0, 0x02, 0xc1,
    0x00, 0xd1, 0x9c, 0x40, 0x02, 0xa0, 0x01, 0x62, 0x80, 0x21, 0xc0, 0x05, 0x82, 0x00, 0x41, 0x00,
    0x10, 0x02, 0x04, 0x01, 0xe4, 0x01, 0xa1, 0xc0, 0x05, 0x82, 0x1a, 0x00, 0x40, 0x00, 0xa8, 0x01,
    0x88, 0x03, 0xd0, 0xe0, 0x02, 0xc3, 0x70, 0x07, 0x80, 0x08, 0x02, 0xf0, 0x0f, 0xd0, 0xe0, 0x02,
    0xc1, 0x01, 0x50, 0x03, 0x80, 0x7f, 0xf0, 0x61, 0xc0, 0x3a, 0x40, 0x26, 0x00, 0xb0, 0x03, 0xfd,
    0x0c, 0x01, 0x94, 0x02, 0x22, 0x00, 0x15, 0x80, 0x3f, 0x91, 0xc0, 0x37, 0x90, 0x05, 0x00, 0x14,
    0xd1, 0x80, 0x72, 0x5d, 0x84, 0x03, 0x17, 0x90, 0x01, 0x58, 0x02, 0x5c, 0xec, 0xbd, 0xfb, 0x40,
    0x00, 0xe4, 0x00, 0x0b, 0xc8, 0x01, 0x30, 0x20, 0x10, 0x9a, 0x10, 0x06, 0x5c, 0x37, 0x80, 0x01,
    0x80, 0x67, 0xf7, 0x30, 0x0f, 0x13, 0xed, 0x10, 0x01, 0xe0, 0x28, 0x80, 0x30, 0xc6, 0x76, 0x5d,
    0xb3, 0xb6, 0x08, 0x03, 0x9f, 0x50, 0x00, 0x59, 0x92, 0xe3, 0x33, 0x44, 0x03, 0xfd, 0xfe, 0x00,
    0xf0, 0x80, 0x61, 0x00, 0xf1, 0x92, 0xa9, 0x80, 0x00, 0xe3, 0x38, 0x80, 0x32, 0x66, 0x42, 0x01,
    0xa0, 0x00, 0x86, 0x01, 0x29, 0x80, 0x3c, 0x03, 0x48, 0x00, 0xd0, 0x02, 0x23, 0x00, 0x50, 0x06,
    0xa0, 0x09, 0xc0, 0x32, 0x80, 0x10, 0x40, 0x22, 0x20, 0x03, 0x00, 0x32, 0x00, 0x48, 0x01, 0xbc,
    0x00, 0x26, 0x01, 0x94, 0x00, 0x40, 0x1c, 0x40, 0x05, 0x00, 0xc2, 0x20, 0x07, 0x00, 0x62, 0x00,
    0x84, 0x03, 0x38, 0x04, 0x60, 0x18, 0x40, 0x21, 0x00, 0xfc, 0xe0, 0x18, 0xc0, 0x3f, 0x18, 0x07,
    0xff, 0x14, 0x40, 0x27, 0x00, 0xce, 0x01, 0x10, 0x06, 0x10, 0x08, 0x40, 0x31, 0x08, 0x03, 0x80,
    0x38, 0x80, 0x04, 0x01, 0xca, 0x00, 0x50, 0x0e, 0xf0, 0x00, 0x90, 0x06, 0x50, 0x09, 0x00, 0x31,
    0x90, 0x03, 0x00, 0x39, 0x00, 0x08, 0x20, 0x1a, 0x80, 0x02, 0x80, 0x18, 0xc8, 0x01, 0xc0, 0x1d,
    0x60, 0x04, 0x20, 0x0c, 0xc4, 0x00, 0xb0, 0x0e, 0x80, 0x03, 0x10, 0x06, 0x5a, 0x99, 0x08, 0x23,
    0x31, 0x00, 0x72, 0x66, 0x44, 0x01, 0x98, 0x80, 0x60, 0x03, 0xac, 0x00, 0xa4, 0x01, 0x9c, 0x40,
    0x16, 0x01, 0x85, 0xc0, 0x0e, 0x20, 0x1a, 0x80, 0x02, 0xe0, 0x18, 0xc8, 0x01, 0x80, 0x1c, 0x80,
    0x04, 0x00, 0xec, 0x00, 0x09, 0x80, 0x67, 0x00, 0x90, 0x03, 0x10, 0x80, 0x38, 0x03, 0x88, 0x00,
    0xa0, 0x1c, 0xc0, 0x02, 0x00, 0xe2, 0x00, 0x08, 0x07, 0x78, 0x04, 0x40, 0x18, 0x40, 0x21, 0x00,
    0xff, 0xe0, 0x98, 0x07, 0xff, 0x14, 0xc0, 0x3f, 0x08, 0x04, 0x20, 0x1b, 0xc0, 0x23, 0x00, 0xc2,
    0x00, 0x11, 0x00, 0x62, 0x00, 0x10, 0x07, 0x28, 0x01, 0x80, 0x30, 0x88, 0x01, 0xa0, 0x19, 0x00,
    0x23, 0x00, 0xda, 0x01, 0x28, 0x06, 0x50, 0x02, 0x08, 0x04, 0x44, 0x00, 0x68, 0x06, 0xa0, 0x09,
    0xc0, 0x32, 0x80, 0x14, 0x40, 0x25, 0x20, 0x04, 0x80, 0x69, 0x00, 0x21, 0x80, 0x4a, 0x60, 0x08,
    0x00, 0xc3, 0x32, 0xb3, 0x00, 0xc0, 0x00, 0xf1, 0x19, 0x00, 0x7f, 0xea, 0xc9, 0x00, 0xff, 0xe5,
    0x23, 0x00, 0x7f, 0x22, 0x80, 0x22, 0x71, 0x00, 0x38, 0xae, 0xe1, 0x10, 0x00, 0xee, 0x84, 0x01,
    0x1a, 0x80, 0x64, 0x39, 0x44, 0x0a, 0xc0, 0x8e, 0x03, 0x1a, 0x60, 0x05, 0xd8, 0x10, 0x0c, 0xde,
    0xe0, 0x1c, 0x5a, 0x20, 0x19, 0x54, 0x01, 0x86, 0x75, 0x40, 0x38, 0xee, 0x88, 0x07, 0xd8, 0x06,
    0x5c, 0x12, 0x88, 0x17, 0x50, 0x50, 0x1b, 0xd8, 0x02, 0x5d, 0x81, 0x24, 0x08, 0xc9, 0x10, 0x0f,
    0x3f, 0xf0, 0x00, 0x8c, 0x03, 0xf8, 0x4c, 0x03, 0xff, 0x88, 0x00, 0xf9, 0x66, 0x4c, 0x01, 0xff,
    0xc2, 0xd6, 0x66, 0x00, 0x7f, 0xff, 0xc0, 0x3f, 0xf9, 0x4b, 0x99, 0xe6, 0x00, 0x26, 0x67, 0x9c,
    0x8c, 0xfc, 0x20, 0x01, 0x33, 0xf7, 0x00, 0x7f, 0xf1, 0x9b, 0x33, 0xca, 0x00, 0x4c, 0xcf, 0x58,
    0x99, 0xf8, 0x80, 0x02, 0x67, 0xe2, 0x00, 0xff, 0xff, 0x80, 0x7f, 0xf2, 0xa3, 0xfd, 0x40, 0x1f,
    0x03, 0xce, 0xa1, 0x0e, 0x31, 0x59, 0x22, 0x00, 0x48, 0x42, 0x01, 0x38, 0x50, 0x80, 0x30, 0x11,
    0x40, 0x0a, 0x00, 0x50, 0x32, 0x03, 0x10, 0xb0, 0x02, 0x00, 0x14, 0x01, 0x80, 0x64, 0x00, 0x26,
    0x90, 0x00, 0x00, 0xff, 0xb7, 0xff, 0xf9, 0x80, 0x3f, 0xf9, 0x5f, 0xbb, 0xfc, 0xe0, 0x03, 0xce,
    0xa1, 0x16, 0x98, 0xac, 0x90, 0x80, 0x48, 0x40, 0x19, 0x86, 0x40, 0x05, 0x00, 0xdd, 0x9a, 0x40,
    0x00, 0xff, 0xe0, 0xd7, 0xfa, 0x40, 0x3f, 0xf0, 0xa8, 0x03, 0x40, 0x3f, 0xf3, 0x80, 0x09, 0x00,
    0x3f, 0xf6, 0x80, 0x14, 0x03, 0xff, 0x12, 0x00, 0x2c, 0x03, 0xff, 0x28, 0x00, 0x8c, 0x03, 0xff,
    0x58, 0x01, 0x40, 0x3f, 0xf1, 0x18, 0x02, 0x80, 0x3f, 0xf5, 0x00, 0x0c, 0x80, 0x3f, 0xf2, 0x80,
    0x2c, 0x03, 0xff, 0x19, 0x00, 0x14, 0x03, 0xff, 0x58, 0x01, 0x08, 0x03, 0xff, 0x28, 0x03, 0x40,
    0x3f, 0xf2, 0x10, 0x01, 0xc0, 0x3f, 0xf6, 0x80, 0x10, 0x40, 0x3f, 0xf3, 0x80, 0x38, 0x03, 0xff,
    0x28, 0x80, 0xa0, 0x07, 0xfe, 0xf0, 0x02, 0x08, 0x07, 0xfc, 0x28, 0x00, 0xf0, 0x0f, 0xfc, 0x82,
    0x02, 0xa0, 0x1f, 0xfb, 0x80, 0x0e, 0x01, 0xff, 0x85, 0x00, 0x1a, 0x01, 0xff, 0x9c, 0x00, 0x48,
    0x01, 0xff, 0xb4, 0x00, 0xa0, 0x1f, 0xf8, 0x90, 0x01, 0x60, 0x1f, 0xf9, 0x40, 0x04, 0x60, 0x1f,
    0xfa, 0xc0, 0x14, 0x01, 0xff, 0x88, 0xc0, 0x0a, 0x01, 0xff, 0xa8, 0x00, 0x64, 0x01, 0xff, 0x94,
    0x01, 0x60, 0x1f, 0xf8, 0xc8, 0x00, 0xa0, 0x1f, 0xfa, 0xc0, 0x08, 0x40, 0x1f, 0xf9, 0x40, 0x1a,
    0x01, 0xff, 0x90, 0x80, 0x0e, 0x01, 0xff, 0xb4, 0x00, 0xa2, 0x01, 0xff, 0x88, 0xcd, 0xe0, 0x1f,
    0xf8, 0x00, 0xf8, 0x5a, 0xb3, 0x75, 0x70, 0x60, 0x1f, 0xfc, 0x18, 0xf9, 0x53, 0x22, 0x23, 0xe5,
    0x90, 0x07, 0xf0, 0xe3, 0x88, 0x07, 0xe4, 0xc5, 0x00, 0xf8, 0x70, 0xc0, 0x22, 0x67, 0x72, 0x00,
    0x43, 0x48, 0x01, 0xeb, 0x20, 0x00, 0xd6, 0xcc, 0x42, 0xf4, 0xc0, 0x2a, 0x20, 0x0c, 0xaa, 0x00,
    0x0e, 0x28, 0x07, 0x16, 0x20, 0x00, 0x60, 0x03, 0x48, 0x05, 0x64, 0x01, 0xfa, 0x84, 0x00, 0xa4,
    0x00, 0x33, 0x00, 0x11, 0x40, 0x3f, 0x86, 0x00, 0x2a, 0x00, 0x58, 0x05, 0xa0, 0x1f, 0xf3, 0x80,
    0x4a, 0x00, 0x40, 0x09, 0xc0, 0x3f, 0xe1, 0x40, 0x01, 0x10, 0x08, 0x00, 0x42, 0x01, 0xff, 0x8c,
    0x02, 0x61, 0x10, 0x01, 0x80, 0x3f, 0xf8, 0x3c, 0x01, 0x11, 0x80, 0x42, 0x01, 0xff, 0xc1, 0x30,
    0x08, 0x40, 0x3f, 0xf8, 0xc2, 0x01, 0x78, 0x07, 0xff, 0x18, 0x40, 0x2f, 0x30, 0x08, 0x40, 0x3f,
    0xf8, 0x26, 0x01, 0x84, 0x02, 0x70, 0x0f, 0xfe, 0x08, 0x80, 0x44, 0x04, 0x00, 0x30, 0x0f, 0xfe,
    0x0e, 0x80, 0x4c, 0x08, 0x01, 0x18, 0x07, 0xfe, 0x70, 0x00, 0x98, 0x60, 0x05, 0x40, 0x1f, 0xf2,
    0x10, 0x01, 0x00, 0x08, 0x20, 0x07, 0x20, 0x0f, 0xf7, 0x80, 0x5e, 0x00, 0x16, 0x00, 0x0c, 0x80,
    0x7f, 0x32, 0x00, 0x09, 0x40, 0x29, 0x20, 0x02, 0x50, 0x80, 0x79, 0xa4, 0x02, 0x90, 0x0c, 0x32,
    0x01, 0x2e, 0x39, 0x91, 0x16, 0xe4, 0x02, 0x64, 0x00, 0xe4, 0xa0, 0x08, 0xa3, 0x37, 0x54, 0x80,
    0x12, 0xc8, 0x07, 0xcb, 0x64, 0x01, 0xfe, 0x8a, 0x00, 0xfe, 0x4d, 0x93, 0x00, 0xe1, 0x6d, 0x70,
    0x0f, 0xfc, 0xd9, 0xd9, 0x76, 0xde, 0x92, 0x00, 0xf0, 0x69, 0x9f, 0xe1, 0xc6, 0x6f, 0xe0, 0x0f,
    0xfd, 0xa8, 0x9c, 0x20, 0x19, 0xee, 0xf9, 0x00, 0x3f, 0xff, 0xe0, 0x1f, 0xff, 0xf0, 0x0f, 0xff,
    0xf8, 0x07, 0xff, 0x24, 0x00, 0xe2, 0x6a, 0xbd, 0xd6, 0x5c, 0x18, 0x07, 0xf1, 0xde, 0xca, 0xa1,
    0x10, 0xd1, 0xf3, 0x06, 0x01, 0xea, 0xc4, 0x00, 0xff, 0x1e, 0x28, 0x04, 0x36, 0xa0, 0x18, 0xd9,
    0xdc, 0xa4, 0x01, 0xa8, 0xc0, 0x06, 0xc0, 0x01, 0x8e, 0xc9, 0x88, 0x56, 0xd0, 0x80, 0x50, 0x00,
    0x2c, 0x32, 0xc7, 0x10, 0x0f, 0x2e, 0x80, 0x48, 0x40, 0x01, 0xdf, 0x20, 0x0f, 0xe3, 0x50, 0x09,
    0x80, 0x21, 0x20, 0x0f, 0xfb, 0x40, 0x21, 0x00, 0xff, 0xe4, 0x08, 0x07, 0xff, 0x13, 0x40, 0x26,
    0x00, 0xff, 0xe1, 0x8a, 0x80, 0x08, 0x80, 0x1f, 0xfc, 0x3b, 0x00, 0xa8, 0x03, 0xff, 0x86, 0xca,
    0x00, 0x27, 0x00, 0xff, 0xe1, 0x2c, 0x80, 0x07, 0x80, 0x3f, 0xf8, 0x4b, 0x40, 0x15, 0x98, 0x07,
    0xff, 0x05, 0x68, 0x02, 0xa5, 0x00, 0xff, 0xe0, 0xb5, 0x00, 0x54, 0xa0, 0x1f, 0xfc, 0x16, 0x90,
    0x0a, 0x94, 0x03, 0xff, 0x82, 0xf2, 0x01, 0x52, 0x80, 0x7f, 0xf0, 0x5e, 0x00, 0x03, 0x6a, 0x01,
    0xff, 0xc1, 0x88, 0x00, 0x06, 0x90, 0x03, 0xff, 0x83, 0x2e, 0x00, 0x1d, 0x40, 0x0f, 0xfe, 0x0c,
    0xb0, 0x00, 0x74, 0xc0, 0x3f, 0xf8, 0x32, 0xc0, 0x14, 0xb2, 0xaf, 0xfc, 0x41, 0x0c, 0x01, 0xa2,
    0xab, 0xff, 0x82, 0x02, 0x01, 0xff, 0xdc, 0x05, 0x99, 0xff, 0xe2, 0x80, 0x58, 0xcd, 0xff, 0xc4,
    0x70, 0x0f, 0xfe, 0x67, 0xa2, 0x7f, 0xe0, 0x0c, 0xc0, 0x13, 0x5d, 0xff, 0xd8, 0x01, 0x24, 0x00,
    0x7f, 0xf0, 0x92, 0x00, 0x05, 0x40, 0x1f, 0xfc, 0x22, 0xa0, 0x00, 0xf8, 0x80, 0x7f, 0xf0, 0x47,
    0x84, 0x01, 0x64, 0x01, 0xff, 0xc2, 0xb3, 0x00, 0x42, 0x80, 0x7f, 0xf0, 0xa1, 0x40, 0x0a, 0xe0,
    0x1f, 0xfc, 0x25, 0x70, 0x01, 0xd8, 0x07, 0xff, 0x08, 0xec, 0x02, 0xb2, 0x00, 0xff, 0xe1, 0x20,
    0x80, 0x51, 0x9d, 0x24, 0x01, 0xff, 0xc6, 0x16, 0xd6, 0x00, 0xff, 0x1b, 0x34, 0x84, 0x01, 0xa5,
    0x80, 0x3f, 0x92, 0x66, 0xbd, 0xc4, 0x00, 0xa4, 0x80, 0x3f, 0xf8, 0x47, 0x66, 0x01, 0x50, 0x07,
    0xff, 0x13, 0x80, 0x25, 0x00, 0xff, 0xe2, 0x10, 0x80, 0x08, 0x03, 0xff, 0x8a, 0x60, 0x1f, 0xfc,
    0x71, 0x20, 0x01, 0x00, 0x16, 0x00, 0x3f, 0xf3, 0x00, 0x4e, 0x00, 0x87, 0xc4, 0x00, 0xfe, 0x58,
    0x00, 0xb8, 0x1c, 0x80, 0xef, 0x65, 0x4c, 0x88, 0x6d, 0x74, 0x01, 0x22, 0x00, 0xc4, 0x02, 0x26,
    0xac, 0xdd, 0x64, 0xa0, 0x04, 0x74, 0x00, 0x4f, 0x61, 0x00, 0xff, 0xcd, 0xa2, 0x01, 0x0c, 0xfc,
    0xa8, 0x80, 0x78, 0x5b, 0x24, 0x40, 0x3c, 0x2d, 0x5d, 0xb9, 0x76, 0xcd, 0xe9, 0x30, 0x0e, 0x00,
    0xff, 0xe0, 0x94, 0xcd, 0x00, 0x1f, 0xfc, 0x7e, 0x66, 0xb4, 0x03, 0xff, 0x8d, 0x26, 0x00, 0x75,
    0x00, 0xff, 0xe2, 0xb3, 0x00, 0x09, 0x00, 0x1f, 0xfc, 0x53, 0x80, 0x01, 0x50, 0x07, 0xff, 0x14,
    0x78, 0x40, 0x1c, 0x20, 0x1f, 0xfc, 0x5a, 0x20, 0x04, 0x98, 0x07, 0xff, 0x16, 0x10, 0x00, 0xac,
    0x01, 0xff, 0xc5, 0x47, 0x00, 0x15, 0x80, 0x7f, 0xf1, 0x4a, 0x80, 0x03, 0xe2, 0x01, 0xff, 0xc4,
    0x1e, 0x10, 0x05, 0x90, 0x07, 0xff, 0x16, 0x0c, 0x00, 0xea, 0x01, 0x9a, 0x65, 0x00, 0x1f, 0xcc,
    0xc0, 0x01, 0xc0, 0x07, 0x63, 0x34, 0x01, 0xf8, 0xe4, 0x00, 0x3c, 0x01, 0xff, 0xc5, 0x1e, 0x00,
    0xa8, 0x80, 0x3f, 0xf8, 0xb4, 0x40, 0x08, 0x40, 0x0f, 0xfe, 0x2c, 0x20, 0x01, 0x5c, 0x03, 0xff,
    0x8a, 0xae, 0x01, 0x3e, 0x67, 0xf2, 0x00, 0x07, 0x33, 0xb4, 0x03, 0x11, 0x9f, 0xf0, 0x80, 0x46,
    0x7c, 0x01, 0xff, 0xcc, 0xc8, 0x8f, 0xfe, 0x11, 0x00, 0x06, 0x23, 0x91, 0xdf, 0xff, 0x84, 0x20,
    0x13, 0xbf, 0x00, 0x7f, 0xff, 0xc0, 0x3f, 0xfc, 0x20, 0x00, 0xd3, 0x3f, 0xfc, 0x30, 0x0e, 0x26,
    0x6f, 0xfe, 0x18, 0x07, 0x08, 0x07, 0xff, 0x21, 0x80, 0x24, 0x4f, 0xfc, 0x01, 0xc6, 0x01, 0x4d,
    0xdf, 0xfc, 0x01, 0xdc, 0x01, 0x10, 0x07, 0xff, 0x10, 0x40, 0x02, 0x01, 0xff, 0xc5, 0x20, 0x01,
    0x00, 0x7f, 0xf1, 0x5c, 0x00, 0xe0, 0x1f, 0xfc, 0x52, 0x00, 0x10, 0x07, 0xff, 0x14, 0x40, 0x02,
    0x01, 0xff, 0xc4, 0x20, 0x09, 0xff, 0xee, 0xe6, 0x53, 0x10, 0x07, 0xc2, 0x01, 0xf0, 0x88, 0xd6,
    0x76, 0x44, 0x03, 0x98, 0x03, 0xff, 0x82, 0xde, 0x60, 0x19, 0xea, 0xbe, 0x98, 0x51, 0x00, 0x87,
    0x48, 0x02, 0x25, 0x5f, 0x99, 0xeb, 0xa4, 0x40, 0x03, 0x00, 0x1f, 0xfc, 0x36, 0xd0, 0x09, 0x44,
    0x03, 0xff, 0x86, 0x6a, 0x01, 0x28, 0x07, 0xff, 0x13, 0x00, 0x22, 0x00, 0xff, 0xec, 0xf8, 0x04,
    0x40, 0x0a, 0x20, 0x0f, 0xf8, 0x9c, 0x02, 0x50, 0x75, 0xc8, 0x10, 0x0f, 0xc3, 0xc2, 0x00, 0x51,
    0x14, 0x80, 0xbf, 0xd3, 0x21, 0x09, 0x24, 0x79, 0x80, 0x06, 0x00, 0x08, 0x01, 0x0a, 0xcd, 0xef,
    0x6d, 0xb8, 0x80, 0x56, 0x40, 0x35, 0x43, 0x00, 0xff, 0xc5, 0x8a, 0x01, 0x97, 0x30, 0xe6, 0x01,
    0xf1, 0xce, 0x18, 0x07, 0xc7, 0x19, 0xdb, 0x97, 0x6c, 0xfc, 0x61, 0x00, 0xc0, 0x00, 0xfc, 0x2d,
    0x39, 0xbb, 0x5c, 0xb0, 0x80, 0x7f, 0x14, 0xf4, 0xb1, 0x91, 0x48, 0xd3, 0xd2, 0x01, 0xf3, 0x63,
    0x00, 0x7f, 0xf1, 0x9e, 0x44, 0x02, 0x37, 0x89, 0x86, 0x40, 0x05, 0x80, 0x72, 0xc0, 0x04, 0x99,
    0x88, 0x76, 0x79, 0xbe, 0xa2, 0x00, 0xc3, 0x60, 0x14, 0x59, 0x80, 0x7c, 0x2a, 0x01, 0xd0, 0x20,
    0x06, 0x70, 0x0f, 0xfe, 0x18, 0xb0, 0x00, 0xa4, 0x03, 0xff, 0x88, 0xe0, 0x15, 0x00, 0x7f, 0xf1,
    0x70, 0x02, 0x50, 0x0f, 0xfe, 0x2b, 0x80, 0x08, 0x80, 0x1c, 0x24, 0x01, 0xfe, 0x20, 0x03, 0x00,
    0x09, 0xf3, 0xfb, 0x7f, 0xa9, 0x40, 0x38, 0x80, 0x21, 0x07, 0xc8, 0x30, 0x0c, 0x2b, 0x58, 0x60,
    0x1f, 0x1c, 0xc0, 0x80, 0x42, 0x01, 0xc7, 0x88, 0x01, 0xe7, 0x60, 0x03, 0x67, 0xf7, 0xec, 0x90,
    0x05, 0x44, 0x06, 0x01, 0x08, 0x0d, 0xc9, 0x80, 0x44, 0xd8, 0x80, 0x01, 0xb0, 0x10, 0x0e, 0xb4,
    0x00, 0xf8, 0x68, 0x80, 0x0c, 0x20, 0x40, 0x11, 0xa8, 0x07, 0xf0, 0xa8, 0x04, 0xa0, 0xe0, 0x12,
    0x80, 0x7f, 0xda, 0x01, 0x08, 0x68, 0x07, 0xff, 0x25, 0x40, 0x25, 0x00, 0xff, 0x88, 0x02, 0x60,
    0x24, 0x00, 0x1a, 0x00, 0x7f, 0xa8, 0x00, 0x24, 0x00, 0x80, 0x0a, 0x88, 0x03, 0xf4, 0x90, 0x01,
    0x84, 0x00, 0x70, 0x00, 0x1c, 0x71, 0x00, 0xcb, 0xac, 0x00, 0x1a, 0x00, 0xce, 0xc0, 0x01, 0x8e,
    0xdc, 0xdf, 0xa2, 0x00, 0x0e, 0x90, 0x07, 0x4c, 0x84, 0x02, 0x23, 0x20, 0x0c, 0x7a, 0x60, 0x1f,
    0x37, 0xb9, 0x80, 0x79, 0x27, 0x0c, 0x03, 0xf8, 0x63, 0x3b, 0x2e, 0xdb, 0xd6, 0xc0, 0x1c, 0x89,
    0x9f, 0xfe, 0x39, 0x2b, 0x37, 0xff, 0x1c, 0x40, 0x3f, 0xf9, 0x82, 0x89, 0xff, 0x80, 0x21, 0x20,
    0x08, 0xae, 0xff, 0xec, 0x00, 0x98, 0x40, 0x3f, 0xf8, 0x74, 0x01, 0x48, 0x07, 0xff, 0x0d, 0x48,
    0x00, 0xc2, 0x01, 0xff, 0xc3, 0x90, 0x0a, 0x80, 0x17, 0x10, 0x90, 0x0f, 0xe4, 0x30, 0x02, 0x18,
    0x01, 0x9d, 0xca, 0x01, 0xfd, 0xc0, 0x17, 0x80, 0x7f, 0xf0, 0xc9, 0x40, 0x04, 0x80, 0x1f, 0xfc,
    0x3b, 0x00, 0xac, 0x03, 0xff, 0x86, 0x2c, 0x00, 0x16, 0x00, 0xff, 0xe1, 0xb0, 0x05, 0x20, 0x1f,
    0xfc, 0x49, 0x00, 0x0b, 0x00, 0x7f, 0xf0, 0xd8, 0x40, 0x0e, 0x20, 0x1f, 0xfc, 0x3b, 0x00, 0xac,
    0x03, 0xff, 0x86, 0x84, 0x00, 0x42, 0x00, 0xff, 0xe1, 0xf8, 0x05, 0xe0, 0x1f, 0xfc, 0x33, 0x40,
    0x01, 0xa0, 0x07, 0xff, 0x0e, 0x40, 0x29, 0x00, 0xff, 0xe1, 0x92, 0x80, 0x09, 0x40, 0x3f, 0xf8,
    0x74, 0x01, 0x50, 0x07, 0xff, 0x0c, 0x58, 0x00, 0x2c, 0x01, 0xff, 0xc3, 0x61, 0x00, 0x38, 0x80,
    0x7f, 0xf0, 0xe8, 0x02, 0xb0, 0x0f, 0xfe, 0x1a, 0x90, 0x01, 0x48, 0x03, 0xfc, 0x00, 0xf1, 0x35,
    0x5e, 0xeb, 0x2e, 0x10, 0x03, 0xfc, 0x55, 0xb2, 0xa8, 0x44, 0x34, 0x7b, 0xd5, 0x00, 0xf9, 0x31,
    0x40, 0x3f, 0xc5, 0x54, 0x00, 0xe3, 0xa1, 0x00, 0x9a, 0x6f, 0x2a, 0x08, 0x02, 0x59, 0x00, 0xd0,
    0x20, 0x03, 0xe9, 0x64, 0x35, 0x7d, 0x90, 0x09, 0x8c, 0x00, 0x48, 0x00, 0x2d, 0x10, 0x0f, 0x9a,
    0x00, 0x2a, 0x00, 0x30, 0x04, 0x82, 0x01, 0xfc, 0xc0, 0x11, 0x00, 0x04, 0x02, 0xe0, 0x0f, 0xf0,
    0x88, 0x00, 0xe0, 0x06, 0x00, 0xb8, 0x03, 0xfc, 0x42, 0x00, 0x60, 0x01, 0x08, 0x01, 0xc8, 0x03,
    0xfa, 0x80, 0x2d, 0x00, 0x0b, 0x00, 0x07, 0x88, 0x03, 0xe7, 0x70, 0x00, 0x58, 0x02, 0x84, 0x00,
    0x1e, 0xd3, 0xaa, 0x9a, 0x3a, 0x00, 0x03, 0xa2, 0x01, 0xa9, 0xc0, 0x25, 0x8a, 0xa4, 0xb8, 0x80,
    0x0f, 0x4c, 0x03, 0xe1, 0x00, 0xff, 0x9c, 0x03, 0xc5, 0x8e, 0x20, 0x01, 0x45, 0x65, 0x20, 0x09,
    0x31, 0xc0, 0x22, 0xc2, 0x00, 0x25, 0xf5, 0xd4, 0xd6, 0xe9, 0xc4, 0x01, 0x0e, 0x00, 0xb1, 0x00,
    0x35, 0xa0, 0x07, 0x8a, 0x34, 0x40, 0x12, 0x22, 0x60, 0x01, 0x48, 0x07, 0xf8, 0xe4, 0x00, 0x2c,
    0x40, 0x12, 0x00, 0x7f, 0xe5, 0x00, 0xb5, 0xc0, 0x2e, 0x00, 0xff, 0xc4, 0x01, 0x0b, 0x80, 0x5c,
    0x01, 0xff, 0x88, 0x02, 0x12, 0x00, 0x9c, 0x40, 0x3f, 0xea, 0x00, 0xb4, 0x54, 0x00, 0x34, 0x20,
    0x1f, 0xca, 0xe0, 0x12, 0x84, 0x08, 0x01, 0x31, 0x84, 0x03, 0x92, 0xa8, 0x01, 0x39, 0x01, 0x50,
    0x80, 0x0a, 0x7b, 0x73, 0x1b, 0xf6, 0xa0, 0x12, 0xc0, 0x04, 0x9a, 0x60, 0x18, 0x8c, 0xc4, 0x01,
    0x86, 0x28, 0x03, 0x8f, 0x2d, 0x44, 0x03, 0xc2, 0x91, 0xee, 0x01, 0xf9, 0x2b, 0xb9, 0x97, 0x6c,
    0xde, 0xb7, 0x10, 0x0c, 0x00, 0xe2, 0x7b, 0xcd, 0xcb, 0x84, 0x00, 0xff, 0x15, 0xec, 0x21, 0x91,
    0xa3, 0xde, 0xa8, 0x07, 0xcb, 0xa8, 0x01, 0xfc, 0x55, 0x20, 0x1c, 0x94, 0x01, 0x0b, 0xd6, 0x62,
    0x54, 0x02, 0x69, 0x00, 0xd2, 0x01, 0x3f, 0xc2, 0x99, 0x9a, 0xb4, 0x80, 0x0c, 0xa0, 0x05, 0x20,
    0x03, 0x40, 0x80, 0x78, 0xbc, 0x40, 0x16, 0x21, 0xe0, 0x14, 0x00, 0x7f, 0x14, 0x80, 0x05, 0xc1,
    0x80, 0x06, 0x20, 0x1f, 0xe4, 0x00, 0xa8, 0x08, 0x03, 0xff, 0x84, 0x40, 0x11, 0x89, 0x00, 0x04,
    0x03, 0xfe, 0x20, 0x0c, 0xac, 0x00, 0x23, 0x00, 0xff, 0x50, 0x06, 0x3f, 0x00, 0xbc, 0x40, 0x3f,
    0x2b, 0x00, 0x6f, 0x52, 0x00, 0x1e, 0x98, 0x07, 0x0c, 0x50, 0x07, 0x08, 0x70, 0x80, 0x0f, 0x36,
    0x62, 0x6f, 0xdc, 0x00, 0xc0, 0x1c, 0x74, 0x40, 0x11, 0x33, 0xb2, 0x08, 0x02, 0x28, 0x03, 0xc9,
    0x8e, 0x20, 0x1f, 0x2e, 0xbb, 0x80, 0x21, 0x00, 0x86, 0x3a, 0xe6, 0x1e, 0x6f, 0xa8, 0x80, 0x80,
    0x2e, 0x00, 0xf2, 0x33, 0xc3, 0x20, 0x80, 0x5e, 0x01, 0x28, 0x07, 0xff, 0x11, 0x00, 0x02, 0x60,
    0x1f, 0xfc, 0x34, 0x20, 0x02, 0x00, 0x7f, 0xf1, 0x20, 0x02, 0xe0, 0x0f, 0xfe, 0x1c, 0x98, 0x01,
    0x10, 0x01, 0xff, 0xc1, 0x1a, 0x60, 0x00, 0xc8, 0x06, 0x7d, 0x73, 0x20, 0x00, 0xa4, 0xfa, 0x80,
    0x56, 0x40, 0x10, 0xc9, 0x46, 0x6f, 0xfb, 0xad, 0x84, 0x00, 0x34, 0xa0, 0x19, 0x04, 0x03, 0xfe,
    0x4c, 0x50, 0x0e, 0x5b, 0x51, 0x00, 0xf1, 0x36, 0x59, 0x00, 0x7c, 0x95, 0xdc, 0xcb, 0xb6, 0x76,
    0xc9, 0x80, 0x7c, 0x00, 0x12, 0x08, 0x02, 0x36, 0xfc, 0xc9, 0xc0, 0x03, 0x22, 0x01, 0x98, 0xc8,
    0x02, 0xb0, 0xf5, 0x37, 0x70, 0x15, 0x64, 0x00, 0x7f, 0xfb, 0x0f, 0x3a, 0x84, 0x5a, 0x62, 0xb2,
    0x42, 0x01, 0x21, 0x00, 0x66, 0x19, 0x00, 0x14, 0x03, 0x76, 0x69, 0x00, 0x00, 0x12, 0x08, 0x02,
    0x36, 0xfc, 0xc9, 0xc0, 0x03, 0x22, 0x01, 0x98, 0xc8, 0x02, 0xb0, 0xf5, 0x37, 0x70, 0x15, 0x64,
    0x00, 0x7f, 0xfb, 0x0f, 0x3a, 0x84, 0x38, 0xc5, 0x64, 0x88, 0x01, 0x21, 0x08, 0x04, 0xe1, 0x42,
    0x00, 0xc0, 0x45, 0x00, 0x28, 0x01, 0x40, 0xc8, 0x0c, 0x42, 0xc0, 0x08, 0x00, 0x50, 0x06, 0x01,
    0x90, 0x00, 0x9a, 0x40, 0x00, 0x00, 0xff, 0xe2, 0x22, 0x80, 0x7f, 0xf0, 0x45, 0xf6, 0xf0, 0x03,
    0xfe, 0x4a, 0xe8, 0x20, 0x0f, 0xf0, 0xbe, 0xda, 0x80, 0x45, 0x80, 0x1e, 0x4a, 0xe8, 0x20, 0x09,
    0x6f, 0x54, 0x02, 0x27, 0xdb, 0x50, 0x08, 0xe3, 0xa9, 0x00, 0x25, 0xbd, 0x82, 0x00, 0x0b, 0x66,
    0x1c, 0x40, 0x33, 0xd2, 0x00, 0x49, 0x5f, 0x26, 0x01, 0xff, 0x36, 0xda, 0x88, 0x07, 0xff, 0x05,
    0xa5, 0x40, 0x3f, 0xe4, 0x40, 0x04, 0x95, 0xd2, 0x60, 0x1f, 0x8e, 0xf5, 0xc8, 0x00, 0x2d, 0x98,
    0x61, 0x00, 0xf8, 0xa3, 0x6d, 0x40, 0x23, 0x9e, 0xa4, 0x00, 0xfc, 0x95, 0xd0, 0x40, 0x12, 0xde,
    0xc1, 0x00, 0x7c, 0x2f, 0xb6, 0xa0, 0x11, 0x3d, 0x80, 0x7f, 0x92, 0xba, 0x08, 0x03, 0xff, 0x86,
    0x2f, 0xb6, 0xa2, 0x01, 0xff, 0xc3, 0x4a, 0x80, 0x25, 0x5f, 0xfe, 0x21, 0xad, 0x57, 0xff, 0x14,
    0x03, 0xff, 0x8c, 0x4a, 0xbf, 0xfc, 0x4f, 0x5a, 0xaf, 0xfe, 0x23, 0x00, 0x7f, 0xff, 0x09, 0x13,
    0xff, 0x88, 0x6b, 0x77, 0xff, 0xc4, 0xa0, 0x0f, 0xfe, 0x31, 0x22, 0x7f, 0xf1, 0x3c, 0x44, 0x00,
    0x7f, 0xf1, 0x0e, 0xf5, 0xc8, 0x03, 0xff, 0x86, 0x51, 0xb6, 0xa0, 0x1f, 0xf1, 0x90, 0x04, 0x95,
    0xb0, 0x40, 0x1f, 0x93, 0x6d, 0x84, 0x00, 0x4f, 0xb6, 0xa0, 0x1f, 0x92, 0x7e, 0x4c, 0x02, 0x4a,
    0xe8, 0x20, 0x0f, 0x85, 0xb3, 0x5c, 0x40, 0x02, 0xfb, 0x6a, 0x01, 0xf8, 0xa3, 0xa9, 0x40, 0x24,
    0xa8, 0x00, 0xff, 0x2d, 0x73, 0x80, 0x42, 0x01, 0xff, 0x25, 0xb8, 0x07, 0xfe, 0x28, 0xeb, 0x50,
    0x09, 0x34, 0x03, 0x85, 0xaf, 0x5c, 0x40, 0x02, 0xfb, 0x68, 0x01, 0x1c, 0xfc, 0xa0, 0x04, 0x95,
    0xd0, 0x40, 0x01, 0x7d, 0xc6, 0x10, 0x00, 0xbe, 0xda, 0x80, 0x73, 0x41, 0x00, 0x49, 0x5d, 0x04,
    0x01, 0xfe, 0x28, 0xdb, 0x50, 0x0f, 0xf9, 0x6f, 0x5c, 0x80, 0x3f, 0xf3, 0xd2, 0x00, 0x7f, 0xf0,
    0xc0, 0x00, 0xe3, 0x7a, 0xcd, 0xd6, 0x5c, 0x18, 0x07, 0xe4, 0xcc, 0x42, 0x99, 0x10, 0xd1, 0xf3,
    0x08, 0x01, 0x86, 0xac, 0xc0, 0x3f, 0xc7, 0x6c, 0x00, 0x1a, 0x50, 0x08, 0x5a, 0x2a, 0x5c, 0xc0,
    0x34, 0x98, 0x22, 0x00, 0x03, 0x3d, 0x2e, 0xad, 0x19, 0x62, 0x01, 0x40, 0x2e, 0x11, 0x3d, 0x80,
    0x3e, 0x4a, 0x00, 0x90, 0x40, 0xf3, 0x02, 0x01, 0xfc, 0x84, 0x01, 0x18, 0x00, 0x44, 0x01, 0xff,
    0x38, 0x07, 0xff, 0x1d, 0x80, 0x22, 0x00, 0xff, 0xe1, 0x19, 0x80, 0x08, 0x01, 0xff, 0xc2, 0x2e,
    0x00, 0xa0, 0x03, 0xff, 0x82, 0x5e, 0x40, 0x07, 0x30, 0x0f, 0xfc, 0x5e, 0x40, 0x06, 0x80, 0x0f,
    0xfc, 0x78, 0x40, 0x07, 0x90, 0x0f, 0xfc, 0x3c, 0x20, 0x07, 0x80, 0x0f, 0xfe, 0x0c, 0x10, 0x01,
    0x60, 0x03, 0xff, 0x82, 0x2e, 0x00, 0x1b, 0x00, 0xff, 0xe1, 0x10, 0x80, 0x1c, 0x40, 0x3f, 0xf8,
    0x6c, 0xd6, 0x00, 0x7f, 0xf0, 0xce, 0x66, 0x50, 0x0f, 0xff, 0x62, 0xcb, 0x00, 0x7f, 0xf1, 0x1e,
    0x9a, 0x64, 0x01, 0xff, 0xc3, 0xb0, 0x09, 0x80, 0x3f, 0xf8, 0x6e, 0x01, 0x10, 0x07, 0xff, 0x0e,
    0x04, 0x06, 0x00, 0x3f, 0xf8, 0x67, 0xd9, 0xea, 0x01, 0xf0, 0x00, 0xff, 0xe0, 0x9b, 0xcd, 0xe6,
    0xeb, 0x2a, 0x14, 0x80, 0x3f, 0xf9, 0x45, 0x3d, 0x90, 0xc8, 0x64, 0x43, 0x57, 0xad, 0xc6, 0x10,
    0x0f, 0xfe, 0x29, 0x56, 0xb0, 0x80, 0x04, 0xd1, 0x54, 0x84, 0x01, 0x1c, 0xfb, 0x00, 0x7f, 0xf0,
    0xdb, 0x14, 0x00, 0x93, 0xbd, 0x97, 0x54, 0xbd, 0xfb, 0x72, 0x01, 0x9c, 0x20, 0x0f, 0xfd, 0x32,
    0x10, 0x4c, 0xb6, 0x20, 0x0f, 0xc9, 0x1b, 0x44, 0x07, 0x88, 0x01, 0xfe, 0xa6, 0x01, 0x9b, 0x30,
    0x0f, 0xfe, 0x12, 0xe3, 0x00, 0xd2, 0x00, 0x7e, 0x85, 0x01, 0xd6, 0x00, 0xff, 0xe2, 0x8c, 0xc8,
    0x06, 0x88, 0x03, 0xca, 0xe0, 0x3a, 0x60, 0x1f, 0x09, 0x98, 0x40, 0x38, 0x46, 0x06, 0x90, 0x1e,
    0x00, 0xe1, 0x80, 0x05, 0x98, 0x07, 0x14, 0x77, 0x33, 0x1d, 0xb0, 0x40, 0x5d, 0xd1, 0x83, 0x28,
    0x1b, 0x00, 0x66, 0x20, 0x55, 0x00, 0x73, 0xeb, 0x88, 0x06, 0x27, 0xc6, 0x00, 0xfa, 0xc4, 0x2c,
    0x03, 0x50, 0x02, 0x00, 0x3a, 0xa0, 0x02, 0x13, 0x43, 0x10, 0x19, 0xa0, 0x0f, 0x0c, 0x81, 0x28,
    0x01, 0x08, 0x14, 0x80, 0x33, 0xa8, 0x00, 0xab, 0xb2, 0xf3, 0xe4, 0x41, 0xc0, 0x3e, 0x60, 0x07,
    0x80, 0x30, 0x01, 0xe0, 0x18, 0xe0, 0x00, 0x78, 0xa0, 0x18, 0x5b, 0x08, 0x03, 0xf0, 0xa0, 0x20,
    0x01, 0x00, 0x08, 0x01, 0xa8, 0x00, 0x3c, 0x20, 0x1f, 0x17, 0x00, 0x7f, 0x60, 0x09, 0x81, 0x01,
    0x08, 0x06, 0x70, 0x03, 0x10, 0x07, 0xf1, 0xa8, 0x07, 0xe3, 0x00, 0x30, 0x88, 0x18, 0x03, 0x10,
    0x80, 0x2c, 0x03, 0xfe, 0xe0, 0x0f, 0xce, 0x00, 0x33, 0x00, 0x04, 0x03, 0x30, 0x04, 0x40, 0x1f,
    0xf3, 0x00, 0x7e, 0x10, 0x00, 0x80, 0x46, 0x01, 0x84, 0x02, 0x10, 0x0f, 0xf8, 0xc0, 0x3f, 0xf8,
    0x66, 0x01, 0x84, 0x02, 0x10, 0x0f, 0xf8, 0xc0, 0x3f, 0x30, 0x00, 0x4c, 0x00, 0x20, 0x19, 0x80,
    0x25, 0x00, 0xff, 0x9c, 0x03, 0xf0, 0x80, 0x08, 0x44, 0x0a, 0x01, 0x88, 0x40, 0x1a, 0x01, 0xff,
    0x78, 0x07, 0xe2, 0x00, 0x30, 0x28, 0x09, 0x00, 0x66, 0x00, 0x31, 0x00, 0x7f, 0x1a, 0x80, 0x7e,
    0xb0, 0x12, 0x0c, 0x00, 0x20, 0x06, 0xa0, 0x0b, 0xc8, 0x03, 0xe2, 0xe0, 0x0c, 0xe0, 0x11, 0x98,
    0x1c, 0x00, 0x80, 0x0d, 0x00, 0xc5, 0x20, 0x02, 0xc6, 0x10, 0x08, 0x5f, 0x08, 0x04, 0x01, 0xe0,
    0x01, 0xe0, 0x05, 0x00, 0x0c, 0xc0, 0x86, 0x01, 0x99, 0x80, 0x01, 0x9e, 0xcb, 0xde, 0x81, 0x09,
    0x60, 0x02, 0x6d, 0xf1, 0x02, 0x98, 0x05, 0x20, 0x0f, 0x00, 0xe9, 0x80, 0x0c, 0x68, 0x40, 0x01,
    0x96, 0xa2, 0x00, 0x12, 0x00, 0x0e, 0xc0, 0x32, 0x98, 0x1b, 0x80, 0x73, 0xeb, 0x88, 0x06, 0x27,
    0xc6, 0x02, 0xf4, 0x00, 0x85, 0xf0, 0x40, 0x3b, 0xc0, 0x10, 0xa0, 0x1c, 0x51, 0xdc, 0xcc, 0x76,
    0xc1, 0x00, 0x45, 0x7d, 0x9b, 0xd0, 0x01, 0xf1, 0xc8, 0x02, 0x94, 0x03, 0xe1, 0x33, 0x08, 0x07,
    0xe1, 0x32, 0x00, 0xff, 0x33, 0x80, 0x2a, 0x04, 0x03, 0xff, 0xa7, 0x10, 0x00, 0x3e, 0x30, 0x07,
    0xff, 0x05, 0x40, 0x3f, 0xf8, 0xaf, 0x64, 0x05, 0x3d, 0x2a, 0x40, 0x1c, 0x4b, 0x3d, 0x48, 0x01,
    0xff, 0xc5, 0x4c, 0x71, 0x01, 0x6a, 0xdf, 0xed, 0xef, 0xda, 0x61, 0x0d, 0x00, 0xff, 0xe3, 0x0c,
    0x7c, 0x98, 0x06, 0x12, 0x10, 0x0c, 0x71, 0x00, 0x0f, 0xfe, 0x40, 0xb6, 0x75, 0xc3, 0x31, 0x59,
    0x91, 0x7d, 0x8e, 0x20, 0x1f, 0xe0, 0x00, 0xff, 0x86, 0x66, 0x80, 0x0f, 0xfe, 0x5b, 0x36, 0x74,
    0x00, 0xff, 0xe5, 0x48, 0x06, 0xf0, 0x0f, 0xfe, 0x4b, 0x08, 0x06, 0x43, 0x00, 0xff, 0xe4, 0x58,
    0x00, 0xc4, 0x01, 0x40, 0x1f, 0xfc, 0x75, 0x20, 0x04, 0xb8, 0x01, 0x88, 0x03, 0xff, 0x8d, 0xc0,
    0x02, 0x5b, 0x00, 0xa8, 0x03, 0xff, 0x8a, 0x68, 0x00, 0xa0, 0x24, 0x00, 0x30, 0x80, 0x7f, 0xf1,
    0x24, 0x00, 0x2c, 0x00, 0xf0, 0x00, 0xb0, 0x07, 0xff, 0x0c, 0x94, 0x00, 0xe2, 0x00, 0x43, 0x00,
    0x50, 0x07, 0xff, 0x0e, 0x80, 0x2b, 0x00, 0xd4, 0x00, 0x25, 0x00, 0xff, 0xe0, 0x8b, 0x00, 0x14,
    0x80, 0x33, 0x08, 0x02, 0x40, 0x3f, 0xf8, 0x2c, 0x20, 0x0e, 0x00, 0xf3, 0x00, 0x0d, 0x00, 0x3f,
    0xf4, 0x80, 0x0d, 0x00, 0x3d, 0x20, 0x17, 0x80, 0x7f, 0xcc, 0x20, 0x0a, 0x00, 0xf8, 0x58, 0x00,
    0x86, 0x01, 0xfe, 0xa0, 0x00, 0xb0, 0x07, 0xea, 0x00, 0xa8, 0x03, 0xf9, 0x0c, 0x01, 0x20, 0x1f,
    0xc6, 0x80, 0x06, 0x20, 0x0f, 0xde, 0x01, 0x65, 0x57, 0xf9, 0x80, 0x2a, 0x00, 0xf8, 0xd0, 0x02,
    0x45, 0x5f, 0xf1, 0x00, 0x4c, 0x20, 0x1e, 0x90, 0x0f, 0xfe, 0x38, 0xb0, 0x07, 0x12, 0x80, 0x0e,
    0xab, 0xff, 0x84, 0x20, 0x0a, 0x00, 0xea, 0x00, 0xa1, 0x57, 0xff, 0x84, 0xc0, 0x02, 0x50, 0x08,
    0x58, 0x00, 0x48, 0x01, 0xff, 0xc2, 0xa0, 0x0a, 0x40, 0x26, 0x10, 0x05, 0x80, 0x7f, 0xf0, 0xc9,
    0x40, 0x06, 0x80, 0x0a, 0x00, 0x0b, 0x80, 0x7f, 0xf1, 0x38, 0x02, 0xf0, 0x52, 0x00, 0x30, 0x80,
    0x7f, 0xf1, 0x10, 0xc0, 0x08, 0x72, 0x01, 0x50, 0x07, 0xff, 0x1a, 0x40, 0x2a, 0x09, 0x9f, 0xfe,
    0x0c, 0x31, 0x80, 0x7e, 0x66, 0xff, 0xe0, 0xbc, 0xe7, 0x48, 0x80, 0x7f, 0xf2, 0x45, 0xbd, 0x00,
    0x3e, 0x28, 0x8f, 0xcc, 0xa4, 0x01, 0x0d, 0xa0, 0x07, 0x85, 0xdf, 0xf4, 0xd6, 0xd1, 0x00, 0x52,
    0x01, 0xff, 0xc6, 0x5f, 0x10, 0x01, 0x18, 0x07, 0xff, 0x18, 0x9c, 0x02, 0x50, 0x0f, 0xfe, 0x3f,
    0x80, 0x7f, 0xf2, 0xf8, 0x02, 0x30, 0x0f, 0xfe, 0x3a, 0x00, 0x4e, 0x01, 0xff, 0xc6, 0x83, 0x00,
    0x29, 0x00, 0x7f, 0xf0, 0x88, 0xdb, 0x5c, 0x00, 0x56, 0x01, 0xe3, 0xff, 0xfd, 0xb9, 0x24, 0x00,
    0x3f, 0x10, 0x0f, 0xfe, 0x4a, 0x18, 0x07, 0xff, 0x29, 0xf9, 0x80, 0x3c, 0x7d, 0xdf, 0xdb, 0x72,
    0x60, 0x14, 0xb0, 0x07, 0x84, 0x7f, 0x89, 0x1b, 0x2c, 0x40, 0x10, 0x20, 0x1f, 0xfc, 0x64, 0x90,
    0x00, 0xc8, 0x07, 0xff, 0x1d, 0x80, 0x22, 0x00, 0xff, 0xe3, 0x88, 0x04, 0xc0, 0x1f, 0xfc, 0x71,
    0x00, 0xff, 0xe5, 0xb0, 0x04, 0xc0, 0x1f, 0xfc, 0x64, 0x90, 0x0b, 0xc0, 0x38, 0x47, 0xf8, 0xd1,
    0xb2, 0xc4, 0x00, 0x6a, 0x01, 0x8f, 0xbb, 0xfb, 0x2e, 0x4c, 0x02, 0x2e, 0x00, 0xff, 0xe4, 0xb6,
    0x10, 0x07, 0xff, 0x0c, 0x44, 0x6b, 0x3d, 0x22, 0x00, 0x00, 0xff, 0x1c, 0x56, 0x6e, 0xae, 0x9c,
    0xc0, 0x3f, 0xf0, 0xbf, 0x63, 0xa9, 0x91, 0x11, 0x63, 0x35, 0x80, 0x3f, 0x97, 0xe0, 0x40, 0x3f,
    0xc5, 0x38, 0x60, 0x1e, 0x8a, 0x10, 0x0c, 0x6c, 0xee, 0x63, 0x00, 0xc7, 0xa8, 0x01, 0xa5, 0xc0,
    0x21, 0x8e, 0xc9, 0x88, 0x4e, 0x74, 0x08, 0x00, 0x78, 0x02, 0x76, 0x00, 0x93, 0xdc, 0x40, 0x3c,
    0x2f, 0xe8, 0x0b, 0x40, 0x02, 0x80, 0x09, 0xec, 0x40, 0x3f, 0xc3, 0x73, 0x40, 0x14, 0x00, 0x49,
    0x00, 0x1f, 0xfc, 0x26, 0x00, 0x8d, 0x40, 0x03, 0x40, 0x1f, 0xfc, 0x74, 0x00, 0xa4, 0x40, 0x3f,
    0xf8, 0xf6, 0x01, 0x28, 0x07, 0xff, 0x20, 0xc0, 0x04, 0x40, 0x0f, 0xfe, 0x38, 0x80, 0x4c, 0x01,
    0xff, 0xc8, 0x30, 0x08, 0x40, 0x3f, 0xf9, 0x06, 0x01, 0xff, 0xcc, 0x10, 0x09, 0x80, 0x3f, 0xf9,
    0x24, 0x00, 0x20, 0x0f, 0xfe, 0x4a, 0x00, 0x05, 0x40, 0x3f, 0xf9, 0x18, 0x01, 0x70, 0x07, 0xff,
    0x21, 0x48, 0x00, 0x8c, 0x01, 0xff, 0xc8, 0x80, 0x0a, 0x4c, 0x03, 0xff, 0x84, 0x20, 0x19, 0x50,
    0x02, 0xd5, 0x00, 0xff, 0xcb, 0xea, 0x01, 0xa8, 0x80, 0x03, 0x52, 0x20, 0x1f, 0x86, 0x68, 0x69,
    0x80, 0x21, 0xf2, 0x00, 0x9b, 0xe9, 0x4c, 0x88, 0x6d, 0x5e, 0xc0, 0x17, 0x80, 0x62, 0xc4, 0x00,
    0x85, 0x6b, 0x37, 0x59, 0x2a, 0x20, 0x14, 0x48, 0x07, 0x0d, 0xc9, 0x00, 0x7f, 0xe4, 0xc7, 0x00,
    0xfc, 0xdb, 0x4c, 0x20, 0x1e, 0x27, 0xbb, 0x18, 0x07, 0xfc, 0xb3, 0xdc, 0xcb, 0xb6, 0xf6, 0xc2,
    0x00, 0x60, 0x09, 0x9f, 0xfd, 0x0e, 0x82, 0x01, 0xff, 0x33, 0x7f, 0xe7, 0x8b, 0xec, 0x71, 0x00,
    0xff, 0xe6, 0x1c, 0x7b, 0x80, 0x7f, 0x85, 0x13, 0xf1, 0x88, 0x06, 0x18, 0xc1, 0x00, 0xfc, 0x57,
    0x7f, 0xb3, 0xb6, 0x08, 0x02, 0x3c, 0x20, 0x0f, 0xfe, 0x31, 0x3e, 0xc0, 0x04, 0x5e, 0x20, 0x1f,
    0xfc, 0x87, 0xc1, 0x00, 0x14, 0x00, 0x7f, 0xf2, 0x4e, 0x80, 0x26, 0x20, 0x0f, 0xfe, 0x4a, 0x38,
    0x05, 0x60, 0x1f, 0xfc, 0xa9, 0x00, 0x9c, 0x03, 0xff, 0x94, 0x2a, 0x00, 0x13, 0x00, 0xff, 0xe5,
    0x68, 0x04, 0xa0, 0x1f, 0xfc, 0xa2, 0x00, 0x84, 0x03, 0xff, 0x94, 0x20, 0x17, 0x80, 0x7f, 0xf9,
    0x48, 0x02, 0xf0, 0x0f, 0xfe, 0x57, 0x80, 0x46, 0x01, 0xff, 0xca, 0x40, 0x09, 0x40, 0x3f, 0xf9,
    0x2a, 0x40, 0x04, 0x10, 0x0f, 0xfe, 0x40, 0xc0, 0x05, 0xc0, 0x1f, 0xfc, 0x9a, 0x20, 0x01, 0xa8,
    0x07, 0xff, 0x1c, 0xb1, 0x00, 0x2f, 0x00, 0xff, 0xe3, 0x0b, 0xe1, 0x80, 0x52, 0x60, 0x1e, 0x15,
    0x5f, 0xcd, 0x17, 0xd0, 0x20, 0x14, 0xb0, 0x07, 0xc5, 0x55, 0xfa, 0x5d, 0x00, 0x31, 0x63, 0x00,
    0x7f, 0xf2, 0x8a, 0x74, 0xc0, 0x3f, 0xf8, 0xc2, 0x4b, 0x19, 0xac, 0x01, 0xf0, 0x09, 0x9f, 0xfe,
    0x33, 0x80, 0x19, 0xbf, 0xf8, 0xd8, 0x01, 0xff, 0xce, 0x14, 0x4f, 0xfe, 0x11, 0x80, 0x71, 0x5d,
    0xff, 0xf0, 0xa0, 0x03, 0xff, 0xfe, 0x01, 0xff, 0xed, 0x22, 0xff, 0xe0, 0x80, 0x7c, 0x7b, 0xbf,
    0xfc, 0x12, 0x00, 0xff, 0xf2, 0x1e, 0xef, 0xff, 0x04, 0x80, 0x3e, 0x22, 0xff, 0xe0, 0x80, 0x7f,
    0xff, 0xc0, 0x3f, 0xfd, 0xc2, 0xab, 0xff, 0xc3, 0x10, 0x0c, 0x55, 0x5f, 0xfc, 0x35, 0x00, 0xff,
    0xef, 0x00, 0x09, 0x9f, 0xfe, 0x33, 0x83, 0x37, 0xff, 0x1b, 0x00, 0x3f, 0xf9, 0x82, 0x89, 0xff,
    0xc2, 0x30, 0x0c, 0x57, 0x7f, 0xfc, 0x28, 0x00, 0xff, 0xff, 0x80, 0x7f, 0xff, 0xc0, 0x3f, 0xf8,
    0x47, 0xff, 0xff, 0xc1, 0x20, 0x0f, 0xff, 0x09, 0x5d, 0xff, 0xf0, 0x48, 0x03, 0x85, 0x13, 0xff,
    0x82, 0x01, 0xff, 0xff, 0x00, 0xff, 0xff, 0x80, 0x7f, 0xf5, 0x00, 0x00, 0xff, 0x1b, 0xd6, 0x6e,
    0xb2, 0xa1, 0x00, 0x3f, 0xf8, 0x22, 0xfd, 0x90, 0xa6, 0x44, 0x35, 0x7b, 0xe8, 0x10, 0x0f, 0xe5,
    0xf8, 0x10, 0x0f, 0xf0, 0xbf, 0xb0, 0x07, 0xd1, 0x42, 0x01, 0x8d, 0x9d, 0xcc, 0x82, 0x01, 0x0c,
    0xc0, 0x07, 0x4b, 0x80, 0x43, 0x1d, 0x93, 0x10, 0x9b, 0xeb, 0x30, 0x09, 0x44, 0x02, 0x76, 0x00,
    0x9b, 0xdc, 0x40, 0x3e, 0x4c, 0x90, 0x2f, 0x10, 0x01, 0x40, 0x05, 0x12, 0x20, 0x1f, 0xf3, 0x67,
    0x90, 0x05, 0x00, 0x13, 0x38, 0x07, 0xff, 0x08, 0xc8, 0x02, 0x35, 0x00, 0x0c, 0x00, 0x7f, 0xf2,
    0x10, 0x02, 0x91, 0x00, 0xff, 0xe4, 0x58, 0x04, 0xa0, 0x1f, 0xfc, 0x93, 0x00, 0x11, 0x00, 0x3f,
    0xf9, 0x02, 0x01, 0x38, 0x07, 0xff, 0x24, 0xc0, 0x3f, 0xf9, 0x08, 0xef, 0x01, 0x80, 0x7f, 0xf2,
    0x36, 0x22, 0x11, 0x00, 0x4c, 0x01, 0xff, 0xca, 0x20, 0x01, 0x00, 0x7f, 0xf2, 0x90, 0x00, 0x2a,
    0x01, 0xff, 0xc9, 0xc0, 0x0a, 0x40, 0x3f, 0xf9, 0x2a, 0x40, 0x03, 0x60, 0x0f, 0xfe, 0x4c, 0x00,
    0x50, 0x60, 0x1f, 0xfc, 0x85, 0x40, 0x00, 0xea, 0x00, 0x7f, 0xf2, 0x28, 0x80, 0x03, 0x70, 0x20,
    0x1f, 0xc8, 0x80, 0x0f, 0x87, 0xc8, 0x02, 0x7f, 0xa6, 0x32, 0x12, 0x58, 0xdb, 0x20, 0x0f, 0xc5,
    0x88, 0x01, 0x0a, 0xce, 0x6f, 0x6d, 0x39, 0x00, 0x43, 0x42, 0x01, 0xc3, 0x72, 0x40, 0x1f, 0xf8,
    0x5b, 0xd4, 0x03, 0xf3, 0x6d, 0x31, 0x00, 0x78, 0x56, 0x7e, 0x44, 0x03, 0xfe, 0x59, 0xde, 0xcb,
    0xb6, 0x6f, 0x53, 0x08, 0x06, 0x09, 0x99, 0xc0, 0x3f, 0xf8, 0x71, 0x32, 0x80, 0x66, 0xac, 0x03,
    0xff, 0x86, 0xcd, 0x28, 0x07, 0xff, 0xfc, 0x03, 0xff, 0xfe, 0x01, 0xff, 0xfb, 0x22, 0xff, 0xe1,
    0x80, 0x7e, 0x3d, 0xdf, 0xfe, 0x18, 0x80, 0x7f, 0xfa, 0xcf, 0x77, 0xff, 0x86, 0x20, 0x1f, 0x88,
    0xbf, 0xf8, 0x60, 0x1f, 0xff, 0xf0, 0x0f, 0xff, 0xf8, 0x07, 0xff, 0xfc, 0x03, 0xff, 0x8e, 0x09,
    0x99, 0xc1, 0x9a, 0xb0, 0x0f, 0xff, 0xf8, 0x07, 0xff, 0x98, 0x00, 0x9a, 0x67, 0xff, 0x38, 0x05,
    0x8c, 0xdf, 0xfb, 0x00, 0x3f, 0xf9, 0x1a, 0x89, 0xfc, 0x01, 0xf3, 0xdd, 0xff, 0x00, 0x7f, 0xff,
    0xc0, 0x3f, 0xff, 0xe0, 0x1f, 0xff, 0xf0, 0x0f, 0xfc, 0x20, 0x1f, 0xfc, 0x43, 0x00, 0x84, 0x03,
    0xff, 0x30, 0x04, 0x60, 0x0a, 0x60, 0x0f, 0xda, 0x01, 0x78, 0x42, 0xcb, 0x00, 0x78, 0x98, 0x02,
    0x42, 0x70, 0x04, 0xda, 0x08, 0x13, 0x60, 0x04, 0xa4, 0x49, 0x00, 0x92, 0xfb, 0xf6, 0x44, 0x00,
    0x30, 0x00, 0x6a, 0x10, 0x0f, 0xe1, 0xd2, 0x00, 0x97, 0xe0, 0x80, 0x38, 0x9f, 0xcc, 0x03, 0x85,
    0xf7, 0xb2, 0xf3, 0x75, 0x02, 0x01, 0x09, 0x99, 0xc0, 0x3f, 0xf8, 0x23, 0x33, 0x88, 0x00, 0xcd,
    0x58, 0x07, 0xfe, 0x1d, 0x66, 0x84, 0x80, 0x3f, 0xf8, 0xa3, 0x46, 0x00, 0x68, 0x00, 0xff, 0xe3,
    0x52, 0x00, 0x1a, 0x40, 0x3f, 0xf8, 0xd6, 0x80, 0x05, 0x90, 0x0f, 0xfe, 0x35, 0x20, 0x01, 0x28,
    0x03, 0xff, 0x8d, 0x4a, 0x00, 0x4b, 0x00, 0xff, 0xe3, 0x52, 0x80, 0x0e, 0x80, 0x3f, 0xf8, 0xd2,
    0xa0, 0x03, 0xd1, 0x00, 0xff, 0xe2, 0xcb, 0x00, 0x0b, 0x44, 0x03, 0xff, 0x8b, 0x0c, 0x00, 0x2f,
    0x10, 0x0f, 0xfe, 0x2c, 0x38, 0x00, 0xbc, 0x80, 0x3f, 0xf8, 0xae, 0xe0, 0x0a, 0xc8, 0x03, 0xff,
    0x8a, 0xf0, 0x01, 0xa0, 0xc0, 0x3f, 0xf8, 0x8f, 0x00, 0x1c, 0x3c, 0x20, 0x1f, 0xfc, 0x22, 0x80,
    0x0a, 0x44, 0x00, 0x54, 0x01, 0xff, 0xc2, 0x10, 0x0a, 0x9b, 0x44, 0x00, 0x92, 0x01, 0xff, 0xc4,
    0xa5, 0x03, 0xb0, 0x09, 0x9c, 0x03, 0xff, 0x85, 0x2a, 0x01, 0x2c, 0x00, 0x50, 0x80, 0x1f, 0xfa,
    0x58, 0x03, 0x9d, 0x80, 0x2a, 0x20, 0x0f, 0xf1, 0xb0, 0x07, 0xd2, 0x80, 0x01, 0xf1, 0x00, 0xff,
    0xe3, 0xd1, 0x80, 0x0a, 0x80, 0x3f, 0xf8, 0xe3, 0xc2, 0x00, 0x49, 0x00, 0xff, 0xe3, 0x96, 0x88,
    0x01, 0x98, 0x01, 0xff, 0xc7, 0x3b, 0x00, 0xa5, 0x00, 0x3f, 0xf8, 0xeb, 0x00, 0x15, 0x10, 0x07,
    0xff, 0x1d, 0xd8, 0x00, 0x3c, 0x20, 0x09, 0x99, 0xc0, 0x3f, 0xf8, 0x8c, 0xd5, 0x80, 0x7f, 0xff,
    0xc0, 0x3f, 0xff, 0xe0, 0x1f, 0xff, 0xf0, 0x0f, 0xff, 0xf8, 0x07, 0xff, 0xfc, 0x03, 0xff, 0xe8,
    0x2a, 0xbf, 0xfc, 0x21, 0x00, 0xc5, 0x55, 0xff, 0xc2, 0x20, 0x0f, 0xfe, 0xe0, 0x09, 0x98, 0xc0,
    0x3f, 0xf9, 0x03, 0x33, 0x10, 0x33, 0x50, 0x01, 0xff, 0xc8, 0x66, 0xe0, 0x0c, 0x8a, 0x01, 0xff,
    0xc6, 0x29, 0x00, 0xfe, 0x81, 0x00, 0xff, 0xe2, 0xc0, 0x80, 0x7f, 0x14, 0x80, 0x7f, 0xf1, 0x11,
    0x40, 0x3f, 0xe7, 0x20, 0x0f, 0xfe, 0x1c, 0x00, 0x7f, 0xf0, 0x64, 0x03, 0xff, 0x84, 0xc6, 0x01,
    0xff, 0xc1, 0x45, 0x00, 0xff, 0xc3, 0x00, 0x01, 0x00, 0xfc, 0xa4, 0x00, 0x81, 0x00, 0xff, 0xa0,
    0x40, 0x64, 0x03, 0xfa, 0x00, 0x05, 0x20, 0x1f, 0xe3, 0x60, 0x04, 0x88, 0x07, 0xf2, 0xa0, 0x01,
    0xc8, 0x03, 0xfa, 0x00, 0x04, 0xe0, 0x1f, 0xf4, 0x80, 0x50, 0x01, 0xf9, 0x50, 0x01, 0x20, 0x1f,
    0xf8, 0x9c, 0x00, 0xa8, 0x01, 0xe1, 0x80, 0x02, 0xa0, 0x07, 0xff, 0x06, 0x08, 0x01, 0x20, 0x1e,
    0x92, 0x00, 0x40, 0x07, 0xff, 0x0e, 0x00, 0x04, 0xe0, 0x18, 0x9c, 0x00, 0xe4, 0x01, 0xff, 0xc3,
    0x54, 0x00, 0x49, 0x00, 0x50, 0x00, 0x29, 0x00, 0xff, 0xe2, 0xc8, 0x00, 0x60, 0x00, 0x8a, 0x00,
    0x81, 0x00, 0xff, 0xe2, 0x93, 0x80, 0x15, 0x02, 0x40, 0x08, 0xa0, 0x18, 0xc0, 0x3f, 0xf8, 0x52,
    0x40, 0x08, 0x72, 0x00, 0x48, 0x07, 0xff, 0x20, 0x60, 0x00, 0x70, 0x00, 0x72, 0x00, 0xff, 0xe4,
    0xaa, 0x00, 0x62, 0x90, 0x0f, 0xfe, 0x5c, 0x80, 0x68, 0x10, 0x0f, 0xfe, 0x59, 0x38, 0x01, 0x14,
    0x03, 0xff, 0x9b, 0x28, 0x70, 0x01, 0xff, 0xce, 0x1b, 0xc3, 0x00, 0xff, 0xfe, 0x80, 0x09, 0x98,
    0xc0, 0x3f, 0xf8, 0x71, 0x32, 0x80, 0x66, 0xb8, 0x40, 0x3f, 0xf8, 0x4c, 0xd2, 0x80, 0x62, 0xd0,
    0x0f, 0xfe, 0x59, 0xc8, 0x07, 0xff, 0x2d, 0x98, 0x01, 0xff, 0xcb, 0x93, 0x00, 0xff, 0xe5, 0xe9,
    0x00, 0x7f, 0xf1, 0x88, 0x80, 0x01, 0xe0, 0x0f, 0xfe, 0x30, 0xf0, 0x80, 0x0e, 0x40, 0x3f, 0xf8,
    0xc7, 0x60, 0x13, 0x30, 0x03, 0xff, 0x8c, 0xae, 0x01, 0x4a, 0x00, 0x7f, 0xf1, 0xa1, 0x00, 0x2a,
    0x20, 0x0f, 0xfe, 0x35, 0x10, 0x00, 0x78, 0x40, 0x3f, 0xf8, 0xa3, 0xe2, 0x00, 0x3b, 0x00, 0xff,
    0xe3, 0x15, 0x80, 0x4a, 0xe0, 0x1f, 0xfc, 0x65, 0x70, 0x0a, 0x10, 0x03, 0xff, 0x8d, 0x0a, 0x01,
    0x51, 0x00, 0x7f, 0xf1, 0xac, 0x80, 0x03, 0xc2, 0x01, 0xff, 0xc5, 0x1f, 0x10, 0x01, 0xd8, 0x07,
    0xff, 0x18, 0xa8, 0x02, 0x57, 0x00, 0xff, 0xe3, 0x24, 0x00, 0x50, 0x20, 0x1f, 0xfc, 0x67, 0x50,
    0x0f, 0xfe, 0x5d, 0x98, 0x07, 0xff, 0x28, 0x78, 0x40, 0x3f, 0xf9, 0x45, 0x40, 0x1f, 0xfc, 0xb4,
    0x80, 0x0f, 0xfe, 0x5b, 0xa8, 0x04, 0x00, 0xff, 0x1b, 0xd6, 0x6e, 0xb2, 0x9c, 0xc0, 0x3f, 0xf8,
    0xa2, 0xfd, 0x90, 0xa6, 0x44, 0x35, 0x8c, 0xe7, 0x10, 0x0f, 0xfe, 0x0a, 0xfc, 0x08, 0x07, 0xf8,
    0x63, 0xd0, 0x03, 0xfe, 0x8a, 0x10, 0x0c, 0x8c, 0xee, 0x64, 0x00, 0xc3, 0x70, 0x01, 0xfd, 0x2e,
    0x01, 0x14, 0xf5, 0xcc, 0x42, 0x6f, 0xa0, 0x40, 0x27, 0x80, 0x0f, 0x9d, 0x80, 0x25, 0xc6, 0x10,
    0x0f, 0x0b, 0xfa, 0x00, 0x4e, 0xc0, 0x1c, 0x50, 0x01, 0x3d, 0x08, 0x07, 0xf8, 0x6d, 0x80, 0x29,
    0x20, 0x0d, 0x00, 0x12, 0x40, 0x07, 0xff, 0x0a, 0x4c, 0x02, 0xb0, 0x08, 0xd4, 0x00, 0x34, 0x01,
    0xff, 0xc4, 0xe1, 0x00, 0x31, 0x00, 0x10, 0x02, 0x91, 0x00, 0xff, 0xe2, 0x13, 0x00, 0x48, 0x00,
    0xb0, 0x09, 0x40, 0x3f, 0xf8, 0xd6, 0x01, 0x68, 0x00, 0xc0, 0x04, 0x40, 0x0f, 0xfe, 0x31, 0x88,
    0x01, 0x80, 0x40, 0x26, 0x00, 0xff, 0xe4, 0x10, 0x00, 0x80, 0xc0, 0x21, 0x00, 0xff, 0xe4, 0x38,
    0x04, 0x26, 0x01, 0xff, 0xd0, 0x11, 0x00, 0x4c, 0x01, 0xff, 0xc8, 0x60, 0x00, 0x80, 0x08, 0x00,
    0x40, 0x1f, 0xfc, 0x71, 0x20, 0x01, 0x00, 0x10, 0x00, 0x2a, 0x01, 0xff, 0xc6, 0x70, 0x09, 0x00,
    0x1a, 0x01, 0x70, 0x07, 0xff, 0x1a, 0x80, 0x2c, 0x00, 0x21, 0x00, 0x11, 0x80, 0x3f, 0xf8, 0x8e,
    0x60, 0x03, 0x40, 0x0a, 0x00, 0x29, 0x30, 0x0f, 0xfe, 0x12, 0x40, 0x05, 0x00, 0x19, 0x50, 0x02,
    0xd4, 0x00, 0xff, 0xcb, 0x40, 0x12, 0x20, 0x03, 0xa8, 0x80, 0x03, 0x70, 0x20, 0x1f, 0x86, 0x68,
    0x40, 0x07, 0x40, 0x1e, 0x1f, 0x20, 0x09, 0xfe, 0x54, 0xc8, 0x86, 0xb5, 0xec, 0x01, 0x17, 0x08,
    0x07, 0xc5, 0x88, 0x01, 0x0b, 0x56, 0x6e, 0xb2, 0x94, 0x40, 0x25, 0xc2, 0x00, 0xfe, 0x1b, 0xa2,
    0x00, 0xff, 0xc5, 0x54, 0x10, 0x0f, 0xfc, 0xbb, 0x4c, 0x40, 0x1e, 0x26, 0xad, 0x50, 0x0f, 0xfe,
    0x22, 0xce, 0xf6, 0x5d, 0xb3, 0xb6, 0x54, 0x03, 0xf8, 0x09, 0x9f, 0xfa, 0x1d, 0x04, 0x03, 0xf3,
    0x37, 0xfc, 0xf1, 0x7d, 0x8a, 0x01, 0xff, 0xc9, 0x3a, 0xc2, 0x00, 0xf8, 0x51, 0x3e, 0x31, 0x00,
    0xc7, 0x86, 0x01, 0xe2, 0xbb, 0xfb, 0x3b, 0x5c, 0x40, 0x03, 0xc2, 0x01, 0xff, 0xc3, 0x28, 0xc2,
    0x00, 0x14, 0x80, 0x7f, 0xf1, 0x4b, 0x80, 0x26, 0x00, 0xff, 0xe3, 0x1a, 0x00, 0x04, 0xc0, 0x3f,
    0xf8, 0xd8, 0x01, 0x30, 0x07, 0xff, 0x18, 0x80, 0x22, 0x00, 0xff, 0xe3, 0x18, 0x04, 0x20, 0x1f,
    0xfc, 0x6f, 0x00, 0x88, 0x03, 0xff, 0x8a, 0x2e, 0x01, 0x28, 0x07, 0xff, 0x16, 0xc4, 0x00, 0x82,
    0x01, 0xff, 0xc3, 0x2b, 0x50, 0x0a, 0x00, 0x38, 0x55, 0x7c, 0xcc, 0x8c, 0xd4, 0x00, 0xa4, 0xc0,
    0x38, 0xaa, 0xbd, 0x32, 0x73, 0x00, 0xd2, 0xc0, 0x1f, 0xfc, 0x74, 0xd6, 0x00, 0xfc, 0x23, 0xf1,
    0x1a, 0xce, 0xd9, 0x00, 0x7e, 0x3e, 0xef, 0xb7, 0x29, 0x88, 0x03, 0xff, 0xfe, 0x01, 0xff, 0xff,
    0x00, 0xff, 0xe2, 0x80, 0x00, 0xff, 0x1b, 0xd6, 0x6e, 0xb2, 0x9c, 0xc0, 0x3f, 0xf8, 0xc2, 0xfd,
    0x90, 0xa6, 0x44, 0x35, 0x8c, 0xe7, 0x10, 0x0f, 0xfe, 0x12, 0xfc, 0x08, 0x07, 0xf8, 0x63, 0xd0,
    0x03, 0xff, 0x45, 0x08, 0x06, 0x46, 0x77, 0x32, 0x00, 0x61, 0xb8, 0x00, 0xff, 0x4b, 0x80, 0x45,
    0x3d, 0x73, 0x10, 0x9b, 0xe8, 0x10, 0x09, 0xe0, 0x03, 0xf3, 0xb0, 0x04, 0xb8, 0xc2, 0x01, 0xe1,
    0x7f, 0x40, 0x09, 0xd8, 0x03, 0xc5, 0x00, 0x13, 0xd0, 0x80, 0x7f, 0x86, 0xd8, 0x02, 0x92, 0x00,
    0xe8, 0x00, 0x92, 0x00, 0x3f, 0xf8, 0x52, 0x60, 0x15, 0x80, 0x63, 0x50, 0x00, 0xd0, 0x07, 0xff,
    0x13, 0x84, 0x00, 0xc4, 0x01, 0x20, 0x05, 0x22, 0x01, 0xff, 0xc4, 0x26, 0x00, 0x90, 0x02, 0xb0,
    0x09, 0x40, 0x3f, 0xf8, 0xd6, 0x01, 0x68, 0x04, 0x60, 0x02, 0x20, 0x07, 0xff, 0x18, 0xc4, 0x00,
    0xc0, 0x01, 0x00, 0x98, 0x03, 0xff, 0x90, 0x40, 0x02, 0x00, 0x18, 0x04, 0x20, 0x1f, 0xfc, 0x87,
    0x00, 0x84, 0x03, 0xff, 0xa8, 0x60, 0x13, 0x00, 0x7f, 0xf2, 0x18, 0x02, 0x10, 0x12, 0x00, 0x10,
    0x07, 0xff, 0x1c, 0x48, 0x00, 0x60, 0x13, 0x80, 0x05, 0x40, 0x3f, 0xf8, 0xce, 0x01, 0x28, 0x05,
    0xe0, 0x17, 0x00, 0x7f, 0xf1, 0xa8, 0x02, 0xd0, 0x09, 0x48, 0x00, 0x8c, 0x01, 0xff, 0xc4, 0x73,
    0x00, 0x12, 0x00, 0x6b, 0x00, 0xa4, 0xc0, 0x3f, 0xf8, 0x49, 0x00, 0x14, 0x00, 0x73, 0x20, 0x05,
    0xa8, 0x01, 0xff, 0x96, 0x80, 0x25, 0x50, 0x07, 0xa8, 0x80, 0x03, 0x70, 0x20, 0x1f, 0x86, 0x68,
    0x40, 0x05, 0x60, 0x1f, 0x0f, 0x90, 0x04, 0xff, 0x2a, 0x64, 0x43, 0x5a, 0xf6, 0x00, 0x8b, 0xc4,
    0x03, 0xf1, 0x62, 0x00, 0x42, 0xd5, 0x9b, 0xac, 0xa5, 0x10, 0x09, 0x30, 0x80, 0x3f, 0xc3, 0x72,
    0x40, 0x1f, 0xf8, 0xaa, 0xc4, 0x03, 0xff, 0x82, 0xdb, 0x4a, 0x20, 0x1e, 0x15, 0xad, 0x50, 0x0f,
    0xfe, 0x2a, 0xd7, 0x6e, 0x20, 0x04, 0x3e, 0xa0, 0x1f, 0x38, 0x07, 0xff, 0x08, 0x8e, 0xd4, 0x02,
    0xa8, 0x10, 0x0c, 0x57, 0x12, 0x01, 0xff, 0xc4, 0xa6, 0x00, 0x9f, 0xe9, 0xe2, 0xf5, 0x01, 0x88,
    0x03, 0xff, 0x89, 0x34, 0x20, 0x01, 0x58, 0x74, 0x00, 0x0d, 0x10, 0x07, 0xff, 0x15, 0x7d, 0xc4,
    0x03, 0xcb, 0x8a, 0x01, 0xff, 0xc7, 0x18, 0xeb, 0x97, 0x8a, 0xea, 0x20, 0x00, 0x09, 0x9f, 0xfa,
    0x1d, 0x04, 0x03, 0xf3, 0x37, 0xfc, 0xf1, 0x7d, 0x8a, 0x01, 0xff, 0xc9, 0x3a, 0xc2, 0x00, 0xf8,
    0x51, 0x3e, 0x31, 0x00, 0xc7, 0x86, 0x01, 0xe2, 0xbb, 0xfb, 0x3b, 0x5c, 0x40, 0x03, 0xc2, 0x01,
    0xff, 0xc3, 0x28, 0xc2, 0x00, 0x14, 0x80, 0x7f, 0xf1, 0x4b, 0x80, 0x26, 0x00, 0xff, 0xe3, 0x1a,
    0x00, 0x04, 0xc0, 0x3f, 0xf8, 0xd8, 0x01, 0x30, 0x07, 0xff, 0x18, 0x80, 0x22, 0x00, 0xff, 0xe3,
    0x18, 0x04, 0x20, 0x1f, 0xfc, 0x6f, 0x00, 0x88, 0x03, 0xff, 0x8a, 0x2e, 0x01, 0x28, 0x07, 0xff,
    0x16, 0xc4, 0x00, 0x82, 0x01, 0xff, 0xc3, 0x2b, 0x50, 0x0a, 0x00, 0x38, 0x55, 0x7e, 0x68, 0xbd,
    0x40, 0x0a, 0x0c, 0x03, 0x8a, 0xab, 0xe9, 0x74, 0x00, 0xd0, 0xe0, 0x1f, 0xfc, 0x75, 0xc7, 0x00,
    0xfc, 0x23, 0xe2, 0x20, 0x04, 0x56, 0x60, 0x1f, 0x8f, 0xbb, 0xdb, 0xa8, 0x00, 0x14, 0x00, 0x7f,
    0xf1, 0x9c, 0xc0, 0x0c, 0xa0, 0x1f, 0xfc, 0x6e, 0x10, 0x05, 0x90, 0x07, 0xff, 0x14, 0xa0, 0x00,
    0x32, 0x01, 0xff, 0xc6, 0x65, 0x00, 0x23, 0x80, 0x7f, 0xf1, 0xac, 0x40, 0x10, 0x60, 0x1f, 0xfc,
    0x51, 0xa0, 0x0b, 0xc0, 0x3f, 0xf8, 0xc8, 0xc0, 0x03, 0x80, 0x00, 0xf1, 0xbd, 0x66, 0xeb, 0x2e,
    0x58, 0x80, 0x3f, 0x8e, 0xf2, 0x14, 0xc8, 0x86, 0x8d, 0x3b, 0x8a, 0x01, 0xe6, 0xc4, 0x00, 0xff,
    0x8e, 0xa8, 0x01, 0x96, 0x40, 0x21, 0x58, 0x9a, 0x97, 0x41, 0x00, 0x88, 0x02, 0x1b, 0x00, 0x9b,
    0xe9, 0xd9, 0x5a, 0x2f, 0xe4, 0x82, 0x80, 0x27, 0x10, 0x02, 0xc8, 0x80, 0x7c, 0x2d, 0xb6, 0x40,
    0x17, 0x80, 0x52, 0x01, 0xff, 0x90, 0x03, 0x10, 0x04, 0x60, 0x1f, 0xfc, 0x92, 0x00, 0xff, 0xe2,
    0x90, 0x05, 0x60, 0x1f, 0xfc, 0x5a, 0x00, 0x9a, 0xc8, 0x03, 0xff, 0x86, 0x6a, 0x01, 0x26, 0xe3,
    0x98, 0x07, 0xff, 0x06, 0x94, 0x03, 0x1c, 0x67, 0x53, 0x10, 0x07, 0xfa, 0xa4, 0x80, 0x38, 0x56,
    0x77, 0x1c, 0x40, 0x3f, 0x36, 0xdb, 0x10, 0x07, 0x8e, 0x3d, 0x40, 0x3f, 0x92, 0x77, 0x52, 0xa2,
    0x01, 0x86, 0x9c, 0x03, 0xfe, 0x26, 0xae, 0xb6, 0x10, 0x0a, 0x0c, 0x03, 0xff, 0x84, 0x93, 0x86,
    0x01, 0x48, 0x07, 0xff, 0x10, 0xb8, 0x40, 0x0e, 0x01, 0xff, 0xc5, 0x22, 0x00, 0x08, 0x03, 0xff,
    0x92, 0x20, 0x04, 0x91, 0x00, 0xff, 0xc4, 0x60, 0x02, 0x00, 0x7b, 0x63, 0x00, 0x7f, 0x87, 0xc0,
    0x2a, 0x03, 0x40, 0x29, 0xe9, 0x52, 0x00, 0x84, 0xdf, 0xc8, 0x00, 0x4c, 0x04, 0xc0, 0x10, 0xb5,
    0x6f, 0xf7, 0x59, 0x02, 0x00, 0x1f, 0x00, 0x0c, 0xda, 0x00, 0x78, 0x44, 0x01, 0xcb, 0x84, 0x01,
    0x92, 0xf1, 0xd0, 0x03, 0xe1, 0x5b, 0xa2, 0x00, 0xf8, 0xe2, 0xff, 0x72, 0xed, 0x9d, 0xca, 0x40,
    0x0e, 0x89, 0x9f, 0xfe, 0x48, 0xab, 0x37, 0xff, 0x24, 0xc0, 0x3f, 0xf9, 0x68, 0x9f, 0xc2, 0x01,
    0x22, 0x7f, 0x04, 0xdd, 0xfe, 0x50, 0x0a, 0xef, 0xf8, 0x80, 0x3f, 0xff, 0xe0, 0x1f, 0xff, 0xf0,
    0x0f, 0xff, 0xf8, 0x07, 0xff, 0xfc, 0x03, 0xff, 0xfe, 0x01, 0xff, 0xff, 0x00, 0xff, 0xf6, 0x00,
    0x29, 0x99, 0x40, 0x3f, 0xf8, 0x49, 0x33, 0x13, 0x36, 0xd0, 0x0f, 0xfe, 0x11, 0x33, 0x60, 0x0f,
    0xff, 0xf8, 0x07, 0xff, 0xfc, 0x03, 0xff, 0xfe, 0x01, 0xff, 0xff, 0x00, 0xff, 0xce, 0x01, 0x08,
    0x07, 0xff, 0x08, 0x40, 0x3f, 0xf9, 0xee, 0x40, 0x11, 0x00, 0x7f, 0xf0, 0xb8, 0x02, 0x11, 0x80,
    0x0a, 0x01, 0xff, 0xc2, 0x50, 0x08, 0x81, 0x40, 0x02, 0x60, 0x1f, 0xf8, 0x4c, 0x00, 0x60, 0x0c,
    0x00, 0xa8, 0x03, 0xff, 0x30, 0x04, 0x80, 0x06, 0x00, 0x99, 0x00, 0x3f, 0xc7, 0x20, 0x15, 0x00,
    0x05, 0x80, 0x2a, 0x50, 0x0f, 0xc9, 0xa2, 0x00, 0x62, 0x00, 0xa0, 0xc0, 0x03, 0x58, 0xc6, 0x44,
    0x36, 0xbb, 0x08, 0x00, 0xa0, 0x03, 0x0f, 0x10, 0x04, 0x73, 0x9b, 0xac, 0x94, 0x00, 0x8b, 0xc4,
    0x03, 0x8b, 0x14, 0x03, 0xff, 0x2e, 0x10, 0x07, 0xc3, 0x5a, 0xc4, 0x01, 0xe2, 0x6c, 0xa1, 0x00,
    0xff, 0x14, 0xef, 0x65, 0xdb, 0x3b, 0x64, 0xc0, 0x3c, 0x89, 0x98, 0x80, 0x3f, 0xf8, 0xd1, 0x33,
    0x00, 0x19, 0xaa, 0x00, 0xff, 0xe2, 0x9b, 0xb3, 0x00, 0x14, 0x01, 0x30, 0x80, 0x7f, 0xf1, 0x28,
    0x02, 0xa0, 0x25, 0x00, 0x0b, 0x80, 0x7f, 0xf0, 0xc5, 0x80, 0x08, 0x60, 0x09, 0x00, 0xac, 0x03,
    0xff, 0x87, 0x20, 0x17, 0x80, 0x46, 0x60, 0x01, 0x20, 0x07, 0xff, 0x09, 0x80, 0x04, 0x80, 0x1a,
    0x40, 0x2f, 0x00, 0xff, 0xe0, 0xb0, 0x80, 0x2c, 0x03, 0x94, 0x80, 0x08, 0x60, 0x1f, 0xfa, 0xc0,
    0x02, 0xe0, 0x1e, 0xa0, 0x0a, 0x80, 0x3f, 0xe4, 0x20, 0x03, 0x08, 0x07, 0x98, 0x40, 0x0c, 0x20,
    0x1f, 0xef, 0x00, 0xa8, 0x03, 0xe1, 0x70, 0x09, 0x80, 0x3f, 0x89, 0x00, 0x0a, 0x40, 0x1f, 0xac,
    0x02, 0x90, 0x0f, 0xeb, 0x00, 0xa4, 0x03, 0xf8, 0x90, 0x00, 0x2a, 0x01, 0xf0, 0xb8, 0x00, 0xcc,
    0x01, 0xfe, 0xf0, 0x0a, 0x40, 0x3e, 0x61, 0x00, 0x48, 0x07, 0xfc, 0x86, 0x00, 0x34, 0x00, 0xf4,
    0x80, 0x09, 0x40, 0x3f, 0xf5, 0x00, 0x5c, 0x01, 0xca, 0x20, 0x0a, 0x00, 0xff, 0xe0, 0xb0, 0x80,
    0x14, 0x80, 0x34, 0x80, 0x05, 0x80, 0x3f, 0xf8, 0x4c, 0x01, 0x50, 0x04, 0x86, 0x00, 0x71, 0x00,
    0xff, 0xe1, 0x48, 0x04, 0xc2, 0x00, 0xe0, 0x0a, 0xc0, 0x3f, 0xf8, 0x62, 0xa0, 0x01, 0x70, 0x25,
    0x00, 0x21, 0x00, 0x7f, 0xf1, 0x24, 0x02, 0xb0, 0xb0, 0x0b, 0xc0, 0x3f, 0xf8, 0xa6, 0x80, 0x02,
    0x57, 0x00, 0x12, 0x00, 0x7f, 0xf1, 0xb8, 0x02, 0xb1, 0x00, 0x58, 0x07, 0xff, 0x1d, 0x48, 0x00,
    0x20, 0x01, 0x70, 0x0f, 0xfe, 0x45, 0x00, 0x73, 0x08, 0x07, 0xff, 0x21, 0x84, 0x03, 0x50, 0x07,
    0xff, 0x24, 0x58, 0x02, 0x52, 0x00, 0xff, 0x80, 0x69, 0x98, 0x80, 0x3f, 0xf8, 0x27, 0x33, 0x20,
    0x07, 0xff, 0x04, 0x66, 0x64, 0x06, 0x69, 0x40, 0x3f, 0xf8, 0x34, 0xcd, 0x70, 0x07, 0xff, 0x05,
    0xd9, 0xa7, 0x70, 0x05, 0x60, 0x1f, 0xfc, 0x17, 0x00, 0x90, 0x40, 0x3f, 0xf6, 0x80, 0x08, 0xc5,
    0x00, 0x06, 0x40, 0x1f, 0xf2, 0x08, 0x04, 0x28, 0x01, 0xff, 0x0a, 0x00, 0x14, 0x01, 0xa0, 0x12,
    0x80, 0x7f, 0xda, 0x01, 0xde, 0x01, 0xff, 0x38, 0x05, 0x60, 0x07, 0x00, 0xac, 0x03, 0xfe, 0x70,
    0x0e, 0x41, 0x00, 0xff, 0x68, 0x00, 0x8c, 0x00, 0x28, 0x00, 0x32, 0x00, 0xfe, 0x41, 0x00, 0x38,
    0x00, 0x50, 0x03, 0xf8, 0x90, 0x00, 0xa0, 0x1b, 0x40, 0x25, 0x00, 0xfe, 0xe0, 0x01, 0x48, 0x80,
    0x3c, 0x03, 0xf9, 0x00, 0x2b, 0x00, 0xce, 0x01, 0x58, 0x07, 0xe1, 0x40, 0x02, 0x8a, 0x00, 0x14,
    0x40, 0x3f, 0x50, 0x00, 0x8c, 0x03, 0x0a, 0x00, 0x0c, 0x80, 0x3e, 0x41, 0x00, 0x50, 0x70, 0x04,
    0x80, 0x1f, 0x11, 0x80, 0x14, 0x03, 0xda, 0x01, 0x28, 0x07, 0xde, 0x00, 0x32, 0x04, 0x10, 0x07,
    0x00, 0x7c, 0xa0, 0x15, 0x80, 0x79, 0xc0, 0x2b, 0x00, 0xf0, 0xa8, 0x02, 0xc0, 0x27, 0x00, 0x20,
    0x80, 0x7a, 0xc0, 0x04, 0x60, 0x1e, 0x14, 0x00, 0x19, 0x00, 0x72, 0x00, 0x4a, 0x01, 0x68, 0x04,
    0xe0, 0x1c, 0x46, 0x00, 0x50, 0x0f, 0xda, 0x01, 0x28, 0x07, 0x70, 0x00, 0xc8, 0x02, 0x41, 0x00,
    0x68, 0x07, 0x28, 0x05, 0x60, 0x1f, 0x9c, 0x02, 0xb0, 0x0c, 0x28, 0x00, 0xb0, 0x0e, 0x70, 0x02,
    0x08, 0x06, 0xb0, 0x01, 0x18, 0x07, 0xe1, 0x40, 0x01, 0x90, 0x04, 0xe0, 0x12, 0x80, 0x76, 0x80,
    0x4e, 0x01, 0x11, 0x80, 0x14, 0x03, 0xfd, 0xa0, 0x12, 0x80, 0x5a, 0x00, 0x32, 0x00, 0xe4, 0x20,
    0x06, 0x80, 0x4a, 0x01, 0x58, 0x07, 0xf9, 0xc0, 0x2b, 0x00, 0x0a, 0x00, 0x28, 0x03, 0xe5, 0x00,
    0x20, 0x80, 0x2c, 0x00, 0x46, 0x01, 0xfe, 0x14, 0x00, 0x19, 0x03, 0x80, 0x4e, 0x01, 0xf5, 0x80,
    0x4e, 0x04, 0x60, 0x05, 0x00, 0xff, 0xda, 0x01, 0x28, 0x50, 0x01, 0x04, 0x03, 0xe3, 0x20, 0x06,
    0x82, 0x80, 0x56, 0x01, 0xff, 0x9c, 0x02, 0xb2, 0x30, 0x06, 0x80, 0x7f, 0x28, 0x01, 0x06, 0xc0,
    0x04, 0x60, 0x1f, 0xf8, 0x50, 0x00, 0x76, 0x01, 0x38, 0x07, 0xf5, 0x80, 0x50, 0x60, 0x05, 0x00,
    0xff, 0xe1, 0x68, 0x04, 0xc0, 0x04, 0x10, 0x0f, 0xe3, 0x20, 0x03, 0x00, 0x56, 0x01, 0xff, 0xc2,
    0x70, 0x0f, 0x68, 0x07, 0xfc, 0xa0, 0x1c, 0x46, 0x01, 0xff, 0xc2, 0x14, 0x00, 0xe7, 0x00, 0xff,
    0xa8, 0x03, 0x94, 0x03, 0xff, 0x89, 0xa0, 0x19, 0x44, 0x03, 0xfe, 0x23, 0x00, 0xd6, 0x01, 0xff,
    0xc4, 0x70, 0x0d, 0xe0, 0x1f, 0xfc, 0x1b, 0x00, 0x88, 0xc0, 0x3f, 0x06, 0x99, 0x98, 0x03, 0xff,
    0x85, 0x13, 0x31, 0x00, 0x11, 0xd9, 0x92, 0x80, 0x1f, 0xfa, 0x1d, 0x98, 0x04, 0x00, 0x28, 0x00,
    0xa4, 0x40, 0x3f, 0xc8, 0xe0, 0x03, 0x80, 0x0c, 0xca, 0x00, 0x2b, 0x00, 0xfe, 0x1a, 0x00, 0x0f,
    0x88, 0x07, 0x59, 0x00, 0x15, 0x80, 0x3f, 0x50, 0x80, 0x20, 0xc0, 0x3c, 0x3c, 0x01, 0x49, 0x80,
    0x79, 0xd0, 0x00, 0xac, 0x01, 0xf8, 0xe0, 0x02, 0xe1, 0x00, 0xc7, 0x00, 0x02, 0xb0, 0x0f, 0xf3,
    0xa0, 0x00, 0xa0, 0x02, 0x1e, 0x00, 0xb8, 0x40, 0x3f, 0xe9, 0x10, 0x03, 0x28, 0x02, 0x08, 0x01,
    0x06, 0x01, 0xff, 0x8a, 0xc0, 0x2b, 0x25, 0x60, 0x02, 0x38, 0x07, 0xff, 0x09, 0x58, 0x00, 0x3d,
    0x60, 0x01, 0xa0, 0x0f, 0xfe, 0x24, 0x98, 0x00, 0xc4, 0x01, 0x42, 0x01, 0xff, 0xc5, 0xf1, 0x00,
    0xce, 0x80, 0x1f, 0xfc, 0x63, 0x50, 0x0d, 0x80, 0x1f, 0xfc, 0x75, 0x40, 0x0d, 0x22, 0x01, 0xff,
    0xc5, 0x2b, 0x00, 0xe2, 0xb0, 0x0f, 0xfe, 0x2f, 0x08, 0x02, 0x08, 0x00, 0xac, 0x01, 0xff, 0xc3,
    0x83, 0x00, 0x2b, 0xf0, 0x05, 0x04, 0x01, 0xff, 0xc1, 0x47, 0x00, 0x15, 0x81, 0xc0, 0x00, 0x78,
    0x03, 0xff, 0x0d, 0x00, 0x52, 0x20, 0x07, 0x40, 0x01, 0xc8, 0x07, 0xfd, 0x42, 0x00, 0x74, 0x00,
    0xd2, 0x20, 0x06, 0x50, 0x0f, 0xe7, 0x40, 0x01, 0xc0, 0x07, 0x15, 0x80, 0x56, 0x40, 0x1f, 0x1c,
    0x00, 0x07, 0x80, 0x3e, 0x56, 0x00, 0x0f, 0x00, 0x78, 0x78, 0x02, 0x82, 0x00, 0xfd, 0x26, 0x00,
    0x38, 0x00, 0xeb, 0x20, 0x02, 0xb0, 0x07, 0xfb, 0x84, 0x00, 0xe8, 0x01, 0x32, 0x80, 0x0a, 0xc0,
    0x3f, 0xe2, 0x80, 0x0a, 0x84, 0x0e, 0x00, 0x29, 0x10, 0x0f, 0xfc, 0xca, 0x00, 0x1a, 0x00, 0x08,
    0x99, 0x84, 0x03, 0xff, 0x86, 0x53, 0x32, 0x87, 0xb3, 0x50, 0x01, 0xff, 0xc3, 0x86, 0x63, 0xb8,
    0x1c, 0x80, 0x0c, 0x60, 0x1f, 0xfc, 0x15, 0x50, 0x02, 0x48, 0x01, 0x20, 0x17, 0x80, 0x7f, 0xe1,
    0x80, 0x01, 0xb8, 0x04, 0x8a, 0x00, 0x36, 0x00, 0xff, 0xa4, 0x80, 0x10, 0x01, 0xd6, 0x20, 0x08,
    0x10, 0x0f, 0xe2, 0x70, 0x03, 0x20, 0x07, 0x0c, 0x00, 0x06, 0x00, 0x3f, 0xa4, 0x00, 0x30, 0x01,
    0xf3, 0x18, 0x01, 0x90, 0x03, 0xe5, 0x40, 0x04, 0x08, 0x07, 0xef, 0x00, 0xa0, 0x03, 0xc3, 0x60,
    0x03, 0x60, 0x0f, 0xe3, 0x60, 0x01, 0xb8, 0x07, 0x40, 0x80, 0x3c, 0x03, 0xfe, 0x81, 0x00, 0x49,
    0x00, 0x46, 0xc0, 0x06, 0x30, 0x0f, 0xf8, 0x60, 0x00, 0x30, 0x01, 0x78, 0x00, 0x60, 0x03, 0xff,
    0x82, 0xc6, 0x00, 0x54, 0x06, 0x30, 0x05, 0x88, 0x07, 0xff, 0x0b, 0xc0, 0x29, 0x28, 0x00, 0x22,
    0x80, 0x7f, 0xf0, 0xcd, 0xc0, 0x05, 0x82, 0x00, 0x90, 0x0f, 0xfe, 0x2c, 0x90, 0x00, 0x40, 0x0e,
    0x40, 0x1f, 0xfc, 0x51, 0x80, 0x0c, 0x52, 0x01, 0xff, 0xc7, 0x54, 0x00, 0xa0, 0x40, 0x3f, 0xf9,
    0x04, 0x01, 0x30, 0x07, 0xff, 0xfc, 0x03, 0xff, 0xfe, 0x01, 0xff, 0xf8, 0x19, 0x9f, 0xfe, 0x49,
    0x83, 0x37, 0xff, 0x25, 0x40, 0x3f, 0xf9, 0x88, 0x9f, 0xfc, 0x41, 0x00, 0x89, 0xc6, 0xef, 0xff,
    0x87, 0xe2, 0x00, 0x1e, 0x10, 0x0f, 0xfe, 0x19, 0x50, 0x05, 0x66, 0x01, 0xff, 0xc3, 0x1f, 0x10,
    0x03, 0xa8, 0x07, 0xff, 0x12, 0x88, 0x00, 0x90, 0x01, 0xff, 0xc4, 0x84, 0x00, 0x15, 0x00, 0x7f,
    0xf1, 0x15, 0xc0, 0x03, 0xc2, 0x01, 0xff, 0xc3, 0x3b, 0x00, 0xac, 0xc0, 0x3f, 0xf8, 0x63, 0xc2,
    0x00, 0x75, 0x00, 0xff, 0xe2, 0x51, 0x00, 0x16, 0x00, 0x3f, 0xf8, 0x90, 0x80, 0x02, 0xb0, 0x0f,
    0xfe, 0x22, 0xb8, 0x00, 0x7c, 0x40, 0x3f, 0xf8, 0x67, 0x40, 0x15, 0x10, 0x07, 0xff, 0x0c, 0x78,
    0x02, 0x84, 0x00, 0xff, 0xe2, 0x51, 0x00, 0x15, 0xc0, 0x3f, 0xf8, 0x92, 0x80, 0x03, 0xb0, 0x0f,
    0xfe, 0x23, 0x30, 0x00, 0x3c, 0x20, 0x1f, 0xfc, 0x33, 0x90, 0x0a, 0x88, 0x03, 0xff, 0x86, 0x5a,
    0x01, 0x42, 0x00, 0x7f, 0xf1, 0x38, 0x40, 0x0a, 0xe0, 0x1f, 0xfc, 0x49, 0x30, 0x00, 0xfa, 0xaf,
    0xff, 0x0d, 0x10, 0xc0, 0x10, 0xd5, 0x7f, 0xf1, 0x24, 0x40, 0x3f, 0xfc, 0x20, 0x03, 0x3f, 0xc1,
    0x99, 0xf6, 0x80, 0x7f, 0xf0, 0x44, 0xce, 0x50, 0x0c, 0x99, 0x95, 0x80, 0x7f, 0xff, 0xc0, 0x3f,
    0xff, 0xe0, 0x1f, 0xff, 0xf0, 0x0f, 0xfe, 0x9b, 0xcc, 0xe0, 0x0c, 0x4c, 0xd3, 0x80, 0x7f, 0xa6,
    0x7e, 0xb0, 0x4f, 0xf8, 0x40, 0x3f, 0xf2, 0x08, 0x01, 0xc0, 0x3f, 0xf8, 0x2e, 0x00, 0xd0, 0x0f,
    0xfe, 0x0d, 0x00, 0x10, 0x40, 0x3f, 0xf1, 0x90, 0x01, 0x80, 0x3f, 0xf8, 0x2a, 0x00, 0xb0, 0x0f,
    0xfe, 0x0d, 0x80, 0x0c, 0x80, 0x3f, 0xf1, 0x98, 0x00, 0xa0, 0x1f, 0xfc, 0x1b, 0x00, 0x50, 0x07,
    0xff, 0x05, 0x40, 0x04, 0x60, 0x1f, 0xf8, 0x8c, 0x01, 0x60, 0x1f, 0xfc, 0x1a, 0x00, 0x28, 0x07,
    0xff, 0x05, 0xc0, 0x04, 0x80, 0x1f, 0xf8, 0x50, 0x01, 0xa0, 0x1f, 0xfc, 0x1e, 0x00, 0x38, 0x07,
    0xff, 0x05, 0x04, 0x05, 0x00, 0x3f, 0xf0, 0xa0, 0x03, 0x80, 0x3f, 0xf8, 0x3e, 0x00, 0x41, 0x00,
    0xff, 0xca, 0x20, 0x28, 0x01, 0xff, 0xc1, 0x70, 0x07, 0x80, 0x7f, 0xf0, 0x74, 0x00, 0xa2, 0x01,
    0xff, 0x90, 0x40, 0x0e, 0x01, 0xff, 0xc1, 0x60, 0x06, 0x80, 0x7f, 0xf0, 0x6c, 0x00, 0x84, 0x01,
    0xff, 0x8c, 0x80, 0x0a, 0x01, 0xff, 0xc1, 0x50, 0x05, 0x80, 0x7f, 0xf0, 0x68, 0x00, 0x64, 0x01,
    0xff, 0x88, 0xc0, 0x0a, 0x01, 0xff, 0xc1, 0xb0, 0x05, 0x00, 0x7f, 0xf0, 0x54, 0x00, 0x46, 0x01,
    0xff, 0x89, 0x00, 0x16, 0x01, 0xff, 0xc1, 0xd0, 0x02, 0x80, 0x7f, 0xf0, 0x5c, 0x00, 0x48, 0x01,
    0xff, 0x85, 0x00, 0x1a, 0x01, 0xff, 0xc1, 0xe0, 0x03, 0x80, 0x7f, 0xf0, 0x50, 0xcc, 0x46, 0x13,
    0x3f, 0x89, 0x73, 0x3e, 0x80, 0x0f, 0xe7, 0x33, 0xc0, 0x18, 0xf3, 0x30, 0x07, 0xff, 0xfc, 0x03,
    0xff, 0xfe, 0x01, 0xff, 0xff, 0x00, 0xff, 0xe9, 0x9c, 0xce, 0x00, 0xce, 0xcd, 0x80, 0x3f, 0xf8,
    0x2d, 0x33, 0xf7, 0x00, 0x00, 0xf8, 0x4c, 0xc4, 0x01, 0xff, 0xc2, 0xac, 0xc7, 0x80, 0x7f, 0xf0,
    0x49, 0x00, 0x04, 0xa0, 0x1f, 0xfa, 0xc0, 0x37, 0x00, 0x7f, 0xc2, 0xe0, 0x6c, 0x08, 0x60, 0x1f,
    0xe7, 0x10, 0xaa, 0x00, 0x28, 0x03, 0xfd, 0x60, 0x2e, 0x66, 0x07, 0x10, 0x0f, 0xc8, 0x40, 0xe2,
    0x14, 0x02, 0xc0, 0x1f, 0xbc, 0x01, 0x60, 0x07, 0x10, 0xa0, 0x0f, 0x89, 0x01, 0x08, 0x00, 0x2c,
    0x04, 0x80, 0x1e, 0xa0, 0x07, 0x00, 0x6a, 0x00, 0x78, 0x07, 0x0b, 0x01, 0x28, 0x06, 0x24, 0x04,
    0x20, 0x0c, 0xe2, 0x14, 0x01, 0xee, 0x00, 0x58, 0x06, 0xa0, 0x03, 0x00, 0x79, 0x48, 0x1c, 0x40,
    0x08, 0x60, 0xa2, 0x01, 0xf5, 0x00, 0xb8, 0x03, 0x80, 0x1c, 0x01, 0xf9, 0x80, 0x16, 0x00, 0x36,
    0x74, 0x00, 0xfc, 0x30, 0xc8, 0x40, 0xff, 0xff, 0xe3, 0x80, 0x7f, 0xf1, 0xea, 0xbf, 0xf8, 0xe0,
    0x00, 0xff, 0x8b, 0x3f, 0xe9, 0x00, 0xe2, 0xc6, 0x00, 0x35, 0x00, 0x7a, 0x68, 0x41, 0x68, 0x03,
    0xcb, 0xa4, 0x0b, 0x62, 0x01, 0xc7, 0x8a, 0x2b, 0x60, 0x00, 0xf8, 0x91, 0x50, 0xc4, 0x03, 0xf8,
    0x5a, 0xfb, 0x6e, 0xaf, 0x3b, 0x18, 0x03, 0xcd, 0xf2, 0x82, 0x01, 0xe3, 0x9c, 0x10, 0x09, 0x64,
    0x40, 0x31, 0x10, 0x03, 0x8f, 0x44, 0x00, 0xa6, 0x02, 0xd7, 0xfb, 0xaf, 0xd6, 0x00, 0x8d, 0x80,
    0x28, 0x5f, 0x94, 0x00, 0xc5, 0x34, 0x01, 0x48, 0x04, 0x94, 0x20, 0x1f, 0x95, 0x40, 0x01, 0x30,
    0x0f, 0xfe, 0x16, 0x00, 0x4c, 0x01, 0xff, 0xc2, 0x20, 0x08, 0xc0, 0x38, 0x99, 0xe2, 0x67, 0xb8,
    0x03, 0xe5, 0xdd, 0x4c, 0x3b, 0x37, 0x28, 0x07, 0xa6, 0x88, 0x03, 0xff, 0x86, 0xac, 0x00, 0x28,
    0xce, 0xff, 0xeb, 0x00, 0xe9, 0x00, 0x0f, 0xb9, 0x88, 0x07, 0x38, 0x07, 0x18, 0x01, 0x08, 0x03,
    0xf3, 0x80, 0x61, 0x00, 0x8c, 0x03, 0xfb, 0x40, 0x30, 0x88, 0x00, 0x80, 0x1f, 0x95, 0x80, 0x39,
    0x00, 0x05, 0x44, 0x01, 0x86, 0x28, 0x03, 0xd0, 0x20, 0x05, 0xdb, 0xaa, 0x67, 0x38, 0x18, 0x07,
    0x16, 0x90, 0x04, 0x8a, 0xa3, 0x00, 0x1f, 0x00, 0x78, 0xf2, 0x08, 0x03, 0x92, 0x70, 0xc0, 0x3e,
    0x17, 0xde, 0xcc, 0x6f, 0xdb, 0x00, 0xff, 0xcc, 0x23, 0x38, 0x03, 0xff, 0x8d, 0x59, 0x91, 0x00,
    0x7f, 0xff, 0xc0, 0x3f, 0xff, 0xe0, 0x1f, 0x8d, 0x15, 0x04, 0x03, 0xff, 0x84, 0x53, 0xd9, 0x75,
    0x7d, 0x8e, 0x20, 0x1f, 0xe7, 0xd6, 0x10, 0x0e, 0x38, 0xc3, 0x00, 0xfd, 0x70, 0x01, 0x84, 0x40,
    0x18, 0xb1, 0x80, 0x3e, 0x60, 0x02, 0x5f, 0xf7, 0x52, 0x40, 0x14, 0x98, 0x07, 0xe9, 0xb4, 0x00,
    0x85, 0xb1, 0x40, 0x2e, 0x10, 0x0f, 0x43, 0x00, 0x7c, 0x34, 0x60, 0x02, 0x60, 0x0e, 0x27, 0x00,
    0xff, 0x70, 0x05, 0x60, 0x1d, 0x40, 0x1f, 0xf1, 0x20, 0x00, 0xc4, 0x03, 0x20, 0x07, 0xfe, 0x30,
    0x08, 0x80, 0x30, 0x80, 0x7f, 0xee, 0x00, 0x9c, 0x03, 0xff, 0x9c, 0xc0, 0x1f, 0xfb, 0x80, 0x27,
    0x00, 0xd8, 0x01, 0xff, 0x90, 0x02, 0x20, 0x0c, 0xa0, 0x1f, 0xf1, 0x98, 0x00, 0x62, 0x01, 0x8a,
    0x40, 0x3f, 0x87, 0x80, 0x2a, 0x00, 0xf3, 0x40, 0x07, 0xc3, 0x44, 0x00, 0x36, 0x00, 0xf9, 0xf1,
    0x88, 0x04, 0xe3, 0xd0, 0x00, 0x3c, 0x01, 0xc3, 0x20, 0x03, 0x9d, 0xfe, 0xc7, 0x10, 0x00, 0xd1,
    0x00, 0x79, 0xa4, 0x40, 0x3f, 0x8f, 0x10, 0x03, 0xf3, 0x7b, 0x90, 0x06, 0x14, 0xac, 0x20, 0x0d,
    0x1f, 0xee, 0x00, 0x0c, 0x6f, 0x6e, 0x6f, 0x5a, 0x80, 0x78, 0x00, 0xfc, 0x26, 0x88, 0x31, 0x00,
    0xff, 0xcd, 0x7d, 0x97, 0x6c, 0xec, 0x71, 0x00, 0xf8, 0xf6, 0x50, 0x03, 0xc7, 0x18, 0x80, 0x1c,
    0xb8, 0x40, 0x18, 0x44, 0x01, 0x8a, 0xd4, 0x02, 0x4a, 0x00, 0x8a, 0x7b, 0xaf, 0xb4, 0x00, 0xac,
    0x80, 0x64, 0x02, 0x6c, 0x61, 0x00, 0x92, 0xe0, 0x00, 0xe6, 0x0c, 0x40, 0x04, 0x91, 0x00, 0xf9,
    0xe3, 0x24, 0x42, 0x80, 0x2a, 0x00, 0xff, 0x39, 0x80, 0x08, 0x80, 0x05, 0x10, 0x0f, 0xfe, 0x13,
    0x80, 0x5a, 0x01, 0xff, 0xc3, 0x30, 0x08, 0x80, 0x3f, 0xfa, 0xe4, 0x01, 0x10, 0x07, 0xff, 0x0d,
    0x80, 0x2c, 0x00, 0xff, 0xe1, 0x91, 0x80, 0x10, 0x80, 0x3f, 0xf8, 0x74, 0x01, 0x70, 0x07, 0xfa,
    0x14, 0x02, 0x62, 0x00, 0x1d, 0x88, 0x07, 0xd0, 0xf5, 0x42, 0x00, 0x70, 0x80, 0x13, 0xe0, 0xc4,
    0x09, 0xb1, 0xc0, 0x0e, 0x60, 0x03, 0xa1, 0x00, 0x0b, 0xe7, 0x7e, 0xc9, 0x80, 0x07, 0x84, 0x02,
    0x4c, 0x40, 0x0f, 0xf1, 0xe1, 0x80, 0x71, 0x5d, 0x94, 0x40, 0x39, 0x6b, 0x08, 0x03, 0xf2, 0x57,
    0x73, 0x31, 0xdf, 0x4a, 0x01, 0x80, 0x00, 0xff, 0xe2, 0x89, 0x9c, 0x20, 0x1f, 0xfc, 0x52, 0xcc,
    0x98, 0x03, 0xff, 0xfe, 0x01, 0xff, 0xf5, 0x14, 0x54, 0x20, 0x0f, 0xfe, 0x10, 0xbe, 0xf5, 0xd5,
    0xef, 0x49, 0x00, 0x7f, 0x93, 0xe0, 0x80, 0x38, 0x5b, 0x18, 0x03, 0xf3, 0xd8, 0x80, 0x61, 0x10,
    0x04, 0x33, 0x40, 0x1e, 0x48, 0x00, 0x8e, 0x7b, 0xb5, 0x20, 0x01, 0x80, 0x38, 0x68, 0x02, 0x6c,
    0x61, 0x00, 0x0a, 0xdc, 0x00, 0x7d, 0x22, 0x00, 0x59, 0x00, 0xfc, 0xec, 0x01, 0xe5, 0x00, 0xac,
    0x03, 0xfd, 0x22, 0x01, 0x88, 0x80, 0x05, 0x10, 0x0f, 0xf9, 0x80, 0x33, 0x80, 0x5a, 0x01, 0xff,
    0xb4, 0x03, 0x18, 0x04, 0x40, 0x1f, 0xf9, 0x80, 0x3f, 0xf9, 0xc4, 0x01, 0x10, 0x07, 0xfe, 0x60,
    0x0c, 0xc0, 0x16, 0x00, 0x7f, 0xec, 0x00, 0xc4, 0x40, 0x02, 0x10, 0x07, 0xf8, 0x5c, 0x03, 0xa8,
    0x02, 0xe0, 0x0f, 0xf5, 0x88, 0x07, 0x31, 0x00, 0x0e, 0xc4, 0x03, 0xe9, 0x50, 0x0f, 0x0f, 0x00,
    0x49, 0xee, 0x42, 0x04, 0xfa, 0xc0, 0x1f, 0x8e, 0x84, 0x00, 0x31, 0xbd, 0xfb, 0x04, 0x00, 0x90,
    0x0f, 0x97, 0x48, 0x03, 0xf8, 0x69, 0xc0, 0x3f, 0x1e, 0xca, 0x00, 0x71, 0xc7, 0xa8, 0x07, 0xfc,
    0xd7, 0xfb, 0x9b, 0xd8, 0xe2, 0x03, 0xff, 0x38, 0x00, 0xfc, 0x28, 0xa8, 0x60, 0x1f, 0xfc, 0x11,
    0x7d, 0xeb, 0xab, 0xce, 0xa3, 0x00, 0xfe, 0x4f, 0x82, 0x00, 0xe1, 0x5c, 0x80, 0x0f, 0x9a, 0xc4,
    0x02, 0x23, 0x30, 0x80, 0x4f, 0x60, 0x1c, 0x92, 0x01, 0x3e, 0xeb, 0x31, 0xd4, 0x40, 0x04, 0x90,
    0x08, 0x68, 0x00, 0x37, 0x04, 0x01, 0x97, 0x10, 0x00, 0xc8, 0x00, 0x91, 0x00, 0x5a, 0x00, 0x7c,
    0x34, 0x40, 0x08, 0x00, 0x28, 0x00, 0xd4, 0x03, 0xf8, 0x6c, 0x00, 0x64, 0x50, 0x02, 0xc0, 0x3f,
    0xe7, 0x00, 0x91, 0xc0, 0x2e, 0x77, 0xff, 0x98, 0x40, 0x1c, 0x60, 0x13, 0x44, 0x7f, 0xe1, 0x00,
    0x08, 0x07, 0xff, 0x20, 0xc8, 0x02, 0x9d, 0xdf, 0xfe, 0x1d, 0xb0, 0x05, 0xe4, 0x5f, 0xfc, 0x31,
    0x23, 0x00, 0x38, 0x80, 0x7f, 0xf1, 0x28, 0x00, 0x36, 0x01, 0xff, 0x10, 0x06, 0x62, 0x00, 0x2d,
    0x08, 0x07, 0xc3, 0x38, 0x60, 0x1b, 0x84, 0x00, 0xbe, 0xe6, 0x20, 0x26, 0xfe, 0xc3, 0xc2, 0x01,
    0x1d, 0x08, 0x00, 0x63, 0x3b, 0xfb, 0x20, 0x40, 0x0c, 0x01, 0xc9, 0x88, 0x01, 0xff, 0x3d, 0x88,
    0x07, 0x15, 0xd9, 0x84, 0x03, 0x8d, 0xf6, 0x00, 0x3f, 0x92, 0x7b, 0x99, 0x8d, 0xec, 0x82, 0x00,
    0xc0, 0x00, 0xfc, 0x4a, 0xca, 0x60, 0x1f, 0x93, 0x75, 0x53, 0x59, 0xaa, 0x01, 0xcd, 0x64, 0x01,
    0xc4, 0x40, 0x0c, 0x52, 0x01, 0x1a, 0xa8, 0x41, 0x80, 0x35, 0x80, 0x51, 0x95, 0x4e, 0xb1, 0x00,
    0xc8, 0x00, 0x27, 0x00, 0xc8, 0x01, 0xc4, 0x00, 0x70, 0x0f, 0xfe, 0x11, 0x00, 0x7c, 0x24, 0x50,
    0x04, 0x24, 0x5c, 0x20, 0xfb, 0xb0, 0x04, 0xdb, 0xbc, 0xe0, 0x1f, 0xfc, 0x52, 0x28, 0x02, 0x12,
    0x2e, 0x30, 0x6d, 0xd8, 0x02, 0x4d, 0xde, 0x50, 0x0f, 0xff, 0xf8, 0x07, 0xff, 0xfc, 0x03, 0xff,
    0xfe, 0x01, 0xff, 0xc4, 0x00, 0xfc, 0x26, 0x88, 0x30, 0x0e, 0x22, 0x84, 0x03, 0x85, 0xf3, 0xb2,
    0xed, 0x9d, 0x46, 0x00, 0x9d, 0xd5, 0x00, 0x65, 0xf8, 0x30, 0x0e, 0x15, 0xca, 0x10, 0x0f, 0xa2,
    0x84, 0x03, 0x09, 0x00, 0x65, 0xa7, 0x00, 0xe6, 0x70, 0x08, 0xeb, 0xb9, 0xbf, 0x8c, 0x00, 0x43,
    0x00, 0xc7, 0x20, 0x14, 0x62, 0x88, 0x04, 0x73, 0x84, 0x01, 0xe9, 0x00, 0x9d, 0xc0, 0x1f, 0x8f,
    0x84, 0x03, 0x0a, 0x00, 0x06, 0x00, 0x3f, 0xc6, 0xc0, 0x18, 0x84, 0x00, 0xc0, 0x1f, 0xfa, 0x80,
    0x33, 0x00, 0x5c, 0x01, 0xff, 0x88, 0x40, 0x23, 0x00, 0x8c, 0x03, 0xff, 0x82, 0x60, 0x11, 0x80,
    0x46, 0x01, 0xff, 0xc1, 0x20, 0x09, 0x80, 0x2f, 0x00, 0xff, 0xc6, 0x01, 0x8c, 0x40, 0x0c, 0x20,
    0x1f, 0xf5, 0x00, 0x73, 0x00, 0x54, 0x01, 0xfe, 0x46, 0x00, 0xe9, 0x10, 0x02, 0x50, 0x80, 0x7c,
    0xb4, 0x01, 0xe1, 0xa0, 0x09, 0x7e, 0x0c, 0x84, 0x9a, 0xe8, 0x40, 0x3e, 0x49, 0x00, 0x85, 0xf3,
    0x7b, 0x65, 0x00, 0x0c, 0x20, 0x1e, 0x6c, 0x30, 0x0f, 0xe1, 0x89, 0x00, 0xfc, 0x79, 0x6a, 0x20,
    0x18, 0xdf, 0xdc, 0x04, 0x00, 0x20, 0x1e, 0x4a, 0xef, 0xde, 0xfc, 0x81, 0x01, 0x00, 0x8c, 0x03,
    0xfc, 0x42, 0x01, 0xc8, 0x01, 0x78, 0x04, 0x20, 0x1f, 0xfc, 0x1e, 0x00, 0x90, 0x00, 0x3e, 0xe0,
    0x1f, 0xf3, 0x20, 0x00, 0xc8, 0x01, 0x63, 0x1a, 0xe4, 0x01, 0xe2, 0x99, 0x00, 0x50, 0x00, 0x25,
    0x00, 0x14, 0x6e, 0xae, 0xa6, 0xb7, 0x4c, 0x01, 0x3a, 0x00, 0x0b, 0x08, 0x03, 0x12, 0x2b, 0x29,
    0x00, 0x67, 0x80, 0x0c, 0x7b, 0x6a, 0x20, 0x1f, 0xcb, 0x90, 0x01, 0xf2, 0x57, 0x64, 0xc3, 0xb3,
    0xc5, 0xf5, 0x18, 0x06, 0x23, 0x38, 0x03, 0xff, 0x89, 0x59, 0x91, 0x00, 0x7f, 0xff, 0xc0, 0x3f,
    0xff, 0x02, 0x68, 0x83, 0x10, 0x0f, 0xfc, 0x97, 0xf9, 0x76, 0xce, 0xb5, 0x00, 0xfe, 0xab, 0x41,
    0x00, 0xe4, 0xab, 0x10, 0x0f, 0x72, 0x80, 0x61, 0x00, 0xe4, 0xa0, 0x0f, 0x18, 0x0b, 0xe7, 0xf7,
    0xda, 0x80, 0x48, 0xe0, 0x1e, 0x2d, 0x83, 0x00, 0x92, 0xa0, 0x02, 0xa0, 0x0f, 0x71, 0x80, 0x7c,
    0xe8, 0x00, 0x23, 0x00, 0xca, 0x60, 0x1f, 0xda, 0x01, 0x28, 0x06, 0xf0, 0x0f, 0xf2, 0x80, 0x42,
    0x01, 0x98, 0x03, 0xfc, 0x40, 0x17, 0x80, 0x61, 0x00, 0xff, 0xe1, 0x08, 0x07, 0xff, 0xfc, 0x03,
    0xff, 0xfe, 0x01, 0xff, 0xe6, 0x02, 0x9b, 0x60, 0x07, 0xb2, 0x4b, 0x91, 0x00, 0x2c, 0x21, 0x00,
    0x8c, 0x28, 0xc5, 0xa4, 0x13, 0x3a, 0x44, 0x03, 0xff, 0x82, 0x24, 0x50, 0x02, 0x77, 0x62, 0x00,
    0xff, 0xff, 0x80, 0x7f, 0xf6, 0xc0, 0x00, 0xf8, 0x62, 0xe0, 0x40, 0x3e, 0xb7, 0x47, 0x80, 0x0f,
    0x90, 0x02, 0x40, 0x0f, 0x88, 0x02, 0x60, 0x0f, 0xb9, 0x05, 0x24, 0x03, 0xe2, 0xbe, 0xb2, 0x00,
    0xff, 0xe9, 0x89, 0x14, 0x20, 0x1f, 0x26, 0xec, 0xa0, 0x1f, 0xff, 0xf0, 0x0f, 0xff, 0xf8, 0x07,
    0xff, 0xfc, 0x03, 0xff, 0x94, 0x60, 0x1f, 0xf7, 0x80, 0x4c, 0x04, 0x20, 0x11, 0x38, 0x00, 0x48,
    0x27, 0xea, 0x27, 0x04, 0x00, 0xc0, 0x48, 0x2a, 0xec, 0x20, 0x03, 0x90, 0x11, 0x00, 0x79, 0x74,
    0x40, 0xfa, 0xe5, 0xdd, 0x1b, 0x42, 0x00, 0x23, 0x38, 0x03, 0xff, 0x8b, 0x59, 0x91, 0x00, 0x7f,
    0xff, 0xc0, 0x3f, 0xff, 0xe0, 0x1f, 0x11, 0x61, 0x00, 0xff, 0xe1, 0xce, 0xed, 0xc0, 0x1f, 0xfc,
    0x3a, 0x60, 0x01, 0xe8, 0x80, 0x7f, 0xe1, 0xb5, 0x00, 0x26, 0x88, 0x07, 0xfe, 0x1d, 0x40, 0x02,
    0x50, 0x80, 0x7f, 0xe2, 0xc3, 0x00, 0x25, 0x08, 0x07, 0xfe, 0x3c, 0x20, 0x02, 0x58, 0x80, 0x7f,
    0xe4, 0xd1, 0x00, 0x25, 0x80, 0x7f, 0xf0, 0x56, 0xc4, 0x00, 0xb6, 0x01, 0xff, 0xc1, 0x6a, 0x00,
    0xde, 0x01, 0xff, 0xc1, 0xb9, 0x00, 0xeb, 0x20, 0x0f, 0xfc, 0xc0, 0x11, 0x00, 0x07, 0x84, 0x03,
    0xff, 0x85, 0x58, 0x20, 0x03, 0xb0, 0x0f, 0xfc, 0x36, 0xa3, 0xa0, 0x12, 0xb0, 0x07, 0xf8, 0x69,
    0x00, 0x07, 0x20, 0x14, 0x98, 0x07, 0xf5, 0x20, 0x06, 0x66, 0x00, 0x5a, 0x20, 0x1f, 0x98, 0x03,
    0xd2, 0x80, 0x01, 0xd0, 0x0f, 0xfe, 0x25, 0x10, 0x00, 0xe4, 0x03, 0xff, 0x86, 0x3c, 0x01, 0x32,
    0x80, 0x7f, 0xf0, 0xce, 0x80, 0x2b, 0x30, 0x0f, 0xfe, 0x1a, 0xb8, 0x00, 0x78, 0x40, 0x23, 0x38,
    0x2b, 0x32, 0x20, 0x0f, 0xff, 0xf8, 0x07, 0xff, 0xc0, 0x12, 0x28, 0x03, 0x09, 0xa2, 0x08, 0x03,
    0xfc, 0x26, 0xa8, 0x40, 0x1e, 0x9d, 0xd6, 0x00, 0x16, 0xfb, 0x2e, 0xdb, 0xd2, 0x40, 0x18, 0x5f,
    0x3b, 0x2a, 0xf7, 0xa0, 0x40, 0x3f, 0x55, 0x10, 0x03, 0x85, 0xb1, 0x40, 0x09, 0x90, 0x60, 0x1c,
    0x2f, 0xe8, 0x01, 0xea, 0x50, 0x0f, 0xe1, 0xa4, 0x5b, 0x20, 0x0f, 0xe1, 0xb3, 0x00, 0xc2, 0xa0,
    0x31, 0xbf, 0xed, 0x81, 0x00, 0xaa, 0xc0, 0x05, 0x3b, 0xfe, 0xc8, 0x00, 0xde, 0x01, 0xe2, 0xc7,
    0x20, 0x01, 0x3e, 0x10, 0x00, 0x44, 0x07, 0x8c, 0x40, 0x03, 0x7c, 0x10, 0x01, 0xa0, 0x07, 0x79,
    0x00, 0x78, 0xa0, 0x03, 0x0e, 0x88, 0x07, 0x8e, 0x00, 0x2c, 0x00, 0xca, 0x40, 0x1f, 0x94, 0x40,
    0x26, 0x10, 0x0f, 0xce, 0x01, 0x18, 0x06, 0xf0, 0x0f, 0xf2, 0x80, 0x58, 0x01, 0xfc, 0x24, 0x00,
    0x60, 0x0c, 0xc0, 0x1f, 0xe1, 0x00, 0x94, 0x03, 0xfc, 0x20, 0x1f, 0x08, 0x07, 0xff, 0x08, 0x40,
    0x3f, 0xce, 0x01, 0xff, 0xff, 0x00, 0xff, 0xff, 0x80, 0x7f, 0xff, 0xc0, 0x3f, 0xff, 0xe0, 0x1f,
    0xfd, 0xf0, 0x12, 0x28, 0x03, 0x8d, 0x10, 0x62, 0x01, 0xe9, 0xdd, 0x60, 0x00, 0xeb, 0xb2, 0xed,
    0x9d, 0x6a, 0x01, 0xfd, 0x38, 0xa2, 0x01, 0xc9, 0x56, 0x20, 0x1e, 0xa6, 0x00, 0xc2, 0x01, 0xc9,
    0x40, 0x1c, 0x2a, 0x02, 0xf9, 0xfd, 0xf6, 0xa0, 0x12, 0x38, 0x07, 0x8b, 0x60, 0xc0, 0x24, 0xa8,
    0x00, 0xa8, 0x03, 0xdc, 0x60, 0x1f, 0x3a, 0x00, 0x08, 0xc0, 0x32, 0x98, 0x07, 0xf6, 0x80, 0x4a,
    0x01, 0xbc, 0x03, 0xfc, 0xa0, 0x10, 0x80, 0x66, 0x00, 0xff, 0x10, 0x05, 0xe0, 0x18, 0x40, 0x3f,
    0xf8, 0x42, 0x01, 0xff, 0xff, 0x00, 0xff, 0xff, 0x80, 0x7f, 0xf9, 0x80, 0x00, 0xfc, 0x26, 0x8a,
    0x82, 0x01, 0xff, 0xc2, 0x6c, 0xec, 0xba, 0xbe, 0xc7, 0x10, 0x0f, 0xe4, 0xd9, 0x30, 0x0f, 0x1c,
    0x7a, 0x80, 0x7c, 0xb6, 0x40, 0x18, 0x44, 0x01, 0x86, 0x9c, 0x03, 0x92, 0x80, 0x23, 0x9e, 0xeb,
    0xe9, 0x00, 0x28, 0x60, 0x08, 0x64, 0x02, 0x6c, 0x61, 0x00, 0x96, 0xe0, 0x02, 0x82, 0x00, 0x31,
    0x00, 0x16, 0x40, 0x3f, 0x3b, 0x80, 0x03, 0x60, 0x0a, 0x00, 0xac, 0x03, 0xfd, 0x02, 0x00, 0x71,
    0x22, 0x00, 0x14, 0x40, 0x3f, 0xe6, 0x00, 0x0a, 0xb8, 0x05, 0xa0, 0x1f, 0xfb, 0x40, 0x23, 0x30,
    0x04, 0x40, 0x1f, 0xf9, 0x80, 0x2f, 0x00, 0xff, 0xe5, 0x10, 0x04, 0x40, 0x1f, 0xf9, 0x80, 0x2e,
    0x60, 0x0b, 0x00, 0x3f, 0xf6, 0x00, 0x44, 0x43, 0x00, 0x21, 0x00, 0x7f, 0x85, 0xc0, 0x02, 0x81,
    0x40, 0x17, 0x00, 0x7f, 0xac, 0x40, 0x0c, 0x00, 0x63, 0x00, 0x1d, 0x88, 0x07, 0xd2, 0xa0, 0x01,
    0x90, 0x0b, 0x84, 0x00, 0x9e, 0xe4, 0x20, 0x4d, 0xac, 0x01, 0x58, 0x80, 0x45, 0x42, 0x00, 0x18,
    0xde, 0xfd, 0x92, 0x00, 0xa5, 0x40, 0x39, 0x3d, 0x00, 0x3f, 0xc5, 0x8c, 0x01, 0xf0, 0xdd, 0x94,
    0x40, 0x30, 0xa5, 0x69, 0x80, 0x7f, 0x92, 0xbb, 0x73, 0x1b, 0xd6, 0xa0, 0x1e, 0x12, 0x28, 0x03,
    0x8d, 0x15, 0x04, 0x03, 0xf4, 0xee, 0xb0, 0x00, 0x53, 0xd9, 0x75, 0x7d, 0x8e, 0x20, 0x1f, 0xe8,
    0xd6, 0x10, 0x0e, 0x38, 0xc3, 0x00, 0xfd, 0x0e, 0x01, 0x84, 0x40, 0x18, 0xb1, 0x80, 0x3c, 0x2e,
    0x00, 0x4b, 0xfe, 0xea, 0x48, 0x02, 0x93, 0x00, 0xfd, 0x36, 0x80, 0x10, 0xb6, 0x28, 0x05, 0xc2,
    0x01, 0xe8, 0x60, 0x0f, 0x86, 0x8c, 0x00, 0x4c, 0x01, 0xc4, 0xe0, 0x1f, 0xee, 0x00, 0xac, 0x03,
    0xa8, 0x03, 0xfe, 0x24, 0x00, 0x18, 0x80, 0x64, 0x00, 0xff, 0xc6, 0x01, 0x10, 0x06, 0x10, 0x0f,
    0xfd, 0xc0, 0x13, 0x80, 0x7f, 0xf3, 0x98, 0x03, 0xff, 0x70, 0x04, 0xe0, 0x1b, 0x00, 0x3f, 0xf2,
    0x00, 0x44, 0x01, 0x94, 0x03, 0xfe, 0x33, 0x00, 0x0c, 0x40, 0x31, 0x48, 0x07, 0xf0, 0xf0, 0x05,
    0x40, 0x1e, 0x68, 0x00, 0xf8, 0x68, 0x80, 0x06, 0xc0, 0x1f, 0x3e, 0x31, 0x00, 0x9c, 0x7a, 0x00,
    0x07, 0x80, 0x3c, 0xe0, 0x03, 0x9d, 0xfe, 0xc7, 0x10, 0x00, 0xd1, 0x00, 0x7a, 0xa8, 0x20, 0x1f,
    0xc7, 0x88, 0x01, 0xf9, 0x7d, 0xc8, 0x03, 0x0a, 0x56, 0x10, 0x07, 0xf8, 0x63, 0x7b, 0x73, 0x7a,
    0xd4, 0x03, 0xff, 0x86, 0x24, 0x64, 0x01, 0xff, 0xff, 0x00, 0xff, 0xf0, 0x5c, 0xcc, 0x60, 0x1f,
    0xfc, 0x50, 0x00, 0xfc, 0x28, 0xa8, 0x40, 0x1c, 0x45, 0x08, 0x07, 0x0b, 0xef, 0x5d, 0x5e, 0xf4,
    0x90, 0x0e, 0xec, 0xc0, 0x19, 0x3e, 0x08, 0x03, 0x85, 0xb1, 0xc0, 0x3f, 0x3d, 0x88, 0x06, 0x11,
    0x00, 0x43, 0x12, 0x01, 0xe4, 0x80, 0x08, 0xe7, 0xbb, 0x52, 0x00, 0x1c, 0x03, 0x86, 0x80, 0x26,
    0xc6, 0x10, 0x00, 0xad, 0xc0, 0x07, 0xd2, 0x20, 0x05, 0x90, 0x0f, 0xce, 0xc0, 0x1e, 0x50, 0x0a,
    0xc0, 0x3f, 0xd2, 0x20, 0x18, 0x88, 0x00, 0x51, 0x00, 0xff, 0x98, 0x03, 0x38, 0x05, 0xa0, 0x1f,
    0xfb, 0x40, 0x31, 0x80, 0x44, 0x01, 0xff, 0x98, 0x03, 0xff, 0x9c, 0x40, 0x11, 0x00, 0x7f, 0xe6,
    0x00, 0xcc, 0x01, 0x60, 0x07, 0xfe, 0xc0, 0x0c, 0x44, 0x00, 0x21, 0x00, 0x7f, 0x85, 0xc0, 0x3a,
    0x80, 0x2e, 0x00, 0xff, 0x58, 0x80, 0x73, 0x10, 0x00, 0xec, 0x40, 0x3e, 0x95, 0x00, 0xf0, 0xf0,
    0x04, 0x9e, 0xe4, 0x20, 0x4f, 0xac, 0x01, 0xf8, 0xe8, 0x40, 0x03, 0x1b, 0xdf, 0xb0, 0x40, 0x07,
    0x00, 0xf9, 0x74, 0x80, 0x3f, 0x8a, 0xec, 0x01, 0xf8, 0xf6, 0x50, 0x03, 0x8e, 0x31, 0x00, 0x3f,
    0xe6, 0xbf, 0xdc, 0xde, 0xc7, 0x10, 0x0f, 0xfe, 0x19, 0x19, 0x08, 0x07, 0xff, 0xfc, 0x03, 0xff,
    0xe2, 0x53, 0x32, 0x00, 0x12, 0x28, 0x03, 0x09, 0xa0, 0xce, 0xeb, 0x00, 0x09, 0x5f, 0x96, 0xa0,
    0x1d, 0x16, 0xa2, 0x01, 0xf3, 0xb8, 0x03, 0xf8, 0x60, 0x00, 0x73, 0x78, 0xa0, 0x1e, 0xac, 0x64,
    0x31, 0x00, 0xea, 0x50, 0x0f, 0xe3, 0x50, 0x0f, 0xf5, 0x00, 0x7f, 0xca, 0x01, 0xff, 0x08, 0x07,
    0xff, 0xfc, 0x03, 0xff, 0xd0, 0x00, 0xf8, 0x91, 0x50, 0xc8, 0x03, 0xf8, 0xa3, 0x75, 0x75, 0x79,
    0xbd, 0x4a, 0x01, 0xcb, 0x8e, 0x40, 0x1e, 0x15, 0xad, 0x10, 0x02, 0xd0, 0x80, 0x42, 0x66, 0x10,
    0x0c, 0xc2, 0x00, 0xb0, 0x09, 0xf7, 0xb3, 0x1d, 0xca, 0x40, 0x80, 0x02, 0x08, 0x01, 0xe0, 0x80,
    0x30, 0xad, 0xe1, 0x80, 0x08, 0x02, 0xb0, 0x0f, 0xe3, 0x00, 0x8c, 0x02, 0x40, 0x0f, 0xfe, 0x0b,
    0x80, 0x51, 0x24, 0x01, 0xff, 0x12, 0x80, 0x4d, 0xba, 0xa6, 0x41, 0x00, 0xfa, 0xd0, 0x03, 0x12,
    0xcd, 0xf5, 0xb0, 0x80, 0x61, 0xbb, 0x28, 0x07, 0xc9, 0x3e, 0x80, 0x1c, 0x95, 0xd9, 0x2c, 0x60,
    0x18, 0x6c, 0xc0, 0x3c, 0x26, 0xd3, 0x9f, 0x26, 0x01, 0x48, 0x07, 0xfe, 0x6d, 0x10, 0x03, 0x80,
    0x7f, 0xf0, 0x44, 0x80, 0x06, 0x00, 0xb6, 0x00, 0xfe, 0x23, 0x00, 0x10, 0x2a, 0x4f, 0x4a, 0x88,
    0x04, 0x4d, 0xe0, 0x15, 0x04, 0x00, 0x05, 0xab, 0xbf, 0xbf, 0x64, 0x80, 0x08, 0xc1, 0xc6, 0x01,
    0xe1, 0x00, 0xe5, 0xa0, 0x01, 0xe6, 0x1c, 0xc0, 0x3c, 0x4d, 0x94, 0x20, 0x18, 0xe3, 0x3f, 0x73,
    0x1b, 0xdb, 0x26, 0x01, 0x00, 0xd1, 0x12, 0x80, 0x7f, 0xce, 0xf7, 0x80, 0x7f, 0xf6, 0x44, 0x8a,
    0x00, 0xc4, 0x5c, 0x20, 0xfb, 0xb0, 0x04, 0xbb, 0xbc, 0xe0, 0x1f, 0xfc, 0x52, 0x28, 0x02, 0x12,
    0x2e, 0x30, 0x6d, 0xd8, 0x02, 0x4d, 0xde, 0x50, 0x0f, 0xff, 0xf8, 0x07, 0xff, 0xfc, 0x03, 0xf0,
    0x80, 0x7f, 0xc4, 0x00, 0x51, 0x00, 0xff, 0x20, 0x00, 0x6c, 0x40, 0x07, 0x00, 0x1d, 0x60, 0x12,
    0xf7, 0x58, 0xe6, 0x01, 0x8a, 0x40, 0x30, 0x88, 0x01, 0x40, 0x1c, 0xd8, 0x80, 0x18, 0x5a, 0x00,
    0x3c, 0x77, 0xdb, 0x9d, 0xc9, 0x10, 0x22, 0xc0, 0x1f, 0xf0, 0x91, 0x41, 0x3b, 0xac, 0x00, 0xff,
    0x9f, 0x76, 0x30, 0x0f, 0xff, 0xf8, 0x07, 0xff, 0xfc, 0x03, 0xff, 0xc2, 0x20, 0x1f, 0xfc, 0x7f,
    0x00, 0xc2, 0x00, 0x11, 0x00, 0x7f, 0x88, 0x03, 0x10, 0x04, 0xa0, 0x1f, 0xc2, 0x80, 0x1b, 0x40,
    0x2e, 0x00, 0xfe, 0x91, 0x00, 0xc8, 0x20, 0x05, 0x60, 0x0f, 0x9d, 0xc0, 0x1c, 0x2c, 0x01, 0x4d,
    0x21, 0x09, 0x2e, 0x40, 0x07, 0xd2, 0x60, 0x12, 0xde, 0xf6, 0xd1, 0x80, 0x1c, 0x03, 0x87, 0x54,
    0x03, 0xf8, 0x6a, 0xc0, 0x3c, 0x35, 0x6a, 0x20, 0x18, 0x9f, 0xd4, 0x03, 0xf9, 0x2b, 0xb7, 0x31,
    0xdb, 0x02, 0x07, 0xff, 0x18, 0x02, 0x2c, 0x01, 0xff, 0xc1, 0x12, 0x28, 0x01, 0xdb, 0xac, 0x10,
    0x0f, 0xfd, 0x1b, 0xac, 0x10, 0x90, 0x00, 0xb8, 0x07, 0xfc, 0x2e, 0x00, 0x61, 0x05, 0x20, 0x05,
    0x80, 0x7f, 0xcc, 0x20, 0x0a, 0x00, 0xa8, 0x00, 0x48, 0x01, 0xfe, 0xa0, 0x02, 0x90, 0x04, 0xc0,
    0x17, 0x80, 0x7f, 0x29, 0x00, 0x38, 0x03, 0x0b, 0x00, 0x10, 0x80, 0x3f, 0x48, 0x00, 0xd0, 0x03,
    0xa8, 0x02, 0xb0, 0x0f, 0x8c, 0xc0, 0x0a, 0x00, 0xf1, 0xa0, 0x01, 0xc4, 0x03, 0xd2, 0x00, 0x16,
    0x00, 0xfb, 0xc0, 0x02, 0xe0, 0x1c, 0x4a, 0x00, 0x90, 0x0f, 0xc8, 0x40, 0x0b, 0x00, 0xea, 0x00,
    0x98, 0x03, 0xfa, 0xc0, 0x04, 0x80, 0x10, 0xb0, 0x01, 0x84, 0x03, 0xf9, 0xc4, 0x01, 0xe0, 0x13,
    0x88, 0x02, 0x80, 0x3f, 0xc2, 0xc0, 0x04, 0x20, 0x05, 0x80, 0x10, 0xc0, 0x3f, 0xea, 0x00, 0xac,
    0x10, 0x80, 0x1c, 0x01, 0xff, 0x89, 0x40, 0x0e, 0x3e, 0x00, 0x25, 0x00, 0xff, 0xe0, 0xc8, 0x00,
    0x61, 0x00, 0x14, 0x01, 0xff, 0xc2, 0x33, 0x00, 0x18, 0x00, 0x2c, 0x01, 0xff, 0xc3, 0x90, 0x0e,
    0x61, 0x00, 0xff, 0xe1, 0xa9, 0x00, 0x6a, 0x00, 0xff, 0xe2, 0xd0, 0x04, 0xa4, 0x01, 0xf8, 0x22,
    0x84, 0x03, 0xfe, 0x12, 0x20, 0x80, 0x7f, 0xc2, 0x45, 0x56, 0xeb, 0xc0, 0x3f, 0xe8, 0xdd, 0x78,
    0x07, 0xfd, 0x1b, 0xa8, 0xa0, 0x00, 0xa0, 0x07, 0xf0, 0xb8, 0x00, 0x54, 0x03, 0xfc, 0xe0, 0x0f,
    0x23, 0x00, 0x70, 0x07, 0xf3, 0x88, 0x05, 0xe0, 0x1f, 0xca, 0x20, 0x2a, 0x14, 0x00, 0x41, 0x00,
    0xfd, 0xa0, 0x19, 0x44, 0x03, 0xf7, 0x80, 0x1c, 0x00, 0xe0, 0x01, 0x70, 0x0f, 0x89, 0x00, 0x39,
    0xc0, 0x3e, 0x15, 0x00, 0x50, 0x00, 0x54, 0x01, 0xa0, 0x1f, 0x50, 0x00, 0xd8, 0x01, 0x40, 0x1f,
    0x30, 0x00, 0xcc, 0x01, 0x78, 0x01, 0x08, 0x03, 0xca, 0x00, 0xad, 0x00, 0x19, 0x00, 0x7a, 0xc0,
    0x16, 0x01, 0x94, 0x40, 0x0a, 0x01, 0xc8, 0x40, 0x07, 0x42, 0x00, 0x50, 0x07, 0x19, 0x80, 0x0c,
    0x01, 0xcc, 0x00, 0xa0, 0x0e, 0xe0, 0x02, 0x88, 0x50, 0x01, 0x40, 0x3a, 0x80, 0x08, 0x20, 0x1d,
    0x60, 0x02, 0x30, 0x08, 0x54, 0x01, 0xc0, 0x05, 0x00, 0x12, 0x00, 0x67, 0x00, 0x70, 0x07, 0x8c,
    0xc0, 0x0a, 0x00, 0x9c, 0x00, 0x48, 0x00, 0x24, 0x00, 0x70, 0x04, 0xa2, 0x02, 0xa0, 0x1f, 0x58,
    0x01, 0xc0, 0x2a, 0x00, 0x50, 0x06, 0xe0, 0x02, 0x88, 0x03, 0xc0, 0x0e, 0x01, 0xf9, 0x80, 0x02,
    0x80, 0x66, 0x00, 0x28, 0x06, 0x51, 0x00, 0x38, 0x0a, 0x80, 0x28, 0x03, 0xf0, 0xa0, 0x03, 0x82,
    0xc0, 0x08, 0x40, 0x1c, 0xc0, 0x0a, 0x06, 0x00, 0x11, 0x80, 0x7f, 0x70, 0x01, 0x45, 0x80, 0x1c,
    0x01, 0xeb, 0x00, 0x19, 0x58, 0x02, 0x80, 0x3f, 0xca, 0x20, 0x0a, 0x10, 0x15, 0x00, 0xf1, 0x98,
    0x01, 0x26, 0x00, 0x50, 0x0f, 0xf9, 0xc0, 0x08, 0x00, 0x60, 0x0f, 0xd4, 0x00, 0x40, 0x02, 0x10,
    0x07, 0xfd, 0x40, 0x1d, 0x60, 0x1f, 0x9c, 0x03, 0xb8, 0x03, 0xff, 0x19, 0x00, 0x46, 0x60, 0x0f,
    0xc2, 0xa0, 0x10, 0xa8, 0x07, 0xff, 0x06, 0x80, 0x2a, 0x00, 0xff, 0x70, 0x04, 0xe0, 0x1f, 0x02,
    0x2c, 0x01, 0xff, 0x11, 0x60, 0x05, 0xee, 0xce, 0x01, 0xfc, 0xfb, 0xb5, 0x00, 0x24, 0xc0, 0x10,
    0x80, 0x1f, 0x24, 0x00, 0x12, 0x00, 0x2e, 0x10, 0x04, 0x88, 0x07, 0x0c, 0x80, 0x0a, 0x80, 0x31,
    0x50, 0x00, 0xa8, 0x03, 0xa8, 0x80, 0x1c, 0x20, 0x1c, 0x8e, 0x00, 0x48, 0x00, 0xa1, 0x00, 0x10,
    0x60, 0x1f, 0x42, 0x00, 0x1d, 0x01, 0x1c, 0x00, 0xae, 0x01, 0xfd, 0x44, 0x00, 0xa3, 0xa0, 0x01,
    0x58, 0x07, 0xf8, 0x64, 0x00, 0x38, 0x20, 0x3c, 0x20, 0x1f, 0xf2, 0x40, 0x07, 0x59, 0x80, 0x7f,
    0xf0, 0x5d, 0x00, 0x25, 0x50, 0x07, 0xff, 0x08, 0xd4, 0x02, 0x42, 0x00, 0xff, 0xe0, 0x8f, 0x08,
    0x04, 0x3c, 0x01, 0xff, 0xc1, 0xb2, 0x00, 0x30, 0x00, 0xe4, 0x03, 0xfe, 0x75, 0x00, 0x3c, 0xb0,
    0x01, 0x98, 0x01, 0xfc, 0x90, 0x00, 0x48, 0x08, 0x30, 0x04, 0x98, 0x07, 0xc3, 0x40, 0x01, 0xa0,
    0x00, 0xf0, 0x80, 0x38, 0x40, 0x3d, 0x42, 0x00, 0xa1, 0x00, 0x8a, 0xc0, 0x05, 0x40, 0x1d, 0x08,
    0x00, 0x84, 0x00, 0xe5, 0x60, 0x02, 0x38, 0x04, 0xae, 0x00, 0x47, 0x00, 0xfa, 0x4c, 0x01, 0x08,
    0x05, 0x60, 0x02, 0xa0, 0x0f, 0xee, 0x10, 0x05, 0x10, 0x02, 0x2c, 0x01, 0xff, 0xc1, 0x12, 0x28,
    0x01, 0xdb, 0xac, 0x10, 0x0f, 0xfd, 0x1b, 0xac, 0x10, 0x90, 0x00, 0xb0, 0x07, 0xfc, 0x2e, 0x00,
    0x61, 0x05, 0x20, 0x05, 0x00, 0x7f, 0xcc, 0x20, 0x0a, 0x00, 0xa8, 0x00, 0x4a, 0x01, 0xfe, 0xa0,
    0x02, 0x90, 0x04, 0xc2, 0x00, 0xe0, 0x0f, 0xe5, 0x20, 0x07, 0x00, 0x61, 0x70, 0x02, 0x18, 0x07,
    0xee, 0x00, 0x1a, 0x00, 0x75, 0x80, 0x54, 0x01, 0xf1, 0xa0, 0x02, 0x40, 0x3c, 0x48, 0x00, 0x61,
    0x00, 0xf5, 0x00, 0x09, 0x40, 0x3e, 0xf0, 0x09, 0x80, 0x38, 0x58, 0x01, 0x40, 0x1f, 0x90, 0xc0,
    0x14, 0x01, 0xcc, 0x00, 0x16, 0x00, 0xfe, 0xa0, 0x01, 0x28, 0x06, 0xa0, 0x03, 0x88, 0x07, 0xf3,
    0x08, 0x02, 0x40, 0x25, 0x20, 0x05, 0x80, 0x7f, 0xd2, 0x00, 0x33, 0x00, 0x24, 0x00, 0x84, 0x01,
    0xff, 0x30, 0x05, 0x20, 0x66, 0x00, 0x78, 0x07, 0xfe, 0x16, 0x00, 0x29, 0x48, 0x00, 0xd0, 0x03,
    0xff, 0x83, 0x40, 0x14, 0x28, 0x02, 0x80, 0x3f, 0xf8, 0x46, 0x80, 0x05, 0x00, 0x0b, 0x00, 0x7f,
    0xf0, 0xfc, 0x03, 0x98, 0x03, 0xff, 0x88, 0x84, 0x01, 0xa4, 0x03, 0xff, 0x8b, 0x60, 0x13, 0x08,
    0x07, 0xff, 0x26, 0x80, 0x3f, 0xf8, 0xd6, 0x00, 0x43, 0x00, 0xff, 0xe2, 0xb9, 0x00, 0x3c, 0x03,
    0xfe, 0x87, 0x00, 0xc9, 0x00, 0x03, 0x40, 0x0f, 0xf1, 0x3c, 0x6d, 0x45, 0xd8, 0x02, 0xf0, 0x0f,
    0xfa, 0x00, 0x04, 0xae, 0x80, 0x14, 0x98, 0x07, 0xfd, 0x6a, 0x01, 0xe3, 0xa6, 0x00, 0xff, 0xc3,
    0x5b, 0x2e, 0xe8, 0xbc, 0x50, 0x0f, 0xfe, 0x08, 0x12, 0x2f, 0xfe, 0x20, 0x2e, 0xef, 0xff, 0x10,
    0x40, 0x3f, 0xf8, 0xce, 0x45, 0xff, 0x08, 0x04, 0x42, 0x7b, 0xbf, 0xef, 0x00, 0x87, 0xc0, 0x3f,
    0xe1, 0xe1, 0x00, 0x51, 0x00, 0x7f, 0xd6, 0x60, 0x08, 0x40, 0x0f, 0xf9, 0xd4, 0x00, 0xae, 0x01,
    0xff, 0x24, 0x00, 0x0e, 0xc0, 0x3f, 0xe2, 0xa0, 0x00, 0xf0, 0x80, 0x7f, 0x87, 0xc4, 0x01, 0x44,
    0x01, 0xff, 0x51, 0x00, 0x25, 0x00, 0x3f, 0xe8, 0x40, 0x03, 0x30, 0x03, 0xfe, 0x57, 0x00, 0x1c,
    0x80, 0x7f, 0xc7, 0x60, 0x02, 0xd0, 0x0f, 0xf8, 0x78, 0x40, 0x1c, 0x20, 0x1f, 0xf5, 0x10, 0x02,
    0x4c, 0x03, 0xfe, 0x84, 0x00, 0x3b, 0x00, 0x7f, 0xca, 0xe0, 0x13, 0xff, 0xff, 0xcc, 0x40, 0x1f,
    0xfd, 0x70, 0x00, 0xf8, 0x48, 0xc8, 0x03, 0x9b, 0x7b, 0x72, 0xc0, 0x34, 0xc8, 0x80, 0x3e, 0x36,
    0x00, 0xc5, 0xc0, 0x15, 0x80, 0x4b, 0xda, 0xe0, 0x11, 0x80, 0x56, 0x20, 0x1c, 0xe0, 0x02, 0x10,
    0x0f, 0xff, 0xf8, 0x07, 0xff, 0x1c, 0x40, 0x02, 0x01, 0xe6, 0x20, 0x03, 0x00, 0x6c, 0xe9, 0x00,
    0xb8, 0x03, 0x08, 0x80, 0x2a, 0x40, 0x0f, 0xeb, 0x30, 0x0d, 0x9a, 0xe0, 0x01, 0x90, 0x0c, 0x25,
    0x02, 0x00, 0x60, 0x0f, 0x88, 0x00, 0x20, 0x1f, 0xff, 0xf0, 0x0f, 0xfe, 0x43, 0x80, 0x08, 0x40,
    0x3c, 0x40, 0x14, 0x80, 0x7b, 0x40, 0x27, 0xda, 0x60, 0x09, 0x10, 0x01, 0x12, 0xf8, 0x06, 0xa6,
    0x00, 0xfe, 0x19, 0xeb, 0xa9, 0xa0, 0x03, 0x38, 0x43, 0x32, 0x70, 0x0f, 0xff, 0xf8, 0x07, 0xff,
    0xfc, 0x03, 0xff, 0x93, 0x33, 0x20, 0x13, 0x31, 0x00, 0x7e, 0x5c, 0xc6, 0xf4, 0x88, 0x07, 0xf0,
    0xb6, 0x08, 0x06, 0x73, 0x10, 0x08, 0xa0, 0x03, 0x1e, 0x74, 0x80, 0x4e, 0x01, 0xf3, 0x20, 0x00,
    0x48, 0x03, 0xe3, 0x00, 0xff, 0xbc, 0x02, 0x10, 0x0f, 0xff, 0xf8, 0x07, 0xff, 0x21, 0xc0, 0x3e,
    0x20, 0x0b, 0x84, 0x03, 0xc8, 0x40, 0x05, 0xee, 0x10, 0x06, 0x1f, 0x20, 0x08, 0x40, 0x3d, 0x24,
    0x01, 0xfc, 0x88, 0x00, 0x1d, 0xe9, 0x00, 0x62, 0x00, 0xa5, 0x08, 0x03, 0x84, 0x02, 0x60, 0x0f,
    0xff, 0xf8, 0x07, 0xff, 0x13, 0xc0, 0x21, 0x00, 0xf8, 0x80, 0x3f, 0xc6, 0xa0, 0x01, 0x20, 0x08,
    0xea, 0xf0, 0x02, 0x40, 0x0c, 0xea, 0x80, 0x10, 0xc0, 0x07, 0xf2, 0x69, 0x00, 0x66, 0x9a, 0xbd,
    0xb3, 0x00, 0xe0, 0x00, 0x8d, 0xa1, 0x84, 0x03, 0xe3, 0x55, 0x00, 0xd6, 0x4b, 0xcf, 0xb0, 0x07,
    0xaa, 0x90, 0x14, 0xa0, 0x18, 0x66, 0x84, 0x03, 0x20, 0x31, 0xa0, 0x0c, 0x5b, 0x80, 0x17, 0x10,
    0x06, 0x48, 0x32, 0xc0, 0x1a, 0xe9, 0x18, 0x40, 0x57, 0xdc, 0x60, 0x16, 0x20, 0x33, 0x00, 0x47,
    0x8a, 0x00, 0x10, 0x00, 0xd8, 0x92, 0xd0, 0x07, 0x0d, 0x51, 0x08, 0xdb, 0x14, 0x00, 0x00, 0xcb,
    0x59, 0x72, 0x80, 0x1e, 0x2c, 0xa5, 0x34, 0x6b, 0xb0, 0x80, 0x43, 0xe6, 0x31, 0x76, 0x70, 0x4d,
    0x00, 0xa0, 0x89, 0x8e, 0x88, 0x8c, 0x13, 0x70, 0x17, 0x09, 0x20, 0x0c, 0x70, 0x12, 0x04, 0x20,
    0x80, 0x1e, 0x40, 0x12, 0x70, 0x20, 0x0f, 0x88, 0x00, 0x2c, 0x04, 0x20, 0x1e, 0x20, 0x01, 0x14,
    0x0c, 0x01, 0xeb, 0x03, 0x10, 0xb0, 0x86, 0x00, 0xce, 0xc1, 0x20, 0x06, 0x60, 0x4e, 0x4c, 0xb6,
    0x01, 0xd4, 0x02, 0x98, 0x13, 0x66, 0x10, 0xcc, 0x00, 0x73, 0xfd, 0x44, 0x2b, 0x98, 0x02, 0x01,
    0x8d, 0xd4, 0x00, 0x54, 0xe4, 0x47, 0xa0, 0x44, 0x00, 0x65, 0x33, 0x00, 0x79, 0x88, 0x03, 0xcc,
    0xa6, 0x01, 0x90, 0xc3, 0x58, 0x44, 0xd4, 0x00, 0x00, 0xff, 0xeb, 0x98, 0x07, 0xff, 0x54, 0x9a,
    0xbb, 0x35, 0x00, 0x3f, 0xfa, 0x07, 0x19, 0xb2, 0xa2, 0x05, 0xe0, 0x1f, 0xfc, 0xc1, 0x5a, 0xec,
    0x73, 0x00, 0xf2, 0x00, 0x7f, 0xf2, 0x4d, 0xef, 0xa9, 0x44, 0x03, 0xff, 0xa0, 0x93, 0xb9, 0x08,
    0x01, 0xff, 0xd0, 0x26, 0xbe, 0xb6, 0x20, 0x0f, 0xfe, 0x81, 0xc6, 0x6c, 0xa0, 0x80, 0x7f, 0xf4,
    0x46, 0xb1, 0xcc, 0x03, 0xff, 0xaa, 0x8a, 0x01, 0xff, 0xd8, 0x20, 0x0f, 0xff, 0x71, 0x35, 0x98,
    0x07, 0xff, 0x4d, 0x23, 0x75, 0x28, 0xe0, 0x1f, 0xfc, 0xf1, 0x6a, 0xeb, 0x72, 0x00, 0xff, 0xe8,
    0x1b, 0xe7, 0x4a, 0x88, 0x07, 0xff, 0x3c, 0x56, 0x7b, 0x20, 0xc0, 0x3f, 0xfa, 0x2b, 0x7d, 0x4c,
    0x20, 0x1f, 0xfd, 0x4e, 0x40, 0x0f, 0xff, 0xf8, 0x07, 0xff, 0xfc, 0x03, 0xff, 0xfe, 0x01, 0xff,
    0xe9, 0x35, 0x76, 0x47, 0x00, 0xff, 0xe8, 0x8b, 0x6e, 0x54, 0x4d, 0x98, 0x07, 0xff, 0x40, 0x6a,
    0x48, 0x03, 0xff, 0xad, 0x68, 0x01, 0xff, 0xd7, 0x15, 0x00, 0xff, 0xe2, 0x0b, 0x45, 0x5c, 0xe0,
    0x07, 0xff, 0x04, 0xc0, 0x3f, 0xf8, 0x22, 0x03, 0x1f, 0x2e, 0xa8, 0xc8, 0x01, 0xff, 0xc1, 0x22,
    0x00, 0x7f, 0xe4, 0x1a, 0x71, 0x00, 0xff, 0xe4, 0x40, 0x07, 0xfc, 0x31, 0x04, 0x00, 0xff, 0xe5,
    0x2d, 0x08, 0x07, 0xe3, 0xc2, 0x40, 0x0f, 0xfe, 0x62, 0xf4, 0xa1, 0x88, 0x8d, 0x6f, 0x08, 0x03,
    0xff, 0x86, 0xc0, 0x1f, 0xf9, 0xaf, 0x3b, 0x99, 0x48, 0x01, 0x20, 0x07, 0xfe, 0x32, 0x00, 0xff,
    0xe5, 0xc2, 0x00, 0x7f, 0x87, 0x80, 0x3f, 0xf9, 0x83, 0x4e, 0x20, 0x1f, 0x2e, 0x10, 0x07, 0xff,
    0x34, 0x63, 0xe5, 0xd5, 0x1a, 0x36, 0x88, 0x03, 0xff, 0x9a, 0x16, 0x30, 0x0c, 0xef, 0xff, 0xcc,
    0x00, 0xc6, 0xc3, 0x72, 0xa0, 0x1a, 0xa2, 0x3f, 0xf9, 0x54, 0x01, 0x96, 0x6d, 0x42, 0x88, 0xa6,
    0x20, 0x0f, 0xfe, 0x51, 0x31, 0x15, 0x40, 0xa0, 0x03, 0xdd, 0xa4, 0x03, 0xff, 0x99, 0x3b, 0xb1,
    0x80, 0x7f, 0xe1, 0xce, 0xef, 0xfe, 0x16, 0x08, 0x07, 0xfe, 0x2b, 0xb9, 0xc0, 0x24, 0x31, 0x1f,
    0xfe, 0x11, 0xa0, 0x04, 0xf7, 0x71, 0x00, 0x6b, 0x44, 0xa0, 0x80, 0x3f, 0xf9, 0x45, 0x08, 0x95,
    0x80, 0x7f, 0xff, 0xc0, 0x3b, 0x44, 0x00, 0x84, 0x01, 0xff, 0xca, 0x24, 0x00, 0x0e, 0x80, 0x64,
    0xef, 0xf5, 0x80, 0x7f, 0xf3, 0x2f, 0xfd, 0xc8, 0x01, 0xff, 0xde, 0x19, 0x99, 0x40, 0x24, 0x30,
    0x0f, 0xfe, 0x11, 0xa0, 0x04, 0xb3, 0x30, 0x80, 0x68, 0x66, 0xa8, 0x40, 0x03, 0x9f, 0xff, 0xfc,
    0x2c, 0x10, 0x00, 0xd3, 0x35, 0x00, 0x1f, 0xc6, 0x01, 0xff, 0xca, 0x30, 0x0f, 0xff, 0x1e, 0x00,
    0x46, 0x60, 0x09, 0x5d, 0xff, 0xf8, 0x4a, 0x01, 0x19, 0x80, 0x2c, 0x00, 0xcb, 0xdb, 0xb0, 0x80,
    0x0e, 0xa2, 0x3f, 0xf8, 0x54, 0x60, 0x01, 0xdd, 0xb9, 0x40, 0x38, 0x48, 0x82, 0x01, 0x30, 0x07,
    0xff, 0x11, 0x80, 0x21, 0x22, 0x08, 0x07, 0x9e, 0x20, 0x80, 0x1f, 0xfc, 0xc4, 0x88, 0x38, 0x07,
    0x44, 0x1d, 0xd4, 0x20, 0x1f, 0xfc, 0xa1, 0xa7, 0x74, 0x40, 0x03, 0x08, 0x04, 0x26, 0x01, 0xff,
    0xca, 0x31, 0x00, 0x84, 0x03, 0xff, 0xbd, 0xe0, 0x11, 0x18, 0x07, 0xff, 0x28, 0xc8, 0x02, 0xf0,
    0x0c, 0xd9, 0x76, 0xc1, 0x00, 0x30, 0x07, 0xff, 0x11, 0x80, 0x03, 0x97, 0x6c, 0x60, 0x0e, 0x34,
    0x40, 0x80, 0x47, 0x71, 0x1f, 0xfc, 0x2b, 0x30, 0x08, 0x51, 0x06, 0x01, 0xe5, 0x66, 0x10, 0x06,
    0x47, 0x7f, 0xfe, 0x12, 0x00, 0x62, 0x66, 0x28, 0x04, 0x40, 0xf5, 0x32, 0xc1, 0x00, 0xff, 0xe5,
    0x0e, 0x4c, 0xa9, 0xc0, 0xa0, 0xb8, 0x02, 0x13, 0x00, 0xff, 0xe5, 0x18, 0x80, 0x5c, 0x50, 0x4b,
    0xdd, 0xfb, 0x10, 0x00, 0x33, 0xbb, 0xff, 0xc9, 0xb4, 0x84, 0x22, 0xf8, 0xe4, 0x00, 0xec, 0x45,
    0xff, 0xc9, 0x48, 0x30, 0x0f, 0xe2, 0x10, 0xe0, 0x0f, 0xfe, 0x59, 0x80, 0x7f, 0xff, 0xc0, 0x3f,
    0xff, 0xe0, 0x1f, 0xfd, 0xc4, 0x00, 0xfe, 0x31, 0x0c, 0x00, 0xff, 0xe5, 0xa5, 0x43, 0x37, 0xcf,
    0xc0, 0x04, 0xa6, 0x6f, 0xfe, 0x4c, 0x50, 0xbc, 0xcf, 0xd0, 0x40, 0x12, 0xcc, 0xff, 0xf2, 0x5c,
    0x40, 0x3f, 0xfb, 0x4b, 0xbf, 0xff, 0x6a, 0x80, 0x06, 0xff, 0xff, 0xf9, 0x3a, 0xb0, 0x40, 0x1f,
    0x15, 0x80, 0x19, 0x00, 0x3f, 0xf9, 0x25, 0x04, 0x01, 0xfc, 0x22, 0x0f, 0x00, 0xff, 0xe5, 0x90,
    0x07, 0xff, 0xfc, 0x03, 0xff, 0xfe, 0x01, 0xff, 0xdc, 0x50, 0x0f, 0xe4, 0x10, 0xc0, 0x0f, 0xfe,
    0x5a, 0xdc, 0xc4, 0x7d, 0x34, 0x00, 0x4c, 0x88, 0xff, 0xe4, 0xcd, 0x8b, 0x3b, 0xfc, 0xc2, 0x01,
    0x1b, 0xbf, 0xff, 0x25, 0x84, 0x04, 0x8b, 0xe1, 0x00, 0xe2, 0x2f, 0xfe, 0x48, 0x83, 0x7e, 0xef,
    0xde, 0xe0, 0x02, 0xcd, 0xdf, 0xfe, 0x4f, 0xb4, 0x08, 0x07, 0xc3, 0x20, 0x05, 0x30, 0x0f, 0xfe,
    0x48, 0xc0, 0x80, 0x7f, 0x08, 0x83, 0xc0, 0x3f, 0xf9, 0x62, 0x01, 0xff, 0xff, 0x00, 0xff, 0xff,
    0x80, 0x7f, 0xf7, 0x18, 0x03, 0xf9, 0x44, 0x2c, 0x03, 0xff, 0x96, 0xd3, 0x73, 0x3f, 0x5d, 0x00,
    0x0f, 0xaa, 0x67, 0xff, 0x91, 0x72, 0x00, 0xff, 0xea, 0x0a, 0x80, 0x7f, 0xf5, 0xd3, 0xeb, 0x4c,
    0x03, 0xff, 0xa8, 0x96, 0x20, 0x5a, 0x60, 0x1f, 0xfd, 0x24, 0xb0, 0x0c, 0x3a, 0x60, 0x1f, 0xfd,
    0x04, 0xb0, 0x0f, 0x0c, 0x00, 0x7f, 0xf3, 0xd2, 0xc0, 0x3f, 0x30, 0x07, 0xff, 0x39, 0x2c, 0x03,
    0xfa, 0xc0, 0x3f, 0xf9, 0xa9, 0x60, 0x1f, 0xd0, 0xc0, 0x1f, 0xfc, 0xc4, 0xb0, 0x0f, 0xe8, 0x70,
    0x0f, 0xfe, 0x62, 0x58, 0x07, 0xf4, 0x38, 0x07, 0x36, 0x40, 0x80, 0x7f, 0xf0, 0xd2, 0xc0, 0x3f,
    0xa1, 0xc0, 0x3a, 0x64, 0x6f, 0x42, 0x01, 0xff, 0xc1, 0x4b, 0x00, 0xfe, 0x87, 0x00, 0xe9, 0x60,
    0x09, 0x28, 0x40, 0x3f, 0xe4, 0xb0, 0x0f, 0xe8, 0x70, 0x0e, 0x86, 0x00, 0xe4, 0xa1, 0x00, 0xfe,
    0x4b, 0x00, 0xfe, 0x87, 0x00, 0xf2, 0x80, 0x7c, 0x94, 0x20, 0x1f, 0x25, 0x80, 0x7f, 0x43, 0x80,
    0x7c, 0xe0, 0x1f, 0x92, 0x84, 0x03, 0x92, 0xc0, 0x3f, 0xa1, 0xc0, 0x3f, 0x41, 0x00, 0x7e, 0x4a,
    0x10, 0x09, 0x2c, 0x03, 0xfa, 0x1c, 0x03, 0xf8, 0xbc, 0x80, 0x3f, 0x25, 0x08, 0x25, 0x80, 0x7f,
    0x43, 0x80, 0x7f, 0xc5, 0xe4, 0x01, 0xf9, 0x29, 0x6c, 0x03, 0xfa, 0x1c, 0x03, 0xff, 0x82, 0x5e,
    0x40, 0x1f, 0x92, 0x80, 0x3f, 0xa1, 0xc0, 0x3f, 0xf8, 0x65, 0xe4, 0x01, 0xff, 0xc5, 0x87, 0x00,
    0xff, 0xe2, 0x97, 0x90, 0x07, 0xff, 0x0e, 0x1c, 0x03, 0xff, 0x8e, 0x5e, 0x40, 0x1f, 0xfc, 0x18,
    0x70, 0x0f, 0xfe, 0x49, 0x61, 0x00, 0x7f, 0xd0, 0xe0, 0x1f, 0xfc, 0xb1, 0xc2, 0x00, 0xfe, 0x97,
    0x00, 0xff, 0xe6, 0x8e, 0x10, 0x07, 0xd2, 0xc0, 0x1f, 0xfc, 0xf1, 0xc2, 0x00, 0xe9, 0x60, 0x0f,
    0xfe, 0x88, 0xe1, 0x00, 0x52, 0xc0, 0x1f, 0xfd, 0x31, 0xc6, 0x3a, 0x60, 0x0f, 0xfe, 0x48, 0x00,
    0x88, 0x80, 0x1f, 0xfc, 0x41, 0x20, 0x0e, 0x1a, 0xdd, 0x50, 0x80, 0x7f, 0xf0, 0x67, 0xb6, 0xc8,
    0x00, 0x3a, 0xa0, 0x05, 0xa1, 0x00, 0xff, 0xa9, 0x80, 0x09, 0xe4, 0x12, 0x60, 0x19, 0x28, 0x40,
    0x3f, 0xa9, 0x40, 0x31, 0x40, 0x28, 0x07, 0x92, 0x84, 0x03, 0xea, 0x50, 0x0f, 0x28, 0xb8, 0x07,
    0xc9, 0x42, 0x01, 0xd4, 0xa0, 0x1f, 0x18, 0xc8, 0x80, 0x7c, 0x94, 0x20, 0x15, 0x28, 0x07, 0xe8,
    0x03, 0xd1, 0x00, 0xf9, 0x28, 0x42, 0x94, 0x03, 0xf5, 0x20, 0x00, 0xf4, 0x40, 0x3e, 0x4a, 0xa2,
    0x80, 0x7e, 0xa5, 0x00, 0xc7, 0xa2, 0x01, 0xf2, 0x28, 0x07, 0xea, 0x50, 0x0f, 0x1e, 0x88, 0x07,
    0xff, 0x0e, 0x94, 0x03, 0xf1, 0xe8, 0x80, 0x7f, 0xf0, 0x69, 0x40, 0x3f, 0xc7, 0xa2, 0x01, 0xff,
    0x52, 0x80, 0x7f, 0xe3, 0xd0, 0x0f, 0xf5, 0x28, 0x07, 0xff, 0x0a, 0x40, 0x3f, 0xdc, 0x20, 0x1f,
    0xfc, 0x1a, 0x50, 0x0f, 0xf2, 0x50, 0x80, 0x7f, 0xd4, 0xa0, 0x1f, 0xf9, 0x28, 0x40, 0x3f, 0xa9,
    0x40, 0x3f, 0xf8, 0x49, 0x42, 0x01, 0xf5, 0x28, 0x07, 0xe1, 0x00, 0xf9, 0x28, 0x40, 0x3a, 0x94,
    0x03, 0xf5, 0x68, 0x80, 0x7c, 0x94, 0x20, 0x15, 0x28, 0x07, 0xea, 0x53, 0xd1, 0x00, 0xf9, 0x28,
    0x41, 0xd4, 0x03, 0xf5, 0x28, 0x00, 0xf4, 0x40, 0x3e, 0x48, 0x0a, 0x00, 0xfd, 0x4a, 0x01, 0x8f,
    0x44, 0x03, 0xe7, 0x16, 0x00, 0xfa, 0x94, 0x03, 0xc7, 0xa2, 0x01, 0xe3, 0x1f, 0x00, 0xf5, 0x28,
    0x07, 0xe3, 0xd1, 0x00, 0xeb, 0x04, 0xa0, 0x0d, 0x4a, 0x01, 0xfe, 0x3d, 0x10, 0x0a, 0x18, 0x00,
    0xb8, 0xcc, 0xc5, 0x00, 0xff, 0xc7, 0x8e, 0xb6, 0xe0, 0x00, 0x00, 0xff, 0xe2, 0x92, 0x20, 0x80,
    0x3f, 0xfa, 0xaf, 0xb7, 0x6d, 0x70, 0x0f, 0xfe, 0xa4, 0x80, 0x69, 0x00, 0xff, 0xea, 0x08, 0x06,
    0x10, 0x0f, 0xfe, 0x62, 0x30, 0x80, 0x7f, 0xf1, 0x05, 0x90, 0x03, 0xff, 0x87, 0x37, 0x38, 0x20,
    0x1f, 0xfc, 0x21, 0xc9, 0xb9, 0x00, 0xff, 0xe0, 0xdb, 0x00, 0x0a, 0x40, 0x3f, 0xf8, 0x52, 0x40,
    0x06, 0xb0, 0x0f, 0xfa, 0x90, 0x03, 0x38, 0x80, 0x7f, 0xe1, 0x70, 0x0c, 0x96, 0x01, 0xfd, 0x0a,
    0x01, 0xe2, 0x00, 0xff, 0xc4, 0x01, 0xe4, 0x80, 0x0f, 0x91, 0xc0, 0x3c, 0x86, 0x01, 0xff, 0x8d,
    0x00, 0x3c, 0xe8, 0x01, 0xe9, 0x00, 0xf2, 0x50, 0x07, 0xff, 0x0a, 0x90, 0x03, 0xd2, 0x01, 0xcc,
    0x40, 0x1c, 0xb6, 0x20, 0x1f, 0xfc, 0x21, 0xb5, 0x00, 0xe2, 0x70, 0x0d, 0x60, 0x1c, 0x56, 0x01,
    0xff, 0xc6, 0xb2, 0x00, 0xea, 0x00, 0x90, 0x80, 0x3a, 0x44, 0x03, 0xff, 0x8c, 0x32, 0x01, 0xc4,
    0xa0, 0x0d, 0x00, 0xe4, 0x40, 0x07, 0xff, 0x21, 0x10, 0x01, 0xd8, 0x00, 0x70, 0x0e, 0xe0, 0x0f,
    0xfe, 0x57, 0x00, 0x73, 0x80, 0x88, 0x03, 0x0a, 0x00, 0x7f, 0xf2, 0x90, 0x40, 0x30, 0x89, 0x40,
    0x38, 0x84, 0x03, 0xff, 0x94, 0x24, 0x01, 0xca, 0x20, 0x1c, 0xc0, 0x1f, 0xfc, 0xc6, 0x00, 0xe1,
    0x30, 0x0e, 0x20, 0x0f, 0xfe, 0x61, 0x00, 0x71, 0x98, 0x03, 0x84, 0x03, 0xf8, 0x80, 0x31, 0x00,
    0x7f, 0x08, 0x07, 0x18, 0x80, 0x71, 0x80, 0x7f, 0x58, 0x80, 0x06, 0xc0, 0x3f, 0x8c, 0x03, 0x85,
    0x80, 0x39, 0xc0, 0x3f, 0x9b, 0xf7, 0x5e, 0xc0, 0x1f, 0xce, 0x01, 0xcc, 0x60, 0x1c, 0x44, 0x00,
    0xfe, 0x12, 0x20, 0x80, 0x7f, 0x11, 0x00, 0x38, 0xc5, 0x00, 0x39, 0x40, 0x3f, 0xf9, 0x4a, 0x01,
    0xc8, 0x21, 0x80, 0x1d, 0x22, 0x01, 0xff, 0xc8, 0x19, 0x00, 0xec, 0x00, 0x28, 0x07, 0x0c, 0x80,
    0x7f, 0xf2, 0x24, 0x40, 0x39, 0x40, 0x04, 0xa0, 0x1c, 0xea, 0x01, 0xff, 0xc6, 0x57, 0x00, 0xe5,
    0x20, 0x0a, 0x00, 0x3d, 0x66, 0x01, 0xff, 0xc4, 0x3b, 0x00, 0xf4, 0x80, 0x62, 0x60, 0x0e, 0x1d,
    0x50, 0x0f, 0xfe, 0x12, 0xe0, 0x80, 0x73, 0x18, 0x07, 0x41, 0x00, 0x70, 0xd4, 0x90, 0x07, 0xf8,
    0xa6, 0x80, 0x3c, 0x50, 0x01, 0xe1, 0xf1, 0x00, 0xf3, 0x64, 0xa8, 0x80, 0x61, 0x59, 0xd6, 0x00,
    0xf0, 0xf8, 0x80, 0x7c, 0x54, 0x01, 0xf0, 0xb5, 0x77, 0x33, 0x1d, 0xca, 0x60, 0x0f, 0xd4, 0x40,
    0x1f, 0xc9, 0x82, 0x01, 0xfc, 0x26, 0x61, 0x00, 0xfe, 0x1b, 0x40, 0x0f, 0xf8, 0xf0, 0xc0, 0x3f,
    0xf9, 0x07, 0x88, 0x01, 0xff, 0xc1, 0x2c, 0x81, 0x00, 0xff, 0xe2, 0x0b, 0xe9, 0x00, 0x7f, 0xf1,
    0x1f, 0xdc, 0x40, 0x3f, 0xf0, 0xb7, 0xc0, 0x80, 0x7f, 0xf1, 0x86, 0x3a, 0xdc, 0xc4, 0x03, 0x09,
    0xb5, 0xf4, 0x88, 0x07, 0xff, 0x2d, 0x23, 0x3b, 0xf7, 0x5f, 0xd9, 0x28, 0x01, 0xff, 0xc1, 0x00,
    0xff, 0xe1, 0x2b, 0xcc, 0xe7, 0x50, 0x0f, 0xfe, 0x7c, 0xd4, 0x33, 0x68, 0xa9, 0x00, 0xff, 0xe7,
    0x10, 0x07, 0xe2, 0x00, 0xff, 0xff, 0x80, 0x7f, 0xf2, 0x95, 0x40, 0x1f, 0x95, 0x40, 0x1f, 0xfc,
    0x49, 0xc5, 0x00, 0x97, 0x68, 0x40, 0x3f, 0x0d, 0x6a, 0x80, 0x4d, 0xb2, 0x01, 0xf4, 0x31, 0xd6,
    0x25, 0x50, 0x80, 0x3f, 0xf1, 0x55, 0x13, 0x24, 0x9a, 0x00, 0x39, 0x1c, 0x02, 0x3b, 0x50, 0x0f,
    0xfe, 0x22, 0xd9, 0x80, 0x4e, 0x80, 0x1a, 0x40, 0x3f, 0xfa, 0x52, 0x01, 0x31, 0x00, 0x7f, 0xf4,
    0x89, 0x80, 0x16, 0x01, 0xff, 0xd4, 0xb0, 0x52, 0x00, 0xff, 0xe1, 0x88, 0x80, 0x3f, 0xf8, 0x64,
    0xa4, 0x01, 0xff, 0xc1, 0x19, 0xee, 0xd2, 0x20, 0x1f, 0xfc, 0x12, 0x65, 0x00, 0xff, 0x8b, 0x18,
    0x40, 0x02, 0xd8, 0x40, 0x1f, 0xf2, 0xb0, 0xd5, 0x90, 0x07, 0xf7, 0x10, 0x07, 0x8b, 0x80, 0x3f,
    0x8a, 0xe8, 0x40, 0x09, 0x80, 0x1f, 0x9c, 0xc0, 0x3f, 0x1b, 0x80, 0x7e, 0xc4, 0x00, 0xe3, 0x00,
    0xfd, 0xa0, 0x1f, 0xed, 0x00, 0xfc, 0x60, 0x1e, 0x10, 0x0f, 0xce, 0x01, 0xfe, 0x70, 0x0f, 0xc2,
    0x01, 0xff, 0xc3, 0x10, 0x0f, 0xf0, 0x80, 0x7f, 0xf0, 0xc8, 0x03, 0xf2, 0x80, 0x7f, 0x94, 0x03,
    0xf1, 0x00, 0x79, 0xc0, 0x3f, 0x50, 0x07, 0xfa, 0x80, 0x3f, 0x38, 0x06, 0x3c, 0x90, 0x0f, 0xc7,
    0x00, 0x1f, 0xa0, 0xc0, 0x3f, 0x4e, 0x18, 0x26, 0x18, 0x07, 0xf9, 0xe4, 0x40, 0x30, 0xcb, 0x80,
    0x7f, 0x8f, 0x10, 0xc0, 0x3f, 0xf8, 0x2d, 0x92, 0xcc, 0x9c, 0x60, 0x0f, 0xfe, 0x09, 0xa8, 0x07,
    0xff, 0x08, 0x9a, 0x64, 0xc4, 0x01, 0xff, 0xc2, 0x52, 0x50, 0x0f, 0xfe, 0xa2, 0x90, 0x48, 0x07,
    0xff, 0x52, 0x40, 0x06, 0xc0, 0x1f, 0xfd, 0x26, 0x30, 0x0a, 0x08, 0x03, 0x18, 0x07, 0xff, 0x19,
    0x00, 0x31, 0x40, 0x06, 0x1f, 0x10, 0x2a, 0xcd, 0x30, 0x0f, 0xfe, 0x11, 0xed, 0xd8, 0x80, 0x7c,
    0x40, 0x38, 0xb2, 0xb1, 0x40, 0xb2, 0x48, 0x03, 0xfc, 0x53, 0x84, 0x09, 0xb5, 0x84, 0x01, 0xf1,
    0x28, 0x80, 0x66, 0xd3, 0x00, 0xfc, 0x7a, 0xc0, 0x1c, 0xa4, 0x01, 0xff, 0xc5, 0x70, 0x0f, 0xce,
    0x01, 0xff, 0xff, 0x00, 0xff, 0xe5, 0xc1, 0x88, 0x06, 0x13, 0xf0, 0x0f, 0xfe, 0x71, 0xe7, 0x73,
    0x75, 0xdc, 0xc4, 0x00, 0xff, 0xe0, 0x80, 0x00, 0xff, 0xe3, 0xa5, 0xe5, 0x10, 0x07, 0x9b, 0x77,
    0x60, 0x80, 0x7f, 0xf3, 0x26, 0xd0, 0xd7, 0x14, 0x03, 0xb4, 0x8b, 0x19, 0x00, 0x7f, 0xf2, 0x86,
    0xd8, 0x03, 0x0d, 0x38, 0x07, 0xff, 0x50, 0xf1, 0x00, 0x3e, 0x8a, 0x10, 0x0f, 0xfe, 0x8a, 0xe9,
    0x00, 0x7f, 0x2e, 0x90, 0x07, 0xff, 0x3d, 0xe8, 0x40, 0x31, 0x30, 0x80, 0x63, 0xc3, 0x00, 0xff,
    0xe6, 0x0d, 0x40, 0x07, 0x26, 0x4e, 0x90, 0x06, 0x1c, 0x50, 0x0f, 0xfe, 0x51, 0x6a, 0x80, 0x73,
    0x58, 0x81, 0xe2, 0x00, 0x70, 0x80, 0x7f, 0xf2, 0x4f, 0x0c, 0x03, 0xa6, 0x40, 0x4a, 0x03, 0x6c,
    0x01, 0xff, 0xcd, 0x5c, 0x10, 0x0c, 0x36, 0xc0, 0x79, 0x58, 0x41, 0x32, 0x00, 0xff, 0xe5, 0xc5,
    0x00, 0x71, 0xe2, 0x03, 0x60, 0x81, 0xf9, 0x83, 0x58, 0x80, 0x7f, 0xf1, 0xc6, 0xdc, 0x03, 0x97,
    0x48, 0x22, 0x40, 0x31, 0x62, 0x82, 0x61, 0x00, 0x79, 0x00, 0x3f, 0xc5, 0x88, 0x01, 0xcf, 0x42,
    0x2b, 0x70, 0x0f, 0xaa, 0x00, 0xb1, 0x00, 0x3a, 0x24, 0x03, 0xf2, 0x61, 0x00, 0x75, 0x40, 0x16,
    0x20, 0x07, 0xf3, 0xd0, 0x8a, 0xdc, 0x03, 0x9b, 0x08, 0x03, 0x9a, 0xc4, 0x03, 0x0e, 0x28, 0x26,
    0x10, 0x07, 0xfc, 0xba, 0x41, 0x12, 0x01, 0xc7, 0x86, 0x01, 0x4c, 0x80, 0x38, 0xf0, 0xc1, 0xac,
    0x40, 0x3f, 0xf8, 0x27, 0x88, 0x0d, 0x62, 0x01, 0x87, 0x18, 0x29, 0x80, 0x39, 0x74, 0x82, 0x64,
    0x01, 0xff, 0xc4, 0x1b, 0x60, 0x4c, 0x30, 0x0e, 0x97, 0x60, 0x0e, 0x8a, 0x11, 0x5b, 0x00, 0x7f,
    0xf1, 0xe6, 0x00, 0xb5, 0x40, 0x3b, 0xf8, 0x40, 0x03, 0x4e, 0x07, 0x88, 0x01, 0xff, 0xc9, 0x7b,
    0x11, 0x53, 0x80, 0x47, 0x05, 0x40, 0x5a, 0xa0, 0xba, 0x40, 0x1f, 0xfc, 0xb4, 0xc2, 0x08, 0xa1,
    0x17, 0x00, 0x13, 0x70, 0xc0, 0x10, 0x20, 0x1f, 0xfc, 0xd2, 0xb0, 0x02, 0xe7, 0x90, 0x04, 0x42,
    0x01, 0xff, 0xd7, 0x21, 0x00, 0xff, 0xfa, 0x11, 0x70, 0x07, 0xff, 0x67, 0x77, 0xd4, 0x01, 0xff,
    0xd7, 0x32, 0x00, 0xe4, 0x00, 0xff, 0xff, 0x80, 0x7f, 0xff, 0xc0, 0x3f, 0xff, 0xe0, 0x1f, 0xfe,
    0xe6, 0x00, 0xfe, 0x60, 0x0f, 0x08, 0x80, 0x3f, 0xb8, 0x03, 0xff, 0x85, 0x54, 0x99, 0xfa, 0xac,
    0x03, 0xec, 0x99, 0xfd, 0x4e, 0x01, 0xf0, 0x00, 0xff, 0xe1, 0x8a, 0x27, 0x84, 0x03, 0xff, 0xa2,
    0x9f, 0x77, 0xef, 0x40, 0x0f, 0xfe, 0x87, 0x08, 0x07, 0x87, 0x80, 0x3f, 0xfa, 0x02, 0x01, 0xf8,
    0x40, 0x3f, 0xff, 0xe0, 0x1f, 0xff, 0xf0, 0x0f, 0xff, 0xf8, 0x07, 0xff, 0xfc, 0x03, 0xff, 0xfe,
    0x01, 0xff, 0xf3, 0x4e, 0xff, 0xf2, 0x00, 0x7e, 0x4f, 0xff, 0x72, 0x00, 0x7f, 0xec, 0x10, 0x0f,
    0xfe, 0x50, 0xe0, 0x07, 0xfe, 0xc0, 0x0f, 0xfe, 0x66, 0x00, 0x7f, 0xe4, 0xa0, 0x0f, 0xfe, 0x55,
    0x20, 0x07, 0xff, 0x05, 0x68, 0x03, 0xff, 0x91, 0x4a, 0x01, 0xff, 0xc3, 0x5a, 0x00, 0xff, 0xe3,
    0x52, 0x80, 0x7f, 0xf1, 0x56, 0x80, 0x3f, 0xf8, 0x94, 0xa0, 0x1f, 0xfc, 0x75, 0xa0, 0x0f, 0xfe,
    0x15, 0x28, 0x07, 0xff, 0x25, 0x68, 0x03, 0xff, 0x52, 0x80, 0x7f, 0xf2, 0xd6, 0x80, 0x3f, 0xd4,
    0xa0, 0x1f, 0xfc, 0xd5, 0xa0, 0x0f, 0xd4, 0xa0, 0x1f, 0xfc, 0x21, 0x22, 0xff, 0x08, 0x2d, 0x00,
    0x7a, 0x94, 0x04, 0x8b, 0xfc, 0x20, 0xdf, 0xbb, 0xfe, 0xe5, 0x05, 0xa0, 0x0d, 0x4a, 0x0b, 0xdb,
    0xbf, 0xef, 0x68, 0x10, 0x0f, 0xfa, 0x94, 0x16, 0x84, 0x54, 0xa0, 0xb4, 0x01, 0xff, 0x0c, 0x08,
    0x07, 0xff, 0x06, 0x94, 0x17, 0xfc, 0xa0, 0xb4, 0x01, 0xff, 0xc1, 0x10, 0x0f, 0xfe, 0x1d, 0x30,
    0x08, 0x81, 0xa8, 0x03, 0xff, 0xa7, 0x36, 0xee, 0xb9, 0x00, 0xff, 0xea, 0xa4, 0x41, 0x00, 0x3f,
    0xfc, 0x06, 0x01, 0x09, 0x00, 0x7f, 0xf4, 0xf7, 0x1c, 0x0b, 0xb5, 0x00, 0x3f, 0xfa, 0x22, 0x61,
    0xa0, 0xc0, 0x02, 0x00, 0xff, 0xe8, 0x8d, 0x3c, 0x02, 0x4c, 0x38, 0x06, 0x30, 0x0f, 0xfe, 0x6a,
    0x41, 0x00, 0x19, 0xc4, 0x02, 0x3f, 0x64, 0x4f, 0xfe, 0xb3, 0x78, 0x00, 0xfe, 0x14, 0x77, 0xff,
    0xe4, 0x98, 0x07, 0xff, 0x18, 0xb6, 0xe2, 0x3f, 0xf9, 0x39, 0x40, 0x1f, 0xfc, 0x5e, 0x30, 0x0f,
    0xfe, 0x5a, 0xc8, 0x07, 0xff, 0x0d, 0xcc, 0x03, 0xff, 0x9a, 0xc8, 0x01, 0xff, 0xc1, 0x38, 0x00,
    0xff, 0xe7, 0xc8, 0x80, 0x7f, 0xef, 0x00, 0xc7, 0x77, 0xff, 0xc6, 0xa1, 0x00, 0x8a, 0x00, 0x3f,
    0xe7, 0x30, 0x0d, 0xe8, 0x9f, 0xfc, 0x65, 0x90, 0x0c, 0xc8, 0x01, 0xfc, 0x70, 0x01, 0x9c, 0xc0,
    0x3f, 0xf8, 0xee, 0x60, 0x1a, 0x44, 0x03, 0xf7, 0x80, 0x62, 0x80, 0x0f, 0xfe, 0x4f, 0x08, 0x04,
    0x50, 0x01, 0xf3, 0x98, 0x06, 0xe0, 0x0f, 0xfe, 0x51, 0x48, 0x06, 0x64, 0x00, 0xe3, 0x80, 0x0c,
    0xe6, 0x01, 0xff, 0xcb, 0x73, 0x00, 0xd2, 0x20, 0x1b, 0xc0, 0x31, 0x40, 0x07, 0xff, 0x37, 0x80,
    0x31, 0x40, 0x04, 0xe6, 0x01, 0xb8, 0x03, 0xff, 0x9c, 0x50, 0x01, 0x99, 0x00, 0xe0, 0x03, 0x39,
    0x80, 0x7f, 0xf3, 0xdc, 0xc0, 0x34, 0x8d, 0x00, 0x61, 0xc4, 0x4f, 0x8c, 0x03, 0xff, 0x0a, 0x27,
    0xea, 0x00, 0xc4, 0x88, 0x00, 0xc3, 0x77, 0xfb, 0x0c, 0x03, 0xfe, 0x6b, 0xbf, 0xd2, 0x01, 0xde,
    0x40, 0x1f, 0xfc, 0x28, 0x00, 0xff, 0x0c, 0x80, 0x7f, 0xf0, 0x84, 0x03, 0xff, 0x86, 0x86, 0x01,
    0xfc, 0xc2, 0x01, 0xff, 0xd3, 0x80, 0x0f, 0xc3, 0x20, 0x1f, 0xfd, 0x44, 0x87, 0x7f, 0xac, 0x40,
    0x3f, 0xfa, 0xaf, 0x11, 0xf2, 0x80, 0x7f, 0xff, 0xc0, 0x3f, 0xff, 0xe0, 0x1f, 0xff, 0xf0, 0x0f,
    0x8c, 0x03, 0xff, 0xba, 0x70, 0x01, 0xff, 0xdc, 0x19, 0x4b, 0x30, 0x0f, 0xfe, 0xc0, 0xa6, 0x08,
    0x00, 0xff, 0xea, 0x9a, 0x24, 0x20, 0x1f, 0xfc, 0x21, 0x57, 0x89, 0x93, 0xb2, 0x08, 0x07, 0xe3,
    0xcb, 0xbb, 0x40, 0x3f, 0xe1, 0x7c, 0xea, 0x87, 0x66, 0x44, 0xdf, 0x5b, 0x08, 0x07, 0xf8, 0xc0,
    0x3f, 0x86, 0x3e, 0x0c, 0x03, 0xfc, 0x93, 0xd0, 0x20, 0x1f, 0xfc, 0x54, 0xf7, 0x10, 0x0f, 0xfe,
    0x1b, 0xe2, 0x80, 0x04, 0x03, 0xff, 0x4d, 0x88, 0x07, 0xff, 0x18, 0xaa, 0x40, 0xc0, 0x3f, 0xea,
    0x60, 0x0f, 0xc2, 0x68, 0x82, 0x00, 0xfe, 0x6a, 0x00, 0xff, 0xa9, 0x40, 0x3c, 0x51, 0x9d, 0x97,
    0x6d, 0xfc, 0x61, 0x00, 0xf2, 0xd8, 0x07, 0xf4, 0x28, 0x07, 0x0c, 0xeb, 0x98, 0x07, 0x8e, 0x7e,
    0x00, 0x3c, 0xa0, 0x1f, 0x91, 0xc0, 0x38, 0xf1, 0x80, 0x3f, 0xe1, 0x7c, 0x20, 0x0f, 0xfe, 0x0c,
    0x80, 0x72, 0x69, 0x00, 0x7f, 0xf0, 0x8f, 0x0c, 0x03, 0xfe, 0x62, 0x00, 0xc5, 0x42, 0x01, 0xff,
    0xc4, 0x1e, 0x20, 0x0f, 0xf5, 0x80, 0x77, 0x08, 0x07, 0xfc, 0xbb, 0xac, 0xba, 0xa5, 0xb0, 0x07,
    0xf2, 0x90, 0x06, 0x73, 0x00, 0xff, 0xd8, 0x44, 0x34, 0x55, 0x32, 0x00, 0x7f, 0x60, 0x07, 0x48,
    0x07, 0xff, 0x4d, 0x00, 0x32, 0x88, 0x07, 0xff, 0x48, 0x48, 0x03, 0x78, 0x07, 0xff, 0x48, 0x45,
    0x73, 0x35, 0xa8, 0x07, 0xff, 0x0a, 0x2a, 0x67, 0xff, 0x85, 0xa0, 0x8c, 0xd2, 0x00, 0x7f, 0xf0,
    0xc5, 0x59, 0xbf, 0xf8, 0x46, 0x01, 0xff, 0xff, 0x00, 0xff, 0xed, 0xd6, 0xef, 0xff, 0x0d, 0x40,
    0x3f, 0xf8, 0x45, 0x7b, 0xb5, 0x82, 0x91, 0x7f, 0xf0, 0xf0, 0x03, 0xff, 0x85, 0x48, 0x45, 0x28,
    0x07, 0xff, 0x51, 0x40, 0x32, 0x00, 0x7f, 0xf4, 0xd4, 0x80, 0x36, 0x00, 0x7f, 0xf4, 0xe4, 0x03,
    0x9c, 0x03, 0xf9, 0xbb, 0x72, 0xed, 0x54, 0x80, 0x0f, 0xfd, 0x06, 0x01, 0x98, 0x40, 0x3f, 0x99,
    0xc8, 0xd1, 0x0a, 0xa1, 0x00, 0xff, 0x95, 0xc0, 0x3a, 0xc0, 0x3f, 0xe9, 0x60, 0x0f, 0xfe, 0x23,
    0x50, 0x07, 0x31, 0x00, 0x7f, 0xe9, 0xa1, 0x00, 0xff, 0xc3, 0x32, 0x00, 0xe3, 0x90, 0x0f, 0xc2,
    0x01, 0xcb, 0x8e, 0x20, 0x1f, 0x85, 0xf1, 0x80, 0x38, 0x7c, 0x03, 0xfa, 0x84, 0x03, 0x8a, 0x3a,
    0x9d, 0x90, 0xd5, 0xeb, 0xe0, 0x80, 0x38, 0x74, 0xc0, 0x3f, 0x97, 0x44, 0x03, 0xe5, 0x89, 0xbc,
    0xa8, 0x51, 0x00, 0xf0, 0xe9, 0x80, 0x7f, 0x8c, 0xd8, 0x60, 0x1f, 0xfc, 0x83, 0xc3, 0x00, 0xff,
    0xe0, 0x96, 0x48, 0x80, 0x7f, 0xf1, 0x06, 0x30, 0x80, 0x3f, 0xf0, 0x80, 0x4d, 0xee, 0x40, 0x1f,
    0xf8, 0x5f, 0xdc, 0x03, 0xff, 0x84, 0xe0, 0x18, 0x63, 0x71, 0x8c, 0x80, 0x30, 0x9b, 0xdf, 0xc0,
    0x80, 0x7f, 0xa9, 0x12, 0x55, 0x00, 0x7c, 0x73, 0x9b, 0xfb, 0xaf, 0xec, 0x84, 0x10, 0x0f, 0xfc,
    0x00, 0xff, 0xe2, 0x23, 0x08, 0x07, 0xff, 0x0e, 0x2e, 0x68, 0x03, 0xff, 0x85, 0x0e, 0x00, 0x40,
    0x0f, 0xfe, 0x0c, 0x38, 0x07, 0xff, 0x12, 0x1c, 0x03, 0xff, 0x89, 0x0e, 0x01, 0xff, 0xc4, 0x87,
    0x00, 0xfc, 0x8c, 0xdf, 0x4b, 0x80, 0x7e, 0x9b, 0x99, 0xf9, 0x80, 0x3f, 0x98, 0x03, 0xff, 0xfe,
    0x01, 0xff, 0xff, 0x00, 0xff, 0xf7, 0x18, 0x07, 0xff, 0x1a, 0x10, 0x8b, 0xe1, 0x00, 0xfe, 0x4b,
    0xdd, 0xfb, 0x08, 0x03, 0xff, 0x8a, 0x5e, 0x40, 0x1f, 0xfc, 0x52, 0xf2, 0x00, 0xff, 0xe2, 0x97,
    0x90, 0x07, 0xff, 0x14, 0xbc, 0x80, 0x3f, 0xf8, 0xa5, 0xe4, 0x00, 0x10, 0x0f, 0xfe, 0x11, 0x79,
    0x95, 0x80, 0x00, 0xff, 0xe2, 0x1a, 0x80, 0x7f, 0xf3, 0x9f, 0x2a, 0x80, 0x1f, 0xfc, 0xc7, 0x80,
    0x02, 0x80, 0x7f, 0xf2, 0xde, 0x00, 0x3f, 0xf9, 0xcf, 0x00, 0x1f, 0xfc, 0xe7, 0x80, 0x0f, 0xfe,
    0x73, 0xc0, 0x07, 0xff, 0x18, 0xd1, 0x3e, 0x88, 0x00, 0x7f, 0xf1, 0xa3, 0x2e, 0xfe, 0x70, 0x0f,
    0xfe, 0x3b, 0x00, 0x7f, 0xf2, 0x4b, 0x3a, 0x40, 0x21, 0x00, 0xff, 0xe4, 0xa1, 0x8b, 0x58, 0x07,
    0xff, 0x31, 0x40, 0x24, 0x80, 0x0f, 0xfe, 0x59, 0xd0, 0x04, 0xc2, 0x01, 0xff, 0xcb, 0x58, 0x00,
    0x0a, 0x00, 0x7f, 0xf3, 0x14, 0x02, 0x20, 0x0f, 0xfe, 0x63, 0x00, 0x42, 0x01, 0xff, 0xcc, 0xe0,
    0x08, 0x80, 0x3f, 0xf9, 0x74, 0xa0, 0x02, 0x40, 0x0f, 0xfe, 0x52, 0xa8, 0x02, 0x90, 0x0f, 0xfe,
    0x7c, 0xa0, 0x10, 0x07, 0xff, 0x25, 0x61, 0xad, 0x80, 0x12, 0x62, 0x3f, 0x00, 0x7f, 0xf0, 0x9e,
    0x50, 0x02, 0x4c, 0xee, 0xfb, 0x04, 0x03, 0xff, 0x9e, 0x7a, 0x20, 0x1f, 0xfc, 0xf3, 0xd1, 0x00,
    0xff, 0xe7, 0x9e, 0x88, 0x07, 0xff, 0x3c, 0xf4, 0x40, 0x3f, 0xf9, 0xe7, 0xa2, 0x00, 0x10, 0x0f,
    0xfe, 0x61, 0xe9, 0x0c, 0x00, 0x7f, 0xf3, 0x4f, 0x79, 0x80, 0x3f, 0xc0, 0x00, 0xff, 0xe9, 0x0d,
    0xf4, 0x00, 0x7f, 0xf6, 0xdd, 0x05, 0xf0, 0x80, 0x3f, 0xfb, 0x2a, 0x01, 0x1e, 0x18, 0x07, 0xff,
    0x29, 0x18, 0x40, 0x3f, 0xe3, 0xa1, 0x00, 0x0e, 0x98, 0x07, 0xff, 0x22, 0x2e, 0x68, 0x03, 0xff,
    0x2e, 0x10, 0x00, 0x78, 0x40, 0x3f, 0xf8, 0xd0, 0xe0, 0x04, 0x00, 0xff, 0xe0, 0x97, 0x90, 0x00,
    0xa8, 0x03, 0xff, 0x8b, 0x0e, 0x01, 0xff, 0x0e, 0x74, 0x80, 0x45, 0xe2, 0x00, 0x46, 0x00, 0xff,
    0xe1, 0xc3, 0x80, 0x7f, 0xe4, 0x31, 0x6c, 0x20, 0x01, 0x50, 0x05, 0x02, 0x01, 0xff, 0xc1, 0x87,
    0x00, 0xff, 0xe0, 0xb8, 0x80, 0x0f, 0x08, 0x00, 0x8e, 0x00, 0x19, 0x00, 0xff, 0xd0, 0xe0, 0x1f,
    0xfc, 0x22, 0xb1, 0x00, 0x0f, 0x00, 0x52, 0x20, 0x06, 0x10, 0x02, 0x33, 0x7d, 0x2e, 0x01, 0xff,
    0xc4, 0x5d, 0x20, 0x01, 0xc0, 0x00, 0x64, 0x00, 0x2e, 0x13, 0x73, 0x3f, 0x30, 0x07, 0xff, 0x18,
    0xf8, 0x02, 0x72, 0x00, 0x30, 0x80, 0x34, 0x18, 0x03, 0xff, 0x92, 0x5b, 0xf4, 0x20, 0x03, 0x80,
    0x09, 0x40, 0x02, 0x80, 0x04, 0x10, 0x0f, 0xfe, 0x52, 0x10, 0x2e, 0x80, 0x4e, 0x20, 0x0a, 0x00,
    0xbc, 0x02, 0x50, 0x0f, 0xfe, 0x52, 0x88, 0x00, 0xe0, 0x02, 0x60, 0x01, 0x18, 0x01, 0xc0, 0x23,
    0x00, 0xff, 0xe5, 0x1d, 0x08, 0x01, 0x84, 0x01, 0x60, 0x13, 0x00, 0x08, 0x40, 0x1c, 0x01, 0xff,
    0xcb, 0x48, 0x00, 0x0a, 0x00, 0x08, 0x02, 0x20, 0x08, 0xc0, 0x06, 0x01, 0xff, 0xcc, 0x40, 0x08,
    0x80, 0x02, 0x01, 0x70, 0x04, 0x20, 0x01, 0x00, 0xff, 0xe6, 0x30, 0x04, 0x20, 0x01, 0x00, 0x84,
    0x02, 0x10, 0x0f, 0xfe, 0x7f, 0x80, 0x4a, 0x00, 0x30, 0x0b, 0x80, 0x23, 0x00, 0x08, 0x07, 0xff,
    0x2e, 0xd0, 0x00, 0x66, 0x00, 0x38, 0x04, 0x40, 0x01, 0x10, 0x00, 0x80, 0x3f, 0xf9, 0x4c, 0x80,
    0x14, 0x00, 0x5c, 0x01, 0x28, 0x01, 0x40, 0x2e, 0x00, 0xff, 0xe5, 0x18, 0x05, 0x48, 0x00, 0x34,
    0x00, 0x28, 0x80, 0x30, 0x02, 0x53, 0x00, 0xff, 0xe4, 0xac, 0xbe, 0x28, 0x05, 0xe0, 0x17, 0x80,
    0x48, 0x00, 0x13, 0x84, 0x22, 0xf8, 0x40, 0x3f, 0xf8, 0x2d, 0x06, 0x01, 0x49, 0x80, 0x09, 0x40,
    0x06, 0x60, 0x03, 0x82, 0x5e, 0xef, 0xd8, 0x40, 0x1f, 0xfc, 0x5a, 0x60, 0x0b, 0x80, 0x29, 0x00,
    0xb4, 0x03, 0xfc, 0x5e, 0x40, 0x1f, 0xfc, 0x3b, 0x50, 0x0a, 0x4c, 0x00, 0x8a, 0x00, 0x34, 0x00,
    0xff, 0x8b, 0xc8, 0x03, 0xff, 0x82, 0xa8, 0x01, 0x3b, 0x00, 0x52, 0x01, 0x48, 0x07, 0xff, 0x04,
    0xbc, 0x80, 0x3f, 0xf0, 0x80, 0x06, 0xa0, 0x02, 0x92, 0x00, 0x22, 0x80, 0x7f, 0xf0, 0x8b, 0xc8,
    0x03, 0xfe, 0x4a, 0x8c, 0x50, 0x09, 0xd8, 0x02, 0x90, 0x0f, 0xfe, 0x21, 0x79, 0x00, 0x04, 0x03,
    0xf2, 0xb9, 0x00, 0x4f, 0x00, 0x14, 0x90, 0x07, 0xff, 0x14, 0xbc, 0xca, 0xc0, 0x3f, 0xf8, 0x33,
    0x00, 0x13, 0xb0, 0x07, 0xff, 0x1c, 0xb3, 0x54, 0x03, 0xff, 0x63, 0x00, 0x4d, 0x00, 0x1f, 0xfd,
    0x76, 0x30, 0x09, 0xe4, 0x03, 0xff, 0xb0, 0x40, 0x01, 0xa8, 0x00, 0xff, 0xec, 0xa5, 0xce, 0x28,
    0x07, 0xe0, 0x00, 0x23, 0xbf, 0xff, 0x51, 0x00, 0x03, 0x76, 0x88, 0xff, 0xea, 0x5d, 0x86, 0x10,
    0x03, 0xff, 0xac, 0x90, 0x80, 0x1f, 0xfd, 0x84, 0x20, 0x0f, 0x1a, 0x10, 0x07, 0xff, 0x3c, 0x80,
    0x38, 0xf7, 0x2f, 0x64, 0x40, 0x3f, 0xfa, 0x45, 0xa4, 0x01, 0x35, 0x80, 0x7f, 0xf4, 0xac, 0x40,
    0x39, 0x4c, 0x03, 0xff, 0xa2, 0xa0, 0x1f, 0x28, 0x07, 0xff, 0x45, 0xc0, 0x3e, 0x30, 0x0f, 0xfc,
    0xf0, 0x20, 0x1f, 0xfc, 0x2d, 0x00, 0xf0, 0xa0, 0x07, 0xfd, 0x10, 0x7a, 0x10, 0x0f, 0xfe, 0x0b,
    0x20, 0x07, 0x40, 0x80, 0x7f, 0xa1, 0xc0, 0x09, 0x42, 0x01, 0xff, 0xc1, 0xb8, 0x31, 0x4b, 0x60,
    0x0f, 0xf4, 0x38, 0x06, 0x4a, 0x10, 0x0f, 0xfe, 0x0b, 0xe7, 0x5a, 0x00, 0x7f, 0xa1, 0xc0, 0x3c,
    0x94, 0x20, 0x1f, 0xfc, 0xe8, 0x70, 0x0f, 0xc9, 0x42, 0x01, 0xff, 0xc2, 0x2a, 0x60, 0x0f, 0xa1,
    0xc0, 0x3f, 0xc9, 0x42, 0x01, 0xff, 0x8b, 0x16, 0x5c, 0x03, 0xa1, 0xc0, 0x3f, 0xf2, 0x28, 0x07,
    0xfc, 0x58, 0x20, 0x08, 0x70, 0x0a, 0x1c, 0x03, 0xff, 0x9a, 0x58, 0x20, 0x1a, 0x1c, 0x21, 0xc0,
    0x3f, 0xf9, 0xa5, 0x82, 0x01, 0xe8, 0xb7, 0x00, 0xff, 0xe6, 0x96, 0x08, 0x07, 0xe4, 0x00, 0xff,
    0xe7, 0x30, 0x80, 0x7f, 0xff, 0xc0, 0x3f, 0xfb, 0x2b, 0x77, 0xff, 0xd0, 0x50, 0x0f, 0xc2, 0x89,
    0xff, 0xd0, 0x10, 0x0c, 0x60, 0x1f, 0xfd, 0x83, 0x80, 0x0f, 0xfe, 0xc4, 0x25, 0x98, 0x07, 0xff,
    0x50, 0xed, 0x00, 0x00, 0xff, 0xc2, 0x40, 0x1f, 0xfc, 0xc7, 0xed, 0xa0, 0x0f, 0xfe, 0x51, 0x40,
    0x01, 0x50, 0x03, 0xff, 0x92, 0xa0, 0x1b, 0x40, 0x3f, 0xf9, 0x34, 0x01, 0x9c, 0x40, 0x3f, 0xf8,
    0xe6, 0x40, 0x18, 0x50, 0x03, 0xff, 0x8f, 0x20, 0x1e, 0x90, 0x0f, 0xfe, 0x31, 0x28, 0x07, 0x8d,
    0x00, 0x3f, 0xf8, 0xb0, 0x01, 0xfa, 0x00, 0x3f, 0xf8, 0x84, 0xa0, 0x1f, 0x8d, 0x00, 0x3f, 0xf8,
    0x72, 0x01, 0xfe, 0x80, 0x0f, 0xfe, 0x12, 0xa0, 0x07, 0xf8, 0xdc, 0x03, 0xff, 0x0c, 0x00, 0x7f,
    0xe9, 0x20, 0x0f, 0xfa, 0x08, 0x03, 0xff, 0x0c, 0x80, 0x7f, 0x95, 0x80, 0x3f, 0xf8, 0x48, 0xe0,
    0x1f, 0x86, 0xc0, 0x3f, 0xf8, 0x90, 0x60, 0x1f, 0x50, 0x80, 0x7f, 0xf1, 0x78, 0x40, 0x39, 0x90,
    0x03, 0xff, 0x8c, 0x52, 0x01, 0x86, 0x00, 0x3f, 0xf9, 0x0e, 0x40, 0x13, 0x08, 0x07, 0xff, 0x26,
    0x00, 0x29, 0x00, 0xff, 0xe5, 0x28, 0x82, 0x08, 0x07, 0xff, 0x2d, 0xc3, 0x40, 0x3f, 0xf9, 0x9a,
    0x0a, 0x01, 0xff, 0xcc, 0x50, 0x10, 0x0c, 0xa8, 0x01, 0xff, 0xc6, 0x10, 0x20, 0x08, 0xaa, 0xc4,
    0x03, 0xff, 0x8c, 0x22, 0x00, 0x84, 0x00, 0xa0, 0x1f, 0xfc, 0x72, 0x00, 0x88, 0x00, 0x60, 0x1f,
    0xfc, 0x51, 0x13, 0x00, 0x42, 0x81, 0x42, 0x01, 0xff, 0xc4, 0x20, 0xc0, 0x0d, 0xe0, 0x50, 0x01,
    0xff, 0xc4, 0xb0, 0x70, 0x0c, 0x8a, 0x0d, 0x42, 0x01, 0xff, 0xc2, 0x40, 0x16, 0x00, 0xd6, 0x60,
    0xbf, 0x4e, 0x60, 0x1f, 0xe4, 0x30, 0x04, 0x08, 0x04, 0x38, 0xc0, 0x2b, 0x18, 0x40, 0x1f, 0xd0,
    0x01, 0x0d, 0x80, 0x74, 0xe3, 0x10, 0x99, 0x80, 0x3f, 0x41, 0x80, 0x65, 0x80, 0x0e, 0x39, 0xde,
    0xc1, 0x00, 0xf9, 0x9c, 0x03, 0xcf, 0x00, 0x1f, 0xfc, 0x47, 0x90, 0x0f, 0xcf, 0x42, 0x01, 0xff,
    0x86, 0x60, 0x03, 0xfc, 0xbf, 0x02, 0x01, 0xf8, 0x5f, 0xd8, 0x03, 0xff, 0x0b, 0xf6, 0x43, 0x2a,
    0x33, 0xdf, 0x40, 0x80, 0x7c, 0x0a, 0xdd, 0xa0, 0x03, 0xff, 0x84, 0x77, 0x8a, 0x08, 0xa4, 0x53,
    0x88, 0x07, 0xfe, 0x5c, 0x43, 0xa3, 0x00, 0xff, 0xe3, 0x35, 0x00, 0x64, 0x00, 0xff, 0xe2, 0xbc,
    0x80, 0x7f, 0xf2, 0xa2, 0x00, 0x1f, 0xfc, 0xa9, 0x70, 0x0f, 0xfe, 0x55, 0x30, 0x07, 0xff, 0x24,
    0x6d, 0x40, 0x3f, 0xf9, 0x23, 0xa8, 0x01, 0xff, 0xc9, 0x2c, 0x30, 0x0f, 0xfe, 0x49, 0x79, 0x00,
    0x7f, 0xf2, 0x4f, 0x08, 0x03, 0xff, 0x92, 0x9a, 0x20, 0x1f, 0xfc, 0x97, 0xb1, 0x00, 0xff, 0xe5,
    0x48, 0x07, 0xff, 0xfc, 0x03, 0xff, 0xca, 0x40, 0x1f, 0xfc, 0xcf, 0x40, 0x0f, 0xfe, 0x59, 0xda,
    0x80, 0x7f, 0xf3, 0x29, 0x80, 0x3f, 0xf9, 0x92, 0xe0, 0x1f, 0xfc, 0xc8, 0x80, 0x07, 0xff, 0x31,
    0xe4, 0x03, 0xff, 0x98, 0xd4, 0x01, 0xff, 0xcc, 0x5b, 0x10, 0x0f, 0xfe, 0x5a, 0x68, 0x80, 0x7f,
    0xf2, 0xcf, 0x08, 0x03, 0xff, 0x96, 0x58, 0x60, 0x1f, 0xfc, 0xb1, 0xd3, 0x00, 0xc4, 0xc2, 0x01,
    0x08, 0x07, 0xfe, 0x1d, 0x50, 0x01, 0xa1, 0x6c, 0xcd, 0x82, 0x01, 0xff, 0x86, 0xae, 0xd8, 0x20,
    0x00, 0x8c, 0x40, 0x3f, 0xfa, 0x4f, 0xd9, 0xf2, 0x20, 0x1f, 0xfc, 0xf7, 0x81, 0x01, 0x6f, 0x70,
    0x0f, 0xfe, 0x75, 0x80, 0x70, 0xc6, 0xa0, 0x07, 0xff, 0x30, 0xc0, 0x3e, 0x2b, 0xa2, 0x00, 0xff,
    0xea, 0x2e, 0x40, 0x80, 0x7f, 0xf4, 0xc5, 0xf1, 0x40, 0x3f, 0xfa, 0x85, 0x56, 0x40, 0x1f, 0xfd,
    0x44, 0xd8, 0x10, 0x0f, 0xfe, 0xa3, 0xfa, 0x80, 0x7f, 0xf5, 0x06, 0xb0, 0xc0, 0x3f, 0xfa, 0x87,
    0x92, 0x20, 0x1f, 0xfd, 0x46, 0xf6, 0x00, 0xff, 0xea, 0x0c, 0xe1, 0x80, 0x7f, 0xf5, 0x0f, 0x28,
    0x40, 0x3f, 0xfa, 0x8b, 0xee, 0x01, 0xff, 0xd4, 0x18, 0xd4, 0x00, 0xff, 0xea, 0x15, 0xa8, 0x07,
    0xff, 0x56, 0xc0, 0x3f, 0xfa, 0xa2, 0x60, 0x1f, 0xfd, 0x52, 0x00, 0xff, 0xea, 0x20, 0x80, 0x7f,
    0xf4, 0xd2, 0x80, 0x3f, 0xfa, 0x43, 0x56, 0x20, 0x1f, 0xfd, 0x17, 0xf5, 0x00, 0xff, 0xe8, 0xa6,
    0xc0, 0x80, 0x7f, 0xf4, 0x0a, 0xac, 0x80, 0x3f, 0xfa, 0x02, 0xf8, 0xa0, 0x1f, 0xfd, 0x15, 0xc8,
    0x10, 0x0f, 0xfe, 0x81, 0x5d, 0x10, 0x07, 0xff, 0x40, 0x63, 0x50, 0x03, 0xff, 0xa2, 0xbe, 0xe0,
    0x1f, 0xfd, 0x13, 0xca, 0x10, 0x0f, 0xfe, 0x80, 0xce, 0x18, 0x07, 0xff, 0x45, 0xbd, 0x80, 0x3f,
    0xf9, 0x02, 0x01, 0xf8, 0xf2, 0x44, 0x03, 0xff, 0x92, 0x80, 0x1e, 0x1a, 0xc3, 0x00, 0xff, 0xe5,
    0xc1, 0x00, 0x67, 0xf5, 0x00, 0xff, 0xe6, 0x96, 0x42, 0xc6, 0xc0, 0x80, 0x7f, 0xf3, 0x80, 0x03,
    0xbe, 0xef, 0xd8, 0xc0, 0x1f, 0x1d, 0xf7, 0x7e, 0xc6, 0x00, 0x26, 0x20, 0x8f, 0xe3, 0x97, 0x00,
    0xe4, 0xc4, 0x11, 0xfc, 0x72, 0xe1, 0x00, 0x1f, 0xfa, 0x04, 0x03, 0x40, 0x07, 0xfe, 0x81, 0x20,
    0x0f, 0xfe, 0x09, 0x00, 0x62, 0x00, 0xff, 0xe0, 0x90, 0x80, 0x7f, 0xf0, 0x5c, 0x03, 0x08, 0x07,
    0xff, 0x05, 0xc0, 0x3f, 0xff, 0xe0, 0x1f, 0xff, 0xf0, 0x0f, 0xff, 0xf8, 0x07, 0xff, 0xfc, 0x03,
    0xff, 0xfe, 0x01, 0xff, 0xff, 0x00, 0xff, 0xff, 0x80, 0x7f, 0xff, 0xc0, 0x3f, 0xff, 0xe0, 0x1f,
    0xff, 0xf0, 0x0f, 0xff, 0xf8, 0x07, 0xff, 0x34, 0x80, 0x3f, 0xf8, 0x2c, 0x01, 0x88, 0x03, 0xff,
    0x82, 0xd4, 0x01, 0xff, 0x90, 0x80, 0x35, 0x00, 0x7f, 0xe4, 0x27, 0x60, 0x0f, 0xf2, 0x50, 0x07,
    0x3b, 0x00, 0x7f, 0x92, 0x80, 0x13, 0xd7, 0x7f, 0xb6, 0xc4, 0x03, 0xd3, 0xd7, 0x7f, 0xb6, 0xc4,
    0x00, 0x03, 0xad, 0xdf, 0xfe, 0x7d, 0xa8, 0x00, 0xf1, 0x48, 0xbf, 0xf9, 0xe9, 0x4c, 0x10, 0x01,
    0xff, 0xd3, 0x81, 0x50, 0x0f, 0xfe, 0x98, 0x90, 0x80, 0x7f, 0xf5, 0x1c, 0x03, 0xff, 0xfe, 0x01,
    0xff, 0xff, 0x00, 0xff, 0xff, 0x80, 0x7f, 0xff, 0xc0, 0x3f, 0xff, 0xe0, 0x1f, 0xff, 0xf0, 0x0f,
    0xff, 0xf8, 0x07, 0xff, 0xfc, 0x03, 0xff, 0xfe, 0x01, 0xff, 0xff, 0x00, 0xff, 0xff, 0x80, 0x7f,
    0xf3, 0x48, 0x03, 0xff, 0xa8, 0xca, 0x01, 0xff, 0xd3, 0x32, 0x85, 0x00, 0xff, 0xe8, 0x9f, 0x00,
    0x2b, 0x6a, 0x67, 0xff, 0x9b, 0x59, 0x82, 0x00, 0x03, 0xbc, 0x60, 0x0f, 0xfe, 0x12, 0xee, 0xd8,
    0x41, 0xa8, 0x73, 0x00, 0x1f, 0xfc, 0x18, 0x22, 0x8d, 0x4c, 0x40, 0x27, 0x90, 0x0f, 0xfe, 0x33,
    0x80, 0x73, 0x50, 0x07, 0xff, 0x31, 0x6c, 0x40, 0x3f, 0xf9, 0x69, 0xa2, 0x01, 0xff, 0xcb, 0x3c,
    0x20, 0x0f, 0xfe, 0x59, 0x79, 0x80, 0x7f, 0xf2, 0xcb, 0x4c, 0x03, 0xff, 0x96, 0x3a, 0x80, 0x1f,
    0xfc, 0xb1, 0xb5, 0x00, 0xff, 0xe6, 0x53, 0x80, 0x7f, 0xf3, 0x22, 0x00, 0x1f, 0xfc, 0xc7, 0x90,
    0x0f, 0xfe, 0x63, 0x10, 0x07, 0xff, 0xfc, 0x03, 0xff, 0xc8, 0x42, 0x01, 0xff, 0xca, 0x2f, 0x30,
    0x0f, 0xfe, 0x49, 0xe1, 0x00, 0x7f, 0xf2, 0x53, 0x44, 0x03, 0xff, 0x92, 0x94, 0x20, 0x1f, 0xfc,
    0x95, 0xb1, 0x00, 0xff, 0xe4, 0xb5, 0x00, 0x7f, 0xf2, 0xa2, 0x40, 0x3f, 0xf9, 0x52, 0xe0, 0x1f,
    0xfc, 0xaa, 0x60, 0x0f, 0xfe, 0x48, 0xda, 0x80, 0x7f, 0xf2, 0x47, 0x50, 0x03, 0xff, 0x88, 0xc0,
    0x18, 0x74, 0xc0, 0x3f, 0xf8, 0xa4, 0xc0, 0x02, 0xc3, 0x00, 0xff, 0xcc, 0x01, 0x88, 0x27, 0x2b,
    0x48, 0x03, 0xff, 0x83, 0x53, 0x35, 0xa8, 0x00, 0xff, 0xe1, 0x14, 0xe5, 0x20, 0x07, 0xff, 0x40,
    0xf1, 0x8d, 0x6d, 0x80, 0x3f, 0xf9, 0xc5, 0xa2, 0x01, 0xa5, 0x40, 0x3f, 0xf9, 0x85, 0xe2, 0x01,
    0xea, 0x40, 0x0f, 0xfe, 0x50, 0xf1, 0x00, 0x7e, 0xa3, 0x00, 0xff, 0xe4, 0x0e, 0x98, 0x07, 0xf0,
    0xe9, 0x00, 0x7f, 0xf1, 0xe8, 0xc0, 0x3f, 0xe1, 0xf2, 0x00, 0xff, 0xe2, 0xd2, 0x00, 0x7f, 0xf0,
    0x4b, 0x84, 0x03, 0xff, 0x87, 0x0a, 0x01, 0xff, 0xc3, 0x3d, 0x10, 0x0f, 0xfe, 0x0b, 0xb8, 0x03,
    0xff, 0x8a, 0x74, 0x01, 0xff, 0x9a, 0x00, 0x3f, 0xf8, 0xe9, 0x40, 0x1f, 0xe5, 0x90, 0x0f, 0xfe,
    0x4a, 0xc0, 0x07, 0xe4, 0xa0, 0x0f, 0xfe, 0x5b, 0xb8, 0x03, 0xc7, 0x40, 0x1f, 0xfc, 0xd8, 0x60,
    0x0c, 0x5a, 0x20, 0x1f, 0xfc, 0xe9, 0x50, 0x00, 0xf8, 0x80, 0x7f, 0xf4, 0x28, 0xc2, 0x48, 0x03,
    0xff, 0xa5, 0xe0, 0xc0, 0x1f, 0xfd, 0x33, 0x22, 0x00, 0x7f, 0xf5, 0x0d, 0x00, 0x3f, 0xfa, 0x66,
    0x30, 0x80, 0x1f, 0xfd, 0x11, 0xe0, 0x05, 0xe4, 0x47, 0xff, 0x3e, 0xfc, 0x80, 0x23, 0x77, 0xff,
    0xe7, 0xa0, 0x80, 0x61, 0x22, 0xff, 0xe8, 0x00, 0x47, 0x7d, 0xbb, 0xff, 0xd1, 0x50, 0x94, 0x00,
    0xff, 0xe8, 0x95, 0x82, 0x80, 0x7f, 0xf4, 0xc5, 0x00, 0x3f, 0xff, 0xe0, 0x1f, 0xff, 0x13, 0x00,
    0xff, 0xe9, 0x8a, 0xc8, 0x80, 0x7f, 0xf4, 0x98, 0x57, 0xea, 0x67, 0xff, 0xa1, 0xb0, 0x00, 0x00,
    0xff, 0xe1, 0x92, 0x80, 0x7f, 0xf1, 0x5b, 0x6b, 0x04, 0x03, 0xff, 0x84, 0xd2, 0x00, 0x3c, 0x10,
    0x0f, 0xfc, 0xd2, 0x01, 0x89, 0x80, 0x3f, 0xe6, 0x90, 0x0f, 0x78, 0x07, 0xf9, 0xa4, 0x03, 0xc5,
    0x20, 0x1f, 0xcd, 0x20, 0x1e, 0x2f, 0x10, 0x0f, 0xcd, 0x20, 0x1e, 0x2f, 0x20, 0x0f, 0xcd, 0x20,
    0x1e, 0x2f, 0x20, 0x0f, 0xcd, 0x20, 0x1e, 0x2f, 0x20, 0x0f, 0xcd, 0x20, 0x1e, 0x2f, 0x20, 0x0f,
    0xcd, 0x20, 0x1e, 0x2f, 0x20, 0x0f, 0xcd, 0x20, 0x1e, 0x2f, 0x20, 0x0f, 0xcd, 0x20, 0x1e, 0x2f,
    0x20, 0x0f, 0xcd, 0x20, 0x1e, 0x2f, 0x20, 0x0f, 0xcb, 0x20, 0x1e, 0x2f, 0x20, 0x0f, 0xe8, 0x00,
    0xf0, 0xf9, 0x00, 0x7f, 0x9c, 0x03, 0xc2, 0xa0, 0x1f, 0xf5, 0x98, 0x07, 0xa1, 0xc0, 0x3f, 0xc3,
    0xa6, 0x01, 0xe8, 0x70, 0x0f, 0xf0, 0xe9, 0x80, 0x7a, 0x1c, 0x03, 0xfc, 0x3a, 0x60, 0x1e, 0x87,
    0x00, 0xff, 0x0e, 0x98, 0x07, 0xa1, 0xc0, 0x3f, 0xc3, 0xa6, 0x01, 0xe8, 0x70, 0x0f, 0xf0, 0xe9,
    0x80, 0x7a, 0x1c, 0x03, 0xfc, 0x3a, 0x60, 0x1e, 0x87, 0x00, 0xff, 0x0e, 0x98, 0x07, 0xa1, 0xc0,
    0x3f, 0xc3, 0xa6, 0x01, 0xe8, 0x70, 0x0f, 0xf0, 0xe9, 0x80, 0x7a, 0x14, 0x03, 0xfc, 0x3a, 0x60,
    0x1e, 0xc0, 0x0f, 0xf8, 0x74, 0xc0, 0x3b, 0x40, 0x3f, 0xf0, 0xe9, 0x80, 0x52, 0x80, 0x1f, 0xfc,
    0x11, 0xd6, 0x3a, 0x60, 0x00, 0x0a, 0x88, 0x07, 0xff, 0x10, 0xfe, 0xbc, 0xc0, 0x3f, 0xf8, 0x47,
    0xa2, 0x03, 0xa6, 0x01, 0xff, 0xc1, 0x81, 0x00, 0x87, 0x4c, 0x03, 0xff, 0x8c, 0x3a, 0x60, 0x1f,
    0xf7, 0x88, 0x07, 0x0e, 0x98, 0x07, 0xf9, 0x28, 0x40, 0x38, 0x74, 0xc0, 0x3f, 0xc9, 0x42, 0x01,
    0xc3, 0xa6, 0x01, 0xfe, 0x4a, 0x10, 0x0e, 0x1d, 0x30, 0x0f, 0xf2, 0x50, 0x80, 0x70, 0xe9, 0x80,
    0x7f, 0x92, 0x84, 0x03, 0x87, 0x4c, 0x03, 0xfc, 0x94, 0x20, 0x1c, 0x3a, 0x60, 0x1f, 0xe4, 0xa1,
    0x00, 0xe1, 0xd3, 0x00, 0xff, 0x25, 0x08, 0x07, 0x0e, 0x98, 0x07, 0xf9, 0x28, 0x40, 0x38, 0x74,
    0xc0, 0x3f, 0xc9, 0x42, 0x01, 0xc3, 0xa4, 0x01, 0xfe, 0x4a, 0x00, 0xf0, 0xd8, 0x07, 0xfd, 0xc0,
    0x1f, 0x78, 0x07, 0xfa, 0x94, 0x03, 0xca, 0xc0, 0x1f, 0xd4, 0xa0, 0x1e, 0x5a, 0x00, 0xfe, 0xa5,
    0x00, 0xf2, 0xd0, 0x07, 0xf5, 0x28, 0x07, 0x96, 0x80, 0x3f, 0xa9, 0x40, 0x3c, 0xb4, 0x01, 0xfd,
    0x4a, 0x01, 0xe5, 0xa0, 0x0f, 0xea, 0x50, 0x0f, 0x2d, 0x00, 0x7f, 0x52, 0x80, 0x79, 0x68, 0x03,
    0xfa, 0x94, 0x03, 0xcb, 0x40, 0x1f, 0xd4, 0xa0, 0x1e, 0x5a, 0x00, 0xfe, 0x85, 0x00, 0xf2, 0xd0,
    0x07, 0xf9, 0x40, 0x3c, 0xb4, 0x01, 0xff, 0x28, 0x07, 0x2d, 0x00, 0x7f, 0xe8, 0x50, 0x09, 0x68,
    0x03, 0xff, 0x85, 0x4e, 0x71, 0x40, 0x1f, 0xfc, 0x20, 0x00, 0xff, 0xe0, 0x8b, 0xee, 0xd2, 0x40,
    0x1f, 0xfc, 0xf9, 0x82, 0x29, 0xa4, 0x03, 0xff, 0x9e, 0xa0, 0x1c, 0x84, 0x01, 0xff, 0xce, 0x30,
    0x0f, 0x08, 0x07, 0xff, 0xfc, 0x03, 0xff, 0xfe, 0x01, 0xff, 0xff, 0x00, 0xff, 0xff, 0x80, 0x7f,
    0xf1, 0xc5, 0xf3, 0x3f, 0xe1, 0x00, 0xf7, 0x66, 0x7f, 0xa0, 0x82, 0x60, 0xcf, 0xfe, 0x00, 0xf8,
    0x8c, 0xff, 0xcf, 0xc0, 0xc0, 0x1f, 0xfd, 0x33, 0x30, 0x80, 0x7f, 0xf5, 0x1c, 0x03, 0xff, 0xac,
    0x80, 0x1f, 0xfd, 0x31, 0x5f, 0x10, 0x0f, 0xfe, 0x94, 0x8a, 0x75, 0xd5, 0x7f, 0x84, 0x03, 0xd1,
    0x55, 0xfe, 0xe7, 0x00, 0x91, 0x57, 0xfc, 0x01, 0xf2, 0x2a, 0xff, 0x84, 0x03, 0xff, 0xfe, 0x01,
    0xff, 0xff, 0x00, 0xff, 0xff, 0x80, 0x7f, 0xff, 0xc0, 0x3f, 0xf9, 0x2a, 0x01, 0xc2, 0x40, 0x1f,
    0xfc, 0xef, 0x10, 0x0d, 0x22, 0x01, 0xff, 0xce, 0x4f, 0xa9, 0x96, 0xb8, 0x07, 0xff, 0x08, 0x17,
    0xcc, 0xff, 0xe8, 0xc1, 0x04, 0xc1, 0x9f, 0xff, 0x45, 0xf8, 0x18, 0x03, 0xff, 0xa6, 0x66, 0x10,
    0x0f, 0xfe, 0xa3, 0x80, 0x7f, 0xf5, 0x90, 0x03, 0xff, 0xa6, 0x2b, 0xe2, 0x01, 0xff, 0xd2, 0x91,
    0x4e, 0xba, 0xaf, 0xfe, 0x87, 0x38, 0x00, 0x00, 0xff, 0xe2, 0x92, 0xb3, 0xb9, 0x95, 0x04, 0x03,
    0xff, 0xa4, 0x2f, 0x7d, 0xb5, 0x31, 0x09, 0xab, 0xed, 0xa5, 0x10, 0x0f, 0xfe, 0x62, 0x5f, 0x42,
    0x08, 0x07, 0xf1, 0x2d, 0x7c, 0x90, 0x07, 0xff, 0x20, 0xee, 0xc8, 0x01, 0xff, 0xc4, 0x16, 0xd9,
    0x10, 0x0f, 0xfe, 0x2c, 0x62, 0x00, 0x78, 0xe2, 0xf7, 0xb6, 0xdc, 0x80, 0x3c, 0xde, 0xa0, 0x1f,
    0xfc, 0x22, 0xc7, 0x00, 0xf1, 0xde, 0x3a, 0x10, 0x92, 0x46, 0xc8, 0x80, 0x70, 0xd5, 0x04, 0x03,
    0xfe, 0x3c, 0x30, 0x0f, 0x36, 0x20, 0x07, 0xf3, 0x79, 0x80, 0x79, 0x74, 0x40, 0x3f, 0x93, 0x44,
    0x03, 0xcf, 0x20, 0x18, 0x51, 0x48, 0x03, 0x0e, 0x20, 0x07, 0x8f, 0x08, 0x03, 0xe3, 0xb1, 0x00,
    0xf2, 0x40, 0x07, 0x2d, 0xd6, 0xf4, 0x88, 0x05, 0x44, 0x01, 0xe2, 0xf1, 0x00, 0xe2, 0xd0, 0x0f,
    0xd2, 0x01, 0xe4, 0x10, 0x00, 0xb6, 0x18, 0x00, 0x60, 0x03, 0xe2, 0xa0, 0x0e, 0xe1, 0x00, 0xf9,
    0xc8, 0x03, 0xff, 0x17, 0x08, 0x01, 0x4c, 0x03, 0xe4, 0x80, 0x09, 0xcc, 0x03, 0xf5, 0x80, 0x7c,
    0x62, 0x01, 0xc5, 0x60, 0x15, 0x80, 0x7e, 0x73, 0x02, 0x90, 0x0f, 0xc2, 0x60, 0x1e, 0x2f, 0x00,
    0xf9, 0x44, 0x00, 0x80, 0x1f, 0xde, 0x10, 0x20, 0x1f, 0x88, 0x02, 0x8c, 0x89, 0xc3, 0x00, 0xfc,
    0xa0, 0x02, 0x00, 0xfe, 0x36, 0x40, 0x0f, 0xe7, 0x00, 0x88, 0xdd, 0x84, 0x03, 0xf8, 0xc0, 0x02,
    0x01, 0xfe, 0xc3, 0x00, 0xff, 0xe0, 0x98, 0x07, 0xff, 0x04, 0x80, 0x3f, 0xf8, 0x27, 0x60, 0x1f,
    0xcc, 0x01, 0x78, 0x07, 0xff, 0x05, 0xc0, 0x02, 0x01, 0xfe, 0xb6, 0x30, 0x0f, 0xc4, 0x20, 0x04,
    0x00, 0xff, 0xc4, 0x40, 0x02, 0x00, 0x7f, 0x39, 0x07, 0x80, 0x7f, 0x20, 0x00, 0xa0, 0x03, 0xfe,
    0x90, 0x0b, 0x00, 0x3f, 0x14, 0x80, 0x0e, 0x40, 0x3f, 0x48, 0x04, 0xe6, 0x01, 0xfc, 0xc8, 0x00,
    0x17, 0x00, 0xf8, 0x78, 0x40, 0x26, 0x60, 0x07, 0xc6, 0xa0, 0x16, 0x38, 0x07, 0x86, 0x64, 0x01,
    0x40, 0x80, 0x7d, 0x66, 0x01, 0xd2, 0x80, 0x1f, 0x59, 0x80, 0x51, 0x8e, 0xa6, 0xb1, 0x8c, 0x01,
    0x33, 0x00, 0x3e, 0x85, 0x00, 0xfa, 0xd4, 0x03, 0xc3, 0xc4, 0x01, 0x1c, 0x56, 0x53, 0x90, 0x04,
    0xb2, 0x01, 0xf4, 0x38, 0x07, 0xf5, 0x30, 0x07, 0x8b, 0x14, 0x03, 0xfe, 0x7a, 0x00, 0xf0, 0xcb,
    0x80, 0x7f, 0xd3, 0x42, 0x01, 0xc3, 0x56, 0x80, 0x1e, 0x16, 0xd8, 0x00, 0xf1, 0xeb, 0x00, 0x7f,
    0xf0, 0x57, 0x14, 0x03, 0xc9, 0x7d, 0x75, 0x35, 0x9d, 0x24, 0x01, 0xe7, 0xd3, 0x00, 0xff, 0xe1,
    0x95, 0x61, 0x80, 0x78, 0x51, 0x59, 0x4c, 0x03, 0xe5, 0xd8, 0x10, 0x0f, 0xfe, 0x31, 0xe6, 0x18,
    0x40, 0x3f, 0xf8, 0x25, 0x1b, 0x44, 0x01, 0xff, 0xca, 0x39, 0xec, 0x85, 0x32, 0x10, 0x12, 0x36,
    0x9c, 0xd7, 0x20, 0x0f, 0xfc, 0x00, 0x10, 0x07, 0xff, 0x8a, 0x37, 0x46, 0x01, 0xff, 0xdf, 0x57,
    0x02, 0xd5, 0x00, 0xff, 0xef, 0x40, 0x04, 0x35, 0x20, 0x1f, 0xfd, 0xd7, 0x00, 0xe6, 0xc2, 0x00,
    0xff, 0xed, 0xd3, 0x00, 0x71, 0xe2, 0x00, 0x7f, 0x0a, 0x2b, 0x3b, 0x99, 0x4c, 0x03, 0xff, 0x93,
    0x34, 0x20, 0x18, 0x6d, 0xc0, 0x39, 0x27, 0x7a, 0xea, 0x62, 0x13, 0x59, 0xd6, 0xe4, 0x01, 0xff,
    0xc6, 0x5c, 0x20, 0x0e, 0x8b, 0x11, 0x3f, 0x5b, 0x10, 0x07, 0xf0, 0xa4, 0x6d, 0xa8, 0x07, 0xff,
    0x14, 0xb1, 0x40, 0x39, 0x33, 0xe0, 0x40, 0x3f, 0xf8, 0x89, 0x58, 0x80, 0x1f, 0xfc, 0x41, 0xa8,
    0x00, 0xe2, 0x10, 0x0e, 0x16, 0xad, 0xed, 0xc8, 0x40, 0x0f, 0x1d, 0xd0, 0x80, 0x7f, 0xf1, 0x1f,
    0x08, 0x03, 0xfa, 0x3e, 0x54, 0x84, 0x8d, 0xef, 0x10, 0x03, 0xcb, 0x86, 0x01, 0xff, 0xc4, 0x3c,
    0x40, 0x0f, 0xa9, 0xc4, 0x03, 0xf1, 0xdc, 0x00, 0x78, 0xb1, 0x40, 0x3f, 0xf8, 0x83, 0x6e, 0x01,
    0xeb, 0x50, 0x08, 0xd5, 0x04, 0x03, 0x3c, 0x80, 0x7d, 0x4a, 0x01, 0xff, 0xc5, 0x8a, 0x10, 0x0c,
    0x35, 0x00, 0x0d, 0xab, 0xec, 0x30, 0x09, 0x98, 0x01, 0xf5, 0x28, 0x07, 0xfc, 0x60, 0x1c, 0xb8,
    0x60, 0x1c, 0xf6, 0x2e, 0x01, 0x1e, 0x38, 0x05, 0x02, 0x01, 0xf5, 0x98, 0x07, 0xf2, 0xe4, 0x00,
    0x71, 0x63, 0x00, 0x72, 0x61, 0x00, 0x74, 0x28, 0x00, 0x60, 0x03, 0xe1, 0xe1, 0x00, 0xf8, 0xac,
    0x1e, 0xc8, 0x03, 0xa6, 0x40, 0x1c, 0x48, 0x01, 0xeb, 0x10, 0x03, 0x80, 0x7e, 0x28, 0x00, 0xfa,
    0x44, 0x00, 0x98, 0x80, 0x1c, 0xd8, 0x40, 0x1f, 0xf0, 0xb0, 0x00, 0x4c, 0x03, 0xf3, 0x18, 0x07,
    0x22, 0x00, 0x30, 0xdb, 0x80, 0x71, 0xe2, 0x00, 0x7f, 0xda, 0x01, 0x30, 0x07, 0xf7, 0x80, 0x76,
    0x00, 0x7d, 0x14, 0x20, 0x18, 0x6e, 0x00, 0x3f, 0xcc, 0x01, 0x18, 0x07, 0xf1, 0x88, 0x06, 0xf0,
    0x0f, 0xcb, 0x82, 0x01, 0xcf, 0x62, 0x01, 0xf9, 0xc0, 0x23, 0x00, 0xfe, 0x11, 0x00, 0x66, 0x10,
    0x0f, 0xc4, 0xa0, 0x1e, 0x4c, 0x30, 0x0f, 0x88, 0x02, 0x10, 0x0f, 0xe6, 0x00, 0xe1, 0x80, 0x0f,
    0xe3, 0x00, 0xf8, 0xb1, 0x80, 0x3c, 0xe8, 0x02, 0xa0, 0x1f, 0x8a, 0x40, 0x3c, 0xc6, 0x01, 0xfa,
    0xc0, 0x3f, 0xa6, 0x84, 0x03, 0x0d, 0xba, 0x08, 0x07, 0xe9, 0x10, 0x0f, 0xb8, 0x40, 0x3e, 0x33,
    0x00, 0x7f, 0x2e, 0x10, 0x07, 0x45, 0x00, 0x7e, 0x74, 0x00, 0xfc, 0x54, 0x01, 0xfb, 0xc0, 0x3f,
    0xc5, 0x8a, 0x01, 0xff, 0xc1, 0x48, 0x00, 0xff, 0x25, 0x00, 0x7c, 0x70, 0x01, 0xfe, 0x1a, 0x90,
    0x0f, 0xf8, 0xe8, 0x03, 0xff, 0x2d, 0x00, 0x7c, 0xee, 0x00, 0xff, 0x9b, 0x08, 0x03, 0xf2, 0x68,
    0x80, 0x7f, 0xf0, 0x56, 0xc4, 0x03, 0xd1, 0x22, 0x01, 0xfe, 0x3c, 0x40, 0x0f, 0xa4, 0x40, 0x3f,
    0xf8, 0x69, 0x88, 0x01, 0xe6, 0xf7, 0x10, 0x0f, 0xe1, 0xb7, 0x00, 0xf6, 0x20, 0x07, 0xff, 0x10,
    0xae, 0x04, 0x03, 0x86, 0x3b, 0x2a, 0x6a, 0xcc, 0x03, 0xa2, 0xc4, 0x03, 0x0d, 0xc0, 0x07, 0xff,
    0x15, 0xfd, 0x80, 0x3e, 0x35, 0x65, 0x4d, 0x50, 0x0e, 0x4c, 0x30, 0x0e, 0x7b, 0x10, 0x0f, 0xfe,
    0x20, 0xcf, 0x41, 0x80, 0x7f, 0x0d, 0x40, 0x07, 0x16, 0x30, 0x07, 0x26, 0x18, 0x07, 0xff, 0x14,
    0x5f, 0x36, 0x99, 0x08, 0x40, 0x48, 0xd7, 0xc8, 0x03, 0xd3, 0x20, 0x0e, 0x2c, 0x70, 0x0f, 0xfe,
    0x39, 0x2c, 0xde, 0xf7, 0xf6, 0xe5, 0x39, 0x00, 0x7c, 0xd8, 0x40, 0x1d, 0x14, 0x01, 0xff, 0xdb,
    0x3c, 0x50, 0x0e, 0x56, 0x00, 0xff, 0xed, 0x8d, 0x40, 0x07, 0x28, 0x07, 0xff, 0x75, 0xec, 0x40,
    0x10, 0x60, 0x1f, 0xfd, 0xe4, 0xc6, 0x97, 0x00, 0x00, 0xff, 0xe4, 0x09, 0x80, 0x7f, 0xf7, 0x2b,
    0xb3, 0x9c, 0x03, 0xff, 0xb3, 0x4a, 0x00, 0x18, 0x60, 0x0f, 0xfe, 0xba, 0xa8, 0x03, 0xa0, 0x40,
    0x3f, 0xfa, 0xd0, 0x01, 0xe1, 0x80, 0x0f, 0xfe, 0xab, 0x90, 0x07, 0xcc, 0x60, 0x1f, 0xfd, 0x31,
    0x90, 0x0f, 0xef, 0x00, 0xff, 0xe9, 0xc0, 0x80, 0x7f, 0x1a, 0x80, 0x7f, 0xf4, 0x4d, 0x80, 0x3f,
    0xe8, 0x10, 0x0f, 0xfe, 0x84, 0x00, 0x7f, 0xe2, 0x90, 0x0f, 0xfe, 0x7a, 0xa0, 0x07, 0xff, 0x05,
    0xc8, 0x03, 0xff, 0x9a, 0x30, 0x01, 0xff, 0xc3, 0x80, 0x0f, 0xfe, 0x6b, 0x10, 0x07, 0xff, 0x0d,
    0x50, 0x03, 0xff, 0x96, 0x52, 0x01, 0xc2, 0x67, 0xc0, 0x1e, 0x80, 0x0f, 0xfe, 0x5c, 0x08, 0x07,
    0x6e, 0x67, 0x40, 0x07, 0x1b, 0x00, 0x7f, 0xf2, 0x4d, 0x40, 0x3c, 0x20, 0x1c, 0x20, 0x1e, 0x81,
    0x00, 0xff, 0xe4, 0x78, 0x07, 0xc2, 0x01, 0xc2, 0x01, 0xe1, 0x90, 0x0f, 0xfe, 0x3b, 0x18, 0x07,
    0xce, 0x01, 0xde, 0x01, 0xf3, 0x90, 0x07, 0xff, 0x14, 0x60, 0x03, 0xf0, 0x80, 0x70, 0x80, 0x7e,
    0x90, 0x0f, 0xfe, 0x2c, 0x88, 0x07, 0xe3, 0x00, 0xe3, 0x00, 0xfc, 0x88, 0x00, 0xff, 0xe1, 0x93,
    0x80, 0x7f, 0x08, 0x07, 0xff, 0x0e, 0x40, 0x3f, 0xf8, 0x70, 0x01, 0xfe, 0xf0, 0x0e, 0x10, 0x0f,
    0xe2, 0x70, 0x0f, 0xfe, 0x0a, 0x28, 0x07, 0xff, 0x11, 0xc0, 0x3f, 0xd2, 0x20, 0x1f, 0xfa, 0x00,
    0x3f, 0xe1, 0x00, 0xe1, 0x00, 0xff, 0x0c, 0x00, 0x7f, 0xcc, 0x60, 0x1f, 0xf1, 0x80, 0x71, 0x80,
    0x7f, 0xcc, 0x60, 0x1f, 0xc3, 0x00, 0x1f, 0xf9, 0x5d, 0x56, 0xa1, 0x00, 0xff, 0xd0, 0x01, 0xfd,
    0x02, 0x01, 0xff, 0xc1, 0x8a, 0xa9, 0x40, 0x3f, 0xf8, 0x28, 0xa0, 0x1f, 0x13, 0x00, 0x7f, 0xf0,
    0x97, 0x3a, 0xcc, 0x03, 0xff, 0x85, 0x00, 0x1f, 0x48, 0x07, 0xff, 0x09, 0x68, 0xc5, 0x34, 0x80,
    0x3f, 0xf8, 0x24, 0xe0, 0x1c, 0xa8, 0x01, 0xff, 0xc2, 0x80, 0x0c, 0x36, 0x01, 0xff, 0xc2, 0x91,
    0x00, 0xd0, 0x01, 0xff, 0xc3, 0x20, 0x0e, 0x20, 0x0f, 0xfe, 0x10, 0xc0, 0x04, 0xe4, 0x01, 0xff,
    0xc3, 0x30, 0x0e, 0x20, 0x0f, 0xfe, 0x1b, 0x18, 0x0c, 0x80, 0x7f, 0xf1, 0x20, 0x03, 0x0c, 0x00,
    0x7f, 0xf1, 0x3c, 0x24, 0x40, 0x3f, 0xf8, 0x89, 0x8a, 0x6d, 0x82, 0x01, 0xff, 0xc4, 0x35, 0x50,
    0x07, 0xff, 0x18, 0xeb, 0x24, 0x80, 0x3f, 0xf8, 0xd8, 0x60, 0x1f, 0xfd, 0xd3, 0x40, 0x0f, 0xfe,
    0xee, 0x41, 0x00, 0x7f, 0xf6, 0xd1, 0x8b, 0xe1, 0x13, 0xff, 0xb0, 0xb3, 0x40, 0x00, 0xff, 0xe8,
    0x0c, 0xe2, 0x80, 0x7f, 0xf5, 0x9d, 0x8e, 0x98, 0x03, 0xff, 0xaa, 0x20, 0x14, 0xb0, 0x07, 0xff,
    0x66, 0x58, 0x03, 0x11, 0x7e, 0x00, 0xff, 0xe1, 0x91, 0x6f, 0x00, 0xe9, 0x60, 0x05, 0xee, 0xfe,
    0xe3, 0x00, 0xff, 0x87, 0x37, 0x73, 0x80, 0x7a, 0x58, 0x10, 0x03, 0xf0, 0xe9, 0x00, 0x7f, 0xa8,
    0xc0, 0x3f, 0xf4, 0xa8, 0x07, 0xf8, 0x7c, 0x80, 0x3f, 0x52, 0x00, 0x7f, 0xf0, 0xa0, 0x03, 0xfe,
    0x2e, 0x10, 0x0f, 0x52, 0x80, 0x7f, 0xf0, 0xd8, 0x03, 0xff, 0x1e, 0x88, 0x06, 0x95, 0x00, 0xff,
    0xe1, 0x8c, 0x49, 0x9f, 0x84, 0x03, 0x8e, 0x80, 0x28, 0x60, 0x0f, 0x19, 0x84, 0x03, 0xc3, 0xa6,
    0xd9, 0x9e, 0xa0, 0x0f, 0x70, 0x01, 0xdc, 0x01, 0xe8, 0xcc, 0x48, 0x07, 0x0e, 0x98, 0x07, 0xe4,
    0xa0, 0x0d, 0x2a, 0x0d, 0x00, 0x1e, 0x77, 0x00, 0x7c, 0x3a, 0x60, 0x1f, 0xe5, 0x90, 0x04, 0x30,
    0x2c, 0x80, 0x79, 0xa0, 0x03, 0xe1, 0xd3, 0x00, 0xff, 0xcd, 0x0e, 0xe0, 0x4a, 0x00, 0xf2, 0xc8,
    0x06, 0x30, 0x00, 0xe9, 0x80, 0x7f, 0xf0, 0x9e, 0x00, 0xe8, 0x03, 0xc9, 0x40, 0x1c, 0x97, 0x18,
    0x60, 0x1f, 0xfc, 0x53, 0xd1, 0x00, 0xe3, 0xa0, 0x0f, 0x91, 0xc8, 0x03, 0xff, 0x8a, 0x5a, 0x20,
    0x1c, 0x7a, 0x20, 0x1f, 0xfc, 0xe2, 0xf1, 0x00, 0xe2, 0xd1, 0x11, 0x80, 0x70, 0xe7, 0xc0, 0x07,
    0xff, 0x0c, 0x78, 0x80, 0x38, 0xbc, 0x42, 0xb4, 0xc0, 0x33, 0x98, 0x3c, 0x80, 0x7f, 0xf0, 0x47,
    0x4c, 0x03, 0x87, 0x88, 0x29, 0x07, 0x48, 0x02, 0x10, 0x09, 0xa4, 0x03, 0xff, 0x51, 0x80, 0x70,
    0xe9, 0x84, 0xa8, 0x00, 0x7c, 0x80, 0x3e, 0x69, 0x00, 0x85, 0x57, 0xd4, 0x80, 0x1e, 0xa3, 0x07,
    0x60, 0x0c, 0x5e, 0xaa, 0xd0, 0x0e, 0x69, 0x00, 0x65, 0x57, 0x94, 0x03, 0xd4, 0x80, 0x05, 0x10,
    0x0e, 0x2a, 0xa2, 0x80, 0x79, 0xa4, 0x08, 0x03, 0xff, 0x4a, 0x80, 0x45, 0xa2, 0x01, 0xff, 0xc3,
    0x67, 0x00, 0xff, 0xd0, 0xc0, 0x1c, 0x7a, 0x20, 0x1f, 0xfc, 0x3a, 0x00, 0xff, 0x9d, 0xc0, 0x1f,
    0x1d, 0x00, 0x7f, 0xf0, 0xdc, 0x40, 0x3f, 0x9a, 0x00, 0x3f, 0x92, 0x80, 0x3f, 0xf8, 0x27, 0x74,
    0xcd, 0xfa, 0x24, 0x03, 0xfe, 0x5b, 0x66, 0xc6, 0x01, 0xe3, 0xd1, 0x49, 0x9f, 0xce, 0x01, 0xff,
    0xc1, 0x49, 0x9d, 0x60, 0x1c, 0x7a, 0x20, 0x1f, 0xfd, 0x63, 0xd1, 0x00, 0xff, 0xeb, 0x1e, 0x88,
    0x07, 0xff, 0x4d, 0x04, 0x0f, 0x44, 0x03, 0xff, 0xa8, 0x79, 0x78, 0x20, 0x1c, 0x00, 0xff, 0xf2,
    0x47, 0x58, 0x80, 0x7f, 0xf4, 0x29, 0xc5, 0x34, 0x40, 0x3f, 0xf9, 0xd4, 0xa0, 0x11, 0xe8, 0x80,
    0x7f, 0xf3, 0x29, 0x40, 0x38, 0xf4, 0x40, 0x3f, 0xf9, 0x54, 0xa0, 0x1f, 0x1e, 0x88, 0x07, 0xff,
    0x22, 0x94, 0x03, 0xf8, 0xf4, 0x40, 0x3f, 0xf8, 0xd4, 0xa0, 0x1f, 0xf1, 0xe8, 0x80, 0x7f, 0xf1,
    0x29, 0x40, 0x3c, 0x40, 0x1e, 0x3d, 0x10, 0x0f, 0xfe, 0x15, 0x28, 0x07, 0x97, 0x60, 0x03, 0xc7,
    0xa2, 0x01, 0xff, 0xa9, 0x40, 0x3c, 0xb4, 0x0f, 0x00, 0x1e, 0x3d, 0x10, 0x0f, 0xf5, 0x28, 0x07,
    0x96, 0x80, 0x27, 0x80, 0x0f, 0x1e, 0x88, 0x07, 0xea, 0x50, 0x0f, 0x2d, 0x00, 0x73, 0xc0, 0x07,
    0x8f, 0x44, 0x03, 0xd4, 0xa0, 0x1e, 0x5a, 0x00, 0xf9, 0xe0, 0x03, 0xc7, 0xa2, 0x01, 0xa9, 0x40,
    0x3c, 0xb4, 0x01, 0xfc, 0xf0, 0x01, 0xe3, 0xd1, 0x00, 0x52, 0x80, 0x79, 0x68, 0x03, 0xfe, 0x78,
    0x00, 0xf1, 0xe8, 0xa2, 0x80, 0x79, 0x68, 0x03, 0xff, 0x82, 0xf0, 0x01, 0xe3, 0x92, 0x00, 0xf2,
    0xd0, 0x07, 0xff, 0x0d, 0xe0, 0x03, 0xc4, 0xe4, 0x01, 0x96, 0x80, 0x3f, 0xf8, 0xaf, 0x00, 0x18,
    0x64, 0x70, 0x80, 0x0b, 0x40, 0x1f, 0xfc, 0x77, 0x80, 0x00, 0xe9, 0x80, 0xe4, 0xd5, 0x00, 0x3f,
    0xf9, 0x2f, 0x71, 0x86, 0x00, 0x00, 0xff, 0xeb, 0xb7, 0x6a, 0x00, 0x7f, 0xf2, 0x4a, 0xfa, 0x00,
    0x26, 0x91, 0x2a, 0x40, 0x0f, 0xfe, 0x39, 0x7a, 0x0b, 0xd0, 0x1c, 0x80, 0x43, 0x48, 0x01, 0xff,
    0xc5, 0x2f, 0x20, 0x09, 0x5d, 0x00, 0x38, 0x69, 0x00, 0x3f, 0xf8, 0x65, 0xe4, 0x01, 0xda, 0xa2,
    0x01, 0xc3, 0x48, 0x01, 0xff, 0xc1, 0x2f, 0x20, 0x0f, 0x79, 0x68, 0x80, 0x70, 0xd2, 0x00, 0x7f,
    0xc5, 0xe4, 0x01, 0xe9, 0x50, 0x3d, 0x10, 0x0e, 0x1a, 0x40, 0x0f, 0xe2, 0xf2, 0x00, 0xf4, 0xb0,
    0x04, 0x7a, 0x20, 0x1c, 0x34, 0x80, 0x1f, 0x17, 0x90, 0x07, 0xa5, 0x80, 0x38, 0xf4, 0x40, 0x38,
    0x69, 0x00, 0x38, 0xbc, 0x80, 0x3d, 0x2c, 0x01, 0xf1, 0xe8, 0x80, 0x70, 0xd2, 0x00, 0x45, 0xe4,
    0x01, 0xe9, 0x60, 0x0f, 0xe3, 0xd1, 0x00, 0xe1, 0xa4, 0x02, 0xf2, 0x00, 0xf4, 0xb0, 0x07, 0xfc,
    0x7a, 0x20, 0x1c, 0x34, 0xbe, 0x40, 0x1e, 0x96, 0x00, 0xff, 0xe0, 0x9e, 0x88, 0x07, 0x0d, 0x10,
    0x07, 0xa5, 0x80, 0x3f, 0xf8, 0x67, 0xa2, 0x01, 0xff, 0xa5, 0x80, 0x3f, 0xf8, 0xa7, 0xa2, 0x01,
    0xfe, 0x96, 0x00, 0xff, 0xe3, 0x9e, 0x88, 0x07, 0xe9, 0x60, 0x0f, 0xfe, 0x49, 0xe8, 0x80, 0x7a,
    0x58, 0x03, 0xff, 0x96, 0x7a, 0x20, 0x1a, 0x58, 0x03, 0xff, 0x9a, 0x7a, 0x20, 0x09, 0x60, 0x0f,
    0xfe, 0x79, 0xe4, 0x63, 0x00, 0x7f, 0xf0, 0x80, 0x00, 0xfc, 0x92, 0x80, 0x1f, 0xfe, 0x07, 0xb6,
    0xb7, 0x00, 0xff, 0xef, 0x3c, 0x00, 0x50, 0xe0, 0x1f, 0x09, 0x17, 0xff, 0x14, 0x40, 0x3f, 0xf8,
    0x4f, 0x00, 0x1d, 0x0e, 0x01, 0xd7, 0xdb, 0xbf, 0xfc, 0x5e, 0xb0, 0x0f, 0xfd, 0x10, 0x00, 0xfa,
    0x20, 0x01, 0x1a, 0x00, 0x7f, 0xf1, 0xd1, 0x00, 0x1f, 0xe8, 0x70, 0x0f, 0xe7, 0x80, 0x01, 0x08,
    0x07, 0xff, 0x20, 0x80, 0x3f, 0xa1, 0xc0, 0x3f, 0xe7, 0x80, 0x1a, 0x10, 0x0f, 0xfe, 0x84, 0x38,
    0x07, 0xff, 0x05, 0xe0, 0x13, 0x1d, 0x9b, 0xff, 0x82, 0x80, 0x1f, 0xf9, 0x5c, 0x03, 0x10, 0x80,
    0x42, 0x40, 0x19, 0xd4, 0x0a, 0x26, 0x7f, 0xf8, 0x3a, 0x01, 0xff, 0xbc, 0x03, 0x0f, 0x98, 0x04,
    0x7e, 0x20, 0x1b, 0xc0, 0x3f, 0xfa, 0x3e, 0x01, 0x0e, 0x90, 0x07, 0x16, 0x88, 0x05, 0xe0, 0x1f,
    0xfd, 0x15, 0x81, 0x3a, 0x30, 0x0f, 0x8e, 0x8c, 0x61, 0x40, 0x3f, 0xfa, 0x4f, 0xd8, 0x80, 0x1f,
    0xc9, 0x9c, 0xe0, 0x1f, 0xff, 0xf0, 0x0f, 0xff, 0xf8, 0x07, 0xff, 0xfc, 0x03, 0xff, 0x9e, 0x6e,
    0x40, 0x1f, 0xe2, 0x73, 0x00, 0xff, 0xe9, 0xbe, 0x46, 0x18, 0x07, 0xe3, 0xc8, 0xc7, 0x00, 0xff,
    0xe8, 0x8c, 0x00, 0x07, 0x4c, 0x03, 0xc7, 0xa2, 0x00, 0x81, 0x00, 0xff, 0xea, 0x8e, 0xf0, 0x06,
    0xed, 0x10, 0x0f, 0xfe, 0x29, 0x17, 0xff, 0x08, 0x00, 0x2e, 0x01, 0x85, 0xc0, 0x33, 0x88, 0x06,
    0x71, 0x00, 0xff, 0x8b, 0x77, 0xff, 0x86, 0x81, 0x0e, 0x01, 0xff, 0xc2, 0x78, 0x00, 0xff, 0xe7,
    0x95, 0x18, 0x43, 0x80, 0x7f, 0xe7, 0x80, 0x0f, 0xfe, 0x88, 0xc8, 0x02, 0x1c, 0x03, 0xfc, 0xf0,
    0x01, 0xfe, 0x40, 0x0f, 0xfe, 0x41, 0x80, 0x51, 0x00, 0x0f, 0xd1, 0x00, 0x0f, 0xfa, 0x20, 0xcd,
    0xff, 0xc6, 0x88, 0x00, 0x67, 0x80, 0x0f, 0x43, 0x80, 0x7f, 0xe1, 0x79, 0x9f, 0xfe, 0x33, 0x88,
    0x07, 0x3c, 0x00, 0x68, 0x70, 0x0f, 0xfe, 0xeb, 0xc0, 0x8a, 0x1c, 0x03, 0xff, 0xbe, 0xff, 0xe7,
    0x00, 0xfc, 0x00, 0x23, 0xbf, 0xfe, 0x50, 0x0f, 0xfe, 0x50, 0xdd, 0xa2, 0x3f, 0xf5, 0x38, 0x07,
    0xff, 0x26, 0x10, 0x03, 0xff, 0x85, 0x0e, 0x01, 0xff, 0xc8, 0x40, 0x0f, 0xfe, 0x24, 0x38, 0x07,
    0xff, 0x1c, 0x80, 0x3f, 0xf8, 0xb0, 0xe0, 0x1f, 0xfd, 0x98, 0xcb, 0xbf, 0xfe, 0x14, 0x08, 0x07,
    0xff, 0x24, 0xd1, 0x3f, 0xf8, 0x4f, 0xe4, 0x01, 0xff, 0xd8, 0x19, 0x00, 0xff, 0xec, 0xa8, 0x07,
    0xff, 0x64, 0x40, 0x3f, 0xff, 0xe0, 0x1f, 0xff, 0xf0, 0x0f, 0xff, 0xf8, 0x07, 0xff, 0xfc, 0x03,
    0xff, 0xfe, 0x01, 0xff, 0xff, 0x00, 0xff, 0xff, 0x80, 0x7f, 0xff, 0xc0, 0x3f, 0x18, 0x07, 0xff,
    0x60, 0xe0, 0x03, 0xff, 0xb1, 0x09, 0x66, 0x01, 0xff, 0xd4, 0x3b, 0x40, 0x00, 0xff, 0xe3, 0x08,
    0x80, 0x3f, 0xfa, 0xeb, 0xfe, 0x50, 0x0f, 0xfe, 0xaa, 0xd0, 0x8a, 0x94, 0x03, 0xff, 0xa6, 0xb4,
    0x01, 0xa9, 0x40, 0x3f, 0xfa, 0x2b, 0x40, 0x1e, 0xa5, 0x00, 0xff, 0xe7, 0xad, 0x00, 0x7e, 0xa5,
    0x00, 0xff, 0xe6, 0xad, 0x00, 0x7f, 0xa9, 0x40, 0x3f, 0xf9, 0x6b, 0x40, 0x1f, 0xfa, 0x94, 0x03,
    0xff, 0x92, 0xb4, 0x01, 0xff, 0xc2, 0xa5, 0x00, 0xff, 0xe3, 0xad, 0x00, 0x7f, 0xf1, 0x29, 0x40,
    0x3f, 0xf8, 0xab, 0x40, 0x1f, 0xfc, 0x6a, 0x50, 0x0f, 0xfe, 0x1a, 0xd0, 0x07, 0xff, 0x22, 0x94,
    0x03, 0xff, 0x82, 0x94, 0x01, 0xff, 0xca, 0xa4, 0x00, 0xff, 0xd8, 0x01, 0xff, 0xcc, 0xc0, 0x0f,
    0xfd, 0x82, 0x01, 0xff, 0xca, 0x1c, 0x00, 0xff, 0xc9, 0xdf, 0xfe, 0x40, 0x0f, 0xc9, 0xff, 0xee,
    0x40, 0x0f, 0xff, 0xf8, 0x07, 0xff, 0xfc, 0x03, 0xff, 0xfe, 0x01, 0xff, 0xff, 0x00, 0xff, 0xff,
    0x80, 0x7f, 0xe1, 0x22, 0xff, 0x00, 0x7f, 0xf0, 0x88, 0xbf, 0xc2, 0x0d, 0xfb, 0xbf, 0xd8, 0x00,
    0x10, 0x0f, 0xc2, 0x00, 0xcd, 0xdf, 0xef, 0x68, 0x10, 0x0f, 0xe1, 0x10, 0x70, 0x80, 0x78, 0x78,
    0x04, 0x40, 0x1f, 0xc3, 0x02, 0x01, 0xff, 0x30, 0x27, 0xdd, 0xfb, 0xd0, 0x18, 0x03, 0xfe, 0x10,
    0x0f, 0xfd, 0x0a, 0x02, 0x89, 0xe1, 0x05, 0x80, 0x0f, 0xfe, 0x6d, 0x5b, 0xb3, 0x79, 0xee, 0x80,
    0x3f, 0xf9, 0xe9, 0x13, 0x3e, 0x84, 0x00, 0xff, 0xee, 0x98, 0x04, 0x24, 0x01, 0xff, 0xd3, 0xdc,
    0x70, 0x2e, 0xd4, 0x00, 0xff, 0xe8, 0x89, 0x86, 0x83, 0x00, 0x08, 0x03, 0xff, 0xa2, 0x34, 0xf0,
    0x09, 0x30, 0xe0, 0x18, 0xc0, 0x3f, 0xf9, 0xa9, 0x04, 0x00, 0x67, 0x10, 0x08, 0xfd, 0x91, 0x3f,
    0xfa, 0xcd, 0xe0, 0x00, 0xff, 0xe7, 0x89, 0x08, 0x07, 0xff, 0x58, 0x77, 0x5d, 0x92, 0xa4, 0x01,
    0xff, 0xd2, 0x63, 0x00, 0x1b, 0x56, 0xea, 0x98, 0x03, 0xff, 0x9f, 0x40, 0x1f, 0x12, 0xcd, 0x80,
    0x7f, 0xf3, 0x50, 0x80, 0x3f, 0xc8, 0x01, 0xff, 0xcd, 0xf0, 0x0f, 0xf8, 0x40, 0x3f, 0xf9, 0x84,
    0x80, 0x1f, 0xfd, 0x8b, 0x00, 0xff, 0xc6, 0x01, 0xff, 0xcb, 0x17, 0x00, 0xff, 0xcc, 0x01, 0xff,
    0xcb, 0x61, 0x00, 0xff, 0xc4, 0x01, 0xff, 0xcb, 0xc0, 0x0f, 0xfe, 0x0f, 0x00, 0x7f, 0xf2, 0xc8,
    0x03, 0xff, 0x82, 0x60, 0x1f, 0xfc, 0xb8, 0x40, 0x0f, 0xfc, 0xa0, 0x1f, 0xfc, 0xb1, 0xb6, 0x00,
    0xff, 0x18, 0x80, 0x7f, 0xf3, 0x66, 0x40, 0x1f, 0xc8, 0x01, 0xff, 0xcf, 0x6b, 0x10, 0x0f, 0xac,
    0x03, 0xff, 0xa0, 0xa0, 0x1f, 0x11, 0x80, 0x7f, 0xf4, 0x24, 0x40, 0x3d, 0x40, 0x1f, 0xfd, 0x02,
    0x70, 0x0f, 0x0b, 0x00, 0x7f, 0xf4, 0x24, 0x03, 0xe6, 0x10, 0x0f, 0xfe, 0x7b, 0xa0, 0x07, 0x86,
    0x40, 0x3f, 0xf9, 0xe9, 0x00, 0x1f, 0x48, 0x80, 0x7f, 0xf3, 0x8a, 0x80, 0x3e, 0x37, 0x00, 0xff,
    0xe7, 0x17, 0x88, 0x07, 0xde, 0x01, 0xff, 0x8a, 0x3b, 0x8c, 0x01, 0xfc, 0x7e, 0x40, 0x1f, 0x41,
    0x80, 0x7f, 0x92, 0xb5, 0xc4, 0x52, 0x80, 0x1f, 0x26, 0x90, 0x07, 0xca, 0xe0, 0x1f, 0x85, 0xb2,
    0xd4, 0x03, 0xa8, 0x80, 0x3a, 0x2c, 0x40, 0x3e, 0x3b, 0x00, 0xf8, 0x63, 0xe4, 0xc0, 0x3e, 0x1f,
    0x10, 0x01, 0xe3, 0x80, 0x7e, 0x2d, 0x10, 0x0f, 0xa9, 0xc4, 0x03, 0xfc, 0x54, 0x75, 0x86, 0x01,
    0xf8, 0xbc, 0x40, 0x3f, 0x30, 0x07, 0xff, 0x05, 0x31, 0x40, 0x3f, 0x8b, 0xc8, 0x03, 0xf9, 0x80,
    0x3f, 0xf9, 0x87, 0x84, 0x01, 0xfe, 0xc0, 0x0f, 0xfe, 0x5a, 0xe8, 0x80, 0x7f, 0xc6, 0x01, 0xff,
    0xc9, 0x19, 0xa1, 0x00, 0xff, 0xca, 0x01, 0xff, 0xc8, 0x4c, 0x60, 0x0f, 0xfe, 0x10, 0x98, 0x07,
    0xff, 0x14, 0xaa, 0xc8, 0x03, 0xff, 0x88, 0xa0, 0x1f, 0xfc, 0x32, 0x9d, 0x50, 0x0f, 0xfe, 0x36,
    0x00, 0x7f, 0xf0, 0x56, 0xb5, 0x80, 0x3f, 0xf9, 0x08, 0x20, 0x1f, 0x89, 0xab, 0xa9, 0x40, 0x3f,
    0xf9, 0x43, 0x6a, 0x8a, 0xcf, 0x37, 0xdb, 0x2a, 0x20, 0x1f, 0xfc, 0xb0, 0x00, 0xcb, 0x37, 0x92,
    0xc2, 0x01, 0xff, 0xcc, 0x2b, 0xa6, 0x43, 0x69, 0xc4, 0x00, 0xff, 0xe1, 0x23, 0xd4, 0x28, 0x04,
    0x58, 0x80, 0x1e, 0x2b, 0x50, 0x0f, 0xf8, 0xae, 0xd0, 0xaf, 0x58, 0x61, 0xc2, 0x01, 0xfd, 0x64,
    0x01, 0xfc, 0x78, 0x80, 0x1c, 0x7a, 0xc6, 0x01, 0xfe, 0x18, 0x00, 0xfc, 0x7a, 0x20, 0x1f, 0x16,
    0x00, 0x65, 0xde, 0x80, 0x0c, 0x80, 0x1f, 0x1e, 0x88, 0x07, 0xc7, 0xae, 0x01, 0xac, 0x85, 0xcc,
    0x02, 0x12, 0x00, 0xe3, 0xd1, 0x00, 0xf8, 0xf4, 0x4c, 0x02, 0x21, 0x00, 0x94, 0x03, 0x08, 0x06,
    0x3d, 0x10, 0x0f, 0x8f, 0x44, 0x14, 0x02, 0x24, 0x00, 0x0b, 0x80, 0x63, 0x00, 0x8f, 0x44, 0x03,
    0xe3, 0xd1, 0x00, 0x10, 0x06, 0xba, 0x8f, 0x10, 0x08, 0xc0, 0x24, 0xd1, 0x00, 0xf8, 0xf4, 0x40,
    0x2a, 0x00, 0xe5, 0x71, 0x00, 0xc6, 0xc0, 0x94, 0x20, 0x1f, 0x1e, 0x88, 0x06, 0x38, 0x00, 0xff,
    0xd3, 0x14, 0x20, 0x1f, 0x1e, 0x88, 0x07, 0x9d, 0x80, 0x3f, 0xf3, 0x88, 0x07, 0xc7, 0xa2, 0x01,
    0xfa, 0x6c, 0x80, 0x3f, 0xf8, 0xc7, 0xa2, 0x01, 0xfe, 0x4d, 0xeb, 0xa5, 0x00, 0xff, 0xe0, 0x9e,
    0x88, 0x07, 0xff, 0x04, 0x51, 0x69, 0x40, 0x3f, 0xe3, 0xd1, 0x00, 0xff, 0xe3, 0x52, 0x00, 0x7f,
    0x16, 0x88, 0x07, 0xff, 0x1d, 0x14, 0x03, 0xf8, 0x9c, 0x03, 0xff, 0x8e, 0x94, 0x20, 0x1f, 0xe9,
    0x60, 0x0f, 0xfe, 0x12, 0xcd, 0xed, 0x08, 0x07, 0xfe, 0x96, 0x00, 0xff, 0x8a, 0xe9, 0x90, 0x84,
    0x03, 0xff, 0x85, 0x2c, 0x01, 0xfc, 0x58, 0x80, 0x1f, 0xf0, 0x80, 0x7e, 0x96, 0x00, 0xfd, 0xc2,
    0x01, 0xff, 0x1f, 0xa8, 0x07, 0xe9, 0x60, 0x0f, 0x31, 0x80, 0x7f, 0xc5, 0xa3, 0x4a, 0x01, 0xfa,
    0x58, 0x03, 0xb0, 0x03, 0x2e, 0xf4, 0x00, 0x63, 0x10, 0x05, 0x28, 0x07, 0xe9, 0x60, 0x0c, 0xe0,
    0x1a, 0xc8, 0x5c, 0xc0, 0x21, 0x10, 0x05, 0x4a, 0x01, 0xfa, 0x58, 0x02, 0x30, 0x08, 0x84, 0x02,
    0x50, 0x0c, 0x40, 0x1a, 0x94, 0x03, 0xf4, 0xb0, 0x01, 0x40, 0x22, 0x40, 0x00, 0xb8, 0x06, 0x30,
    0x0e, 0xa5, 0x00, 0xfd, 0x2c, 0x04, 0x01, 0xae, 0xa3, 0xc4, 0x02, 0x30, 0x0f, 0xa9, 0x40, 0x3f,
    0x4b, 0x50, 0x07, 0x2b, 0x88, 0x06, 0xa0, 0x0f, 0xd4, 0xc0, 0x1f, 0xa0, 0xe0, 0x03, 0xfc, 0x8c,
    0x01, 0xfd, 0x2e, 0x01, 0xf2, 0x03, 0xb0, 0x07, 0xe4, 0xa0, 0x0f, 0xfa, 0x2c, 0xc4, 0x00, 0x75,
    0x40, 0x04, 0xd9, 0x00, 0x61, 0x9b, 0x10, 0x0f, 0xfc, 0x99, 0xdb, 0xf8, 0xa0, 0x19, 0x37, 0xae,
    0xb7, 0x98, 0x03, 0xff, 0x8a, 0x40, 0x18, 0x00, 0xff, 0x8d, 0x13, 0xfe, 0x30, 0x01, 0x80, 0x7f,
    0xf1, 0x07, 0xb2, 0xef, 0xfe, 0x80, 0x07, 0x69, 0x00, 0x7f, 0xf0, 0x98, 0x40, 0x3f, 0xf8, 0x85,
    0x84, 0x01, 0xff, 0xd4, 0x1c, 0x20, 0x0f, 0xfe, 0xa0, 0xe1, 0x00, 0x7f, 0xf5, 0x07, 0x08, 0x03,
    0xff, 0xa8, 0x3e, 0x00, 0x12, 0x2e, 0x00, 0xff, 0xe3, 0xb1, 0x17, 0x01, 0xb7, 0xee, 0xf1, 0x00,
    0x7f, 0xf0, 0xdc, 0x01, 0x7b, 0xbe, 0x38, 0x10, 0x0f, 0xfe, 0x49, 0xa0, 0x07, 0xf0, 0x80, 0x7f,
    0xf2, 0xef, 0x2e, 0xfe, 0x30, 0x0f, 0xfe, 0x69, 0xa2, 0x7c, 0xe0, 0x1f, 0xff, 0xf0, 0x0f, 0xff,
    0xf8, 0x07, 0xff, 0xfc, 0x03, 0xff, 0xfe, 0x01, 0xff, 0xff, 0x00, 0xff, 0xff, 0x80, 0x7f, 0xff,
    0xc0, 0x3f, 0xff, 0xe0, 0x1f, 0xfc, 0x76, 0x04, 0x00, 0xff, 0xe5, 0x0a, 0x80, 0x7d, 0x80, 0x74,
    0xcd, 0xff, 0xc9, 0xd1, 0x00, 0xf9, 0xcc, 0x16, 0x67, 0xff, 0x92, 0x60, 0x1f, 0xda, 0xe4, 0x01,
    0xff, 0xd3, 0x18, 0xdf, 0xff, 0xfd, 0x60, 0x1f, 0xff, 0xf0, 0x08, 0xc0, 0x3f, 0xf9, 0x46, 0x01,
    0xfe, 0xf6, 0x44, 0xff, 0xe4, 0x3c, 0x80, 0x7f, 0x80, 0x03, 0xad, 0xdf, 0xfe, 0x4d, 0x18, 0x07,
    0xe3, 0xc5, 0x22, 0xff, 0xe4, 0xae, 0x28, 0x07, 0xd0, 0x01, 0xff, 0xcd, 0xa5, 0x00, 0xf2, 0x80,
    0x7f, 0xf3, 0xa9, 0x40, 0x38, 0x40, 0x30, 0x91, 0x7f, 0xf1, 0x04, 0x03, 0xa9, 0x40, 0x3f, 0x0e,
    0x6e, 0xff, 0xf1, 0x39, 0xc0, 0x3a, 0x94, 0x03, 0xe5, 0x20, 0x0f, 0xfe, 0x2e, 0x00, 0x7a, 0x94,
    0x03, 0xff, 0xab, 0x48, 0x01, 0xff, 0xd5, 0x90, 0x0f, 0xfe, 0xa9, 0x18, 0x07, 0xff, 0x55, 0xc0,
    0x3f, 0xff, 0x8c, 0x20, 0x1f, 0xfc, 0x52, 0x00, 0xff, 0xe1, 0x16, 0xcc, 0xff, 0xf1, 0x2a, 0x40,
    0x3f, 0xf8, 0x66, 0xcd, 0xff, 0xc4, 0x50, 0x0f, 0xff, 0xf8, 0x07, 0xff, 0xa1, 0x6b, 0x2d, 0xc0,
    0x3f, 0xfa, 0x15, 0x45, 0x34, 0x8c, 0x10, 0x0f, 0xfe, 0x6b, 0x28, 0x07, 0x1d, 0x80, 0x7f, 0xf3,
    0x6c, 0x03, 0xe5, 0x20, 0x0f, 0xfe, 0x58, 0x90, 0x07, 0xe7, 0x00, 0xff, 0xe5, 0x88, 0x07, 0xf0,
    0x80, 0x7f, 0xf3, 0x0c, 0x03, 0xf2, 0x80, 0x7f, 0xf3, 0x20, 0x03, 0xe7, 0x10, 0x0f, 0xfe, 0x62,
    0x48, 0x80, 0x66, 0x80, 0x0f, 0xfe, 0x73, 0x64, 0xb4, 0x64, 0x80, 0x7f, 0xf4, 0x09, 0xa5, 0xcc,
    0x03, 0xff, 0x86, 0x40, 0x1f, 0xfd, 0x46, 0x50, 0x0f, 0xfe, 0x99, 0x94, 0x28, 0x07, 0xff, 0x44,
    0xf8, 0x01, 0x5b, 0x53, 0x3f, 0xfc, 0xda, 0xcc, 0x10, 0x00, 0x7c, 0xcf, 0xfe, 0x9c, 0x84, 0x19,
    0xff, 0xf4, 0xd8, 0xc0, 0x3f, 0xfa, 0xae, 0x01, 0xff, 0xd6, 0x10, 0x0f, 0xfe, 0xa3, 0xd3, 0xbf,
    0xff, 0x4e, 0x8d, 0x22, 0x3f, 0xfa, 0x6a, 0x01, 0xff, 0xff, 0x00, 0xff, 0xff, 0x80, 0x7f, 0xf2,
    0x63, 0xbb, 0xff, 0xa7, 0x60, 0xe2, 0x3f, 0xfd, 0x34, 0x40, 0x07, 0xff, 0xe0, 0x80, 0x3f, 0xfa,
    0x8d, 0xf3, 0x3f, 0xfd, 0x3b, 0x22, 0x33, 0x7f, 0xf4, 0xd0, 0x03, 0xff, 0xfe, 0x01, 0xff, 0xf3,
    0x11, 0xff, 0xe9, 0x80, 0x2b, 0xbb, 0xff, 0xa7, 0xa2, 0xa0, 0x1f, 0xfd, 0x32, 0x50, 0x0f, 0xff,
    0xc1, 0x00, 0x7f, 0xf5, 0x1b, 0x2e, 0xff, 0xfa, 0x7a, 0x40, 0x00, 0x23, 0xbf, 0xff, 0x51, 0x00,
    0x03, 0x76, 0x88, 0xff, 0xea, 0x5d, 0x86, 0x10, 0x03, 0xff, 0xac, 0x90, 0x80, 0x1f, 0xfd, 0x84,
    0x20, 0x0f, 0xfe, 0xc1, 0x08, 0x07, 0xff, 0x60, 0x58, 0x03, 0xff, 0xb0, 0xd0, 0xe0, 0x1f, 0xfd,
    0x67, 0x80, 0x8b, 0x10, 0x0f, 0xfe, 0x90, 0xdc, 0x00, 0x82, 0x7a, 0x00, 0x7f, 0xf4, 0x13, 0x10,
    0x07, 0xe0, 0x06, 0xdc, 0x03, 0xff, 0x9c, 0xf6, 0x41, 0x1e, 0x2f, 0x84, 0x11, 0x62, 0x01, 0xff,
    0xca, 0x1b, 0x80, 0x1b, 0x71, 0x00, 0x1e, 0x28, 0x27, 0xa0, 0x07, 0xff, 0x21, 0x3d, 0x01, 0x3d,
    0x00, 0x38, 0x6a, 0x40, 0x6e, 0x00, 0x3f, 0xf8, 0xd1, 0x62, 0x11, 0x62, 0x01, 0xf9, 0xb0, 0x81,
    0xf0, 0x80, 0x3f, 0xf8, 0x45, 0x8e, 0x05, 0x8e, 0x01, 0xff, 0x1e, 0x30, 0x1e, 0x28, 0x07, 0xfe,
    0x5c, 0x30, 0x5c, 0x30, 0x0f, 0xfe, 0x08, 0xcd, 0x08, 0xaa, 0x44, 0x03, 0xf0, 0xcd, 0x08, 0xa6,
    0x84, 0x03, 0xff, 0x88, 0xb8, 0x60, 0xd8, 0x60, 0x1e, 0x3c, 0x60, 0x3c, 0x60, 0x0f, 0xfe, 0x39,
    0x63, 0x01, 0x63, 0x88, 0x00, 0x5f, 0x08, 0x1b, 0x08, 0x03, 0xff, 0x95, 0x34, 0x21, 0x1f, 0x54,
    0xf8, 0x01, 0xa9, 0x00, 0xff, 0xe6, 0xae, 0x20, 0x0a, 0xa8, 0x41, 0x31, 0x40, 0x3f, 0xf9, 0xe5,
    0x78, 0xc6, 0x66, 0xcb, 0x20, 0x0f, 0xfe, 0x91, 0xce, 0x62, 0x4c, 0x03, 0xff, 0xfe, 0x01, 0xff,
    0xeb, 0x30, 0x0f, 0xfe, 0xc1, 0xc0, 0x07, 0xff, 0x62, 0x12, 0xcc, 0x03, 0xff, 0xa8, 0x76, 0x80,
    0x00, 0x85, 0x13, 0xfe, 0x00, 0xff, 0x8f, 0xee, 0xff, 0xed, 0x30, 0x0f, 0xea, 0x10, 0x0f, 0xf8,
    0x90, 0x03, 0xf9, 0x40, 0x3f, 0xf8, 0x22, 0x01, 0xfc, 0x40, 0x1f, 0xfc, 0x17, 0x00, 0xfc, 0x22,
    0x00, 0xff, 0xc8, 0x20, 0x1f, 0x88, 0x03, 0xff, 0x83, 0xa0, 0x1f, 0xcc, 0x01, 0xff, 0xc1, 0x70,
    0x0f, 0xe2, 0x00, 0xff, 0xc6, 0x20, 0x1f, 0xdc, 0x01, 0xff, 0xac, 0x03, 0xfc, 0x40, 0x1f, 0xf9,
    0x40, 0x3f, 0xcc, 0x01, 0xff, 0x19, 0x00, 0x7f, 0x88, 0x03, 0xfe, 0x76, 0x6f, 0xc8, 0x04, 0x01,
    0xff, 0x92, 0x67, 0xf5, 0xb3, 0x00, 0x3f, 0xf9, 0x5a, 0x40, 0x1f, 0xfc, 0xad, 0xe0, 0x0f, 0xfe,
    0x49, 0xb1, 0x00, 0x7f, 0xf2, 0x60, 0x18, 0x03, 0xff, 0x90, 0xa8, 0x04, 0x01, 0xff, 0xc8, 0x80,
    0x01, 0x80, 0x7f, 0xf1, 0xdc, 0x80, 0x16, 0x20, 0x1f, 0xfc, 0x52, 0x90, 0x09, 0xbf, 0x77, 0xf3,
    0x80, 0x7e, 0x81, 0x00, 0xc2, 0x45, 0xf8, 0xc0, 0x3e, 0x35, 0x00, 0xff, 0xe1, 0x28, 0x07, 0xde,
    0x01, 0xff, 0xc2, 0x31, 0x00, 0xf3, 0x18, 0x07, 0xff, 0x09, 0x40, 0x3c, 0x30, 0x01, 0xff, 0xc3,
    0xc0, 0x0f, 0x48, 0x80, 0x7f, 0xf0, 0xdc, 0x03, 0x89, 0xc0, 0x3f, 0xf8, 0x64, 0x40, 0x0e, 0x80,
    0x0f, 0xfe, 0x22, 0x00, 0x72, 0x28, 0x07, 0xff, 0x13, 0xc0, 0x3a, 0x40, 0x3f, 0xf8, 0xa8, 0x01,
    0x98, 0x80, 0x3f, 0xf8, 0x82, 0x40, 0x10, 0xc0, 0x07, 0xff, 0x15, 0x00, 0x34, 0x08, 0x07, 0xff,
    0x17, 0x40, 0x23, 0x60, 0x0f, 0xfe, 0x31, 0x80, 0x50, 0x01, 0xff, 0xc7, 0x20, 0x02, 0xa0, 0x07,
    0xff, 0x1e, 0xdd, 0xac, 0x03, 0xff, 0x82, 0x00, 0xff, 0x88, 0x40, 0x3f, 0xfa, 0x53, 0xdb, 0xda,
    0xc0, 0x1f, 0xfc, 0xf9, 0x61, 0x00, 0x14, 0xb0, 0x07, 0xff, 0x19, 0x2f, 0x77, 0xcc, 0x00, 0x21,
    0x00, 0x4e, 0xef, 0xa8, 0x80, 0x3f, 0xd0, 0x84, 0x5e, 0x00, 0x3e, 0xf9, 0x80, 0x08, 0xbc, 0xb6,
    0x01, 0xfe, 0x30, 0x0f, 0xeb, 0x01, 0xb0, 0x0f, 0xe2, 0x00, 0xff, 0xe4, 0x58, 0x0d, 0x80, 0x7f,
    0xf4, 0x9f, 0x7c, 0xc0, 0x3f, 0xfa, 0x64, 0x20, 0x1f, 0xff, 0x62, 0x8b, 0xbf, 0xf4, 0x00, 0x7f,
    0xf2, 0x13, 0x1d, 0x13, 0xfc, 0x60, 0x1f, 0xfc, 0x71, 0xa1, 0x04, 0x66, 0xfe, 0x40, 0x02, 0x08,
    0x07, 0xff, 0x0d, 0x04, 0x2e, 0xd3, 0x3f, 0xde, 0x00, 0x9f, 0x40, 0x0f, 0xfe, 0x11, 0x00, 0xa0,
    0x07, 0xff, 0x08, 0x69, 0x00, 0x3f, 0xf8, 0x3e, 0x06, 0x01, 0xff, 0xc4, 0x1a, 0x40, 0x0f, 0xfe,
    0xa0, 0xd2, 0x00, 0x7f, 0xf5, 0x06, 0x90, 0x03, 0xff, 0xa8, 0x34, 0x01, 0xff, 0xcf, 0x74, 0x4e,
    0x53, 0x00, 0xff, 0xe5, 0xb0, 0x02, 0xae, 0xfc, 0x60, 0x1f, 0xfc, 0xb2, 0x60, 0x0f, 0xfe, 0xac,
    0xf6, 0xef, 0xc6, 0x01, 0xff, 0xcd, 0x12, 0x2f, 0x9c, 0x03, 0xff, 0xfe, 0x01, 0xff, 0xff, 0x00,
    0xff, 0xf5, 0x20, 0x07, 0xff, 0x56, 0xa1, 0x9b, 0xe2, 0x00, 0xff, 0xe6, 0x0b, 0xcc, 0xfc, 0xa0,
    0x1f, 0xff, 0xf0, 0x0f, 0xff, 0xf8, 0x07, 0xff, 0x24, 0x88, 0x01, 0xff, 0xc7, 0x15, 0x00, 0xff,
    0xdc, 0xa8, 0x9f, 0xfc, 0x55, 0xa1, 0x00, 0xff, 0xe2, 0x10, 0x07, 0xff, 0x4c, 0x73, 0x74, 0x80,
    0x1f, 0xfd, 0x16, 0x30, 0x2f, 0x00, 0xff, 0xe8, 0xe0, 0x04, 0x80, 0x1f, 0xfd, 0x02, 0x70, 0x0c,
    0x60, 0x1f, 0xfc, 0xd6, 0xcd, 0x30, 0x0d, 0x9b, 0x02, 0x01, 0xff, 0xc8, 0x3d, 0x93, 0x00, 0xf8,
    0x9f, 0xd8, 0x03, 0xff, 0x8c, 0xd8, 0x40, 0x1f, 0xf0, 0xcc, 0x80, 0x3f, 0xf8, 0x8d, 0x20, 0x1f,
    0xfc, 0x36, 0x90, 0x0f, 0xfe, 0x11, 0xc8, 0x07, 0xff, 0x15, 0x98, 0x01, 0xff, 0xc1, 0xf0, 0x0f,
    0xfe, 0x3c, 0x08, 0x07, 0xfc, 0x86, 0x01, 0xff, 0xc7, 0x19, 0x00, 0xff, 0xb8, 0x03, 0xff, 0x92,
    0xc0, 0x1f, 0xf2, 0x00, 0x7f, 0xf2, 0x44, 0xc0, 0x3f, 0x88, 0x40, 0x3f, 0xf9, 0x4c, 0x01, 0xfc,
    0x20, 0x1f, 0xfc, 0xb2, 0x00, 0xfe, 0x70, 0x0f, 0xfe, 0x5f, 0x80, 0x7f, 0x08, 0x07, 0xff, 0x2c,
    0x40, 0x3f, 0x8c, 0x03, 0xff, 0x96, 0x60, 0x1f, 0xc2, 0x01, 0xff, 0xcb, 0x10, 0x0f, 0xed, 0x00,
    0xff, 0xe5, 0xa8, 0x07, 0xf2, 0x00, 0x7f, 0xf2, 0xc4, 0x80, 0x3e, 0x31, 0x00, 0xff, 0xe6, 0x28,
    0x07, 0xd6, 0x01, 0xff, 0xcd, 0xb0, 0x0f, 0x0b, 0x00, 0x7f, 0xf3, 0x4c, 0xc0, 0x1d, 0x22, 0x01,
    0xff, 0xce, 0xf0, 0x0c, 0xce, 0x01, 0xff, 0xcf, 0x3a, 0x00, 0x1c, 0x80, 0x7f, 0xf4, 0x55, 0xc2,
    0x40, 0x3f, 0xfa, 0x72, 0x0e, 0x01, 0xff, 0xd3, 0x12, 0xa0, 0x0f, 0xfe, 0x9a, 0x13, 0xdb, 0x37,
    0xff, 0x46, 0xac, 0x00, 0x93, 0x3f, 0xfd, 0x15, 0x00, 0xff, 0xf1, 0x8f, 0xff, 0xf2, 0x00, 0x7f,
    0xf2, 0xc4, 0x80, 0x3f, 0x28, 0x07, 0xff, 0x32, 0x00, 0x3e, 0x61, 0x00, 0xff, 0xe6, 0x2c, 0x00,
    0x72, 0xc0, 0x07, 0xff, 0x39, 0xf1, 0xd5, 0xaa, 0x82, 0x01, 0xff, 0xc1, 0x00, 0x23, 0xbf, 0xff,
    0x64, 0xc0, 0x03, 0x76, 0x88, 0xff, 0xec, 0xe4, 0x84, 0x20, 0x07, 0xff, 0x6d, 0x95, 0x00, 0x3f,
    0xfb, 0xbe, 0x40, 0x1f, 0xfd, 0xd1, 0x00, 0xe8, 0xbb, 0x50, 0x80, 0x1e, 0xee, 0x20, 0x02, 0xdd,
    0xc6, 0x00, 0x4b, 0xb9, 0x00, 0x07, 0x77, 0x28, 0x07, 0xf2, 0x3a, 0x21, 0x58, 0x0a, 0x11, 0x2b,
    0x00, 0x52, 0x25, 0x00, 0x09, 0x44, 0xa4, 0x01, 0x08, 0x95, 0x00, 0x7f, 0xf0, 0xbc, 0x03, 0xff,
    0xfe, 0x01, 0xca, 0x60, 0x01, 0xb0, 0x24, 0x00, 0x0e, 0x80, 0x18, 0x02, 0xe0, 0x05, 0x00, 0x54,
    0x00, 0xe0, 0x09, 0x80, 0x3f, 0x87, 0x3f, 0xdc, 0x60, 0x0b, 0xff, 0x72, 0x00, 0x27, 0xfe, 0x50,
    0x03, 0xff, 0xce, 0x00, 0x5f, 0xfa, 0x40, 0x3f, 0xfd, 0x83, 0x33, 0x28, 0x00, 0x66, 0x66, 0x00,
    0xa2, 0x64, 0xe0, 0x13, 0xcc, 0xa0, 0x03, 0xff, 0x8b, 0x6c, 0xd5, 0x08, 0x4b, 0x35, 0x24, 0x0c,
    0xec, 0xc8, 0x40, 0x48, 0x66, 0x3b, 0x00, 0x7f, 0xf4, 0x04, 0x04, 0x03, 0x08, 0x08, 0x06, 0x10,
    0x0f, 0xff, 0x7e, 0x00, 0x48, 0x21, 0x80, 0x11, 0x10, 0x10, 0x40, 0x04, 0xe0, 0xe4, 0x00, 0x14,
    0x00, 0xff, 0xe2, 0x36, 0xed, 0x60, 0x04, 0xed, 0xd6, 0x08, 0x1f, 0xee, 0xb0, 0x80, 0xb3, 0x75,
    0xe6, 0x01, 0xff, 0xc5, 0x22, 0x80, 0x30, 0x91, 0x04, 0x02, 0x12, 0x20, 0x80, 0x42, 0x44, 0x10,
    0x0f, 0xfe, 0x12, 0xc4, 0x18, 0x02, 0x48, 0x8f, 0xfe, 0x29, 0x00, 0x05, 0xe2, 0x06, 0x01, 0xfc,
    0x74, 0xee, 0x96, 0x01, 0xa7, 0x7f, 0xfe, 0x2f, 0x00, 0x2e, 0x1d, 0xda, 0x01, 0xfc, 0xe0, 0x1b,
    0x80, 0xc4, 0x03, 0xff, 0x8a, 0x20, 0x01, 0x00, 0x84, 0x03, 0xff, 0xd0, 0xc2, 0x01, 0x68, 0x19,
    0x00, 0x7f, 0xf1, 0x5c, 0x00, 0x60, 0x11, 0x80, 0x7f, 0x16, 0x5d, 0xb1, 0x40, 0x72, 0xef, 0xff,
    0x8b, 0x40, 0x08, 0xbb, 0xb4, 0x03, 0xfc, 0x48, 0x83, 0x00, 0x85, 0x13, 0xff, 0x8a, 0x01, 0x91,
    0x21, 0x00, 0xe3, 0x00, 0xff, 0xee, 0x9c, 0x00, 0x7f, 0xf7, 0x06, 0x52, 0xcc, 0x03, 0xff, 0xb0,
    0x29, 0x82, 0x00, 0xff, 0xeb, 0x10, 0x07, 0xff, 0x59, 0x2f, 0xf7, 0x4a, 0x01, 0xff, 0xd2, 0x5c,
    0xb4, 0x00, 0x15, 0x18, 0x07, 0xff, 0x38, 0x5b, 0x68, 0xc0, 0x3d, 0xe0, 0x1f, 0xfc, 0xc1, 0x7f,
    0x92, 0x00, 0xfc, 0x20, 0x1f, 0xfc, 0xa2, 0x9f, 0x81, 0x00, 0xff, 0x30, 0x07, 0xff, 0x20, 0xeb,
    0x58, 0x40, 0x3f, 0xf7, 0x00, 0x7f, 0xf1, 0x92, 0xf1, 0x40, 0x3f, 0xf8, 0x44, 0xa0, 0x1f, 0xfc,
    0x45, 0xcb, 0x40, 0x0f, 0xfe, 0x25, 0x80, 0x7f, 0xf0, 0x85, 0xf6, 0x8c, 0x03, 0xff, 0x8a, 0x2e,
    0x01, 0xff, 0x86, 0x3e, 0x08, 0x03, 0xff, 0x8e, 0xc2, 0x01, 0xfe, 0x29, 0xe7, 0x10, 0x0f, 0xfe,
    0x40, 0xc8, 0x07, 0xf1, 0xd6, 0xb0, 0x07, 0xff, 0x2d, 0xc4, 0x03, 0xe5, 0xcc, 0x28, 0x07, 0xff,
    0x36, 0xc0, 0x3c, 0xdb, 0x46, 0x01, 0xff, 0xce, 0x52, 0x00, 0xc9, 0xd2, 0x40, 0x1f, 0xfd, 0x09,
    0x00, 0xcb, 0x62, 0x01, 0xff, 0xd1, 0x43, 0x00, 0xd2, 0x01, 0xff, 0xd3, 0xf0, 0x0e, 0x20, 0x0f,
    0xfe, 0x91, 0xa0, 0x07, 0x18, 0x07, 0xff, 0x4a, 0x80, 0x3d, 0x60, 0x1f, 0xfd, 0x12, 0x60, 0x0f,
    0x34, 0x88, 0x07, 0xff, 0x3e, 0x80, 0x3f, 0x37, 0x73, 0x77, 0xff, 0x40, 0x07, 0xfe, 0x16, 0x00,
    0xff, 0x09, 0x17, 0xfe, 0x10, 0x0f, 0xfc, 0xc2, 0x01, 0xff, 0xd8, 0xa0, 0x0f, 0xfe, 0xc3, 0x10,
    0x07, 0xff, 0x62, 0x80, 0x3f, 0xfb, 0x08, 0x60, 0x1f, 0xfd, 0x8f, 0x00, 0xff, 0xec, 0x1a, 0x00,
    0x7f, 0xf6, 0x24, 0x03, 0xff, 0xb0, 0x4a, 0x01, 0xff, 0xd8, 0xb0, 0x0f, 0xfe, 0xc0, 0xb0, 0x07,
    0xff, 0x62, 0x40, 0x3f, 0xfa, 0x26, 0x01, 0xe1, 0x60, 0x0f, 0xfe, 0x8a, 0x00, 0x79, 0x84, 0x03,
    0xff, 0xa2, 0x30, 0x01, 0x8e, 0x00, 0x3f, 0xfa, 0x6f, 0x6a, 0xa8, 0xd0, 0x0f, 0xfe, 0x18, 0x02,
    0x44, 0xff, 0xe1, 0x10, 0x00, 0xc0, 0x3f, 0xa3, 0x6e, 0xff, 0xf8, 0x60, 0x0c, 0xc0, 0x80, 0x7c,
    0xc0, 0x1f, 0xfc, 0x73, 0xc1, 0x00, 0xf0, 0x80, 0x7f, 0xf2, 0x0b, 0x04, 0x03, 0xff, 0x9e, 0x58,
    0x20, 0x1f, 0xfc, 0xf2, 0xc1, 0x00, 0xff, 0xe7, 0x96, 0x08, 0x07, 0xff, 0x3c, 0xb0, 0x40, 0x3f,
    0xf9, 0xe5, 0x80, 0x1f, 0xfd, 0x02, 0x50, 0x0f, 0xfe, 0x3d, 0xdf, 0xf3, 0x80, 0x7f, 0xf1, 0x10,
    0x00, 0x89, 0xfc, 0x40, 0x1f, 0xfc, 0x42, 0xb6, 0x6f, 0xf1, 0x80, 0x7f, 0xf1, 0x52, 0x67, 0xfc,
    0x80, 0x1f, 0xff, 0xf0, 0x0f, 0xff, 0xf8, 0x07, 0xff, 0xfc, 0x03, 0xff, 0xfe, 0x01, 0xff, 0xff,
    0x00, 0xff, 0xff, 0x80, 0x7f, 0xff, 0xc0, 0x3f, 0xff, 0xe0, 0x1f, 0xff, 0x73, 0x00, 0xff, 0xe7,
    0x9f, 0xb2, 0x27, 0xff, 0x36, 0x50, 0x00, 0xff, 0xe2, 0x0a, 0x3d, 0x5e, 0x6f, 0x6e, 0x5d, 0x4b,
    0x18, 0x07, 0xff, 0x49, 0x67, 0xb9, 0x70, 0xa8, 0x64, 0x24, 0x68, 0xad, 0x39, 0xf8, 0xe4, 0x01,
    0xff, 0xcb, 0x4a, 0xea, 0x61, 0x00, 0xff, 0xe2, 0x1c, 0x6e, 0x38, 0x80, 0x7f, 0xf1, 0x97, 0x2d,
    0x44, 0x03, 0xff, 0x94, 0x71, 0xf0, 0x40, 0x1f, 0xfc, 0x24, 0xda, 0x30, 0x0f, 0xfe, 0x78, 0xbe,
    0xc8, 0x80, 0x7f, 0x86, 0x6c, 0x80, 0x3f, 0xfa, 0x8d, 0x8a, 0x01, 0xf9, 0x7d, 0x80, 0x3f, 0xc2,
    0x8f, 0x37, 0xba, 0xee, 0x6e, 0x54, 0x31, 0x00, 0x7f, 0x8a, 0xa8, 0x20, 0x1c, 0xf4, 0x20, 0x1f,
    0x89, 0xf3, 0xae, 0x19, 0x08, 0x82, 0x22, 0x35, 0x79, 0xde, 0x94, 0x00, 0xfe, 0x5c, 0x20, 0x00,
    0xd4, 0x00, 0x7e, 0x3a, 0xd8, 0x30, 0x0f, 0xfe, 0x18, 0xb5, 0xeb, 0x88, 0x07, 0xc5, 0x88, 0x14,
    0xa0, 0x1f, 0x1d, 0xe2, 0x80, 0x7f, 0xf2, 0x4a, 0x3d, 0xc0, 0x3e, 0x1b, 0x37, 0x00, 0xfa, 0x31,
    0x00, 0x3f, 0xf9, 0xa3, 0x1a, 0x60, 0x1f, 0x37, 0x88, 0x06, 0x3d, 0x70, 0x0f, 0xfe, 0x89, 0x64,
    0x00, 0x73, 0x29, 0xe8, 0x80, 0x17, 0x48, 0x03, 0xf8, 0x56, 0x6f, 0x37, 0xfb, 0x72, 0x9c, 0xc0,
    0x3f, 0xcf, 0x62, 0x00, 0x69, 0x00, 0x1e, 0xa4, 0x50, 0x80, 0x7c, 0x2f, 0x9d, 0x4c, 0x86, 0x40,
    0x24, 0x6b, 0x19, 0xd4, 0x80, 0x1f, 0x93, 0x12, 0x24, 0x03, 0x1d, 0xb8, 0x07, 0xc3, 0x1f, 0x06,
    0x01, 0xff, 0xc1, 0x15, 0xbc, 0x40, 0x0f, 0x8a, 0xdc, 0x03, 0xff, 0x84, 0xde, 0xe2, 0x01, 0xff,
    0xc6, 0x3b, 0xb1, 0x00, 0x7f, 0xf2, 0x06, 0xa4, 0x40, 0x3f, 0xf9, 0x49, 0x8a, 0x01, 0xff, 0xc6,
    0x3c, 0x50, 0x0f, 0xfc, 0x20, 0x1f, 0xf8, 0x6a, 0x00, 0x3f, 0xf8, 0xb4, 0x40, 0x1f, 0x8d, 0xef,
    0x7b, 0x9f, 0xd9, 0x2a, 0x20, 0x1f, 0x9c, 0x40, 0x3f, 0xf8, 0x94, 0x01, 0xf3, 0x6e, 0x42, 0x10,
    0x80, 0x04, 0xda, 0xba, 0x48, 0x03, 0xca, 0x20, 0x1f, 0xfc, 0x43, 0xb0, 0x0c, 0x9b, 0x24, 0x01,
    0xff, 0x9b, 0x64, 0x40, 0x24, 0xa0, 0x0f, 0xfe, 0x32, 0x58, 0x84, 0x59, 0x00, 0x7f, 0xf1, 0x1b,
    0x0c, 0x12, 0xc0, 0x3f, 0xf9, 0x09, 0x9a, 0xe0, 0x1f, 0xfc, 0x72, 0xcc, 0x58, 0x07, 0xff, 0x28,
    0x88, 0x01, 0xfe, 0x10, 0x0f, 0xf8, 0xc0, 0x3f, 0xfa, 0xb1, 0xbd, 0xf6, 0x60, 0x1f, 0xfd, 0xdb,
    0x72, 0x00, 0x26, 0x20, 0x07, 0xff, 0x6d, 0xd0, 0x03, 0xd4, 0x20, 0x1f, 0xfd, 0xab, 0x00, 0xf8,
    0x54, 0x03, 0xff, 0xb4, 0x40, 0x1f, 0x8c, 0x03, 0xff, 0xb4, 0x60, 0x1f, 0x88, 0x03, 0xff, 0xb4,
    0x80, 0x1f, 0x9c, 0x03, 0xff, 0xb5, 0x04, 0x01, 0xe8, 0x20, 0x0f, 0xfe, 0xd0, 0xfa, 0x00, 0x43,
    0x2e, 0x01, 0xff, 0xdc, 0x2b, 0xda, 0xbf, 0x60, 0x0f, 0xfe, 0x48, 0x00, 0x84, 0x8b, 0xff, 0xb4,
    0x01, 0xf3, 0x77, 0x37, 0x7f, 0xfb, 0x5c, 0xe0, 0x19, 0x64, 0x40, 0x3f, 0xfb, 0x63, 0x0e, 0x01,
    0x48, 0x07, 0xff, 0x7e, 0x40, 0x23, 0x00, 0xff, 0xef, 0x89, 0x00, 0x78, 0x59, 0xbf, 0xfa, 0xe4,
    0x01, 0x94, 0x40, 0x39, 0x66, 0x7f, 0xfa, 0xe8, 0x01, 0xa3, 0x88, 0x03, 0xff, 0xc6, 0xa0, 0x1f,
    0x6f, 0xff, 0xff, 0x48, 0x03, 0xff, 0xfe, 0x01, 0xff, 0xcb, 0xa9, 0x70, 0x0f, 0xff, 0x09, 0xb6,
    0x00, 0x7f, 0xff, 0xc0, 0x3f, 0xff, 0xe0, 0x1f, 0xfd, 0xb8, 0xda, 0x00, 0xff, 0xf0, 0x89, 0x08,
    0x07, 0xfe, 0xa8, 0x8f, 0xfe, 0x90, 0x07, 0xff, 0x15, 0xdf, 0xff, 0xa6, 0x01, 0xfc, 0x40, 0x19,
    0xc8, 0xbf, 0xfa, 0xe6, 0x01, 0x89, 0xd4, 0x03, 0x1e, 0xef, 0xff, 0x5d, 0x40, 0x37, 0xc0, 0x08,
    0x07, 0xff, 0x80, 0xc0, 0x08, 0x01, 0xff, 0xdf, 0x31, 0x00, 0x59, 0x00, 0x7f, 0xf7, 0x47, 0xc0,
    0x21, 0xc9, 0x66, 0xff, 0xed, 0xc7, 0x98, 0x04, 0x00, 0x84, 0x8b, 0xff, 0xb4, 0x01, 0xf3, 0x77,
    0x37, 0x7f, 0xfb, 0x5c, 0xe0, 0x19, 0x64, 0x40, 0x3f, 0xfb, 0x63, 0x0e, 0x01, 0x48, 0x07, 0xff,
    0x7e, 0x40, 0x23, 0x00, 0xff, 0xef, 0x89, 0x00, 0x78, 0x59, 0xbf, 0xfa, 0xe4, 0x01, 0x94, 0x40,
    0x39, 0x66, 0x7f, 0xfa, 0xe8, 0x01, 0xa3, 0x88, 0x03, 0xff, 0xc6, 0xa0, 0x1f, 0x6f, 0xff, 0xff,
    0x2b, 0x40, 0x3f, 0xff, 0xe0, 0x1f, 0xfd, 0x2a, 0x97, 0x00, 0xff, 0xf0, 0x9b, 0x60, 0x07, 0xff,
    0xfc, 0x03, 0xff, 0xfe, 0x01, 0xff, 0xdb, 0x8d, 0xa0, 0x0f, 0xff, 0x08, 0x90, 0x80, 0x7f, 0xea,
    0x88, 0xff, 0xe5, 0x50, 0x07, 0xff, 0x31, 0xdf, 0xff, 0x98, 0x01, 0xff, 0xc4, 0x20, 0x0c, 0xe4,
    0x5f, 0xfd, 0x73, 0x00, 0xc4, 0xea, 0x01, 0x8f, 0x77, 0xff, 0xae, 0xa0, 0x1b, 0xe0, 0x04, 0x03,
    0xff, 0xc0, 0x60, 0x04, 0x00, 0xff, 0xef, 0x98, 0x80, 0x2c, 0x80, 0x3f, 0xfb, 0xa3, 0xe0, 0x10,
    0xe4, 0xb3, 0x7f, 0xf6, 0xe3, 0xcc, 0x02, 0x00, 0x84, 0x8b, 0xff, 0xb4, 0x01, 0xf3, 0x77, 0x37,
    0x7f, 0xfb, 0x5c, 0xe0, 0x19, 0x64, 0x40, 0x3f, 0xfb, 0x63, 0x0e, 0x01, 0x48, 0x07, 0xff, 0x7e,
    0x40, 0x23, 0x00, 0xff, 0xef, 0x89, 0x00, 0x78, 0x59, 0xbf, 0xfa, 0xe4, 0x01, 0x94, 0x40, 0x39,
    0x66, 0x7f, 0xfa, 0xe8, 0x01, 0xa3, 0x88, 0x03, 0xff, 0xc6, 0xa0, 0x1f, 0x6f, 0xff, 0xff, 0x0e,
    0xc0, 0x3f, 0xff, 0xe0, 0x1f, 0xfd, 0x9a, 0x97, 0x00, 0xff, 0xf0, 0x9b, 0x60, 0x07, 0xff, 0xfc,
    0x03, 0xff, 0xfe, 0x01, 0xff, 0xdb, 0x8d, 0xa0, 0x0f, 0xff, 0x08, 0x90, 0x80, 0x7f, 0xea, 0x88,
    0xff, 0xe1, 0xe8, 0x07, 0xff, 0x4d, 0xdf, 0xff, 0x88, 0xc0, 0x1f, 0xfc, 0xb2, 0x00, 0xce, 0x45,
    0xff, 0xd7, 0x30, 0x0c, 0x4e, 0xa0, 0x18, 0xf7, 0x7f, 0xfa, 0xea, 0x01, 0xbe, 0x00, 0x40, 0x3f,
    0xfc, 0x06, 0x00, 0x40, 0x0f, 0xfe, 0xf9, 0x88, 0x02, 0xc8, 0x03, 0xff, 0xba, 0x3e, 0x01, 0x0e,
    0x4b, 0x37, 0xff, 0x6e, 0x3c, 0xc0, 0x20, 0x00, 0x84, 0x8b, 0xff, 0xb4, 0x01, 0xf3, 0x77, 0x37,
    0x7f, 0xfb, 0x5c, 0xe0, 0x19, 0x64, 0x40, 0x3f, 0xfb, 0x63, 0x0e, 0x01, 0x48, 0x07, 0xff, 0x7e,
    0x40, 0x23, 0x00, 0xff, 0xef, 0x89, 0x00, 0x78, 0x59, 0xbf, 0xfa, 0xe4, 0x01, 0x94, 0x40, 0x39,
    0x66, 0x7f, 0xfa, 0xe8, 0x01, 0xa3, 0x88, 0x03, 0xff, 0xc6, 0xa0, 0x1f, 0x6f, 0xff, 0xe9, 0x00,
    0xff, 0xff, 0x80, 0x7f, 0xf8, 0x2a, 0x5c, 0x03, 0xff, 0xc2, 0x6d, 0x80, 0x1f, 0xff, 0xf0, 0x0f,
    0xff, 0xf8, 0x07, 0xff, 0x6e, 0x36, 0x80, 0x3f, 0xfc, 0x22, 0x42, 0x01, 0xff, 0xaa, 0x23, 0xf6,
    0x00, 0x7f, 0xf6, 0x9d, 0xff, 0x94, 0x03, 0xff, 0xa4, 0x40, 0x19, 0xc8, 0xbf, 0xfa, 0xe6, 0x01,
    0x89, 0xd4, 0x03, 0x1e, 0xef, 0xff, 0x5d, 0x40, 0x37, 0xc0, 0x08, 0x07, 0xff, 0x80, 0xc0, 0x08,
    0x01, 0xff, 0xdf, 0x31, 0x00, 0x59, 0x00, 0x7f, 0xf7, 0x47, 0xc0, 0x21, 0xc9, 0x66, 0xff, 0xed,
    0xc7, 0x98, 0x04, 0x00, 0x84, 0x8b, 0xff, 0xb4, 0x01, 0xf3, 0x77, 0x37, 0x7f, 0xfb, 0x5c, 0xe0,
    0x19, 0x64, 0x40, 0x3f, 0xfb, 0x63, 0x0e, 0x01, 0x48, 0x07, 0xff, 0x7e, 0x40, 0x23, 0x00, 0xff,
    0xef, 0x89, 0x00, 0x78, 0x59, 0xbf, 0xfa, 0xe4, 0x01, 0x94, 0x40, 0x39, 0x66, 0x7f, 0xfa, 0xe8,
    0x01, 0xa3, 0x88, 0x03, 0xff, 0xc6, 0xa0, 0x1f, 0xff, 0xf0, 0x0f, 0xff, 0x8d, 0x4b, 0x80, 0x7f,
    0xf8, 0x4d, 0xb0, 0x03, 0xff, 0xfe, 0x01, 0xff, 0xff, 0x00, 0xff, 0xed, 0xc6, 0xd0, 0x07, 0xff,
    0x84, 0x48, 0x40, 0x3f, 0xff, 0xe0, 0x1f, 0xfc, 0xd2, 0x00, 0xce, 0x45, 0xff, 0xd7, 0x30, 0x0c,
    0x4e, 0xa0, 0x18, 0xf7, 0x7f, 0xfa, 0xea, 0x01, 0xbe, 0x00, 0x40, 0x3f, 0xfc, 0x06, 0x00, 0x40,
    0x0f, 0xfe, 0xf9, 0x88, 0x02, 0xc8, 0x03, 0xff, 0xba, 0x3e, 0x01, 0x0e, 0x4b, 0x37, 0xff, 0x6e,
    0x3c, 0xc0, 0x20, 0x00, 0xff, 0xe6, 0x8c, 0x5d, 0x28, 0x07, 0xff, 0x78, 0x71, 0xd1, 0x6a, 0x40,
    0x3f, 0xfb, 0x42, 0x44, 0xb2, 0x00, 0xcc, 0xa0, 0x1f, 0xfd, 0x75, 0xde, 0xdd, 0x28, 0x07, 0xbc,
    0x03, 0xff, 0xac, 0xd4, 0x40, 0x1f, 0xfe, 0x04, 0x90, 0x02, 0xbb, 0x88, 0x03, 0xda, 0x01, 0xff,
    0xd5, 0x80, 0x05, 0x52, 0x21, 0xc0, 0x1c, 0x4c, 0x01, 0xff, 0xd4, 0x43, 0x05, 0x50, 0x04, 0x74,
    0x40, 0x05, 0xf1, 0x00, 0xff, 0xea, 0x40, 0x02, 0x00, 0x39, 0x77, 0xbe, 0x88, 0x03, 0xff, 0x90,
    0x4c, 0xea, 0x20, 0x1f, 0x21, 0x83, 0x10, 0x07, 0xc2, 0x01, 0xff, 0xc9, 0x19, 0xd9, 0x8a, 0xf6,
    0x00, 0xf7, 0x80, 0x2c, 0x03, 0xff, 0x90, 0x76, 0x80, 0x1f, 0x53, 0x00, 0x61, 0x96, 0x00, 0xc8,
    0x80, 0x62, 0x00, 0xff, 0xe4, 0x32, 0x5d, 0x10, 0x06, 0x64, 0x00, 0xfa, 0x04, 0x00, 0x32, 0x00,
    0xb0, 0x0f, 0xfe, 0x62, 0xe3, 0x80, 0x5a, 0x01, 0xf8, 0x6a, 0x27, 0x08, 0x0a, 0xe6, 0x7f, 0xf9,
    0x3c, 0x01, 0x0c, 0x62, 0x02, 0x80, 0x7f, 0x23, 0xb1, 0x00, 0x09, 0x9b, 0xff, 0x94, 0x80, 0x1c,
    0x76, 0xc6, 0x01, 0xff, 0xe1, 0x34, 0x70, 0x0f, 0xeb, 0xee, 0xfa, 0x84, 0x01, 0x7d, 0xdf, 0xfc,
    0x49, 0x00, 0xc3, 0x38, 0x50, 0x20, 0x1f, 0x22, 0x04, 0x7e, 0x5a, 0x00, 0x70, 0x8f, 0xff, 0x10,
    0xc0, 0x26, 0xf6, 0x00, 0x15, 0x88, 0x07, 0x1d, 0x00, 0x7f, 0x22, 0x01, 0x48, 0x03, 0xff, 0x8a,
    0x79, 0x22, 0x01, 0x97, 0x14, 0x80, 0xe3, 0x44, 0x03, 0xfd, 0xe0, 0x08, 0x00, 0xff, 0xe1, 0xad,
    0xe1, 0x80, 0x7c, 0x55, 0xbf, 0x8e, 0x20, 0x1f, 0xf2, 0x18, 0x29, 0x00, 0x7f, 0xf0, 0xd0, 0x03,
    0xff, 0xa1, 0x20, 0x08, 0x00, 0xcb, 0x55, 0xe7, 0x00, 0xff, 0xea, 0x29, 0x02, 0x98, 0x05, 0x6a,
    0xbe, 0x80, 0x0f, 0xfe, 0xac, 0x00, 0x38, 0xc0, 0x3f, 0xfb, 0xea, 0xc0, 0x59, 0xfe, 0x10, 0x0f,
    0xfe, 0xec, 0xb8, 0x07, 0xff, 0x8e, 0x32, 0x19, 0x82, 0x01, 0xff, 0xdf, 0x37, 0x99, 0x00, 0x7f,
    0xf9, 0x0c, 0x03, 0xc2, 0x01, 0xff, 0xdc, 0xfb, 0xbf, 0x60, 0x07, 0xfc, 0x00, 0xff, 0xc2, 0x46,
    0x62, 0x10, 0x0f, 0xfe, 0x38, 0xbd, 0x77, 0x37, 0x31, 0xbd, 0xca, 0x61, 0x00, 0xff, 0xe0, 0x8c,
    0x7c, 0x28, 0x80, 0x78, 0x56, 0x7d, 0x80, 0x3f, 0xe3, 0xc7, 0x10, 0x0c, 0x42, 0x01, 0xe1, 0x9b,
    0x10, 0x0f, 0xc9, 0xa4, 0x01, 0xe6, 0xa0, 0x0f, 0xc9, 0xa2, 0x01, 0xe2, 0xa1, 0x00, 0xfc, 0x94,
    0x01, 0xf8, 0xe0, 0x03, 0xd2, 0x20, 0x1f, 0xe5, 0x90, 0x0f, 0xcc, 0x80, 0x19, 0x50, 0x03, 0xff,
    0x34, 0x00, 0x7e, 0x80, 0x0d, 0xc0, 0x1f, 0xfc, 0x27, 0x70, 0x07, 0xc6, 0x60, 0x01, 0x20, 0x07,
    0xff, 0x0e, 0x18, 0x03, 0xeb, 0x00, 0x28, 0x07, 0xff, 0x09, 0x00, 0x12, 0xa0, 0x1e, 0x50, 0x06,
    0x00, 0x71, 0xc0, 0x07, 0xd9, 0x62, 0x14, 0x80, 0x1c, 0x42, 0x0a, 0x01, 0x8f, 0x5e, 0x40, 0x3d,
    0xe9, 0x42, 0x14, 0x60, 0x1c, 0xa2, 0x20, 0x0c, 0xc2, 0x0d, 0x20, 0x1f, 0x23, 0x00, 0xf8, 0x07,
    0x12, 0x80, 0x72, 0xd0, 0x01, 0xa8, 0x03, 0xca, 0xe0, 0x3c, 0x01, 0xde, 0x40, 0x1e, 0x59, 0x00,
    0x2d, 0x00, 0x65, 0xa0, 0x1d, 0x20, 0x0e, 0x31, 0x00, 0xf9, 0xa4, 0x00, 0xb2, 0x00, 0x4a, 0x00,
    0x51, 0x80, 0x78, 0x40, 0x3f, 0x9a, 0x40, 0x04, 0x00, 0x30, 0x04, 0xa0, 0x07, 0xef, 0x00, 0xfe,
    0x69, 0x00, 0xf4, 0x30, 0x07, 0xe7, 0x10, 0x0f, 0xf3, 0x48, 0x06, 0x67, 0x00, 0xfe, 0x10, 0x0f,
    0xfc, 0x60, 0x18, 0xc0, 0x3f, 0xe1, 0x00, 0xff, 0x2d, 0x00, 0x65, 0x90, 0x0f, 0xe1, 0xf0, 0x0f,
    0xe5, 0xa0, 0x0f, 0x34, 0x00, 0x7e, 0x70, 0x0f, 0xe5, 0xa0, 0x01, 0x00, 0x0c, 0x00, 0xee, 0x00,
    0xfc, 0x20, 0x1f, 0x35, 0x00, 0x16, 0x40, 0x09, 0x40, 0x08, 0x60, 0x0f, 0x09, 0x00, 0x79, 0xa4,
    0x00, 0xb4, 0x01, 0x96, 0x40, 0x12, 0xa0, 0x1c, 0x6a, 0x01, 0xcd, 0x20, 0x05, 0xa0, 0x70, 0x0c,
    0xcc, 0x00, 0x50, 0x80, 0x6f, 0x12, 0x00, 0xca, 0x20, 0xd4, 0x01, 0xf2, 0x30, 0x02, 0x44, 0x03,
    0x10, 0x30, 0x06, 0x3d, 0x69, 0x00, 0xf7, 0xa5, 0x80, 0x25, 0x80, 0x39, 0x43, 0x00, 0x38, 0xe4,
    0x03, 0xec, 0xb0, 0x04, 0xb0, 0x07, 0x10, 0x83, 0x00, 0x7f, 0xf0, 0x90, 0x01, 0x2c, 0x01, 0xe5,
    0x00, 0x0a, 0x80, 0x7f, 0xf0, 0xe5, 0x80, 0x3e, 0xb0, 0x0b, 0x80, 0x3f, 0xc2, 0x01, 0x43, 0x00,
    0x7c, 0x66, 0x00, 0x91, 0x80, 0x3f, 0xf4, 0x38, 0x07, 0xef, 0x00, 0xe9, 0x30, 0x0f, 0xf4, 0x38,
    0x07, 0xe7, 0x30, 0x0f, 0x6a, 0x00, 0x7e, 0x87, 0x00, 0xfc, 0xb0, 0x01, 0xf0, 0xdb, 0x80, 0x78,
    0x9c, 0x03, 0xf4, 0x50, 0x07, 0xfa, 0x35, 0x84, 0x03, 0xfe, 0x6d, 0x70, 0x0f, 0xfc, 0x53, 0xd9,
    0x0c, 0xa8, 0x85, 0x68, 0xbe, 0x92, 0x00, 0xf0, 0x00, 0xff, 0x84, 0xd1, 0x3f, 0x08, 0x07, 0xff,
    0x28, 0xbf, 0x2e, 0xff, 0x72, 0x00, 0x7f, 0xf2, 0x6c, 0x40, 0x3f, 0xd2, 0x01, 0xff, 0x46, 0xef,
    0xf3, 0x00, 0x7f, 0xc5, 0xbb, 0xfd, 0x40, 0xe4, 0x5f, 0xc0, 0x1f, 0xfc, 0x12, 0x2f, 0xe5, 0x30,
    0x0f, 0xfe, 0xab, 0x80, 0x7f, 0xf5, 0x5d, 0xc4, 0x5f, 0xfd, 0x35, 0x38, 0xdd, 0xff, 0xe9, 0xd0,
    0x07, 0xff, 0x65, 0xee, 0xff, 0xf9, 0xf4, 0x01, 0xdc, 0x89, 0xff, 0xcf, 0x70, 0x0f, 0xff, 0xf8,
    0x07, 0xff, 0x69, 0x79, 0x40, 0x32, 0x6b, 0x80, 0x62, 0xd8, 0x00, 0xff, 0xe2, 0xf8, 0xf8, 0x06,
    0xc2, 0xb0, 0x0c, 0x84, 0xc0, 0x1f, 0xfd, 0x31, 0x00, 0xff, 0xff, 0x80, 0x7f, 0xff, 0xc0, 0x3f,
    0xff, 0xe0, 0x1f, 0xff, 0xf0, 0x0f, 0xff, 0xf8, 0x07, 0xff, 0xfc, 0x03, 0xff, 0xde, 0x20, 0x1f,
    0xfc, 0x7f, 0x1f, 0x00, 0xd8, 0x56, 0x01, 0x90, 0x98, 0x03, 0xff, 0x8a, 0xbc, 0xa0, 0x19, 0x35,
    0xc0, 0x31, 0x6c, 0x00, 0x7f, 0xc2, 0x01, 0xff, 0xcf, 0x10, 0x0e, 0xd0, 0x0f, 0xfe, 0x7a, 0x80,
    0x72, 0xa8, 0x03, 0xff, 0x9a, 0x50, 0x01, 0xea, 0x95, 0x44, 0xff, 0xe5, 0x3e, 0x08, 0x04, 0x00,
    0xff, 0xe8, 0x91, 0x00, 0x3f, 0xfa, 0xc7, 0xbb, 0x8c, 0x03, 0xff, 0xa6, 0x98, 0x40, 0x02, 0xd4,
    0x00, 0xff, 0xe8, 0xa5, 0x80, 0x70, 0xd2, 0x00, 0x7f, 0xf3, 0xd2, 0xc0, 0x3e, 0x1a, 0x40, 0x0f,
    0xfe, 0x6a, 0x58, 0x07, 0xf0, 0xd2, 0x00, 0x7f, 0xf3, 0x04, 0x03, 0xfe, 0x1a, 0x20, 0x0f, 0xfe,
    0x49, 0x02, 0xd0, 0x07, 0xfc, 0x32, 0x01, 0xff, 0xc8, 0x4d, 0x70, 0x5a, 0x00, 0xff, 0x94, 0x03,
    0xff, 0x8e, 0x96, 0x10, 0xe0, 0xb4, 0x01, 0xfe, 0x30, 0x0f, 0xfe, 0x32, 0x58, 0x05, 0x0e, 0x0b,
    0x40, 0x1f, 0xd4, 0x01, 0xff, 0xc5, 0x4b, 0x00, 0xe8, 0x70, 0x5a, 0x00, 0xf9, 0x1c, 0x03, 0xff,
    0x88, 0x96, 0x01, 0xf4, 0x38, 0x2d, 0x00, 0x72, 0x58, 0x07, 0xff, 0x11, 0x2c, 0x03, 0xfa, 0x1c,
    0x16, 0x80, 0x24, 0xb0, 0x0f, 0xfe, 0x22, 0x58, 0x07, 0xfd, 0x0e, 0x0b, 0x40, 0x96, 0x01, 0xff,
    0xc4, 0x4b, 0x00, 0xff, 0xe0, 0xc3, 0x82, 0xdd, 0x80, 0x3f, 0xf8, 0x89, 0x60, 0x1f, 0xfc, 0x38,
    0x70, 0x40, 0x0f, 0xfe, 0x22, 0x58, 0x07, 0xff, 0x17, 0x00, 0x3f, 0xf8, 0xa9, 0x60, 0x1f, 0xfc,
    0x54, 0xb0, 0x0f, 0xfe, 0x22, 0x58, 0x07, 0xff, 0x15, 0x2c, 0x03, 0xff, 0x88, 0x96, 0x01, 0xff,
    0xc5, 0x4b, 0x00, 0xff, 0xe2, 0x25, 0x80, 0x7f, 0xf1, 0x52, 0xc0, 0x3f, 0xf8, 0x89, 0x60, 0x1f,
    0xfc, 0x54, 0xb0, 0x0f, 0xfe, 0x22, 0x58, 0x07, 0xff, 0x15, 0x2c, 0x03, 0xff, 0x88, 0x96, 0x01,
    0xff, 0xc5, 0x4b, 0x00, 0xff, 0xe2, 0x25, 0x80, 0x7f, 0xf1, 0x52, 0xc0, 0x3f, 0xf8, 0x89, 0x60,
    0x1f, 0xfc, 0x54, 0xb0, 0x0f, 0xfe, 0x22, 0x58, 0x07, 0xff, 0x15, 0x2c, 0x03, 0xff, 0x88, 0x36,
    0x01, 0xff, 0xc5, 0x4b, 0x00, 0xff, 0xe2, 0x90, 0x07, 0xff, 0x15, 0x2c, 0x03, 0xff, 0x8c, 0xe0,
    0x1f, 0xfc, 0x44, 0xb0, 0x0f, 0xfe, 0x39, 0x00, 0x7f, 0xf0, 0xd2, 0xc0, 0x3f, 0xf9, 0x1c, 0x01,
    0xff, 0xc2, 0x4b, 0x00, 0xff, 0xe4, 0x88, 0x07, 0xff, 0x05, 0x2c, 0x03, 0xff, 0x94, 0x40, 0x1f,
    0xf9, 0x2c, 0x03, 0xff, 0x96, 0xc0, 0x1f, 0xf2, 0x58, 0x07, 0xff, 0x30, 0xc0, 0x3f, 0xc9, 0x60,
    0x1f, 0xfc, 0xd5, 0x00, 0xfc, 0x4b, 0x60, 0x1f, 0xfc, 0xe9, 0x65, 0x68, 0xab, 0xdf, 0xda, 0x00,
    0xff, 0xe7, 0x80, 0x00, 0xff, 0xe0, 0x92, 0xbb, 0xff, 0xf4, 0x14, 0x80, 0x3f, 0xf8, 0x71, 0xb5,
    0x11, 0xff, 0xd0, 0xad, 0x80, 0x0f, 0xfe, 0x0d, 0x38, 0x07, 0xff, 0x51, 0xe0, 0x03, 0xfe, 0xa5,
    0x00, 0xff, 0xeb, 0x39, 0x00, 0x7f, 0x5a, 0x80, 0x7f, 0xf6, 0x1c, 0x03, 0xf5, 0xa0, 0x07, 0xff,
    0x64, 0x80, 0x3e, 0xb4, 0x00, 0xff, 0xe0, 0xab, 0x00, 0x7f, 0x32, 0x80, 0x7f, 0xf1, 0xed, 0x00,
    0x3f, 0xf8, 0x31, 0x53, 0x20, 0x0f, 0xa6, 0x55, 0x00, 0x1f, 0xfc, 0x5b, 0x40, 0x0f, 0xfe, 0x0b,
    0x38, 0x01, 0xa4, 0x03, 0xa5, 0x80, 0x0e, 0xc0, 0x1f, 0xfc, 0x21, 0xb4, 0x00, 0xff, 0xe1, 0x68,
    0x06, 0x69, 0x00, 0xa5, 0x80, 0x36, 0x80, 0x7f, 0xf0, 0x46, 0x90, 0x03, 0xff, 0x87, 0x02, 0x01,
    0x9a, 0x42, 0x58, 0x03, 0x0c, 0x00, 0x7f, 0xe1, 0xa4, 0x00, 0xff, 0xe2, 0x1e, 0x88, 0x06, 0x6c,
    0x60, 0x0c, 0x3a, 0x60, 0x1f, 0xf0, 0xd2, 0x00, 0x7f, 0xf1, 0x8f, 0x44, 0x03, 0x18, 0x06, 0x1d,
    0x30, 0x0f, 0xfd, 0x28, 0x01, 0xff, 0xc8, 0x3d, 0x10, 0x0f, 0x87, 0x4c, 0x03, 0xff, 0x82, 0xa0,
    0x1f, 0xfc, 0xa3, 0xd0, 0x0f, 0xb4, 0xc0, 0x3f, 0xf8, 0x4c, 0x01, 0xff, 0xcb, 0xa0, 0x0f, 0xa8,
    0x03, 0xff, 0x87, 0xe0, 0x1f, 0xfc, 0xa9, 0x60, 0x0f, 0x9a, 0x40, 0x3f, 0xf8, 0x49, 0x40, 0x1f,
    0xfc, 0x89, 0x60, 0x0f, 0xe6, 0x90, 0x0f, 0xfe, 0x12, 0xd0, 0x07, 0xff, 0x1a, 0x58, 0x03, 0x0d,
    0x08, 0x06, 0x69, 0x00, 0xff, 0xe1, 0x2d, 0x80, 0x7f, 0xf1, 0x1d, 0x80, 0x30, 0xea, 0xe8, 0x80,
    0x66, 0x70, 0x0f, 0xfe, 0x12, 0x58, 0x07, 0xff, 0x0f, 0x00, 0x30, 0xe9, 0x81, 0xe8, 0x80, 0x6c,
    0x00, 0xff, 0xe1, 0xa5, 0x80, 0x7f, 0xf0, 0xa4, 0x80, 0x03, 0xa6, 0x01, 0x1e, 0x88, 0x00, 0xa4,
    0x03, 0xff, 0x88, 0x96, 0x01, 0xff, 0xc1, 0x2f, 0x32, 0xd3, 0x00, 0xe3, 0xd2, 0x3f, 0x20, 0x0f,
    0xfe, 0x2a, 0x58, 0x07, 0xff, 0x04, 0xb3, 0x4c, 0x03, 0xe3, 0xdc, 0x20, 0x0f, 0xfe, 0x3a, 0x58,
    0x80, 0x7f, 0xf8, 0x92, 0x84, 0x03, 0xff, 0xb0, 0x60, 0x1f, 0xc9, 0x42, 0x01, 0xff, 0xd6, 0x24,
    0x00, 0xff, 0x25, 0x08, 0x07, 0xff, 0x50, 0x78, 0x03, 0xff, 0x27, 0xb1, 0x00, 0x7f, 0xf4, 0x09,
    0x70, 0xc0, 0x00, 0xfe, 0x24, 0x4f, 0xfe, 0x11, 0x00, 0x7f, 0xe4, 0xdb, 0xbf, 0xfe, 0x16, 0xe9,
    0x00, 0x3f, 0x92, 0xc0, 0x3f, 0xf8, 0x85, 0x6a, 0x01, 0xf2, 0x58, 0x07, 0xff, 0x1e, 0xc4, 0x03,
    0x92, 0xc0, 0x3f, 0xf9, 0x02, 0x80, 0x19, 0x2c, 0x00, 0xb1, 0x07, 0x00, 0x34, 0x41, 0x80, 0x0d,
    0x10, 0x60, 0x0c, 0x40, 0x12, 0x58, 0x05, 0xee, 0xea, 0x00, 0x6b, 0xba, 0x80, 0x14, 0xee, 0xd0,
    0x0f, 0x92, 0xc0, 0x3f, 0xf9, 0xc9, 0x60, 0x1f, 0xfc, 0xe4, 0xb0, 0x0f, 0xfe, 0x7d, 0x80, 0x7f,
    0xfd, 0x71, 0x98, 0xa0, 0x0c, 0x66, 0x20, 0x01, 0x19, 0x98, 0x01, 0xff, 0xc1, 0x69, 0x94, 0x00,
    0x1e, 0x65, 0x00, 0x08, 0x99, 0x38, 0x07, 0xff, 0xfc, 0x03, 0xff, 0xfe, 0x01, 0xff, 0xff, 0x00,
    0xff, 0xff, 0x80, 0x7f, 0xff, 0xc0, 0x3f, 0xff, 0xe0, 0x1f, 0xff, 0xf0, 0x0f, 0xff, 0x80, 0x80,
    0x7f, 0xf3, 0xc5, 0x00, 0x3f, 0xf9, 0xeb, 0x20, 0x1f, 0xfc, 0xe5, 0x33, 0x50, 0x80, 0x7f, 0xf2,
    0xd2, 0xc0, 0x0b, 0x8e, 0xa8, 0x9f, 0xfc, 0x76, 0xab, 0x10, 0x00, 0xff, 0xec, 0x36, 0x08, 0x07,
    0xff, 0x5d, 0xe4, 0xd4, 0x03, 0xff, 0xac, 0xf0, 0x01, 0xff, 0xd8, 0x78, 0x00, 0xff, 0xe0, 0x89,
    0x80, 0x7f, 0xf2, 0x56, 0x00, 0x3f, 0xf8, 0x27, 0xf9, 0x60, 0x1f, 0xfc, 0x8f, 0x00, 0xff, 0xe0,
    0xa6, 0x88, 0x20, 0x80, 0x7f, 0xf5, 0x16, 0xc4, 0x02, 0x30, 0x0f, 0xfe, 0x9b, 0x50, 0x07, 0xff,
    0x61, 0xe4, 0x03, 0xff, 0xb1, 0x10, 0x00, 0xff, 0xec, 0x4b, 0x80, 0x7e, 0x9b, 0xbf, 0xfe, 0x3a,
    0x00, 0x7d, 0x4c, 0x01, 0xfc, 0x89, 0xff, 0xc8, 0x10, 0x0f, 0x32, 0x80, 0x7f, 0xf6, 0x7c, 0x03,
    0xff, 0xb5, 0x42, 0x01, 0xff, 0xd8, 0x73, 0xd1, 0x00, 0xff, 0xeb, 0x21, 0x81, 0xe8, 0x80, 0x7e,
    0xac, 0xcf, 0xfe, 0x5e, 0xd8, 0x04, 0x78, 0x40, 0x1f, 0x39, 0x9f, 0xff, 0x2c, 0x80, 0x38, 0xbc,
    0x80, 0x3f, 0xfb, 0x25, 0x86, 0x01, 0xff, 0xd9, 0x1d, 0x40, 0x0f, 0xfe, 0xc8, 0xda, 0x80, 0x04,
    0x80, 0x3f, 0xfa, 0xd5, 0x0b, 0x40, 0x1f, 0xfc, 0xf0,
];

#[rustfmt::skip]
static MONTSERRAT_38_GLYPHS: [twine_text::GlyphDsc; 158] = [
    twine_text::GlyphDsc { bitmap_index: 0, adv_w: 0, box_w: 0, box_h: 0, ofs_x: 0, ofs_y: 0 }, // reserved
    twine_text::GlyphDsc { bitmap_index: 0, adv_w: 164, box_w: 0, box_h: 0, ofs_x: 0, ofs_y: 0 }, // U+0020 ' '
    twine_text::GlyphDsc { bitmap_index: 0, adv_w: 163, box_w: 6, box_h: 28, ofs_x: 2, ofs_y: -1 }, // U+0021 '!'
    twine_text::GlyphDsc { bitmap_index: 65, adv_w: 238, box_w: 11, box_h: 11, ofs_x: 2, ofs_y: 16 }, // U+0022 '"'
    twine_text::GlyphDsc { bitmap_index: 107, adv_w: 427, box_w: 25, box_h: 27, ofs_x: 1, ofs_y: 0 }, // U+0023 '#'
    twine_text::GlyphDsc { bitmap_index: 324, adv_w: 378, box_w: 22, box_h: 37, ofs_x: 1, ofs_y: -5 }, // U+0024 '$'
    twine_text::GlyphDsc { bitmap_index: 565, adv_w: 513, box_w: 30, box_h: 28, ofs_x: 1, ofs_y: -1 }, // U+0025 '%'
    twine_text::GlyphDsc { bitmap_index: 886, adv_w: 417, box_w: 25, box_h: 28, ofs_x: 1, ofs_y: -1 }, // U+0026 '&'
    twine_text::GlyphDsc { bitmap_index: 1159, adv_w: 128, box_w: 4, box_h: 11, ofs_x: 2, ofs_y: 16 }, // U+0027 '\''
    twine_text::GlyphDsc { bitmap_index: 1176, adv_w: 205, box_w: 9, box_h: 37, ofs_x: 3, ofs_y: -8 }, // U+0028 '('
    twine_text::GlyphDsc { bitmap_index: 1311, adv_w: 206, box_w: 9, box_h: 37, ofs_x: 1, ofs_y: -8 }, // U+0029 ')'
    twine_text::GlyphDsc { bitmap_index: 1446, adv_w: 243, box_w: 15, box_h: 15, ofs_x: 0, ofs_y: 14 }, // U+002A '*'
    twine_text::GlyphDsc { bitmap_index: 1530, adv_w: 354, box_w: 18, box_h: 18, ofs_x: 2, ofs_y: 4 }, // U+002B '+'
    twine_text::GlyphDsc { bitmap_index: 1584, adv_w: 138, box_w: 6, box_h: 11, ofs_x: 1, ofs_y: -6 }, // U+002C ','
    twine_text::GlyphDsc { bitmap_index: 1618, adv_w: 233, box_w: 11, box_h: 5, ofs_x: 2, ofs_y: 8 }, // U+002D '-'
    twine_text::GlyphDsc { bitmap_index: 1630, adv_w: 138, box_w: 6, box_h: 6, ofs_x: 1, ofs_y: -1 }, // U+002E '.'
    twine_text::GlyphDsc { bitmap_index: 1648, adv_w: 214, box_w: 17, box_h: 36, ofs_x: -2, ofs_y: -4 }, // U+002F '/'
    twine_text::GlyphDsc { bitmap_index: 1825, adv_w: 406, box_w: 23, box_h: 28, ofs_x: 1, ofs_y: -1 }, // U+0030 '0'
    twine_text::GlyphDsc { bitmap_index: 2057, adv_w: 225, box_w: 11, box_h: 27, ofs_x: 0, ofs_y: 0 }, // U+0031 '1'
    twine_text::GlyphDsc { bitmap_index: 2084, adv_w: 349, box_w: 21, box_h: 27, ofs_x: 0, ofs_y: 0 }, // U+0032 '2'
    twine_text::GlyphDsc { bitmap_index: 2263, adv_w: 348, box_w: 21, box_h: 28, ofs_x: 0, ofs_y: -1 }, // U+0033 '3'
    twine_text::GlyphDsc { bitmap_index: 2447, adv_w: 407, box_w: 24, box_h: 27, ofs_x: 1, ofs_y: 0 }, // U+0034 '4'
    twine_text::GlyphDsc { bitmap_index: 2601, adv_w: 349, box_w: 21, box_h: 28, ofs_x: 0, ofs_y: -1 }, // U+0035 '5'
    twine_text::GlyphDsc { bitmap_index: 2781, adv_w: 375, box_w: 22, box_h: 28, ofs_x: 1, ofs_y: -1 }, // U+0036 '6'
    twine_text::GlyphDsc { bitmap_index: 3007, adv_w: 364, box_w: 21, box_h: 27, ofs_x: 1, ofs_y: 0 }, // U+0037 '7'
    twine_text::GlyphDsc { bitmap_index: 3165, adv_w: 392, box_w: 22, box_h: 28, ofs_x: 1, ofs_y: -1 }, // U+0038 '8'
    twine_text::GlyphDsc { bitmap_index: 3412, adv_w: 375, box_w: 21, box_h: 28, ofs_x: 1, ofs_y: -1 }, // U+0039 '9'
    twine_text::GlyphDsc { bitmap_index: 3635, adv_w: 138, box_w: 6, box_h: 22, ofs_x: 1, ofs_y: -1 }, // U+003A ':'
    twine_text::GlyphDsc { bitmap_index: 3676, adv_w: 138, box_w: 6, box_h: 27, ofs_x: 1, ofs_y: -6 }, // U+003B ';'
    twine_text::GlyphDsc { bitmap_index: 3733, adv_w: 354, box_w: 18, box_h: 18, ofs_x: 2, ofs_y: 4 }, // U+003C '<'
    twine_text::GlyphDsc { bitmap_index: 3848, adv_w: 354, box_w: 18, box_h: 13, ofs_x: 2, ofs_y: 7 }, // U+003D '='
    twine_text::GlyphDsc { bitmap_index: 3886, adv_w: 354, box_w: 18, box_h: 18, ofs_x: 2, ofs_y: 4 }, // U+003E '>'
    twine_text::GlyphDsc { bitmap_index: 4001, adv_w: 348, box_w: 20, box_h: 28, ofs_x: 0, ofs_y: -1 }, // U+003F '?'
    twine_text::GlyphDsc { bitmap_index: 4170, adv_w: 629, box_w: 37, box_h: 35, ofs_x: 1, ofs_y: -8 }, // U+0040 '@'
    twine_text::GlyphDsc { bitmap_index: 4646, adv_w: 445, box_w: 28, box_h: 27, ofs_x: 0, ofs_y: 0 }, // U+0041 'A'
    twine_text::GlyphDsc { bitmap_index: 4877, adv_w: 460, box_w: 24, box_h: 27, ofs_x: 3, ofs_y: 0 }, // U+0042 'B'
    twine_text::GlyphDsc { bitmap_index: 5049, adv_w: 434, box_w: 25, box_h: 28, ofs_x: 1, ofs_y: -1 }, // U+0043 'C'
    twine_text::GlyphDsc { bitmap_index: 5266, adv_w: 502, box_w: 27, box_h: 27, ofs_x: 3, ofs_y: 0 }, // U+0044 'D'
    twine_text::GlyphDsc { bitmap_index: 5437, adv_w: 407, box_w: 21, box_h: 27, ofs_x: 3, ofs_y: 0 }, // U+0045 'E'
    twine_text::GlyphDsc { bitmap_index: 5506, adv_w: 386, box_w: 20, box_h: 27, ofs_x: 3, ofs_y: 0 }, // U+0046 'F'
    twine_text::GlyphDsc { bitmap_index: 5563, adv_w: 469, box_w: 26, box_h: 28, ofs_x: 1, ofs_y: -1 }, // U+0047 'G'
    twine_text::GlyphDsc { bitmap_index: 5781, adv_w: 494, box_w: 24, box_h: 27, ofs_x: 3, ofs_y: 0 }, // U+0048 'H'
    twine_text::GlyphDsc { bitmap_index: 5839, adv_w: 188, box_w: 5, box_h: 27, ofs_x: 3, ofs_y: 0 }, // U+0049 'I'
    twine_text::GlyphDsc { bitmap_index: 5850, adv_w: 312, box_w: 17, box_h: 28, ofs_x: -1, ofs_y: -1 }, // U+004A 'J'
    twine_text::GlyphDsc { bitmap_index: 5942, adv_w: 437, box_w: 25, box_h: 27, ofs_x: 3, ofs_y: 0 }, // U+004B 'K'
    twine_text::GlyphDsc { bitmap_index: 6134, adv_w: 361, box_w: 20, box_h: 27, ofs_x: 3, ofs_y: 0 }, // U+004C 'L'
    twine_text::GlyphDsc { bitmap_index: 6173, adv_w: 581, box_w: 30, box_h: 27, ofs_x: 3, ofs_y: 0 }, // U+004D 'M'
    twine_text::GlyphDsc { bitmap_index: 6382, adv_w: 494, box_w: 24, box_h: 27, ofs_x: 3, ofs_y: 0 }, // U+004E 'N'
    twine_text::GlyphDsc { bitmap_index: 6534, adv_w: 511, box_w: 30, box_h: 28, ofs_x: 1, ofs_y: -1 }, // U+004F 'O'
    twine_text::GlyphDsc { bitmap_index: 6809, adv_w: 439, box_w: 23, box_h: 27, ofs_x: 3, ofs_y: 0 }, // U+0050 'P'
    twine_text::GlyphDsc { bitmap_index: 6948, adv_w: 511, box_w: 31, box_h: 33, ofs_x: 1, ofs_y: -6 }, // U+0051 'Q'
    twine_text::GlyphDsc { bitmap_index: 7277, adv_w: 442, box_w: 23, box_h: 27, ofs_x: 3, ofs_y: 0 }, // U+0052 'R'
    twine_text::GlyphDsc { bitmap_index: 7450, adv_w: 378, box_w: 22, box_h: 28, ofs_x: 1, ofs_y: -1 }, // U+0053 'S'
    twine_text::GlyphDsc { bitmap_index: 7665, adv_w: 357, box_w: 23, box_h: 27, ofs_x: 0, ofs_y: 0 }, // U+0054 'T'
    twine_text::GlyphDsc { bitmap_index: 7712, adv_w: 481, box_w: 24, box_h: 28, ofs_x: 3, ofs_y: -1 }, // U+0055 'U'
    twine_text::GlyphDsc { bitmap_index: 7849, adv_w: 433, box_w: 28, box_h: 27, ofs_x: 0, ofs_y: 0 }, // U+0056 'V'
    twine_text::GlyphDsc { bitmap_index: 8088, adv_w: 685, box_w: 41, box_h: 27, ofs_x: 1, ofs_y: 0 }, // U+0057 'W'
    twine_text::GlyphDsc { bitmap_index: 8475, adv_w: 409, box_w: 26, box_h: 27, ofs_x: 0, ofs_y: 0 }, // U+0058 'X'
    twine_text::GlyphDsc { bitmap_index: 8719, adv_w: 393, box_w: 26, box_h: 27, ofs_x: -1, ofs_y: 0 }, // U+0059 'Y'
    twine_text::GlyphDsc { bitmap_index: 8892, adv_w: 399, box_w: 23, box_h: 27, ofs_x: 1, ofs_y: 0 }, // U+005A 'Z'
    twine_text::GlyphDsc { bitmap_index: 9053, adv_w: 202, box_w: 9, box_h: 37, ofs_x: 3, ofs_y: -8 }, // U+005B '['
    twine_text::GlyphDsc { bitmap_index: 9090, adv_w: 214, box_w: 17, box_h: 36, ofs_x: -2, ofs_y: -4 }, // U+005C '\\'
    twine_text::GlyphDsc { bitmap_index: 9279, adv_w: 202, box_w: 9, box_h: 37, ofs_x: 0, ofs_y: -8 }, // U+005D ']'
    twine_text::GlyphDsc { bitmap_index: 9316, adv_w: 354, box_w: 18, box_h: 17, ofs_x: 2, ofs_y: 5 }, // U+005E '^'
    twine_text::GlyphDsc { bitmap_index: 9430, adv_w: 304, box_w: 19, box_h: 3, ofs_x: 0, ofs_y: -3 }, // U+005F '_'
    twine_text::GlyphDsc { bitmap_index: 9440, adv_w: 365, box_w: 11, box_h: 6, ofs_x: 4, ofs_y: 23 }, // U+0060 '`'
    twine_text::GlyphDsc { bitmap_index: 9465, adv_w: 364, box_w: 19, box_h: 22, ofs_x: 1, ofs_y: -1 }, // U+0061 'a'
    twine_text::GlyphDsc { bitmap_index: 9624, adv_w: 415, box_w: 22, box_h: 30, ofs_x: 3, ofs_y: -1 }, // U+0062 'b'
    twine_text::GlyphDsc { bitmap_index: 9802, adv_w: 347, box_w: 20, box_h: 22, ofs_x: 1, ofs_y: -1 }, // U+0063 'c'
    twine_text::GlyphDsc { bitmap_index: 9958, adv_w: 415, box_w: 22, box_h: 30, ofs_x: 1, ofs_y: -1 }, // U+0064 'd'
    twine_text::GlyphDsc { bitmap_index: 10136, adv_w: 372, box_w: 21, box_h: 22, ofs_x: 1, ofs_y: -1 }, // U+0065 'e'
    twine_text::GlyphDsc { bitmap_index: 10305, adv_w: 215, box_w: 15, box_h: 29, ofs_x: 0, ofs_y: 0 }, // U+0066 'f'
    twine_text::GlyphDsc { bitmap_index: 10388, adv_w: 420, box_w: 22, box_h: 29, ofs_x: 1, ofs_y: -8 }, // U+0067 'g'
    twine_text::GlyphDsc { bitmap_index: 10628, adv_w: 414, box_w: 20, box_h: 29, ofs_x: 3, ofs_y: 0 }, // U+0068 'h'
    twine_text::GlyphDsc { bitmap_index: 10725, adv_w: 170, box_w: 6, box_h: 29, ofs_x: 2, ofs_y: 0 }, // U+0069 'i'
    twine_text::GlyphDsc { bitmap_index: 10758, adv_w: 173, box_w: 12, box_h: 37, ofs_x: -4, ofs_y: -8 }, // U+006A 'j'
    twine_text::GlyphDsc { bitmap_index: 10839, adv_w: 374, box_w: 21, box_h: 29, ofs_x: 3, ofs_y: 0 }, // U+006B 'k'
    twine_text::GlyphDsc { bitmap_index: 10990, adv_w: 170, box_w: 5, box_h: 29, ofs_x: 3, ofs_y: 0 }, // U+006C 'l'
    twine_text::GlyphDsc { bitmap_index: 11001, adv_w: 643, box_w: 34, box_h: 21, ofs_x: 3, ofs_y: 0 }, // U+006D 'm'
    twine_text::GlyphDsc { bitmap_index: 11154, adv_w: 414, box_w: 20, box_h: 21, ofs_x: 3, ofs_y: 0 }, // U+006E 'n'
    twine_text::GlyphDsc { bitmap_index: 11244, adv_w: 386, box_w: 22, box_h: 22, ofs_x: 1, ofs_y: -1 }, // U+006F 'o'
    twine_text::GlyphDsc { bitmap_index: 11421, adv_w: 415, box_w: 22, box_h: 29, ofs_x: 3, ofs_y: -8 }, // U+0070 'p'
    twine_text::GlyphDsc { bitmap_index: 11602, adv_w: 415, box_w: 22, box_h: 29, ofs_x: 1, ofs_y: -8 }, // U+0071 'q'
    twine_text::GlyphDsc { bitmap_index: 11780, adv_w: 249, box_w: 12, box_h: 21, ofs_x: 3, ofs_y: 0 }, // U+0072 'r'
    twine_text::GlyphDsc { bitmap_index: 11829, adv_w: 305, box_w: 18, box_h: 22, ofs_x: 0, ofs_y: -1 }, // U+0073 's'
    twine_text::GlyphDsc { bitmap_index: 11988, adv_w: 252, box_w: 15, box_h: 26, ofs_x: 0, ofs_y: -1 }, // U+0074 't'
    twine_text::GlyphDsc { bitmap_index: 12070, adv_w: 412, box_w: 20, box_h: 22, ofs_x: 3, ofs_y: -1 }, // U+0075 'u'
    twine_text::GlyphDsc { bitmap_index: 12165, adv_w: 340, box_w: 23, box_h: 21, ofs_x: -1, ofs_y: 0 }, // U+0076 'v'
    twine_text::GlyphDsc { bitmap_index: 12335, adv_w: 547, box_w: 34, box_h: 21, ofs_x: 0, ofs_y: 0 }, // U+0077 'w'
    twine_text::GlyphDsc { bitmap_index: 12607, adv_w: 336, box_w: 21, box_h: 21, ofs_x: 0, ofs_y: 0 }, // U+0078 'x'
    twine_text::GlyphDsc { bitmap_index: 12777, adv_w: 340, box_w: 23, box_h: 29, ofs_x: -1, ofs_y: -8 }, // U+0079 'y'
    twine_text::GlyphDsc { bitmap_index: 13000, adv_w: 317, box_w: 18, box_h: 21, ofs_x: 1, ofs_y: 0 }, // U+007A 'z'
    twine_text::GlyphDsc { bitmap_index: 13106, adv_w: 213, box_w: 11, box_h: 37, ofs_x: 2, ofs_y: -8 }, // U+007B '{'
    twine_text::GlyphDsc { bitmap_index: 13206, adv_w: 182, box_w: 5, box_h: 37, ofs_x: 3, ofs_y: -8 }, // U+007C '|'
    twine_text::GlyphDsc { bitmap_index: 13222, adv_w: 213, box_w: 12, box_h: 37, ofs_x: 0, ofs_y: -8 }, // U+007D '}'
    twine_text::GlyphDsc { bitmap_index: 13331, adv_w: 354, box_w: 18, box_h: 7, ofs_x: 2, ofs_y: 10 }, // U+007E '~'
    twine_text::GlyphDsc { bitmap_index: 13390, adv_w: 255, box_w: 14, box_h: 13, ofs_x: 1, ofs_y: 14 }, // U+00B0 '°'
    twine_text::GlyphDsc { bitmap_index: 13471, adv_w: 191, box_w: 8, box_h: 7, ofs_x: 2, ofs_y: 7 }, // U+2022 '•'
    twine_text::GlyphDsc { bitmap_index: 13496, adv_w: 608, box_w: 38, box_h: 39, ofs_x: 0, ofs_y: -6 }, // U+F001
    twine_text::GlyphDsc { bitmap_index: 13738, adv_w: 608, box_w: 38, box_h: 29, ofs_x: 0, ofs_y: -1 }, // U+F008
    twine_text::GlyphDsc { bitmap_index: 14015, adv_w: 608, box_w: 38, box_h: 34, ofs_x: 0, ofs_y: -4 }, // U+F00B
    twine_text::GlyphDsc { bitmap_index: 14214, adv_w: 608, box_w: 38, box_h: 29, ofs_x: 0, ofs_y: -1 }, // U+F00C
    twine_text::GlyphDsc { bitmap_index: 14463, adv_w: 418, box_w: 27, box_h: 27, ofs_x: 0, ofs_y: 0 }, // U+F00D
    twine_text::GlyphDsc { bitmap_index: 14698, adv_w: 608, box_w: 38, box_h: 39, ofs_x: 0, ofs_y: -6 }, // U+F011
    twine_text::GlyphDsc { bitmap_index: 15103, adv_w: 608, box_w: 36, box_h: 38, ofs_x: 1, ofs_y: -6 }, // U+F013
    twine_text::GlyphDsc { bitmap_index: 15431, adv_w: 684, box_w: 43, box_h: 34, ofs_x: 0, ofs_y: -4 }, // U+F015
    twine_text::GlyphDsc { bitmap_index: 15751, adv_w: 608, box_w: 38, box_h: 39, ofs_x: 0, ofs_y: -6 }, // U+F019
    twine_text::GlyphDsc { bitmap_index: 15995, adv_w: 684, box_w: 43, box_h: 29, ofs_x: 0, ofs_y: -1 }, // U+F01C
    twine_text::GlyphDsc { bitmap_index: 16224, adv_w: 608, box_w: 38, box_h: 39, ofs_x: 0, ofs_y: -6 }, // U+F021
    twine_text::GlyphDsc { bitmap_index: 16608, adv_w: 304, box_w: 19, box_h: 29, ofs_x: 0, ofs_y: -1 }, // U+F026
    twine_text::GlyphDsc { bitmap_index: 16706, adv_w: 456, box_w: 29, box_h: 30, ofs_x: 0, ofs_y: -2 }, // U+F027
    twine_text::GlyphDsc { bitmap_index: 16876, adv_w: 684, box_w: 43, box_h: 36, ofs_x: 0, ofs_y: -5 }, // U+F028
    twine_text::GlyphDsc { bitmap_index: 17314, adv_w: 608, box_w: 38, box_h: 29, ofs_x: 0, ofs_y: -1 }, // U+F03E
    twine_text::GlyphDsc { bitmap_index: 17523, adv_w: 418, box_w: 27, box_h: 39, ofs_x: 0, ofs_y: -6 }, // U+F043
    twine_text::GlyphDsc { bitmap_index: 17797, adv_w: 532, box_w: 25, box_h: 34, ofs_x: 4, ofs_y: -4 }, // U+F048
    twine_text::GlyphDsc { bitmap_index: 17952, adv_w: 532, box_w: 34, box_h: 39, ofs_x: 0, ofs_y: -6 }, // U+F04B
    twine_text::GlyphDsc { bitmap_index: 18159, adv_w: 532, box_w: 34, box_h: 34, ofs_x: 0, ofs_y: -4 }, // U+F04C
    twine_text::GlyphDsc { bitmap_index: 18289, adv_w: 532, box_w: 34, box_h: 34, ofs_x: 0, ofs_y: -4 }, // U+F04D
    twine_text::GlyphDsc { bitmap_index: 18376, adv_w: 532, box_w: 25, box_h: 34, ofs_x: 4, ofs_y: -4 }, // U+F051
    twine_text::GlyphDsc { bitmap_index: 18535, adv_w: 532, box_w: 34, box_h: 34, ofs_x: 0, ofs_y: -4 }, // U+F052
    twine_text::GlyphDsc { bitmap_index: 18735, adv_w: 380, box_w: 20, box_h: 33, ofs_x: 2, ofs_y: -3 }, // U+F053
    twine_text::GlyphDsc { bitmap_index: 18932, adv_w: 380, box_w: 20, box_h: 33, ofs_x: 2, ofs_y: -3 }, // U+F054
    twine_text::GlyphDsc { bitmap_index: 19129, adv_w: 532, box_w: 34, box_h: 34, ofs_x: 0, ofs_y: -4 }, // U+F067
    twine_text::GlyphDsc { bitmap_index: 19263, adv_w: 532, box_w: 34, box_h: 8, ofs_x: 0, ofs_y: 9 }, // U+F068
    twine_text::GlyphDsc { bitmap_index: 19303, adv_w: 684, box_w: 43, box_h: 29, ofs_x: 0, ofs_y: -1 }, // U+F06E
    twine_text::GlyphDsc { bitmap_index: 19701, adv_w: 760, box_w: 48, box_h: 39, ofs_x: 0, ofs_y: -6 }, // U+F070
    twine_text::GlyphDsc { bitmap_index: 20216, adv_w: 684, box_w: 43, box_h: 39, ofs_x: 0, ofs_y: -6 }, // U+F071
    twine_text::GlyphDsc { bitmap_index: 20573, adv_w: 608, box_w: 38, box_h: 34, ofs_x: 0, ofs_y: -4 }, // U+F074
    twine_text::GlyphDsc { bitmap_index: 20925, adv_w: 532, box_w: 33, box_h: 21, ofs_x: 0, ofs_y: 3 }, // U+F077
    twine_text::GlyphDsc { bitmap_index: 21109, adv_w: 532, box_w: 33, box_h: 21, ofs_x: 0, ofs_y: 3 }, // U+F078
    twine_text::GlyphDsc { bitmap_index: 21304, adv_w: 760, box_w: 48, box_h: 30, ofs_x: 0, ofs_y: -2 }, // U+F079
    twine_text::GlyphDsc { bitmap_index: 21586, adv_w: 608, box_w: 38, box_h: 29, ofs_x: 0, ofs_y: -1 }, // U+F07B
    twine_text::GlyphDsc { bitmap_index: 21692, adv_w: 608, box_w: 38, box_h: 39, ofs_x: 0, ofs_y: -6 }, // U+F093
    twine_text::GlyphDsc { bitmap_index: 21939, adv_w: 608, box_w: 38, box_h: 39, ofs_x: 0, ofs_y: -6 }, // U+F095
    twine_text::GlyphDsc { bitmap_index: 22252, adv_w: 532, box_w: 33, box_h: 34, ofs_x: 0, ofs_y: -4 }, // U+F0C4
    twine_text::GlyphDsc { bitmap_index: 22615, adv_w: 532, box_w: 34, box_h: 39, ofs_x: 0, ofs_y: -6 }, // U+F0C5
    twine_text::GlyphDsc { bitmap_index: 22777, adv_w: 532, box_w: 34, box_h: 34, ofs_x: 0, ofs_y: -4 }, // U+F0C7
    twine_text::GlyphDsc { bitmap_index: 22970, adv_w: 532, box_w: 34, box_h: 30, ofs_x: 0, ofs_y: -2 }, // U+F0C9
    twine_text::GlyphDsc { bitmap_index: 23066, adv_w: 608, box_w: 38, box_h: 29, ofs_x: 0, ofs_y: -1 }, // U+F0E0
    twine_text::GlyphDsc { bitmap_index: 23280, adv_w: 380, box_w: 24, box_h: 39, ofs_x: 0, ofs_y: -6 }, // U+F0E7
    twine_text::GlyphDsc { bitmap_index: 23511, adv_w: 532, box_w: 34, box_h: 39, ofs_x: 0, ofs_y: -6 }, // U+F0EA
    twine_text::GlyphDsc { bitmap_index: 23718, adv_w: 532, box_w: 34, box_h: 39, ofs_x: 0, ofs_y: -6 }, // U+F0F3
    twine_text::GlyphDsc { bitmap_index: 23964, adv_w: 684, box_w: 43, box_h: 29, ofs_x: 0, ofs_y: -1 }, // U+F11C
    twine_text::GlyphDsc { bitmap_index: 24258, adv_w: 608, box_w: 38, box_h: 39, ofs_x: 0, ofs_y: -6 }, // U+F124
    twine_text::GlyphDsc { bitmap_index: 24511, adv_w: 456, box_w: 29, box_h: 39, ofs_x: 0, ofs_y: -6 }, // U+F15B
    twine_text::GlyphDsc { bitmap_index: 24630, adv_w: 760, box_w: 48, box_h: 34, ofs_x: 0, ofs_y: -4 }, // U+F1EB
    twine_text::GlyphDsc { bitmap_index: 25019, adv_w: 760, box_w: 48, box_h: 25, ofs_x: 0, ofs_y: 1 }, // U+F240
    twine_text::GlyphDsc { bitmap_index: 25160, adv_w: 760, box_w: 48, box_h: 25, ofs_x: 0, ofs_y: 1 }, // U+F241
    twine_text::GlyphDsc { bitmap_index: 25303, adv_w: 760, box_w: 48, box_h: 25, ofs_x: 0, ofs_y: 1 }, // U+F242
    twine_text::GlyphDsc { bitmap_index: 25447, adv_w: 760, box_w: 48, box_h: 25, ofs_x: 0, ofs_y: 1 }, // U+F243
    twine_text::GlyphDsc { bitmap_index: 25587, adv_w: 760, box_w: 48, box_h: 25, ofs_x: 0, ofs_y: 1 }, // U+F244
    twine_text::GlyphDsc { bitmap_index: 25715, adv_w: 760, box_w: 48, box_h: 30, ofs_x: 0, ofs_y: -2 }, // U+F287
    twine_text::GlyphDsc { bitmap_index: 26012, adv_w: 532, box_w: 29, box_h: 39, ofs_x: 2, ofs_y: -6 }, // U+F293
    twine_text::GlyphDsc { bitmap_index: 26392, adv_w: 532, box_w: 34, box_h: 39, ofs_x: 0, ofs_y: -6 }, // U+F2ED
    twine_text::GlyphDsc { bitmap_index: 26559, adv_w: 608, box_w: 38, box_h: 39, ofs_x: 0, ofs_y: -6 }, // U+F304
    twine_text::GlyphDsc { bitmap_index: 26883, adv_w: 760, box_w: 48, box_h: 29, ofs_x: 0, ofs_y: -1 }, // U+F55A
    twine_text::GlyphDsc { bitmap_index: 27202, adv_w: 456, box_w: 29, box_h: 39, ofs_x: 0, ofs_y: -6 }, // U+F7C2
    twine_text::GlyphDsc { bitmap_index: 27354, adv_w: 608, box_w: 39, box_h: 24, ofs_x: 0, ofs_y: 1 }, // U+F8A2
];

#[rustfmt::skip]
static MONTSERRAT_38_UNICODE_LIST_1: [u16; 4] = [
    0x0000, 0x1f72, 0xef51, 0xef58,
];

#[rustfmt::skip]
static MONTSERRAT_38_UNICODE_LIST_3: [u16; 6] = [
    0x0000, 0x0002, 0x0004, 0x0008, 0x000b, 0x0010,
];

#[rustfmt::skip]
static MONTSERRAT_38_UNICODE_LIST_5: [u16; 3] = [
    0x0000, 0x0005, 0x000a,
];

#[rustfmt::skip]
static MONTSERRAT_38_UNICODE_LIST_8: [u16; 6] = [
    0x0000, 0x0001, 0x0007, 0x0009, 0x000a, 0x000d,
];

#[rustfmt::skip]
static MONTSERRAT_38_UNICODE_LIST_10: [u16; 15] = [
    0x0000, 0x0018, 0x001a, 0x0049, 0x004a, 0x004c, 0x004e, 0x0065, 0x006c, 0x006f, 0x0078, 0x00a1,
    0x00a9, 0x00e0, 0x0170,
];

#[rustfmt::skip]
static MONTSERRAT_38_UNICODE_LIST_12: [u16; 7] = [
    0x0000, 0x000c, 0x0066, 0x007d, 0x02d3, 0x053b, 0x061b,
];

#[rustfmt::skip]
static MONTSERRAT_38_CMAPS: [twine_text::Cmap; 13] = [
    twine_text::Cmap { range_start: 0x20, range_length: 95, glyph_id_start: 1, unicode_list: &[], glyph_id_ofs_list: twine_text::GlyphIdOfs::None, kind: twine_text::CmapKind::Format0Tiny },
    twine_text::Cmap { range_start: 0xb0, range_length: 61273, glyph_id_start: 96, unicode_list: &MONTSERRAT_38_UNICODE_LIST_1, glyph_id_ofs_list: twine_text::GlyphIdOfs::None, kind: twine_text::CmapKind::SparseTiny },
    twine_text::Cmap { range_start: 0xf00b, range_length: 3, glyph_id_start: 100, unicode_list: &[], glyph_id_ofs_list: twine_text::GlyphIdOfs::None, kind: twine_text::CmapKind::Format0Tiny },
    twine_text::Cmap { range_start: 0xf011, range_length: 17, glyph_id_start: 103, unicode_list: &MONTSERRAT_38_UNICODE_LIST_3, glyph_id_ofs_list: twine_text::GlyphIdOfs::None, kind: twine_text::CmapKind::SparseTiny },
    twine_text::Cmap { range_start: 0xf026, range_length: 3, glyph_id_start: 109, unicode_list: &[], glyph_id_ofs_list: twine_text::GlyphIdOfs::None, kind: twine_text::CmapKind::Format0Tiny },
    twine_text::Cmap { range_start: 0xf03e, range_length: 11, glyph_id_start: 112, unicode_list: &MONTSERRAT_38_UNICODE_LIST_5, glyph_id_ofs_list: twine_text::GlyphIdOfs::None, kind: twine_text::CmapKind::SparseTiny },
    twine_text::Cmap { range_start: 0xf04b, range_length: 3, glyph_id_start: 115, unicode_list: &[], glyph_id_ofs_list: twine_text::GlyphIdOfs::None, kind: twine_text::CmapKind::Format0Tiny },
    twine_text::Cmap { range_start: 0xf051, range_length: 4, glyph_id_start: 118, unicode_list: &[], glyph_id_ofs_list: twine_text::GlyphIdOfs::None, kind: twine_text::CmapKind::Format0Tiny },
    twine_text::Cmap { range_start: 0xf067, range_length: 14, glyph_id_start: 122, unicode_list: &MONTSERRAT_38_UNICODE_LIST_8, glyph_id_ofs_list: twine_text::GlyphIdOfs::None, kind: twine_text::CmapKind::SparseTiny },
    twine_text::Cmap { range_start: 0xf077, range_length: 3, glyph_id_start: 128, unicode_list: &[], glyph_id_ofs_list: twine_text::GlyphIdOfs::None, kind: twine_text::CmapKind::Format0Tiny },
    twine_text::Cmap { range_start: 0xf07b, range_length: 369, glyph_id_start: 131, unicode_list: &MONTSERRAT_38_UNICODE_LIST_10, glyph_id_ofs_list: twine_text::GlyphIdOfs::None, kind: twine_text::CmapKind::SparseTiny },
    twine_text::Cmap { range_start: 0xf240, range_length: 5, glyph_id_start: 146, unicode_list: &[], glyph_id_ofs_list: twine_text::GlyphIdOfs::None, kind: twine_text::CmapKind::Format0Tiny },
    twine_text::Cmap { range_start: 0xf287, range_length: 1564, glyph_id_start: 151, unicode_list: &MONTSERRAT_38_UNICODE_LIST_12, glyph_id_ofs_list: twine_text::GlyphIdOfs::None, kind: twine_text::CmapKind::SparseTiny },
];

#[rustfmt::skip]
static MONTSERRAT_38_KERN_PAIRS: [[u8; 2]; 2708] = [
    [2, 11], [2, 18], [2, 24], [2, 43], [2, 53], [2, 55], [2, 56], [2, 58],
    [3, 3], [3, 6], [3, 7], [3, 8], [3, 11], [3, 13], [3, 15], [3, 16],
    [3, 17], [3, 18], [3, 19], [3, 20], [3, 21], [3, 22], [3, 23], [3, 24],
    [3, 25], [3, 26], [3, 27], [3, 28], [3, 32], [3, 33], [3, 34], [3, 36],
    [3, 40], [3, 48], [3, 50], [3, 53], [3, 61], [3, 62], [3, 64], [3, 68],
    [3, 69], [3, 70], [3, 72], [3, 80], [3, 82], [3, 94], [3, 96], [5, 3],
    [5, 8], [5, 11], [5, 12], [5, 13], [5, 14], [5, 15], [5, 18], [5, 20],
    [5, 21], [5, 24], [5, 26], [5, 27], [5, 28], [5, 32], [5, 53], [5, 57],
    [5, 58], [5, 61], [5, 64], [5, 87], [5, 88], [5, 89], [5, 95], [5, 96],
    [5, 97], [6, 3], [6, 6], [6, 8], [6, 10], [6, 11], [6, 12], [6, 13],
    [6, 14], [6, 15], [6, 18], [6, 19], [6, 20], [6, 21], [6, 22], [6, 24],
    [6, 25], [6, 32], [6, 61], [6, 66], [6, 68], [6, 69], [6, 70], [6, 72],
    [6, 80], [6, 82], [6, 95], [6, 96], [6, 97], [7, 2], [7, 3], [7, 6],
    [7, 7], [7, 8], [7, 11], [7, 13], [7, 15], [7, 16], [7, 18], [7, 19],
    [7, 24], [7, 27], [7, 28], [7, 32], [7, 34], [7, 43], [7, 53], [7, 55],
    [7, 56], [7, 58], [7, 59], [7, 61], [7, 62], [7, 64], [7, 66], [7, 85],
    [7, 87], [7, 88], [7, 94], [7, 96], [8, 3], [8, 6], [8, 7], [8, 8],
    [8, 11], [8, 13], [8, 15], [8, 16], [8, 17], [8, 18], [8, 19], [8, 20],
    [8, 21], [8, 22], [8, 23], [8, 24], [8, 25], [8, 26], [8, 27], [8, 28],
    [8, 32], [8, 33], [8, 34], [8, 36], [8, 40], [8, 48], [8, 50], [8, 53],
    [8, 61], [8, 62], [8, 64], [8, 68], [8, 69], [8, 70], [8, 72], [8, 80],
    [8, 82], [8, 94], [8, 96], [9, 16], [9, 18], [9, 21], [9, 53], [9, 61],
    [9, 62], [9, 75], [9, 94], [10, 53], [11, 2], [11, 3], [11, 5], [11, 6],
    [11, 7], [11, 8], [11, 11], [11, 12], [11, 13], [11, 14], [11, 15], [11, 16],
    [11, 17], [11, 18], [11, 19], [11, 20], [11, 21], [11, 23], [11, 24], [11, 26],
    [11, 32], [11, 34], [11, 43], [11, 52], [11, 53], [11, 55], [11, 56], [11, 57],
    [11, 58], [11, 59], [11, 64], [11, 67], [11, 68], [11, 69], [11, 70], [11, 72],
    [11, 73], [11, 74], [11, 76], [11, 77], [11, 80], [11, 82], [11, 85], [11, 87],
    [11, 88], [11, 89], [11, 91], [11, 95], [11, 96], [11, 97], [12, 5], [12, 6],
    [12, 11], [12, 13], [12, 15], [12, 17], [12, 18], [12, 19], [12, 20], [12, 21],
    [12, 23], [12, 24], [12, 32], [12, 33], [12, 34], [12, 36], [12, 40], [12, 43],
    [12, 48], [12, 50], [12, 52], [12, 53], [12, 55], [12, 56], [12, 57], [12, 58],
    [12, 61], [12, 68], [12, 69], [12, 70], [12, 72], [12, 80], [12, 82], [12, 85],
    [12, 87], [12, 88], [12, 89], [12, 91], [13, 3], [13, 5], [13, 6], [13, 8],
    [13, 11], [13, 12], [13, 14], [13, 16], [13, 17], [13, 18], [13, 19], [13, 20],
    [13, 21], [13, 23], [13, 24], [13, 25], [13, 32], [13, 33], [13, 34], [13, 36],
    [13, 40], [13, 43], [13, 48], [13, 50], [13, 52], [13, 53], [13, 54], [13, 55],
    [13, 56], [13, 58], [13, 59], [13, 61], [13, 64], [13, 66], [13, 68], [13, 69],
    [13, 70], [13, 72], [13, 75], [13, 80], [13, 82], [13, 85], [13, 86], [13, 87],
    [13, 88], [13, 95], [13, 96], [13, 97], [14, 5], [14, 6], [14, 11], [14, 13],
    [14, 15], [14, 17], [14, 18], [14, 19], [14, 20], [14, 21], [14, 23], [14, 24],
    [14, 32], [14, 33], [14, 34], [14, 36], [14, 40], [14, 43], [14, 48], [14, 50],
    [14, 52], [14, 53], [14, 55], [14, 56], [14, 57], [14, 58], [14, 61], [14, 68],
    [14, 69], [14, 70], [14, 72], [14, 80], [14, 82], [14, 85], [14, 87], [14, 88],
    [14, 89], [14, 91], [15, 3], [15, 5], [15, 6], [15, 8], [15, 11], [15, 12],
    [15, 14], [15, 16], [15, 17], [15, 18], [15, 19], [15, 20], [15, 21], [15, 23],
    [15, 24], [15, 25], [15, 32], [15, 33], [15, 34], [15, 36], [15, 40], [15, 43],
    [15, 48], [15, 50], [15, 52], [15, 53], [15, 54], [15, 55], [15, 56], [15, 58],
    [15, 59], [15, 61], [15, 64], [15, 66], [15, 68], [15, 69], [15, 70], [15, 72],
    [15, 75], [15, 80], [15, 82], [15, 85], [15, 86], [15, 87], [15, 88], [15, 95],
    [15, 96], [15, 97], [16, 3], [16, 5], [16, 7], [16, 8], [16, 10], [16, 12],
    [16, 13], [16, 14], [16, 15], [16, 16], [16, 17], [16, 18], [16, 21], [16, 23],
    [16, 24], [16, 25], [16, 27], [16, 28], [16, 33], [16, 34], [16, 36], [16, 40],
    [16, 43], [16, 48], [16, 50], [16, 52], [16, 53], [16, 55], [16, 56], [16, 58],
    [16, 61], [16, 62], [16, 64], [16, 66], [16, 67], [16, 68], [16, 69], [16, 70],
    [16, 72], [16, 73], [16, 74], [16, 76], [16, 77], [16, 78], [16, 79], [16, 80],
    [16, 81], [16, 82], [16, 83], [16, 84], [16, 85], [16, 86], [16, 87], [16, 88],
    [16, 89], [16, 91], [16, 94], [16, 95], [16, 96], [16, 97], [17, 3], [17, 8],
    [17, 11], [17, 12], [17, 13], [17, 14], [17, 15], [17, 16], [17, 20], [17, 24],
    [17, 32], [17, 34], [17, 43], [17, 53], [17, 55], [17, 56], [17, 57], [17, 58],
    [17, 59], [17, 61], [17, 64], [17, 75], [17, 85], [17, 87], [17, 88], [17, 89],
    [17, 95], [17, 96], [17, 97], [19, 6], [19, 7], [19, 12], [19, 13], [19, 14],
    [19, 15], [19, 16], [19, 17], [19, 21], [19, 23], [19, 24], [19, 43], [19, 53],
    [19, 55], [19, 56], [19, 58], [19, 61], [19, 64], [19, 68], [19, 69], [19, 70],
    [19, 72], [19, 80], [19, 82], [19, 86], [19, 87], [19, 88], [19, 89], [19, 91],
    [19, 95], [19, 97], [20, 3], [20, 6], [20, 8], [20, 19], [20, 20], [20, 22],
    [20, 24], [20, 34], [20, 53], [20, 55], [20, 56], [20, 57], [20, 58], [20, 75],
    [20, 87], [20, 88], [20, 89], [20, 96], [21, 3], [21, 5], [21, 6], [21, 7],
    [21, 8], [21, 11], [21, 12], [21, 13], [21, 14], [21, 15], [21, 16], [21, 18],
    [21, 19], [21, 20], [21, 22], [21, 24], [21, 25], [21, 26], [21, 27], [21, 28],
    [21, 32], [21, 33], [21, 36], [21, 40], [21, 48], [21, 50], [21, 52], [21, 53],
    [21, 55], [21, 56], [21, 57], [21, 58], [21, 59], [21, 61], [21, 64], [21, 66],
    [21, 68], [21, 69], [21, 70], [21, 72], [21, 80], [21, 82], [21, 87], [21, 88],
    [21, 89], [21, 95], [21, 96], [21, 97], [22, 6], [22, 11], [22, 19], [22, 20],
    [22, 22], [22, 24], [22, 43], [22, 53], [22, 55], [22, 56], [22, 57], [22, 58],
    [22, 61], [22, 87], [22, 88], [22, 89], [22, 96], [23, 3], [23, 6], [23, 7],
    [23, 8], [23, 11], [23, 12], [23, 13], [23, 14], [23, 15], [23, 16], [23, 24],
    [23, 34], [23, 53], [23, 55], [23, 56], [23, 57], [23, 58], [23, 68], [23, 69],
    [23, 70], [23, 72], [23, 75], [23, 80], [23, 82], [23, 87], [23, 88], [23, 89],
    [23, 95], [23, 96], [23, 97], [24, 3], [24, 5], [24, 7], [24, 8], [24, 11],
    [24, 12], [24, 13], [24, 14], [24, 15], [24, 16], [24, 17], [24, 18], [24, 20],
    [24, 21], [24, 22], [24, 23], [24, 25], [24, 27], [24, 28], [24, 32], [24, 33],
    [24, 34], [24, 36], [24, 40], [24, 43], [24, 48], [24, 50], [24, 52], [24, 55],
    [24, 56], [24, 57], [24, 58], [24, 59], [24, 61], [24, 62], [24, 64], [24, 66],
    [24, 68], [24, 69], [24, 70], [24, 72], [24, 75], [24, 78], [24, 79], [24, 80],
    [24, 81], [24, 82], [24, 83], [24, 84], [24, 85], [24, 86], [24, 87], [24, 88],
    [24, 89], [24, 91], [24, 94], [24, 95], [24, 96], [24, 97], [25, 3], [25, 6],
    [25, 8], [25, 11], [25, 13], [25, 15], [25, 32], [25, 34], [25, 43], [25, 53],
    [25, 55], [25, 56], [25, 57], [25, 58], [25, 59], [25, 61], [25, 75], [25, 87],
    [25, 88], [25, 89], [26, 3], [26, 8], [26, 11], [26, 12], [26, 13], [26, 14],
    [26, 15], [26, 16], [26, 20], [26, 24], [26, 32], [26, 34], [26, 43], [26, 53],
    [26, 55], [26, 56], [26, 57], [26, 58], [26, 59], [26, 61], [26, 64], [26, 75],
    [26, 85], [26, 87], [26, 88], [26, 89], [26, 95], [26, 96], [26, 97], [27, 3],
    [27, 8], [27, 16], [27, 24], [27, 32], [27, 34], [27, 43], [27, 53], [27, 55],
    [27, 56], [27, 57], [27, 58], [27, 61], [27, 64], [27, 85], [27, 87], [27, 88],
    [27, 89], [28, 3], [28, 8], [28, 16], [28, 24], [28, 32], [28, 34], [28, 43],
    [28, 53], [28, 55], [28, 56], [28, 57], [28, 58], [28, 61], [28, 64], [28, 85],
    [28, 87], [28, 88], [28, 89], [32, 2], [32, 7], [32, 11], [32, 13], [32, 15],
    [32, 16], [32, 20], [32, 21], [32, 25], [32, 26], [32, 32], [32, 34], [32, 43],
    [32, 55], [32, 56], [32, 57], [32, 58], [32, 59], [32, 60], [32, 64], [32, 68],
    [32, 69], [32, 70], [32, 72], [32, 80], [32, 82], [32, 87], [32, 88], [32, 90],
    [32, 96], [33, 3], [33, 8], [33, 10], [33, 12], [33, 13], [33, 14], [33, 15],
    [33, 16], [33, 18], [33, 19], [33, 20], [33, 32], [33, 34], [33, 43], [33, 53],
    [33, 55], [33, 56], [33, 57], [33, 58], [33, 59], [33, 61], [33, 62], [33, 64],
    [33, 85], [33, 89], [33, 94], [33, 95], [33, 96], [33, 97], [34, 3], [34, 8],
    [34, 11], [34, 12], [34, 13], [34, 14], [34, 15], [34, 16], [34, 17], [34, 18],
    [34, 20], [34, 21], [34, 23], [34, 24], [34, 25], [34, 26], [34, 27], [34, 28],
    [34, 32], [34, 33], [34, 34], [34, 36], [34, 40], [34, 43], [34, 48], [34, 50],
    [34, 53], [34, 54], [34, 55], [34, 56], [34, 57], [34, 58], [34, 61], [34, 64],
    [34, 68], [34, 69], [34, 70], [34, 72], [34, 80], [34, 82], [34, 84], [34, 85],
    [34, 86], [34, 87], [34, 88], [34, 89], [34, 90], [34, 95], [34, 96], [34, 97],
    [35, 32], [35, 34], [35, 43], [35, 53], [35, 55], [35, 56], [35, 57], [35, 58],
    [35, 59], [35, 61], [35, 64], [36, 5], [36, 7], [36, 11], [36, 13], [36, 15],
    [36, 17], [36, 18], [36, 19], [36, 20], [36, 21], [36, 22], [36, 23], [36, 25],
    [36, 26], [36, 27], [36, 28], [36, 33], [36, 34], [36, 36], [36, 40], [36, 48],
    [36, 50], [36, 52], [36, 53], [36, 55], [36, 56], [36, 57], [36, 58], [36, 61],
    [36, 64], [36, 66], [36, 68], [36, 69], [36, 70], [36, 72], [36, 80], [36, 82],
    [36, 84], [36, 86], [36, 89], [36, 91], [36, 96], [37, 3], [37, 8], [37, 10],
    [37, 12], [37, 13], [37, 14], [37, 15], [37, 16], [37, 18], [37, 19], [37, 20],
    [37, 32], [37, 34], [37, 43], [37, 53], [37, 55], [37, 56], [37, 57], [37, 58],
    [37, 59], [37, 61], [37, 62], [37, 64], [37, 85], [37, 89], [37, 94], [37, 95],
    [37, 96], [37, 97], [38, 12], [38, 13], [38, 14], [38, 15], [38, 17], [38, 19],
    [38, 20], [38, 21], [38, 22], [38, 23], [38, 24], [38, 25], [38, 26], [38, 27],
    [38, 28], [38, 32], [38, 33], [38, 36], [38, 40], [38, 48], [38, 50], [38, 55],
    [38, 56], [38, 57], [38, 58], [38, 64], [38, 66], [38, 68], [38, 69], [38, 70],
    [38, 72], [38, 80], [38, 82], [38, 84], [38, 85], [38, 86], [38, 87], [38, 88],
    [38, 89], [38, 91], [38, 95], [38, 97], [39, 2], [39, 3], [39, 5], [39, 7],
    [39, 8], [39, 10], [39, 11], [39, 13], [39, 15], [39, 16], [39, 17], [39, 18],
    [39, 19], [39, 21], [39, 22], [39, 23], [39, 24], [39, 25], [39, 26], [39, 32],
    [39, 33], [39, 34], [39, 36], [39, 40], [39, 43], [39, 48], [39, 50], [39, 52],
    [39, 53], [39, 57], [39, 61], [39, 62], [39, 64], [39, 66], [39, 68], [39, 69],
    [39, 70], [39, 72], [39, 75], [39, 78], [39, 79], [39, 80], [39, 81], [39, 82],
    [39, 83], [39, 84], [39, 86], [39, 87], [39, 88], [39, 89], [39, 91], [39, 94],
    [39, 96], [40, 13], [40, 15], [40, 61], [41, 55], [41, 56], [41, 57], [41, 58],
    [41, 75], [42, 55], [42, 56], [42, 57], [42, 58], [42, 75], [43, 13], [43, 15],
    [43, 16], [43, 34], [43, 53], [43, 57], [43, 58], [43, 64], [43, 75], [43, 89],
    [44, 5], [44, 7], [44, 12], [44, 14], [44, 16], [44, 17], [44, 18], [44, 20],
    [44, 21], [44, 23], [44, 25], [44, 26], [44, 32], [44, 33], [44, 34], [44, 36],
    [44, 40], [44, 48], [44, 50], [44, 52], [44, 53], [44, 54], [44, 55], [44, 56],
    [44, 57], [44, 58], [44, 60], [44, 62], [44, 64], [44, 66], [44, 68], [44, 69],
    [44, 70], [44, 72], [44, 75], [44, 78], [44, 79], [44, 80], [44, 81], [44, 82],
    [44, 83], [44, 84], [44, 85], [44, 86], [44, 87], [44, 88], [44, 89], [44, 91],
    [44, 94], [44, 95], [44, 96], [44, 97], [45, 5], [45, 11], [45, 12], [45, 13],
    [45, 14], [45, 15], [45, 16], [45, 17], [45, 18], [45, 21], [45, 23], [45, 24],
    [45, 25], [45, 26], [45, 27], [45, 28], [45, 32], [45, 33], [45, 36], [45, 40],
    [45, 43], [45, 48], [45, 50], [45, 52], [45, 53], [45, 54], [45, 55], [45, 56],
    [45, 57], [45, 58], [45, 61], [45, 64], [45, 68], [45, 69], [45, 70], [45, 72],
    [45, 80], [45, 82], [45, 85], [45, 86], [45, 87], [45, 88], [45, 89], [45, 95],
    [45, 96], [45, 97], [46, 55], [46, 56], [46, 57], [46, 58], [46, 75], [47, 55],
    [47, 56], [47, 57], [47, 58], [47, 75], [48, 3], [48, 8], [48, 10], [48, 12],
    [48, 13], [48, 14], [48, 15], [48, 16], [48, 18], [48, 19], [48, 20], [48, 32],
    [48, 34], [48, 43], [48, 53], [48, 55], [48, 56], [48, 57], [48, 58], [48, 59],
    [48, 61], [48, 62], [48, 64], [48, 85], [48, 89], [48, 94], [48, 95], [48, 96],
    [48, 97], [49, 7], [49, 10], [49, 13], [49, 15], [49, 16], [49, 19], [49, 20],
    [49, 21], [49, 22], [49, 25], [49, 34], [49, 35], [49, 37], [49, 38], [49, 39],
    [49, 41], [49, 42], [49, 43], [49, 44], [49, 45], [49, 46], [49, 47], [49, 49],
    [49, 51], [49, 53], [49, 54], [49, 55], [49, 56], [49, 57], [49, 58], [49, 59],
    [49, 61], [49, 62], [49, 64], [49, 66], [49, 68], [49, 69], [49, 70], [49, 72],
    [49, 75], [49, 78], [49, 79], [49, 80], [49, 81], [49, 82], [49, 83], [49, 85],
    [49, 87], [49, 88], [49, 89], [49, 94], [49, 96], [50, 3], [50, 8], [50, 10],
    [50, 12], [50, 13], [50, 14], [50, 15], [50, 16], [50, 18], [50, 19], [50, 20],
    [50, 32], [50, 34], [50, 43], [50, 53], [50, 55], [50, 56], [50, 57], [50, 58],
    [50, 59], [50, 61], [50, 62], [50, 64], [50, 85], [50, 89], [50, 94], [50, 95],
    [50, 96], [50, 97], [51, 20], [51, 21], [51, 32], [51, 43], [51, 53], [51, 57],
    [51, 58], [51, 61], [51, 64], [51, 66], [51, 85], [51, 96], [52, 3], [52, 8],
    [52, 11], [52, 12], [52, 13], [52, 14], [52, 15], [52, 18], [52, 20], [52, 21],
    [52, 24], [52, 26], [52, 27], [52, 28], [52, 32], [52, 53], [52, 57], [52, 58],
    [52, 61], [52, 64], [52, 87], [52, 88], [52, 89], [52, 95], [52, 96], [52, 97],
    [53, 2], [53, 3], [53, 5], [53, 7], [53, 8], [53, 9], [53, 11], [53, 12],
    [53, 13], [53, 14], [53, 15], [53, 16], [53, 17], [53, 18], [53, 19], [53, 20],
    [53, 21], [53, 22], [53, 23], [53, 24], [53, 25], [53, 27], [53, 28], [53, 32],
    [53, 33], [53, 34], [53, 36], [53, 40], [53, 43], [53, 48], [53, 50], [53, 52],
    [53, 53], [53, 54], [53, 55], [53, 56], [53, 57], [53, 58], [53, 61], [53, 62],
    [53, 66], [53, 68], [53, 69], [53, 70], [53, 72], [53, 75], [53, 78], [53, 79],
    [53, 80], [53, 81], [53, 82], [53, 83], [53, 84], [53, 86], [53, 87], [53, 88],
    [53, 89], [53, 91], [53, 94], [53, 95], [53, 96], [53, 97], [54, 13], [54, 15],
    [54, 16], [54, 34], [54, 53], [54, 57], [54, 58], [54, 64], [54, 75], [54, 89],
    [55, 2], [55, 5], [55, 7], [55, 10], [55, 11], [55, 12], [55, 13], [55, 14],
    [55, 15], [55, 16], [55, 17], [55, 18], [55, 21], [55, 22], [55, 23], [55, 24],
    [55, 25], [55, 26], [55, 27], [55, 28], [55, 33], [55, 34], [55, 35], [55, 36],
    [55, 37], [55, 38], [55, 39], [55, 40], [55, 41], [55, 42], [55, 43], [55, 44],
    [55, 45], [55, 46], [55, 47], [55, 48], [55, 49], [55, 50], [55, 51], [55, 52],
    [55, 53], [55, 57], [55, 58], [55, 59], [55, 61], [55, 62], [55, 64], [55, 66],
    [55, 67], [55, 68], [55, 69], [55, 70], [55, 72], [55, 73], [55, 74], [55, 75],
    [55, 76], [55, 77], [55, 78], [55, 79], [55, 80], [55, 81], [55, 82], [55, 83],
    [55, 84], [55, 86], [55, 87], [55, 88], [55, 89], [55, 91], [55, 94], [55, 95],
    [55, 96], [55, 97], [56, 2], [56, 5], [56, 7], [56, 10], [56, 11], [56, 12],
    [56, 13], [56, 14], [56, 15], [56, 16], [56, 17], [56, 18], [56, 21], [56, 22],
    [56, 23], [56, 24], [56, 25], [56, 26], [56, 27], [56, 28], [56, 33], [56, 34],
    [56, 35], [56, 36], [56, 37], [56, 38], [56, 39], [56, 40], [56, 41], [56, 42],
    [56, 43], [56, 44], [56, 45], [56, 46], [56, 47], [56, 48], [56, 49], [56, 50],
    [56, 51], [56, 52], [56, 53], [56, 57], [56, 58], [56, 59], [56, 61], [56, 62],
    [56, 64], [56, 66], [56, 67], [56, 68], [56, 69], [56, 70], [56, 72], [56, 73],
    [56, 74], [56, 75], [56, 76], [56, 77], [56, 78], [56, 79], [56, 80], [56, 81],
    [56, 82], [56, 83], [56, 84], [56, 86], [56, 87], [56, 88], [56, 89], [56, 91],
    [56, 94], [56, 95], [56, 96], [56, 97], [57, 5], [57, 7], [57, 9], [57, 11],
    [57, 12], [57, 14], [57, 16], [57, 17], [57, 18], [57, 21], [57, 23], [57, 24],
    [57, 25], [57, 26], [57, 27], [57, 28], [57, 32], [57, 33], [57, 34], [57, 35],
    [57, 36], [57, 37], [57, 38], [57, 39], [57, 40], [57, 41], [57, 42], [57, 44],
    [57, 45], [57, 46], [57, 47], [57, 48], [57, 49], [57, 50], [57, 51], [57, 52],
    [57, 53], [57, 54], [57, 55], [57, 56], [57, 57], [57, 58], [57, 59], [57, 64],
    [57, 66], [57, 68], [57, 69], [57, 70], [57, 72], [57, 78], [57, 79], [57, 80],
    [57, 81], [57, 82], [57, 83], [57, 84], [57, 85], [57, 86], [57, 87], [57, 88],
    [57, 89], [57, 91], [57, 95], [57, 96], [57, 97], [58, 2], [58, 5], [58, 7],
    [58, 9], [58, 10], [58, 11], [58, 12], [58, 13], [58, 14], [58, 15], [58, 16],
    [58, 17], [58, 18], [58, 19], [58, 20], [58, 21], [58, 22], [58, 23], [58, 24],
    [58, 25], [58, 26], [58, 27], [58, 28], [58, 33], [58, 34], [58, 35], [58, 36],
    [58, 37], [58, 38], [58, 39], [58, 40], [58, 41], [58, 42], [58, 43], [58, 44],
    [58, 45], [58, 46], [58, 47], [58, 48], [58, 49], [58, 50], [58, 51], [58, 52],
    [58, 53], [58, 54], [58, 55], [58, 56], [58, 57], [58, 58], [58, 61], [58, 62],
    [58, 64], [58, 66], [58, 67], [58, 68], [58, 69], [58, 70], [58, 72], [58, 73],
    [58, 74], [58, 75], [58, 76], [58, 77], [58, 78], [58, 79], [58, 80], [58, 81],
    [58, 82], [58, 83], [58, 84], [58, 85], [58, 86], [58, 87], [58, 88], [58, 89],
    [58, 91], [58, 94], [58, 95], [58, 96], [58, 97], [59, 7], [59, 11], [59, 12],
    [59, 13], [59, 14], [59, 15], [59, 16], [59, 17], [59, 18], [59, 21], [59, 22],
    [59, 23], [59, 25], [59, 33], [59, 36], [59, 40], [59, 48], [59, 50], [59, 57],
    [59, 62], [59, 64], [59, 68], [59, 69], [59, 70], [59, 72], [59, 80], [59, 82],
    [59, 85], [59, 86], [59, 87], [59, 88], [59, 94], [59, 95], [59, 97], [60, 3],
    [60, 8], [60, 10], [60, 12], [60, 14], [60, 16], [60, 18], [60, 21], [60, 24],
    [60, 32], [60, 53], [60, 55], [60, 56], [60, 58], [60, 61], [60, 64], [60, 66],
    [60, 75], [60, 95], [60, 97], [61, 3], [61, 6], [61, 7], [61, 8], [61, 10],
    [61, 11], [61, 13], [61, 15], [61, 16], [61, 17], [61, 18], [61, 19], [61, 20],
    [61, 21], [61, 23], [61, 24], [61, 27], [61, 28], [61, 32], [61, 33], [61, 34],
    [61, 36], [61, 40], [61, 43], [61, 48], [61, 50], [61, 53], [61, 54], [61, 55],
    [61, 56], [61, 57], [61, 58], [61, 61], [61, 62], [61, 64], [61, 75], [61, 87],
    [61, 88], [61, 94], [61, 96], [62, 53], [62, 57], [62, 58], [64, 3], [64, 5],
    [64, 6], [64, 8], [64, 11], [64, 13], [64, 15], [64, 16], [64, 17], [64, 18],
    [64, 19], [64, 20], [64, 21], [64, 22], [64, 23], [64, 26], [64, 27], [64, 28],
    [64, 32], [64, 33], [64, 34], [64, 35], [64, 36], [64, 37], [64, 38], [64, 39],
    [64, 40], [64, 41], [64, 42], [64, 43], [64, 44], [64, 45], [64, 46], [64, 47],
    [64, 48], [64, 49], [64, 50], [64, 51], [64, 52], [64, 54], [64, 55], [64, 56],
    [64, 57], [64, 58], [64, 59], [64, 61], [64, 62], [64, 66], [64, 68], [64, 69],
    [64, 70], [64, 72], [64, 75], [64, 80], [64, 82], [64, 84], [64, 85], [64, 86],
    [64, 87], [64, 88], [64, 89], [64, 90], [64, 91], [64, 94], [66, 6], [66, 11],
    [66, 18], [66, 19], [66, 24], [66, 26], [66, 32], [66, 61], [66, 87], [66, 88],
    [66, 90], [66, 96], [67, 3], [67, 6], [67, 8], [67, 11], [67, 12], [67, 13],
    [67, 14], [67, 15], [67, 18], [67, 19], [67, 20], [67, 24], [67, 26], [67, 32],
    [67, 34], [67, 53], [67, 55], [67, 56], [67, 57], [67, 58], [67, 61], [67, 64],
    [67, 66], [67, 75], [67, 87], [67, 88], [67, 89], [67, 90], [67, 91], [67, 95],
    [67, 96], [67, 97], [68, 7], [68, 10], [68, 11], [68, 12], [68, 13], [68, 14],
    [68, 15], [68, 17], [68, 18], [68, 19], [68, 20], [68, 21], [68, 23], [68, 24],
    [68, 25], [68, 26], [68, 27], [68, 28], [68, 32], [68, 53], [68, 54], [68, 55],
    [68, 56], [68, 58], [68, 60], [68, 61], [68, 62], [68, 67], [68, 68], [68, 69],
    [68, 70], [68, 72], [68, 73], [68, 74], [68, 76], [68, 77], [68, 80], [68, 82],
    [68, 85], [68, 87], [68, 88], [68, 89], [68, 90], [68, 91], [68, 94], [68, 95],
    [68, 96], [68, 97], [69, 11], [69, 85], [69, 90], [70, 3], [70, 6], [70, 8],
    [70, 11], [70, 12], [70, 14], [70, 18], [70, 19], [70, 20], [70, 24], [70, 26],
    [70, 32], [70, 53], [70, 55], [70, 56], [70, 57], [70, 58], [70, 61], [70, 64],
    [70, 66], [70, 75], [70, 87], [70, 88], [70, 89], [70, 90], [70, 91], [70, 95],
    [70, 96], [70, 97], [71, 6], [71, 7], [71, 10], [71, 11], [71, 12], [71, 13],
    [71, 14], [71, 15], [71, 16], [71, 17], [71, 18], [71, 19], [71, 20], [71, 21],
    [71, 22], [71, 23], [71, 24], [71, 25], [71, 26], [71, 27], [71, 28], [71, 32],
    [71, 34], [71, 61], [71, 62], [71, 64], [71, 66], [71, 68], [71, 69], [71, 70],
    [71, 71], [71, 72], [71, 80], [71, 82], [71, 87], [71, 88], [71, 90], [71, 94],
    [71, 95], [71, 96], [71, 97], [72, 5], [72, 18], [72, 32], [72, 52], [72, 53],
    [72, 54], [72, 55], [72, 56], [72, 57], [72, 58], [72, 61], [72, 90], [73, 6],
    [73, 11], [73, 18], [73, 19], [73, 24], [73, 26], [73, 32], [73, 61], [73, 87],
    [73, 88], [73, 90], [73, 96], [74, 11], [74, 61], [74, 85], [74, 90], [75, 5],
    [75, 18], [75, 32], [75, 52], [75, 53], [75, 54], [75, 55], [75, 56], [75, 57],
    [75, 58], [75, 61], [75, 90], [76, 7], [76, 12], [76, 13], [76, 14], [76, 15],
    [76, 17], [76, 18], [76, 19], [76, 20], [76, 21], [76, 23], [76, 24], [76, 25],
    [76, 26], [76, 32], [76, 34], [76, 53], [76, 55], [76, 56], [76, 57], [76, 58],
    [76, 60], [76, 61], [76, 64], [76, 66], [76, 68], [76, 69], [76, 70], [76, 72],
    [76, 75], [76, 78], [76, 79], [76, 80], [76, 81], [76, 82], [76, 83], [76, 84],
    [76, 86], [76, 87], [76, 88], [76, 89], [76, 90], [76, 91], [76, 95], [76, 97],
    [77, 11], [77, 85], [77, 90], [78, 6], [78, 11], [78, 18], [78, 19], [78, 24],
    [78, 26], [78, 32], [78, 61], [78, 87], [78, 88], [78, 90], [78, 96], [79, 6],
    [79, 11], [79, 18], [79, 19], [79, 24], [79, 26], [79, 32], [79, 61], [79, 87],
    [79, 88], [79, 90], [79, 96], [80, 3], [80, 6], [80, 8], [80, 11], [80, 12],
    [80, 13], [80, 14], [80, 15], [80, 18], [80, 19], [80, 20], [80, 24], [80, 26],
    [80, 32], [80, 34], [80, 53], [80, 55], [80, 56], [80, 57], [80, 58], [80, 61],
    [80, 64], [80, 66], [80, 75], [80, 87], [80, 88], [80, 89], [80, 90], [80, 91],
    [80, 95], [80, 96], [80, 97], [81, 3], [81, 6], [81, 8], [81, 11], [81, 12],
    [81, 13], [81, 14], [81, 15], [81, 18], [81, 19], [81, 20], [81, 24], [81, 26],
    [81, 32], [81, 34], [81, 53], [81, 55], [81, 56], [81, 57], [81, 58], [81, 61],
    [81, 64], [81, 66], [81, 75], [81, 87], [81, 88], [81, 89], [81, 90], [81, 91],
    [81, 95], [81, 96], [81, 97], [82, 5], [82, 18], [82, 32], [82, 52], [82, 53],
    [82, 54], [82, 55], [82, 56], [82, 57], [82, 58], [82, 61], [82, 75], [82, 90],
    [83, 5], [83, 7], [83, 9], [83, 10], [83, 11], [83, 12], [83, 13], [83, 14],
    [83, 15], [83, 16], [83, 18], [83, 20], [83, 21], [83, 24], [83, 26], [83, 32],
    [83, 33], [83, 34], [83, 35], [83, 36], [83, 37], [83, 38], [83, 39], [83, 40],
    [83, 41], [83, 42], [83, 44], [83, 45], [83, 46], [83, 47], [83, 48], [83, 49],
    [83, 50], [83, 51], [83, 52], [83, 53], [83, 54], [83, 55], [83, 56], [83, 57],
    [83, 58], [83, 60], [83, 61], [83, 62], [83, 64], [83, 66], [83, 67], [83, 68],
    [83, 69], [83, 70], [83, 72], [83, 73], [83, 74], [83, 76], [83, 77], [83, 78],
    [83, 79], [83, 80], [83, 81], [83, 82], [83, 83], [83, 84], [83, 85], [83, 87],
    [83, 88], [83, 89], [83, 90], [83, 94], [83, 95], [83, 96], [83, 97], [84, 18],
    [84, 19], [84, 20], [84, 24], [84, 26], [84, 32], [84, 61], [84, 87], [84, 88],
    [84, 89], [84, 96], [85, 7], [85, 11], [85, 12], [85, 13], [85, 14], [85, 15],
    [85, 17], [85, 18], [85, 19], [85, 21], [85, 22], [85, 23], [85, 24], [85, 25],
    [85, 26], [85, 32], [85, 34], [85, 61], [85, 64], [85, 66], [85, 68], [85, 69],
    [85, 70], [85, 72], [85, 80], [85, 82], [85, 85], [85, 87], [85, 88], [85, 90],
    [85, 95], [85, 96], [85, 97], [86, 5], [86, 18], [86, 32], [86, 52], [86, 53],
    [86, 54], [86, 55], [86, 56], [86, 57], [86, 58], [86, 61], [86, 90], [87, 5],
    [87, 7], [87, 11], [87, 12], [87, 13], [87, 14], [87, 15], [87, 16], [87, 17],
    [87, 18], [87, 19], [87, 20], [87, 21], [87, 22], [87, 23], [87, 24], [87, 25],
    [87, 26], [87, 27], [87, 28], [87, 32], [87, 33], [87, 34], [87, 36], [87, 40],
    [87, 48], [87, 50], [87, 52], [87, 53], [87, 57], [87, 58], [87, 61], [87, 64],
    [87, 66], [87, 68], [87, 69], [87, 70], [87, 72], [87, 75], [87, 80], [87, 82],
    [87, 84], [87, 85], [87, 87], [87, 88], [87, 89], [87, 90], [87, 91], [87, 95],
    [87, 96], [87, 97], [88, 5], [88, 7], [88, 11], [88, 12], [88, 13], [88, 14],
    [88, 15], [88, 16], [88, 17], [88, 18], [88, 19], [88, 20], [88, 21], [88, 22],
    [88, 23], [88, 24], [88, 25], [88, 26], [88, 27], [88, 28], [88, 32], [88, 33],
    [88, 34], [88, 36], [88, 40], [88, 48], [88, 50], [88, 52], [88, 53], [88, 57],
    [88, 58], [88, 61], [88, 64], [88, 66], [88, 68], [88, 69], [88, 70], [88, 72],
    [88, 75], [88, 80], [88, 82], [88, 84], [88, 85], [88, 87], [88, 88], [88, 89],
    [88, 90], [88, 91], [88, 95], [88, 96], [88, 97], [89, 5], [89, 7], [89, 11],
    [89, 12], [89, 14], [89, 16], [89, 17], [89, 18], [89, 19], [89, 21], [89, 23],
    [89, 24], [89, 27], [89, 28], [89, 32], [89, 33], [89, 36], [89, 40], [89, 48],
    [89, 50], [89, 52], [89, 53], [89, 54], [89, 55], [89, 56], [89, 58], [89, 61],
    [89, 64], [89, 66], [89, 68], [89, 69], [89, 70], [89, 72], [89, 75], [89, 80],
    [89, 82], [89, 84], [89, 86], [89, 87], [89, 88], [89, 90], [89, 91], [89, 95],
    [89, 96], [89, 97], [90, 5], [90, 7], [90, 11], [90, 12], [90, 13], [90, 14],
    [90, 15], [90, 16], [90, 17], [90, 18], [90, 19], [90, 20], [90, 21], [90, 22],
    [90, 23], [90, 24], [90, 25], [90, 26], [90, 27], [90, 28], [90, 32], [90, 33],
    [90, 34], [90, 36], [90, 40], [90, 48], [90, 50], [90, 52], [90, 53], [90, 57],
    [90, 58], [90, 61], [90, 64], [90, 66], [90, 68], [90, 69], [90, 70], [90, 72],
    [90, 75], [90, 80], [90, 82], [90, 84], [90, 85], [90, 87], [90, 88], [90, 89],
    [90, 90], [90, 91], [90, 95], [90, 96], [90, 97], [91, 7], [91, 11], [91, 12],
    [91, 14], [91, 18], [91, 19], [91, 21], [91, 61], [91, 64], [91, 68], [91, 69],
    [91, 70], [91, 72], [91, 80], [91, 82], [91, 87], [91, 88], [91, 89], [91, 90],
    [91, 95], [91, 97], [92, 3], [92, 8], [92, 10], [92, 12], [92, 14], [92, 16],
    [92, 18], [92, 21], [92, 24], [92, 32], [92, 53], [92, 55], [92, 56], [92, 58],
    [92, 61], [92, 64], [92, 66], [92, 75], [92, 95], [92, 97], [95, 5], [95, 6],
    [95, 11], [95, 13], [95, 15], [95, 17], [95, 18], [95, 19], [95, 20], [95, 21],
    [95, 23], [95, 24], [95, 32], [95, 33], [95, 34], [95, 36], [95, 40], [95, 43],
    [95, 48], [95, 50], [95, 52], [95, 53], [95, 55], [95, 56], [95, 57], [95, 58],
    [95, 61], [95, 68], [95, 69], [95, 70], [95, 72], [95, 80], [95, 82], [95, 85],
    [95, 87], [95, 88], [95, 89], [95, 91], [96, 3], [96, 5], [96, 6], [96, 8],
    [96, 11], [96, 13], [96, 15], [96, 16], [96, 17], [96, 18], [96, 19], [96, 20],
    [96, 21], [96, 22], [96, 23], [96, 24], [96, 26], [96, 32], [96, 33], [96, 34],
    [96, 36], [96, 40], [96, 43], [96, 48], [96, 50], [96, 52], [96, 53], [96, 55],
    [96, 56], [96, 57], [96, 58], [96, 61], [96, 68], [96, 69], [96, 70], [96, 72],
    [96, 80], [96, 82], [96, 85], [96, 87], [96, 88], [96, 89], [97, 5], [97, 6],
    [97, 11], [97, 13], [97, 15], [97, 17], [97, 18], [97, 19], [97, 20], [97, 21],
    [97, 23], [97, 24], [97, 32], [97, 33], [97, 34], [97, 36], [97, 40], [97, 43],
    [97, 48], [97, 50], [97, 52], [97, 53], [97, 55], [97, 56], [97, 57], [97, 58],
    [97, 61], [97, 68], [97, 69], [97, 70], [97, 72], [97, 80], [97, 82], [97, 85],
    [97, 87], [97, 88], [97, 89], [97, 91],
];

#[rustfmt::skip]
static MONTSERRAT_38_KERN_VALUES: [i8; 2708] = [
    4, 6, 4, 14, 12, 6, 6, 12, 27, 16, -13, 27, 12, -33, -33, -36,
    4, 29, 13, 10, -24, 4, 4, 30, 1, 26, 6, 6, 19, -10, -26, -10,
    -10, -10, -10, 5, 36, 5, -4, -9, -9, -9, -9, -9, -9, 5, 12, -18,
    -18, -12, 10, 12, 10, 12, -6, -4, 6, -6, -6, -3, -3, -12, -6, -8,
    -9, -6, -12, -6, -6, -6, 10, -9, 10, -16, -74, -16, -12, -30, 12, 18,
    12, 18, -12, 6, 6, 20, 12, -10, 12, -35, -22, 7, 14, 14, 14, 14,
    14, 14, 12, -16, 12, -7, -30, -24, -4, -30, -18, 1, 1, 24, -18, -5,
    -10, -4, -4, -45, 7, 19, -16, -12, -12, -24, 7, -49, -5, 23, 6, 6,
    -8, -8, -5, -25, 27, 16, -13, 27, 12, -33, -33, -36, 4, 29, 13, 10,
    -24, 4, 4, 30, 1, 26, 6, 6, 19, -10, -26, -10, -10, -10, -10, 5,
    36, 5, -4, -9, -9, -9, -9, -9, -9, 5, 12, 20, 6, -12, -7, 23,
    5, 54, 5, -22, 4, 12, 6, 18, -6, 12, 12, -6, -20, -6, -20, -83,
    4, 16, 12, 1, -8, 4, 22, 19, 19, -57, -7, 6, 18, 20, 20, -6,
    12, 6, -6, 12, -10, -10, -10, -10, 12, 12, 12, 12, -10, -10, 18, 26,
    26, 6, 10, -6, 18, -6, -10, -22, -6, -4, -4, 4, -11, -8, -12, 4,
    4, -6, -24, 4, -11, 4, 4, -12, 4, 4, -10, -20, -14, -14, -11, -19,
    -40, 6, 6, 6, 6, 6, 6, 6, -8, -8, -14, -8, -33, 6, -38, -33,
    -20, -4, -4, 60, -7, -8, 6, 6, -5, -7, -8, 6, -32, -12, 20, -12,
    -12, 35, -12, -12, 6, -19, -5, -22, -22, -22, 10, -59, 6, 6, -7, -7,
    -7, -7, 6, -7, -7, -4, -7, -20, -20, -4, -38, -4, -10, -22, -6, -4,
    -4, 4, -11, -8, -12, 4, 4, -6, -24, 4, -11, 4, 4, -12, 4, 4,
    -10, -20, -14, -14, -11, -19, -40, 6, 6, 6, 6, 6, 6, 6, -8, -8,
    -14, -8, -33, 6, -38, -33, -20, -4, -4, 60, -7, -8, 6, 6, -5, -7,
    -8, 6, -32, -12, 20, -12, -12, 35, -12, -12, 6, -19, -5, -22, -22, -22,
    10, -59, 6, 6, -7, -7, -7, -7, 6, -7, -7, -4, -7, -20, -20, -4,
    -38, -4, 36, -12, -22, 36, 20, -41, -59, -41, -59, -41, -12, 18, -41, -12,
    7, -14, -9, -9, -12, -24, -12, -12, -6, -12, -12, -12, 18, 18, 18, 18,
    16, 18, -74, -41, 5, -41, -41, -41, -41, 5, 5, 5, 5, -41, -41, -41,
    -41, -41, -41, -41, -16, -41, -18, -18, -36, -41, 18, -41, 29, -41, 4, 4,
    4, 4, -7, 4, -7, -12, -6, -4, -12, -5, -14, -12, -15, -15, -20, -20,
    -12, -12, -12, -5, 6, 4, 4, -6, 4, 1, 4, 6, -4, -4, 6, -4,
    6, 6, -1, -12, -1, -1, 8, -4, -7, -7, -10, -4, 18, -6, -6, -6,
    -6, -6, -6, -1, 1, 1, -4, -4, -4, -4, -6, -6, -6, -3, -3, -6,
    -7, 1, -4, -6, -6, -6, -6, -4, -4, -4, -8, -9, -18, -4, -18, 12,
    -18, -12, 6, 12, 6, 12, 16, -15, -1, -7, -1, -29, 6, -4, 4, 4,
    -32, 6, 6, 6, 6, 6, -4, -32, -32, -32, -5, -53, -4, -30, 12, 17,
    8, 8, 8, 8, 8, 8, -11, -11, -8, 6, -18, 6, -6, -6, -3, -3,
    -3, -8, -6, -6, -4, -4, -7, -5, -6, -5, -5, -5, -7, -4, -12, 6,
    -4, -7, 3, 6, 3, 6, 6, -4, 4, -6, -6, -6, -4, -7, 5, 5,
    5, 5, -5, 5, 5, -7, -7, -9, 3, -12, 3, 18, -4, -19, 18, 16,
    -30, -32, -30, -32, -26, -12, 6, -5, -40, -11, -12, -11, -12, -12, 9, -11,
    -39, -11, -11, -16, -11, -11, -4, 3, 3, -1, 5, -4, 6, -1, -18, -23,
    -30, -30, -30, -30, -13, -15, -15, -30, -15, -30, -15, -18, -7, -16, -1, -1,
    -12, -16, -1, -30, 4, -30, 1, -6, 1, 4, 6, 6, -6, -3, -1, -6,
    -10, -10, -13, -13, -1, -18, -5, 1, 1, -4, 4, 4, 4, 4, -7, 4,
    -7, -12, -6, -4, -12, -5, -14, -12, -15, -15, -20, -20, -12, -12, -12, -5,
    6, 4, 4, -6, 4, 1, 4, 6, 6, 29, 4, -6, 6, 22, -6, -14,
    -14, -4, -22, -11, 6, 5, 4, 4, -6, 6, 6, 29, 4, -6, 6, 22,
    -6, -14, -14, -4, -22, -11, 6, 5, 4, 4, -6, -4, -12, 7, -30, -30,
    -18, -9, -30, -6, 6, -28, -26, -17, -8, -8, -11, -8, -6, -10, -12, -6,
    -6, -6, -6, -6, -6, 6, 6, -1, 6, -10, -10, 7, 4, -12, 4, -12,
    -12, -6, -6, -7, -18, -6, -9, -6, -13, -13, -15, -18, -5, -12, 5, -18,
    3, -8, 5, 4, 6, 4, -26, -26, -57, -11, 20, -11, 20, 18, -5, -26,
    6, -9, -5, -30, -3, -8, 6, 6, -43, -6, 8, -6, -6, 9, -6, -6,
    -21, -9, -22, -22, -20, -30, -36, 35, -3, -3, -3, -3, -3, -3, -3, -3,
    -6, -16, -16, -20, -15, -11, -57, -11, -13, -1, -1, -10, -26, -26, -6, -33,
    -1, -12, -6, -1, -12, 12, 8, 8, -13, 6, -4, -1, -16, -6, -13, -8,
    -6, -4, -4, -21, -10, -21, -21, -21, -21, -1, -10, -4, -4, -10, -7, -6,
    6, -4, -13, -13, -13, -13, -13, -13, -12, -10, -10, -10, 6, -10, -10, 7,
    4, -12, 4, -12, -12, -6, -6, -7, -18, -6, -9, -6, -13, -13, -15, -18,
    -5, -12, 5, -18, 3, -8, 5, 4, 6, 4, -12, 6, -12, 6, -9, -4,
    -7, -19, -4, -9, -4, -4, -1, -4, -4, -7, -1, -1, -1, -1, -1, -6,
    -6, -4, -5, 7, -4, -4, -4, -4, -4, -4, -4, -4, -7, -4, -5, -5,
    -7, -5, -12, -12, 5, 24, -1, -16, 24, -4, 12, -6, -6, -26, -8, 9,
    -1, -29, -10, -8, 6, -10, 4, -4, -5, -19, -5, -5, -9, -5, -5, -1,
    3, -10, 6, 6, -12, -12, -10, -10, -10, -10, -9, -6, -6, -10, -6, -10,
    -6, -6, -10, 3, 3, -12, -10, 6, 18, 6, 6, -10, -9, -9, -12, -9,
    12, -9, -9, -12, -9, 12, -5, -5, -6, -9, -8, -6, -6, -6, -3, -4,
    -9, -12, -20, -20, 4, -13, 12, -4, -29, -13, -13, -6, -24, -22, -17, -22,
    -22, -22, -22, -9, -19, -6, -24, -24, -23, -29, -16, 5, 41, -8, -14, -14,
    -14, -14, -1, -6, -6, -14, -6, -14, -6, -10, -16, -11, -22, -22, -25, -14,
    5, -20, -6, -20, -4, -43, -5, 18, -5, 18, 13, -13, -22, -19, -13, -30,
    -4, -6, 12, 12, -56, -8, -8, -8, 2, -8, -8, -4, -46, -7, -32, -32,
    -6, -44, -43, 36, -4, -4, -4, -4, -4, -4, -3, -4, -23, -23, -4, -5,
    -40, -5, -9, -9, -12, -9, 12, -9, -9, -12, -9, 12, -10, -10, 7, 4,
    -12, 4, -12, -12, -6, -6, -7, -18, -6, -9, -6, -13, -13, -15, -18, -5,
    -12, 5, -18, 3, -8, 5, 4, 6, 4, -19, -5, -17, -17, -29, -3, -9,
    -18, -6, -4, -27, -6, -6, -6, -6, -6, -6, -20, -6, -6, -6, -6, -6,
    -6, -24, -5, -10, -10, -20, -6, -10, -12, -5, -20, -9, -7, -7, -7, -7,
    -6, -12, -12, -7, -12, -7, -12, 3, -4, -4, -20, -5, 12, -10, -10, 7,
    4, -12, 4, -12, 25, -6, -6, -7, -18, -6, -9, -6, -13, -13, -15, -18,
    -5, -12, 5, 24, 3, -8, 5, 4, 6, 4, -4, -12, -3, -6, -6, -12,
    -6, -12, 10, -3, 3, 9, -18, -18, -12, 10, 12, 10, 12, -6, -4, 6,
    -6, -6, -3, -3, -12, -6, -8, -9, -6, -12, -6, -6, -6, 10, -9, 10,
    12, 5, -5, -19, 5, -10, 18, -20, -19, -20, -19, -12, -12, 24, 11, 6,
    -53, -4, -12, 12, -6, -6, -6, 7, -6, -21, -6, -6, -6, -6, -6, -5,
    6, -8, -5, -5, -18, -5, 18, 12, -17, -33, -33, -33, -33, -10, -8, -8,
    -33, -8, -33, -8, -23, -8, -20, -20, -20, -6, 12, -20, 24, -20, -5, -5,
    -6, -9, -8, -6, -6, -6, -3, -4, 6, -9, -16, 5, 20, -14, -22, -14,
    -22, -24, -15, 18, -44, -5, -15, 6, -10, -4, -14, -14, -13, -22, -9, -13,
    -9, -9, -9, -13, -9, -9, -9, -9, -9, -9, -9, -13, -9, -13, -9, -9,
    -5, -14, -9, -6, 18, 14, -6, -33, -9, -33, -33, -33, -33, -9, -9, -12,
    -9, -9, -21, -21, -33, -21, -33, -21, -35, -19, -10, -10, -20, -17, 14, -14,
    16, -14, 6, -9, -16, 5, 20, -14, -22, -14, -22, -24, -15, 18, -44, -5,
    -15, 6, -10, -4, -14, -14, -13, -22, -9, -13, -9, -9, -9, -13, -9, -9,
    -9, -9, -9, -9, -9, -13, -9, -13, -9, -9, -5, -14, -9, -6, 18, 14,
    -6, -33, -9, -33, -33, -33, -33, -9, -9, -12, -9, -9, -21, -21, -33, -21,
    -33, -21, -35, -19, -10, -10, -20, -17, 14, -14, 16, -14, -8, -12, -5, -6,
    -11, -11, 10, -20, 6, -32, -20, -6, -13, -10, -4, -4, -18, -15, -20, -12,
    -15, -12, -12, -12, -15, -12, -12, -12, -12, -12, -12, -15, -12, -15, -12, -8,
    -18, -6, -14, -14, -12, -18, -6, 29, -10, -18, -18, -18, -18, -6, -6, -18,
    -6, -18, -6, -12, -14, -16, -17, -17, -23, -8, -11, -12, -11, 12, -9, -30,
    -7, 4, 12, -19, -24, -19, -24, -12, -20, 20, -6, 3, -57, -11, -20, 12,
    -13, -10, -22, -22, -18, -30, -9, -18, -9, -9, -9, -18, -9, -9, -6, -9,
    -9, -9, -9, -18, -9, -18, -9, -9, -5, -6, -9, -9, -18, 27, 18, 17,
    -4, -40, -10, -36, -36, -36, -36, -10, -10, -18, -10, -10, -23, -23, -36, -23,
    -36, -23, -41, -12, -21, -26, -26, -30, -20, 17, -19, 12, -19, -7, 6, -7,
    12, -7, 12, 4, -12, 12, -19, -1, -12, -1, -5, -5, -5, -5, -5, -6,
    5, 18, -7, -7, -7, -7, -7, -7, -4, -4, -7, -7, 5, -7, -7, 5,
    5, 5, -5, -5, 23, 11, -8, 12, 5, 12, 14, 14, 17, 18, 17, -5,
    61, -5, -5, -36, -6, 10, -36, 18, -83, 60, 60, 7, -12, -12, 6, 6,
    -4, -12, -30, 29, 29, -36, -12, 18, -12, -12, 18, -12, -12, -12, -6, -24,
    -24, 12, -12, -41, 23, 85, 73, 12, 12, 23, -36, -10, -12, -5, -4, 12,
    -16, -4, -6, 6, 6, 78, -12, -5, 19, 16, -16, 6, -12, 6, 6, 6,
    -8, -18, 35, 18, -18, 18, 18, 18, -18, 18, 18, 50, 18, 18, 18, 18,
    -18, 18, -18, 18, 12, -6, -6, -6, 29, -4, 12, -79, 17, -6, -16, -16,
    -16, -16, 66, -16, -16, 6, -12, -16, -8, -8, 22, 12, 16, 17, -17, -16,
    -13, -3, -13, -7, -30, -41, -6, -6, -10, -12, -9, -16, -9, -10, 6, -7,
    6, -7, -16, -6, -14, -16, -6, -21, -7, -49, -24, -24, -7, -22, -41, -16,
    -3, -2, -9, -9, -10, -9, -5, 6, -10, 6, -13, -13, 8, -7, 12, -7,
    12, -4, -14, -4, -10, -12, -4, -7, -3, -4, 4, 4, -10, -54, -5, -9,
    -9, -13, -4, -29, -5, -4, -5, -5, -5, -5, -4, -4, -4, -4, -5, -5,
    4, -4, -4, -10, -1, -4, -5, -7, 10, -7, 12, -2, -1, -13, -4, -13,
    -12, 6, 6, -16, -6, -12, -17, -6, -22, -59, -12, -12, -22, -30, -41, -4,
    -9, -4, -6, -6, -9, -1, -3, 6, -9, 6, 10, -8, 19, 30, -6, -6,
    -6, -6, -18, 7, 30, 10, 13, -16, 7, 7, 26, 7, 18, 13, 13, 16,
    -12, 38, 29, -11, -6, -5, -5, -5, 1, -5, -5, -5, 6, 6, -2, 29,
    -6, 22, -6, -10, -4, 13, -10, -16, -7, -5, -5, -25, -30, -41, -1, -17,
    -16, -13, -3, -13, -7, -30, -41, -6, -6, -10, -12, 12, -18, -2, -1, -10,
    -4, 13, -10, -16, -7, -5, -5, -25, -30, -24, -1, -5, -14, 6, -14, 6,
    -6, 5, 11, 6, -18, -6, -1, -5, 6, 5, -12, -15, -5, -5, -4, -12,
    -5, -24, 38, -6, -13, -13, -13, -13, -12, -4, -4, -13, -4, -13, -4, -10,
    -6, -17, -17, -12, -15, -7, -14, -14, 12, -2, -1, -17, -16, -13, -3, -13,
    -7, -30, -41, -6, -6, -10, -12, -17, -16, -13, -3, -13, -7, -30, -41, -6,
    -6, -10, -12, -9, -16, -9, -10, 6, -7, 6, -7, -16, -6, -14, -16, -6,
    -21, -7, -49, -24, -24, -7, -22, -41, -16, -3, -2, -9, -9, -10, -9, -5,
    6, -10, 6, -9, -16, -9, -10, 6, -7, 6, -7, -16, -6, -14, -16, -6,
    -21, -7, -49, -24, -24, -7, -22, -41, -16, -3, -2, -9, -9, -10, -9, -5,
    6, -10, 6, -10, -4, 13, -10, -16, -7, -5, -5, -25, -30, -41, 17, -1,
    -10, -19, -7, -5, 18, -5, -6, -5, -6, -24, -2, -4, -16, 13, 5, 4,
    -15, -24, -7, -15, -7, -7, -7, -15, -7, -7, -7, -7, -7, -7, -15, -7,
    -15, -7, -10, -23, -12, -16, -16, -26, -24, -10, -12, -7, -8, -26, -4, -7,
    -7, -7, -7, -4, -4, -4, -4, -4, -4, -7, -4, -7, -4, -1, 9, 9,
    9, -4, -1, -7, -5, 19, -5, -4, -6, -6, -16, -3, -10, -36, -6, -6,
    -6, -8, -5, -10, -6, 6, -6, 6, -10, -12, -4, -18, -4, -10, -13, -4,
    -7, -10, -12, -41, 19, -12, -11, -11, -11, -11, -11, -11, -8, -6, -6, -23,
    -6, -3, -6, -10, -4, 13, -10, -16, -7, -5, -5, -25, -30, -41, -1, -4,
    -14, 26, -8, -20, -8, -20, -19, 4, 7, 7, -1, -17, 4, 4, 9, 4,
    18, 4, 4, 20, -4, -16, -4, -4, -4, -4, -4, -24, -18, -16, -12, -8,
    -13, -9, -9, -9, -9, -13, -9, -9, -4, 1, -5, -5, -12, -5, -6, -8,
    22, -8, -4, -14, 26, -8, -20, -8, -20, -19, 4, 7, 7, -1, -17, 4,
    4, 9, 4, 18, 4, 4, 20, -4, -16, -4, -4, -4, -4, -4, -24, -18,
    -16, -12, -8, -13, -9, -9, -9, -9, -13, -9, -9, -4, 1, -5, -5, -12,
    -5, -6, -8, 22, -8, -5, -12, 6, -14, -14, 6, -6, 5, -1, -20, -6,
    -4, -6, -6, 7, -5, -5, -5, -5, -5, -5, -25, -7, -13, -13, -18, -29,
    22, -6, -10, -10, -10, -10, 4, -10, -10, -6, -6, -12, -12, -17, -6, -14,
    6, -14, -4, -14, 26, -8, -20, -8, -20, -19, 4, 7, 7, -1, -17, 4,
    4, 9, 4, 18, 4, 4, 20, -4, -16, -4, -4, -4, -4, -4, -24, -18,
    -16, -12, -8, -13, -9, -9, -9, -9, -13, -9, -9, -4, 1, -5, -5, -12,
    -5, -6, -8, 22, -8, -4, 6, -8, -8, -7, -4, -7, -38, 13, -5, -5,
    -5, -5, -5, -5, -6, -6, -6, -10, -8, -8, 5, 5, 5, -5, -5, 23,
    11, -8, 12, 5, 12, 14, 14, 17, 18, 17, -5, 61, -5, -5, -10, -22,
    -6, -4, -4, 4, -11, -8, -12, 4, 4, -6, -24, 4, -11, 4, 4, -12,
    4, 4, -10, -20, -14, -14, -11, -19, -40, 6, 6, 6, 6, 6, 6, 6,
    -8, -8, -14, -8, 12, 12, 14, 12, 18, -38, -38, -35, 1, 26, 18, 10,
    -24, 4, 1, 26, 22, 12, 6, -57, 6, 6, -6, 6, 6, 12, 24, 16,
    16, -12, 12, 32, -10, -10, -10, -10, -10, -10, 12, 22, 22, 6, -10, -22,
    -6, -4, -4, 4, -11, -8, -12, 4, 4, -6, -24, 4, -11, 4, 4, -12,
    4, 4, -10, -20, -14, -14, -11, -19, -40, 6, 6, 6, 6, 6, 6, 6,
    -8, -8, -14, -8,
];

static MONTSERRAT_38_DATA: twine_text::BitmapFont = twine_text::BitmapFont {
    bpp: 4,
    bitmap: &MONTSERRAT_38_BITMAP,
    glyphs: &MONTSERRAT_38_GLYPHS,
    cmaps: &MONTSERRAT_38_CMAPS,
    kern: twine_text::Kern::Pairs {
        glyph_ids: twine_text::KernPairIds::U8(&MONTSERRAT_38_KERN_PAIRS),
        values: &MONTSERRAT_38_KERN_VALUES,
    },
    kern_scale: 16,
    format: twine_text::BitmapFormat::Compressed,
};

/// Montserrat-Medium.ttf at 38 px, 4 bpp, 157 glyphs (line height 47 px).
pub static MONTSERRAT_38: twine_text::Font = twine_text::Font {
    line_height: 47,
    base_line: 10,
    underline_position: -4,
    underline_thickness: 2,
    provider: &MONTSERRAT_38_DATA,
    fallback: None,
    subpx: twine_text::Subpx::None,
};
