// Generated by twine-cli 0.1.0: twine font --ttf assets/fonts/SourceHanSansCN-Regular.otf --size 14 --bpp 4 --range 0x20-0x7F --range 0xB0 --range 0x2022 --range 0x3000-0x303F --range 0x3040-0x30FF --range 0xFF01-0xFF5E --chars-file assets/fonts/cjk_common_lvgl.txt --symbols fa --compress --no-kerning --name SOURCE_HAN_SANS_SC_14_CJK --out crates/twine-assets/src/fonts/source_han_sans_sc_14_cjk.rs
// Source: SourceHanSansCN-Regular.otf SHA-256 e2bc8a2e7f37474b774fff8db758681ece40bb6947a90d571bce9dd60671a8e4
// Symbols: fa-solid-900.ttf SHA-256 f9d6933d04c59a42aca30bd88eec38bb9cbeb69b1547fd550ef73eba0bce7a1a
// Symbols: fa-brands-400.ttf SHA-256 e4e76807a21a2ac963e707ddffb3623283618c04345724b26bdc23d0dafdfde6
// 1630 glyphs, line height 22 px, base line 5 px, 4 bpp, compressed bitmaps, 0 kerning pairs.
// Do not edit: regenerate with the command above.

#[rustfmt::skip]
static SOURCE_HAN_SANS_SC_14_CJK_BITMAP: [u8; 114511] = [
    0x37, 0x05, 0xa0, 0x30, 0x08, 0x40, 0x40, 0x39, 0xdc, 0x00, 0x10, 0x3a, 0x04, 0x90, 0xc6, 0x18,
    0xe1, 0x97, 0x0c, 0x42, 0xe0, 0x21, 0x2e, 0x03, 0x11, 0x80, 0x5a, 0x9c, 0x3c, 0x80, 0x00, 0x08,
    0x80, 0x44, 0x01, 0x3b, 0x82, 0x50, 0x02, 0xe2, 0x02, 0x60, 0x14, 0x32, 0x46, 0x60, 0x86, 0xaf,
    0xe9, 0x61, 0x0c, 0x94, 0xc8, 0xa4, 0xc4, 0x80, 0x4d, 0xc4, 0x13, 0xcb, 0x79, 0x74, 0x16, 0x5b,
    0x2e, 0x70, 0x00, 0x5c, 0x02, 0x40, 0x17, 0x18, 0x73, 0x00, 0x00, 0x00, 0x95, 0x00, 0x3b, 0x4c,
    0x02, 0x1b, 0x78, 0xc2, 0x09, 0x7e, 0xfa, 0x10, 0x34, 0x10, 0x63, 0x0c, 0x63, 0x00, 0xce, 0xec,
    0x91, 0x00, 0xa6, 0xd3, 0x08, 0x02, 0x4d, 0x18, 0x00, 0xeb, 0x61, 0xa3, 0x01, 0xb4, 0x1d, 0xd7,
    0x71, 0xe4, 0x1f, 0x9e, 0x2c, 0x40, 0x2f, 0x30, 0x00, 0x01, 0x54, 0x00, 0xc4, 0x80, 0x1b, 0x4b,
    0xa0, 0x02, 0x87, 0x00, 0x91, 0x9e, 0x98, 0x40, 0xc0, 0xc0, 0x22, 0x20, 0x00, 0x88, 0x11, 0x00,
    0x0c, 0x62, 0x00, 0x11, 0x21, 0x14, 0x60, 0x07, 0x40, 0x20, 0x2f, 0xb8, 0x99, 0x80, 0xaf, 0x3a,
    0x54, 0xcc, 0xb7, 0x48, 0x40, 0xd9, 0x84, 0x99, 0x2b, 0x80, 0x1d, 0x80, 0x33, 0x58, 0xb8, 0x80,
    0x7c, 0x34, 0xc0, 0x4c, 0x00, 0x75, 0x00, 0x9a, 0x84, 0x06, 0xb3, 0x14, 0x20, 0x12, 0xb0, 0x04,
    0xfb, 0xa7, 0x00, 0x00, 0x91, 0x84, 0x03, 0xd3, 0xfe, 0xc1, 0x00, 0xc2, 0xd5, 0x20, 0x40, 0x1f,
    0x19, 0x88, 0x03, 0x09, 0xc6, 0xd0, 0x80, 0x73, 0xb6, 0xa0, 0x0c, 0x08, 0x5b, 0xa5, 0x00, 0x1d,
    0x05, 0x55, 0xb4, 0xee, 0x0b, 0x90, 0x22, 0x08, 0xb6, 0x70, 0x54, 0x10, 0xd0, 0x0d, 0x0c, 0x0c,
    0x0e, 0x6b, 0x7c, 0x71, 0x34, 0x81, 0xbb, 0xfa, 0xce, 0x3c, 0x80, 0x97, 0x2e, 0x2e, 0x11, 0x53,
    0x80, 0x00, 0x20, 0x00, 0xe0, 0x01, 0x32, 0x01, 0x44, 0x02, 0x28, 0x86, 0x98, 0x00, 0x78, 0x00,
    0x60, 0x1f, 0x18, 0x80, 0x3f, 0x40, 0x08, 0xe0, 0x02, 0x64, 0x00, 0x77, 0x00, 0x0a, 0x40, 0x13,
    0x00, 0x1f, 0x00, 0x09, 0x18, 0x01, 0xba, 0x00, 0x22, 0x88, 0x00, 0x94, 0x00, 0xc2, 0x00, 0x33,
    0x00, 0x0c, 0x02, 0x13, 0x00, 0x2b, 0x81, 0x98, 0x82, 0xe8, 0x05, 0x58, 0x0e, 0xc4, 0x00, 0x00,
    0x84, 0x03, 0x1d, 0x80, 0x57, 0x2f, 0x4c, 0x12, 0xc5, 0xac, 0x02, 0x28, 0xd0, 0x01, 0x7b, 0xc8,
    0x00, 0x00, 0x9d, 0x00, 0x3d, 0xc4, 0x01, 0xff, 0x25, 0x51, 0x2a, 0xa2, 0x6f, 0xf3, 0x2f, 0xf8,
    0xc9, 0x54, 0x5e, 0xaa, 0x10, 0x0f, 0xfb, 0x50, 0x02, 0x07, 0x80, 0x06, 0x38, 0x85, 0x90, 0x8a,
    0x68, 0x01, 0xee, 0x00, 0x26, 0x68, 0x45, 0xff, 0x18, 0x76, 0xad, 0xcb, 0x00, 0xc2, 0x01, 0xda,
    0x20, 0x11, 0x00, 0x80, 0x4b, 0x60, 0x1b, 0x14, 0x02, 0x16, 0x20, 0x09, 0xd4, 0x03, 0x66, 0x00,
    0x21, 0x74, 0x00, 0x91, 0x00, 0x1b, 0x30, 0x01, 0x91, 0x00, 0x11, 0xb0, 0x80, 0x57, 0xa0, 0x1b,
    0x9c, 0x03, 0x00, 0x0b, 0x28, 0x80, 0x47, 0xf9, 0x38, 0x20, 0x08, 0x7a, 0xc1, 0x90, 0x14, 0xa0,
    0x05, 0x28, 0x10, 0x18, 0x00, 0x88, 0x0e, 0x20, 0x13, 0x80, 0x80, 0x80, 0x79, 0xc0, 0x40, 0x0e,
    0x22, 0x31, 0x50, 0x06, 0x28, 0x01, 0xfc, 0x09, 0xb4, 0x01, 0x01, 0xda, 0xec, 0x00, 0x1b, 0xce,
    0x90, 0x00, 0x00, 0x11, 0x80, 0x0e, 0xf7, 0xc0, 0x05, 0xec, 0x01, 0x0a, 0x70, 0x07, 0xff, 0x54,
    0x45, 0xe0, 0x22, 0xde, 0x73, 0xec, 0x00, 0x23, 0x20, 0x04, 0x37, 0x19, 0x36, 0x00, 0x33, 0x65,
    0x62, 0xb0, 0x14, 0x00, 0x05, 0x78, 0x03, 0xcf, 0xe0, 0x1c, 0x66, 0x50, 0x0e, 0xf7, 0x20, 0x0d,
    0x21, 0x00, 0x1a, 0x13, 0x40, 0x34, 0xaf, 0x19, 0x10, 0x15, 0x8b, 0x37, 0x61, 0x00, 0x23, 0x28,
    0x00, 0x6e, 0x72, 0x74, 0x45, 0xdb, 0x58, 0x12, 0x0a, 0x01, 0x30, 0x80, 0x65, 0x55, 0x00, 0x1b,
    0xaa, 0xcc, 0x00, 0xf4, 0xf6, 0x80, 0x01, 0x48, 0x99, 0x00, 0x70, 0x9a, 0xd9, 0x00, 0xd2, 0x20,
    0xb3, 0xb8, 0xd6, 0x33, 0xf9, 0xd4, 0x20, 0x00, 0xc4, 0x80, 0x1c, 0x3f, 0x40, 0x1d, 0x0c, 0x01,
    0xc8, 0xfc, 0x01, 0xd3, 0x02, 0x01, 0xa1, 0x98, 0x01, 0x8d, 0xa4, 0x03, 0xa4, 0x3f, 0x64, 0x75,
    0x23, 0x7b, 0x96, 0x1c, 0xa4, 0x67, 0x10, 0x98, 0x80, 0x7e, 0x02, 0x44, 0xc4, 0x00, 0xaa, 0x44,
    0x4a, 0x00, 0x17, 0xcc, 0x9c, 0x00, 0x62, 0x01, 0xe1, 0x14, 0x40, 0xc0, 0x22, 0x3e, 0x1c, 0x50,
    0x04, 0xd3, 0x4b, 0xc0, 0x07, 0xb4, 0x80, 0x3c, 0x62, 0x0b, 0x42, 0x05, 0x6c, 0x08, 0x1f, 0xda,
    0x90, 0x03, 0x5f, 0x9d, 0x20, 0x00, 0x00, 0x91, 0x90, 0x03, 0x55, 0x32, 0x68, 0x00, 0xed, 0xf5,
    0xb0, 0x00, 0xa9, 0x10, 0x01, 0x00, 0x93, 0x9a, 0x90, 0x00, 0x82, 0xe3, 0xf1, 0x40, 0x2f, 0xba,
    0x8b, 0x01, 0x04, 0x00, 0x38, 0x91, 0x4e, 0x00, 0x30, 0x30, 0xa9, 0x10, 0xb4, 0x10, 0x75, 0xfe,
    0x59, 0x00, 0xa7, 0xf3, 0x04, 0x00, 0x14, 0x4f, 0x02, 0xc4, 0x69, 0xa1, 0x4c, 0xcc, 0x30, 0x20,
    0x19, 0x81, 0x80, 0x3a, 0xe0, 0x03, 0x90, 0x10, 0x03, 0xb5, 0x00, 0x3c, 0xbe, 0x01, 0xe3, 0x20,
    0x0e, 0x20, 0x70, 0x0e, 0x10, 0x10, 0x08, 0x00, 0x0a, 0xa8, 0x40, 0x23, 0xfc, 0xff, 0x10, 0x02,
    0x26, 0x54, 0xd6, 0x00, 0x71, 0x00, 0x71, 0x00, 0x2e, 0xc4, 0x19, 0xa0, 0x07, 0x1d, 0xb0, 0x60,
    0x04, 0x2e, 0x12, 0x20, 0x09, 0xa4, 0xe6, 0x54, 0x0e, 0x60, 0x12, 0x88, 0x9c, 0xd4, 0x00, 0xa4,
    0x25, 0x51, 0xba, 0xbe, 0x00, 0x26, 0xfe, 0x60, 0xc0, 0x00, 0x1b, 0x20, 0x04, 0xfb, 0xf3, 0x60,
    0x51, 0xb3, 0x8e, 0xce, 0x46, 0x03, 0x54, 0x13, 0x00, 0x88, 0x8a, 0x0a, 0x05, 0x02, 0x2b, 0xb6,
    0xf5, 0x88, 0x2f, 0x66, 0x04, 0x80, 0x21, 0x0c, 0x40, 0x61, 0x06, 0x4a, 0x0f, 0xee, 0x45, 0x10,
    0x4f, 0x67, 0x20, 0x00, 0x32, 0xee, 0x44, 0x15, 0x00, 0x33, 0xb5, 0x6e, 0x58, 0x03, 0x20, 0x07,
    0x70, 0x01, 0x10, 0x00, 0x2a, 0x00, 0x7f, 0x9e, 0x00, 0x18, 0xe2, 0x16, 0x42, 0x29, 0xa0, 0x07,
    0xb8, 0x00, 0x00, 0xf0, 0x88, 0x03, 0x25, 0x79, 0x00, 0xbe, 0xc6, 0x79, 0xb7, 0xfd, 0x8c, 0x20,
    0xa8, 0xb4, 0x60, 0x11, 0xd6, 0x7f, 0x63, 0x88, 0x00, 0x5f, 0x63, 0x48, 0x25, 0x5f, 0x0b, 0x66,
    0x78, 0xd2, 0x67, 0xc4, 0x01, 0xf9, 0xfb, 0xbc, 0x80, 0x20, 0x0f, 0x93, 0xa4, 0xc0, 0x33, 0x67,
    0x73, 0x18, 0x40, 0x04, 0xfb, 0x19, 0xe6, 0x01, 0x26, 0xa3, 0x91, 0x23, 0x63, 0xfd, 0x22, 0x83,
    0xd8, 0xc2, 0x00, 0x02, 0x89, 0x60, 0x2c, 0x0e, 0x88, 0x17, 0xc3, 0xca, 0x00, 0x80, 0x4e, 0x01,
    0x14, 0xf8, 0x05, 0xcc, 0x80, 0x05, 0x18, 0x00, 0x89, 0x00, 0x33, 0xc8, 0x06, 0x68, 0x00, 0xd8,
    0xa0, 0x1a, 0xb0, 0x00, 0x00, 0xf8, 0x40, 0x3f, 0x9f, 0x31, 0xba, 0xa2, 0x00, 0xc3, 0x9f, 0xb9,
    0x8d, 0xef, 0x30, 0x0b, 0x6a, 0x04, 0x02, 0x4e, 0xe0, 0x01, 0xd5, 0x81, 0x2a, 0x1c, 0x4d, 0x8c,
    0x2a, 0xc1, 0x27, 0xbe, 0x44, 0x0d, 0x44, 0x08, 0x22, 0x51, 0x04, 0x01, 0x89, 0x80, 0x49, 0x01,
    0x54, 0x00, 0x22, 0x0b, 0x80, 0x04, 0x6d, 0x10, 0x36, 0x42, 0x20, 0x0b, 0xfe, 0xf2, 0xdf, 0xf0,
    0x01, 0x1c, 0x23, 0xf1, 0x72, 0x70, 0x80, 0x11, 0x4a, 0x02, 0x00, 0x12, 0x00, 0xc5, 0xfd, 0x90,
    0xf3, 0xa2, 0x01, 0xc5, 0x7d, 0xa3, 0xb8, 0x20, 0x10, 0x00, 0x89, 0x00, 0x3e, 0x9b, 0x30, 0x0e,
    0x15, 0x7a, 0x00, 0xe7, 0x4b, 0x70, 0x0e, 0xdc, 0x30, 0x40, 0x08, 0x51, 0x00, 0x9a, 0x01, 0x39,
    0x01, 0x6b, 0x80, 0x5a, 0x7f, 0xea, 0x14, 0x02, 0x4c, 0xdd, 0x97, 0x41, 0x48, 0x80, 0x16, 0x38,
    0x5a, 0x80, 0x67, 0x14, 0x24, 0x48, 0x80, 0x2b, 0xaf, 0x8c, 0xd3, 0x00, 0x2d, 0xe7, 0x27, 0x00,
    0x7b, 0x0c, 0x03, 0x8b, 0x9c, 0x00, 0x9d, 0xcd, 0x6b, 0x00, 0x27, 0xe6, 0x13, 0x08, 0x00, 0x24,
    0x72, 0x4a, 0x01, 0xfe, 0x11, 0x14, 0x9a, 0x82, 0x77, 0x30, 0xb0, 0x80, 0x00, 0x85, 0x59, 0x00,
    0x33, 0x7c, 0x6d, 0x58, 0x01, 0x26, 0x36, 0xff, 0x80, 0x1e, 0xac, 0x00, 0x15, 0x01, 0x4e, 0x00,
    0xf1, 0x83, 0x00, 0x7e, 0x10, 0x0f, 0x10, 0x28, 0x07, 0xcb, 0x40, 0x1f, 0x41, 0x51, 0x01, 0xd9,
    0x81, 0x6b, 0x6f, 0xe9, 0x98, 0x00, 0x79, 0xdb, 0xd0, 0x00, 0x24, 0x41, 0x88, 0x05, 0x75, 0x1d,
    0xcb, 0x20, 0x02, 0xe6, 0xe8, 0x3c, 0x40, 0x31, 0x51, 0xb8, 0x07, 0x0a, 0x60, 0x07, 0x89, 0x80,
    0x3c, 0x2e, 0x01, 0xe2, 0x20, 0x07, 0x1a, 0x68, 0x00, 0x49, 0xb5, 0x50, 0x13, 0xb2, 0xa2, 0x80,
    0x24, 0x4e, 0x1b, 0xa8, 0x8c, 0xa0, 0xb9, 0x99, 0x00, 0x3f, 0xf8, 0x69, 0xdd, 0x40, 0x01, 0x33,
    0x29, 0x00, 0x88, 0xa1, 0x00, 0xff, 0x11, 0x61, 0x04, 0xdd, 0xcc, 0x24, 0x4e, 0x1b, 0xa8, 0x8c,
    0xa0, 0xb9, 0x99, 0x00, 0x3f, 0xf8, 0x6b, 0x55, 0x38, 0x00, 0xb3, 0x23, 0x00, 0x3b, 0x34, 0x80,
    0x1f, 0xfc, 0xa0, 0x00, 0x85, 0x59, 0x44, 0x02, 0x5f, 0x8d, 0x8c, 0x30, 0x4a, 0x8d, 0xbd, 0xb2,
    0x0f, 0x56, 0x00, 0x98, 0x44, 0x9c, 0x01, 0xe3, 0x06, 0x00, 0x22, 0xa8, 0xc0, 0x02, 0x00, 0xde,
    0x8a, 0x20, 0x60, 0x04, 0xda, 0x00, 0x16, 0x40, 0x3e, 0x82, 0xa2, 0x02, 0x20, 0x00, 0xb4, 0x77,
    0xf4, 0x2c, 0x00, 0x77, 0xdb, 0xd6, 0x40, 0x23, 0x00, 0xc4, 0x77, 0x00, 0x1a, 0xbc, 0x03, 0xff,
    0x9a, 0x9d, 0xd9, 0xc0, 0x09, 0x99, 0x98, 0x02, 0x22, 0xc2, 0x01, 0xff, 0xcd, 0x23, 0xb8, 0x00,
    0xff, 0xe3, 0x00, 0x00, 0xc2, 0x82, 0x01, 0x8e, 0xcc, 0x03, 0xff, 0xc4, 0x20, 0x66, 0xc2, 0x09,
    0x31, 0x36, 0xdf, 0x7f, 0x00, 0x57, 0x6e, 0x8c, 0x00, 0x23, 0x00, 0xc8, 0x57, 0x00, 0x14, 0xc1,
    0x80, 0x67, 0x77, 0x08, 0x04, 0x93, 0x44, 0x01, 0x15, 0x4a, 0x00, 0x4f, 0xe1, 0x60, 0x18, 0xdb,
    0x09, 0x40, 0x22, 0xa2, 0x9b, 0x10, 0x03, 0x08, 0x39, 0xc8, 0x07, 0xa1, 0xc8, 0x03, 0x95, 0x20,
    0x23, 0x00, 0xeb, 0x80, 0x0f, 0xff, 0x61, 0x16, 0x00, 0x26, 0xee, 0x30, 0x24, 0x00, 0xe3, 0x4b,
    0xb2, 0x00, 0x6e, 0xa0, 0x2d, 0x00, 0x8c, 0x02, 0x47, 0x00, 0xa9, 0x00, 0x02, 0xaa, 0x00, 0x3e,
    0x80, 0x07, 0x7c, 0x11, 0x40, 0x33, 0xa0, 0xf7, 0x00, 0x30, 0xa3, 0xa2, 0x00, 0x3b, 0xa1, 0x04,
    0x03, 0x90, 0xf8, 0x03, 0xed, 0x40, 0x08, 0x23, 0x00, 0xc4, 0x77, 0x86, 0x01, 0x54, 0x01, 0x40,
    0x07, 0x95, 0x94, 0x03, 0x86, 0xe0, 0x40, 0x39, 0x85, 0x80, 0x3d, 0xf2, 0x40, 0x1c, 0x69, 0x1e,
    0x01, 0xd0, 0x9c, 0x01, 0xc5, 0x2e, 0x01, 0xe7, 0x30, 0x00, 0x89, 0x98, 0x60, 0x1c, 0xfb, 0x5b,
    0xab, 0x10, 0x02, 0xc5, 0x65, 0xfb, 0xd0, 0x02, 0x59, 0x40, 0x03, 0xe8, 0x62, 0x7a, 0x01, 0x8c,
    0x90, 0xc1, 0x80, 0x38, 0x7c, 0x00, 0x20, 0x1f, 0x10, 0x30, 0x07, 0x17, 0x02, 0xf0, 0x06, 0x51,
    0x70, 0x85, 0x91, 0x05, 0xb7, 0x10, 0x2d, 0x5e, 0xfb, 0x98, 0x00, 0x8f, 0x37, 0x5c, 0xe0, 0x00,
    0x24, 0x48, 0x80, 0x2b, 0xa8, 0x86, 0x6a, 0x00, 0x17, 0x31, 0xc9, 0x40, 0x1e, 0xa1, 0x20, 0x0e,
    0x70, 0x30, 0x01, 0x1a, 0xca, 0x88, 0x26, 0x74, 0xd5, 0x00, 0x09, 0xdb, 0x8e, 0x01, 0xff, 0xce,
    0x00, 0x89, 0x98, 0x60, 0x1c, 0xfb, 0x5b, 0xab, 0x10, 0x02, 0xc5, 0x65, 0xfb, 0xd0, 0x02, 0x59,
    0x40, 0x03, 0xe8, 0x62, 0x7a, 0x01, 0x8c, 0x90, 0xc1, 0x80, 0x38, 0x7c, 0x00, 0x20, 0x1f, 0x10,
    0x30, 0x07, 0x17, 0x02, 0xf0, 0x06, 0x51, 0x70, 0x85, 0x81, 0x04, 0xb7, 0x10, 0x2d, 0x4e, 0xe5,
    0x4c, 0x00, 0x47, 0x96, 0x34, 0xe0, 0x1e, 0x48, 0xba, 0x86, 0x00, 0xe7, 0xdd, 0x01, 0x80, 0x24,
    0x48, 0xc0, 0x2b, 0xa8, 0x86, 0xf2, 0x80, 0x17, 0x31, 0xcd, 0x62, 0x01, 0xd4, 0x24, 0x01, 0xce,
    0x04, 0x0e, 0xcc, 0x8b, 0x71, 0x01, 0xca, 0x7a, 0x80, 0x03, 0x56, 0x89, 0x80, 0x70, 0xc4, 0x88,
    0x07, 0x31, 0x40, 0x07, 0xa1, 0x8c, 0x00, 0x0a, 0xb2, 0x00, 0x45, 0x91, 0xb5, 0xa4, 0x10, 0xdb,
    0x7d, 0x64, 0x0c, 0x60, 0x13, 0x00, 0x2d, 0xdc, 0x20, 0x19, 0xe2, 0x7e, 0x04, 0x02, 0x7f, 0x96,
    0xf2, 0x00, 0x85, 0xfc, 0xec, 0x03, 0x85, 0x0c, 0xb9, 0x84, 0x11, 0xf0, 0xae, 0xdd, 0xf5, 0x2c,
    0x0b, 0xbb, 0x73, 0x80, 0x24, 0x4f, 0x96, 0x21, 0x57, 0x11, 0x3e, 0x62, 0x4b, 0x32, 0x00, 0xff,
    0xfa, 0x00, 0x23, 0x00, 0xc4, 0x77, 0x20, 0x1a, 0xa0, 0x03, 0xff, 0xba, 0x20, 0x18, 0x45, 0xea,
    0x01, 0x94, 0x9c, 0x24, 0x41, 0xce, 0xc6, 0x93, 0xbe, 0x68, 0xc1, 0x37, 0x6e, 0x50, 0x42, 0x00,
    0xc2, 0x9f, 0x60, 0x1a, 0x63, 0x10, 0x03, 0x25, 0xa9, 0x10, 0x00, 0x46, 0xa4, 0x6a, 0x00, 0x43,
    0x20, 0xbc, 0x00, 0x6a, 0x00, 0x11, 0x02, 0x24, 0xb0, 0x01, 0x92, 0x20, 0x8c, 0x02, 0x5c, 0xc2,
    0x80, 0x6c, 0x77, 0x58, 0x06, 0x40, 0x33, 0x00, 0x00, 0x23, 0x00, 0x88, 0xc0, 0x21, 0x35, 0xe0,
    0x0a, 0xf4, 0x02, 0x68, 0x32, 0x10, 0x02, 0x01, 0x80, 0x34, 0xd4, 0x08, 0x08, 0x1d, 0x00, 0x0f,
    0xa2, 0x4a, 0x08, 0xff, 0x80, 0x24, 0xe0, 0xfe, 0x19, 0x84, 0x50, 0x51, 0x20, 0xc5, 0x04, 0x41,
    0x01, 0x99, 0x40, 0x0a, 0x44, 0x02, 0x04, 0x5d, 0x30, 0x01, 0x8a, 0xa0, 0x03, 0x30, 0xd8, 0x01,
    0x1d, 0x60, 0x01, 0x5c, 0xd4, 0x02, 0x52, 0x40, 0x01, 0x98, 0x84, 0x00, 0x24, 0x00, 0xc6, 0x41,
    0x68, 0x00, 0x3c, 0x12, 0x68, 0x00, 0x4b, 0x18, 0x41, 0x29, 0xa4, 0x00, 0x06, 0x62, 0x12, 0x20,
    0x13, 0x9a, 0xb0, 0x06, 0x30, 0x01, 0x00, 0x6f, 0x96, 0xf0, 0x09, 0x45, 0xa4, 0x94, 0x01, 0x16,
    0x22, 0x98, 0x17, 0x06, 0x00, 0x38, 0x48, 0x42, 0x00, 0xc8, 0x3d, 0x20, 0x12, 0x59, 0xc2, 0x18,
    0x03, 0x98, 0x88, 0xb4, 0x04, 0xb6, 0x00, 0x96, 0x1b, 0x62, 0x00, 0x1a, 0xc3, 0xd8, 0x06, 0x96,
    0x72, 0x00, 0xc6, 0x38, 0x01, 0xff, 0xcf, 0x03, 0x44, 0xe3, 0x09, 0x88, 0xd7, 0x21, 0x59, 0x94,
    0x8c, 0x00, 0x61, 0x88, 0x10, 0x06, 0x81, 0x60, 0x0c, 0x8d, 0xc0, 0x18, 0x66, 0x08, 0x03, 0x48,
    0xb8, 0x06, 0x37, 0xf0, 0x0e, 0xf6, 0x12, 0x28, 0x50, 0xdb, 0x77, 0x80, 0x11, 0x82, 0x76, 0xc8,
    0x2e, 0x88, 0x03, 0xff, 0xbb, 0xca, 0x37, 0xe6, 0x00, 0x10, 0x0e, 0x85, 0x00, 0xdb, 0x80, 0x19,
    0x10, 0x01, 0xce, 0x80, 0x1b, 0x30, 0x01, 0x9d, 0x40, 0x30, 0xb1, 0x00, 0x6c, 0x50, 0x0c, 0xb6,
    0x01, 0x88, 0x04, 0x03, 0x23, 0x80, 0x6b, 0xd0, 0x0c, 0x6c, 0x20, 0x1a, 0x0c, 0x11, 0x81, 0x2f,
    0x11, 0x69, 0x80, 0x3f, 0xfb, 0xa6, 0xae, 0x00, 0x3a, 0x50, 0x00, 0x32, 0x00, 0x43, 0x12, 0x01,
    0x33, 0x04, 0xc0, 0x15, 0x75, 0x40, 0x41, 0x37, 0x70, 0xed, 0x80, 0xa3, 0x8b, 0x00, 0x24, 0x00,
    0xad, 0xdf, 0x40, 0x75, 0x00, 0x25, 0x98, 0x1e, 0xf0, 0x81, 0xe0, 0x80, 0x01, 0x7b, 0xb3, 0x00,
    0x23, 0xb9, 0xb0, 0xa1, 0x32, 0x56, 0x7f, 0x00, 0x13, 0xd2, 0x08, 0x3f, 0x84, 0xa8, 0x0c, 0x73,
    0x98, 0x06, 0x70, 0x35, 0x01, 0x7b, 0xe8, 0x50, 0x04, 0x76, 0x5c, 0x58, 0x21, 0x00, 0xe9, 0x80,
    0x0f, 0xfe, 0x40, 0xad, 0xd9, 0x40, 0x0d, 0xfc, 0x74, 0x80, 0x94, 0xb0, 0xbe, 0x06, 0x01, 0x6a,
    0x80, 0x7f, 0xed, 0x50, 0x52, 0x05, 0x57, 0x02, 0xff, 0x54, 0x2d, 0xce, 0xe7, 0x38, 0x00, 0x00,
    0x25, 0x64, 0x88, 0x2d, 0x94, 0x82, 0x85, 0xbc, 0x2c, 0xa1, 0x8d, 0x00, 0x67, 0x03, 0x00, 0xca,
    0x0a, 0x01, 0x85, 0x64, 0x80, 0xcc, 0x16, 0xfb, 0xda, 0xc0, 0x35, 0xd9, 0xca, 0x00, 0xf1, 0x08,
    0x07, 0xbd, 0xc0, 0x3f, 0xf8, 0xcb, 0x76, 0x50, 0x09, 0xa8, 0xfb, 0xc8, 0x01, 0x11, 0x2d, 0x08,
    0x18, 0xa8, 0x04, 0x60, 0xe0, 0x60, 0x1c, 0xc0, 0xa0, 0x1c, 0x47, 0x02, 0x0e, 0x40, 0x0e, 0x1e,
    0xe9, 0x00, 0x05, 0xba, 0xf9, 0xb6, 0x00, 0x25, 0xd9, 0xc0, 0x26, 0xad, 0xfb, 0x80, 0x04, 0x5b,
    0x27, 0x30, 0x18, 0x93, 0x31, 0x04, 0x9c, 0x3c, 0x46, 0x83, 0x50, 0xb7, 0x7c, 0x22, 0x5f, 0x20,
    0x13, 0x00, 0x5b, 0x6e, 0xbd, 0x00, 0x03, 0x5d, 0xfc, 0xe0, 0x00, 0x0a, 0x18, 0x0f, 0xc4, 0x83,
    0x9e, 0x50, 0x08, 0x80, 0x0b, 0x65, 0x26, 0x2e, 0x7c, 0x28, 0x62, 0xe4, 0x01, 0xff, 0xcd, 0x00,
    0x3d, 0xd4, 0xc9, 0x42, 0x2e, 0x3d, 0xf9, 0x81, 0xa4, 0xd5, 0xfc, 0xc0, 0x38, 0xc0, 0x28, 0x82,
    0xba, 0x50, 0x00, 0x5f, 0x43, 0x08, 0x01, 0x79, 0x0e, 0x40, 0x15, 0x4f, 0x73, 0x6c, 0x82, 0xf3,
    0xf3, 0x9e, 0xcc, 0xe1, 0x23, 0x71, 0x22, 0x5b, 0xba, 0xc2, 0x47, 0x38, 0x01, 0xf6, 0x20, 0x21,
    0x00, 0xe9, 0x80, 0x0f, 0xfe, 0x40, 0xa5, 0xd9, 0x00, 0x0b, 0xfa, 0x34, 0x20, 0xd6, 0xd6, 0x2a,
    0x04, 0x00, 0x11, 0x80, 0x3f, 0xfa, 0x00, 0x97, 0x00, 0x4b, 0xb2, 0xee, 0x00, 0x7f, 0xe0, 0x00,
    0x4b, 0x80, 0x04, 0x02, 0x87, 0x00, 0x32, 0x80, 0x33, 0x00, 0x1f, 0xfd, 0x26, 0x15, 0xb3, 0xb7,
    0xed, 0x30, 0x21, 0x00, 0xe9, 0x90, 0x07, 0xff, 0x2d, 0x20, 0x40, 0x22, 0xad, 0x10, 0x00, 0xf3,
    0x28, 0x05, 0x63, 0x00, 0x13, 0x30, 0x18, 0x02, 0x3d, 0x88, 0x08, 0x01, 0x45, 0x55, 0x60, 0x1d,
    0x28, 0x80, 0x21, 0x09, 0x80, 0x0f, 0xfe, 0x68, 0x80, 0x35, 0x91, 0xf5, 0x00, 0x63, 0x5b, 0xa3,
    0x08, 0xb8, 0x0d, 0xfe, 0xd1, 0xeb, 0x0d, 0x67, 0x07, 0xb6, 0x82, 0xe8, 0x67, 0xd0, 0x20, 0x00,
    0x83, 0x80, 0x05, 0x80, 0x3f, 0xbc, 0x03, 0xff, 0xac, 0x63, 0x4b, 0xb2, 0x06, 0xff, 0xb4, 0x68,
    0x41, 0xed, 0xac, 0x54, 0x08, 0x00, 0x23, 0x00, 0x7f, 0xf4, 0x00, 0x00, 0x25, 0x64, 0x08, 0x01,
    0xaf, 0x65, 0x34, 0x42, 0x20, 0xeb, 0xa4, 0xc6, 0x2a, 0x00, 0x14, 0xd7, 0x03, 0x00, 0x8c, 0x54,
    0x14, 0x02, 0x52, 0x15, 0x81, 0x06, 0x3a, 0x0b, 0x6e, 0xe4, 0x51, 0x80, 0xd7, 0x67, 0x28, 0x00,
    0x63, 0x6b, 0xb2, 0x86, 0xeb, 0x38, 0xe9, 0x01, 0x29, 0x61, 0x7c, 0x0c, 0x02, 0xd5, 0x00, 0xff,
    0xda, 0xa0, 0xa4, 0x0a, 0xae, 0x07, 0xfe, 0xa8, 0x50, 0x2d, 0xce, 0x70, 0x0c, 0x42, 0x01, 0xfd,
    0x36, 0x01, 0xc0, 0x00, 0x2d, 0xd9, 0x59, 0x01, 0xa8, 0xfb, 0xe4, 0x82, 0x22, 0x5a, 0x10, 0x31,
    0x50, 0x08, 0xc1, 0xc0, 0xc0, 0x39, 0x81, 0x40, 0x38, 0x8e, 0x04, 0x1c, 0x80, 0x1c, 0x3d, 0xd1,
    0x00, 0x0b, 0x75, 0xf2, 0x01, 0xc4, 0x20, 0x1f, 0xfc, 0x5e, 0x70, 0x63, 0x5b, 0x4d, 0x8e, 0xd6,
    0x06, 0xa6, 0x20, 0x41, 0x00, 0xff, 0xe5, 0x00, 0x02, 0x9b, 0x92, 0x00, 0x78, 0x7f, 0x94, 0x04,
    0xa9, 0x19, 0xc0, 0x57, 0x5c, 0x40, 0x2a, 0xbc, 0xf5, 0x00, 0x96, 0xe2, 0xc0, 0x98, 0x03, 0x86,
    0xbb, 0x62, 0x80, 0xf3, 0xfd, 0xc8, 0x00, 0x00, 0x08, 0x06, 0x5d, 0x00, 0xfe, 0x5e, 0x29, 0x80,
    0x10, 0x3e, 0xe0, 0x26, 0x0b, 0xb0, 0x07, 0xff, 0x20, 0x48, 0x40, 0x27, 0x2e, 0xe0, 0x00, 0x73,
    0x7c, 0x00, 0x74, 0x00, 0xa4, 0xac, 0xc0, 0x02, 0xc2, 0x01, 0xff, 0xca, 0xf0, 0x0e, 0x64, 0x11,
    0x50, 0x02, 0x4b, 0xbf, 0x88, 0x0f, 0xb7, 0x97, 0x4c, 0x66, 0x00, 0x45, 0x20, 0x0b, 0x00, 0xa8,
    0x81, 0xc8, 0xc0, 0x0b, 0xa0, 0x2b, 0x60, 0x66, 0x70, 0x07, 0xa8, 0x5a, 0x08, 0x01, 0x4c, 0xcb,
    0xe0, 0x19, 0xe4, 0xd4, 0x03, 0x6a, 0xb8, 0x04, 0x57, 0x00, 0xa4, 0xc0, 0x08, 0xe1, 0x20, 0x04,
    0x7a, 0x00, 0x77, 0xa0, 0x98, 0x63, 0x20, 0x01, 0xf0, 0x51, 0x00, 0x94, 0x64, 0x52, 0x86, 0x60,
    0x44, 0x48, 0x98, 0x41, 0x15, 0x1c, 0x33, 0x1f, 0x80, 0x03, 0x0e, 0xc0, 0x47, 0x44, 0x00, 0x48,
    0x90, 0x10, 0x19, 0x80, 0x49, 0x00, 0xa0, 0xd5, 0x1c, 0x19, 0x4c, 0x66, 0x45, 0x72, 0x00, 0x47,
    0xc7, 0x40, 0x0c, 0x3a, 0x01, 0x1b, 0xdc, 0x90, 0x03, 0xe1, 0x1f, 0x81, 0xc1, 0x82, 0x05, 0xc0,
    0x66, 0x00, 0x45, 0x20, 0x08, 0x00, 0x94, 0x81, 0xc1, 0x00, 0x17, 0xa0, 0x2f, 0xc0, 0x46, 0xe0,
    0x0a, 0x41, 0x55, 0x08, 0x00, 0xc9, 0x33, 0xc0, 0x35, 0x4a, 0xa0, 0x06, 0x72, 0x41, 0x00, 0xc2,
    0x1c, 0x01, 0xcc, 0x68, 0x01, 0x26, 0x47, 0x00, 0x65, 0xff, 0x18, 0x06, 0x19, 0x9e, 0x11, 0x77,
    0x4a, 0xa1, 0x07, 0x71, 0x97, 0x80, 0x43, 0x32, 0x30, 0x0a, 0x05, 0xc0, 0x24, 0x7e, 0x00, 0x86,
    0x64, 0x62, 0x20, 0x62, 0x8e, 0xe9, 0x00, 0x00, 0x84, 0x02, 0xca, 0x20, 0x31, 0xb2, 0x07, 0x10,
    0x09, 0xc0, 0x30, 0x88, 0x02, 0x66, 0x00, 0x1a, 0xb8, 0x00, 0xf3, 0xe0, 0x01, 0x57, 0x00, 0x84,
    0x03, 0x84, 0x02, 0x70, 0x0c, 0xa4, 0xe2, 0x03, 0x84, 0x00, 0x64, 0xe1, 0x00, 0xff, 0xe8, 0x00,
    0x11, 0x00, 0x49, 0x90, 0x00, 0x5f, 0x60, 0x08, 0xc4, 0x03, 0x08, 0x04, 0x66, 0x00, 0x88, 0xc4,
    0x02, 0x7f, 0x20, 0x03, 0xd1, 0x01, 0x1a, 0x00, 0x0c, 0xc0, 0x18, 0x40, 0x3e, 0x38, 0x30, 0x0b,
    0x34, 0x00, 0x01, 0x41, 0x00, 0xc3, 0x9f, 0x8a, 0x34, 0x27, 0x37, 0xdc, 0xfc, 0x10, 0x05, 0xa7,
    0x03, 0xfb, 0xf5, 0x6d, 0x1c, 0x24, 0xc7, 0xf5, 0x1a, 0x4a, 0x20, 0x1a, 0xa0, 0xba, 0xa9, 0xd4,
    0x44, 0xa7, 0xfe, 0x30, 0x00, 0xe1, 0xd5, 0x00, 0x0d, 0xd3, 0x00, 0x1a, 0xa5, 0x40, 0x0b, 0x2c,
    0x01, 0x53, 0x01, 0xa0, 0xa6, 0x4d, 0x59, 0xd6, 0xf0, 0x31, 0x3f, 0xb9, 0xb0, 0x00, 0x31, 0x80,
    0x19, 0x00, 0x10, 0x80, 0x08, 0xc0, 0x50, 0x60, 0x41, 0x90, 0xf6, 0x10, 0xd6, 0x10, 0x4a, 0x00,
    0x3d, 0x82, 0xa1, 0x02, 0x20, 0x83, 0xe4, 0x01, 0xbc, 0x00, 0xb3, 0x00, 0x42, 0x00, 0x00, 0x00,
    0xc9, 0x16, 0x01, 0xfc, 0x35, 0x97, 0x60, 0x02, 0x50, 0x80, 0x43, 0x53, 0x06, 0x01, 0xd4, 0x20,
    0x08, 0xf3, 0x00, 0xf6, 0xfc, 0x00, 0x92, 0x00, 0x48, 0xa0, 0x42, 0x84, 0x29, 0xa0, 0x18, 0x62,
    0x75, 0xc3, 0x50, 0xcc, 0x01, 0xd1, 0x76, 0x10, 0x33, 0x80, 0x22, 0xb9, 0x02, 0x00, 0xc6, 0xf8,
    0x00, 0xb8, 0x40, 0x0e, 0xc7, 0x22, 0x08, 0x72, 0xca, 0x00, 0x42, 0x44, 0x0f, 0xb0, 0x7a, 0x01,
    0x00, 0xaa, 0x00, 0x09, 0x96, 0xa0, 0x18, 0xef, 0xcc, 0x02, 0x68, 0x2f, 0x1a, 0xba, 0x94, 0x00,
    0xe3, 0x73, 0x0b, 0xb4, 0x90, 0x04, 0x00, 0xff, 0xe1, 0xae, 0x00, 0x7f, 0x72, 0x00, 0x7e, 0x24,
    0xd3, 0x3c, 0x20, 0x15, 0x8c, 0xff, 0xd9, 0x00, 0x03, 0x7c, 0xcd, 0xc1, 0x40, 0x0f, 0x62, 0x00,
    0xad, 0x4c, 0x24, 0x20, 0x40, 0x06, 0xf0, 0x08, 0xfc, 0x5f, 0x25, 0xec, 0x40, 0x9e, 0x44, 0xc3,
    0xd1, 0x80, 0x08, 0x40, 0x05, 0x54, 0x3a, 0x10, 0x0f, 0x97, 0x19, 0x80, 0x1f, 0x8b, 0x5c, 0x00,
    0x00, 0xfc, 0x74, 0x01, 0xf8, 0x78, 0x80, 0x25, 0x10, 0x0a, 0x9e, 0x00, 0x03, 0x38, 0xa1, 0x0d,
    0x60, 0x10, 0xe5, 0x52, 0xdb, 0xc4, 0x03, 0x9e, 0x90, 0xc4, 0x03, 0xc3, 0x0c, 0x98, 0xc0, 0x07,
    0x30, 0xb6, 0x99, 0xd0, 0x1a, 0xcc, 0x49, 0x00, 0x35, 0x60, 0x1f, 0xcd, 0x10, 0x04, 0xa8, 0x02,
    0xb0, 0x80, 0x1f, 0x72, 0x38, 0x07, 0xe0, 0x00, 0xc4, 0xd3, 0x26, 0x20, 0x0f, 0xa3, 0x31, 0xdc,
    0xcc, 0x40, 0x07, 0x52, 0x65, 0x3b, 0xab, 0x12, 0x80, 0x26, 0x66, 0x90, 0x06, 0x2d, 0x66, 0x00,
    0x2e, 0x04, 0x03, 0xc3, 0x16, 0x06, 0x64, 0x00, 0xfc, 0x86, 0x67, 0x20, 0x0f, 0xf1, 0x3b, 0x84,
    0x03, 0xfc, 0x2e, 0x46, 0x40, 0x1f, 0x88, 0xc8, 0x5e, 0xc0, 0x3f, 0x5b, 0x88, 0x42, 0x38, 0x07,
    0x9d, 0x20, 0x00, 0x3f, 0x56, 0xa4, 0x45, 0xba, 0xf1, 0x00, 0x8b, 0x31, 0x39, 0x89, 0xcc, 0x10,
    0x00, 0x00, 0xd4, 0x20, 0x13, 0x80, 0x80, 0x0a, 0xac, 0x02, 0x9b, 0x10, 0x03, 0x03, 0x00, 0x06,
    0xe4, 0x02, 0x85, 0x20, 0x0b, 0x54, 0x03, 0x22, 0x20, 0x03, 0x42, 0x98, 0x04, 0x31, 0xe0, 0x19,
    0x59, 0xc0, 0x34, 0x50, 0x80, 0x45, 0x82, 0x1a, 0x00, 0xc2, 0x0e, 0x01, 0xae, 0x88, 0x02, 0x1b,
    0x90, 0x0c, 0xc0, 0xc0, 0x1a, 0x6c, 0x40, 0x22, 0x58, 0x00, 0xcb, 0xa0, 0x14, 0x22, 0x00, 0x06,
    0xb0, 0x01, 0x7c, 0x08, 0x01, 0xd9, 0x40, 0x03, 0x50, 0x01, 0x0e, 0x10, 0x04, 0x00, 0xa0, 0x59,
    0x00, 0x04, 0x63, 0x4a, 0x00, 0xbf, 0x6b, 0x10, 0x22, 0x25, 0x30, 0x02, 0xb9, 0x50, 0x40, 0x51,
    0x66, 0x40, 0x06, 0xa4, 0x51, 0x00, 0x26, 0x2a, 0x80, 0x23, 0x13, 0x45, 0x00, 0xbe, 0xe6, 0x40,
    0x12, 0x11, 0xa2, 0x80, 0x5f, 0x75, 0xc0, 0x12, 0x29, 0x92, 0x00, 0x5a, 0x30, 0x80, 0x46, 0x18,
    0x00, 0x96, 0x84, 0xc8, 0x00, 0x36, 0xdf, 0x60, 0x13, 0x52, 0x28, 0x80, 0x05, 0x16, 0x64, 0x01,
    0x4c, 0x95, 0x04, 0x00, 0x2a, 0x74, 0xc0, 0x12, 0x96, 0x20, 0x01, 0x50, 0xc4, 0xc0, 0x13, 0x2b,
    0xf0, 0x02, 0xa1, 0x92, 0x00, 0x26, 0x57, 0xe0, 0x04, 0x50, 0x54, 0x00, 0x24, 0x0e, 0x80, 0x40,
    0xbd, 0xd9, 0x96, 0x7f, 0xce, 0x0c, 0x44, 0x10, 0x0f, 0xfe, 0x96, 0x90, 0x04, 0x00, 0x8b, 0x00,
    0x31, 0x00, 0x7f, 0xf4, 0x9a, 0xed, 0xc0, 0x91, 0x0f, 0xd0, 0x77, 0xe6, 0x07, 0x65, 0x50, 0x80,
    0x25, 0xdc, 0x80, 0x0f, 0x55, 0x18, 0x07, 0xff, 0x48, 0xdc, 0x80, 0x20, 0x00, 0x84, 0x60, 0x0a,
    0x1e, 0x40, 0x2e, 0x6f, 0x00, 0xff, 0xe9, 0x3b, 0xc4, 0x01, 0x19, 0x85, 0x3d, 0x5d, 0xf5, 0x00,
    0x9d, 0xd6, 0x19, 0x88, 0x94, 0x60, 0x03, 0x60, 0x0a, 0x40, 0x32, 0x00, 0x44, 0x20, 0x10, 0x80,
    0x7f, 0x10, 0x06, 0x13, 0x00, 0xd4, 0x01, 0x98, 0xc0, 0x37, 0x0c, 0x66, 0x38, 0x00, 0x3c, 0xdd,
    0x49, 0xd1, 0x10, 0xc1, 0x8c, 0x03, 0x48, 0x06, 0x40, 0x0c, 0x24, 0x01, 0x84, 0x03, 0xf8, 0x80,
    0x23, 0x10, 0x0a, 0x80, 0x23, 0x60, 0x00, 0xf0, 0x06, 0xec, 0xc4, 0x00, 0x11, 0xff, 0x5f, 0x77,
    0xeb, 0xb7, 0x77, 0xeb, 0x03, 0x3f, 0xc1, 0x7b, 0xbf, 0xae, 0xbf, 0xe6, 0x67, 0xfd, 0x40, 0x1f,
    0xfe, 0x01, 0x10, 0x06, 0x8e, 0xef, 0xf4, 0x08, 0xff, 0xe0, 0x0f, 0xfe, 0x65, 0xdf, 0xfe, 0x24,
    0x4f, 0xf1, 0x00, 0x7f, 0xe8, 0xee, 0xff, 0x40, 0x8f, 0xfe, 0x00, 0xff, 0xe6, 0x5d, 0xff, 0xe0,
    0x00, 0x15, 0x18, 0x37, 0xf8, 0xc2, 0x71, 0x40, 0x02, 0x20, 0x0f, 0xfe, 0xd2, 0xc8, 0x80, 0x2f,
    0xf0, 0xc0, 0x0d, 0xe4, 0x3a, 0x20, 0x01, 0xff, 0x98, 0x00, 0xb9, 0x20, 0x10, 0x88, 0x03, 0xff,
    0xb2, 0x32, 0xa0, 0x79, 0xf6, 0x05, 0xec, 0x00, 0x45, 0x5a, 0x4c, 0x11, 0x42, 0x0c, 0x00, 0x8e,
    0x20, 0x10, 0x90, 0x04, 0xae, 0x01, 0x88, 0x80, 0x1f, 0xfc, 0x43, 0x10, 0x0c, 0x88, 0x00, 0xe3,
    0x00, 0xe7, 0x50, 0x08, 0x8d, 0x9c, 0x54, 0x04, 0x10, 0xc0, 0x39, 0x55, 0x90, 0xe0, 0x15, 0x00,
    0x02, 0xe8, 0x01, 0x88, 0x40, 0x39, 0xd4, 0x03, 0x11, 0x00, 0x3f, 0xf8, 0x82, 0x60, 0x19, 0x10,
    0x01, 0x8c, 0x03, 0x2b, 0x80, 0x05, 0xd8, 0xc8, 0x0d, 0x00, 0x41, 0x40, 0x00, 0xf9, 0xe4, 0x52,
    0x16, 0x98, 0xe1, 0x15, 0xc0, 0x81, 0x80, 0x23, 0x00, 0xff, 0xe8, 0x1e, 0x90, 0x01, 0x61, 0x15,
    0xc2, 0x05, 0x81, 0x20, 0xcc, 0x00, 0xe1, 0x97, 0x00, 0x35, 0x2c, 0x23, 0xaa, 0x41, 0x83, 0x01,
    0x00, 0x46, 0x01, 0xff, 0xd0, 0x2d, 0x30, 0x54, 0x85, 0x06, 0x18, 0x07, 0x33, 0x42, 0x00, 0x3c,
    0xc9, 0x9e, 0xea, 0x58, 0x03, 0xff, 0xcf, 0x9b, 0xca, 0xa8, 0x89, 0xc0, 0x6c, 0xc8, 0xda, 0x6a,
    0xdc, 0x03, 0xff, 0xcc, 0xbd, 0xb6, 0x0f, 0x10, 0xf5, 0x00, 0x84, 0xc0, 0x3f, 0xc3, 0x7d, 0xbc,
    0xe0, 0x1c, 0x60, 0x38, 0x3d, 0xca, 0xa8, 0x40, 0x09, 0xa4, 0x6b, 0x42, 0x09, 0x8d, 0x93, 0x75,
    0x64, 0x48, 0x00, 0xc3, 0x90, 0x39, 0x85, 0x00, 0x38, 0x00, 0x84, 0xf0, 0x80, 0xaa, 0x38, 0x97,
    0x1f, 0x09, 0x63, 0xa0, 0x00, 0xbb, 0xe2, 0x00, 0xa0, 0xc0, 0xb0, 0xc4, 0xba, 0x28, 0x89, 0x8f,
    0x8a, 0x11, 0xd0, 0xa3, 0xfa, 0xa0, 0x02, 0x00, 0x87, 0xa0, 0x40, 0x70, 0x3d, 0x05, 0xe6, 0x94,
    0x43, 0x08, 0x41, 0xfa, 0xd4, 0x00, 0x78, 0xa0, 0x00, 0x19, 0xff, 0x80, 0x36, 0xe6, 0x7e, 0xd0,
    0x0d, 0xdf, 0xff, 0xb8, 0x03, 0x6f, 0x77, 0xed, 0x00, 0x96, 0x21, 0x74, 0x44, 0xab, 0x88, 0x28,
    0x2b, 0x33, 0x3d, 0x9d, 0xcd, 0xf8, 0xcc, 0x50, 0x00, 0xe6, 0x90, 0x00, 0xb7, 0x04, 0x00, 0xa8,
    0x24, 0x60, 0x66, 0x03, 0x21, 0x45, 0x07, 0x44, 0x11, 0x22, 0x04, 0x44, 0x43, 0x80, 0x4b, 0x0e,
    0x8e, 0xe4, 0x78, 0x50, 0x0c, 0x52, 0xe2, 0x00, 0x17, 0x92, 0x00, 0x33, 0x55, 0x80, 0x7f, 0xf2,
    0x3b, 0x80, 0x00, 0xc6, 0x40, 0x1a, 0x55, 0x24, 0x03, 0x09, 0x00, 0x7f, 0xf8, 0x96, 0xc0, 0x3f,
    0x69, 0x00, 0x00, 0xf8, 0xcc, 0xc4, 0x01, 0xd5, 0x76, 0x60, 0x36, 0x00, 0xf9, 0xb4, 0x03, 0xff,
    0xe2, 0xb4, 0x01, 0xa1, 0x40, 0x02, 0x01, 0x94, 0x40, 0x3b, 0xb8, 0x00, 0xfe, 0x82, 0x00, 0x99,
    0xc0, 0x31, 0x38, 0x06, 0x5a, 0x90, 0x09, 0x4c, 0x80, 0x23, 0xf5, 0xa0, 0x05, 0x50, 0x03, 0x8b,
    0x5a, 0xd8, 0xdc, 0x03, 0xc3, 0xaf, 0x30, 0x20, 0x1f, 0x0b, 0x86, 0x00, 0x7e, 0xa6, 0xb4, 0x80,
    0x0e, 0x2c, 0x7f, 0x4a, 0x75, 0x00, 0x14, 0x6b, 0x61, 0x02, 0x3d, 0x89, 0xea, 0x5d, 0x08, 0x05,
    0x0c, 0x27, 0xb8, 0x80, 0x1e, 0x80, 0x01, 0xc1, 0x01, 0x00, 0x9c, 0x04, 0x58, 0xa0, 0x0b, 0x90,
    0x1b, 0x90, 0x43, 0x40, 0x00, 0xb0, 0x33, 0xfc, 0x4d, 0xc0, 0x14, 0xbb, 0x3a, 0x10, 0x02, 0x8b,
    0xfc, 0x76, 0x08, 0xf4, 0x22, 0xa6, 0x42, 0x61, 0x00, 0x0b, 0x12, 0xa8, 0x80, 0x06, 0xa8, 0x73,
    0x95, 0x4d, 0x82, 0x07, 0xcc, 0x7e, 0x30, 0x00, 0x00, 0xf3, 0x30, 0x03, 0xfe, 0xee, 0x00, 0x7f,
    0xff, 0xc0, 0x3f, 0xf8, 0x57, 0x80, 0x1c, 0x3f, 0xfd, 0x97, 0xff, 0xb8, 0x7b, 0xbf, 0xef, 0x00,
    0xf3, 0xb8, 0x03, 0xfe, 0xff, 0x00, 0x7f, 0xfb, 0x91, 0x3b, 0x74, 0x89, 0xc3, 0xff, 0xdd, 0xcf,
    0xfd, 0xc3, 0x77, 0xff, 0x50, 0x07, 0xff, 0x0e, 0xb7, 0x7f, 0x40, 0x05, 0x1f, 0xff, 0xa4, 0x00,
    0x00, 0xe2, 0x20, 0x07, 0xfa, 0xa8, 0x01, 0xff, 0xdd, 0x55, 0xee, 0xe2, 0xae, 0x4f, 0xfe, 0xcc,
    0x7f, 0xed, 0xaa, 0xff, 0xa4, 0x05, 0x9b, 0xf0, 0x06, 0xff, 0xfc, 0x01, 0x0c, 0xcf, 0xe0, 0x03,
    0xc4, 0x7f, 0x9c, 0x03, 0xff, 0x00, 0xe3, 0x30, 0x07, 0xfa, 0xe8, 0x03, 0xc2, 0x3c, 0x02, 0x30,
    0x05, 0x1f, 0xf3, 0xbb, 0xfd, 0xc4, 0x00, 0x9e, 0xef, 0x59, 0x10, 0x00, 0x5c, 0x40, 0x1b, 0xa8,
    0x02, 0x29, 0xf2, 0x00, 0x2b, 0x30, 0x03, 0x3a, 0xf9, 0x12, 0xe4, 0x40, 0x3a, 0x2b, 0x31, 0x28,
    0x01, 0xf0, 0x80, 0x34, 0x80, 0x39, 0x72, 0xeb, 0xc3, 0x20, 0x41, 0xba, 0x2b, 0x50, 0x6a, 0x87,
    0xcc, 0x95, 0xac, 0x01, 0x92, 0xf1, 0xc0, 0x24, 0x09, 0x36, 0x0e, 0x0a, 0xa3, 0x00, 0x8a, 0x33,
    0x4d, 0xed, 0x50, 0x3a, 0x8b, 0x93, 0xaa, 0x68, 0x04, 0x26, 0x39, 0x0e, 0x06, 0xaa, 0x03, 0x12,
    0xcb, 0x27, 0xe0, 0x0a, 0x52, 0x5c, 0x2d, 0x91, 0x96, 0x34, 0xf2, 0xe9, 0x20, 0x0e, 0x22, 0x00,
    0x71, 0x4c, 0x00, 0x51, 0x32, 0x80, 0x0a, 0x26, 0xd0, 0x80, 0x92, 0xec, 0x84, 0x04, 0x96, 0x11,
    0x29, 0x30, 0x00, 0x89, 0x49, 0x80, 0x02, 0x76, 0xf2, 0x00, 0x13, 0xb7, 0x90, 0x00, 0x00, 0xf2,
    0x08, 0x07, 0x86, 0x9c, 0x03, 0xd2, 0x6c, 0x01, 0xc2, 0xd0, 0x01, 0xe9, 0x25, 0x00, 0xe2, 0x68,
    0x00, 0xf5, 0xaa, 0x00, 0x71, 0x34, 0x00, 0x7a, 0x14, 0xc0, 0x38, 0xd6, 0x00, 0x3d, 0x2e, 0x40,
    0x1c, 0x4b, 0x40, 0x1e, 0x73, 0x20, 0x0f, 0x09, 0x00, 0x7c, 0xa0, 0xa0, 0x1e, 0x19, 0x90, 0x07,
    0xcc, 0x2c, 0x01, 0xe1, 0xb8, 0x10, 0x0f, 0x31, 0x48, 0x07, 0xd0, 0xe4, 0x01, 0xe4, 0x44, 0x00,
    0x7d, 0x0a, 0x60, 0x1e, 0x35, 0x80, 0x0f, 0xa5, 0x0c, 0x03, 0xc6, 0x92, 0x01, 0xf7, 0xa9, 0x00,
    0x79, 0x1c, 0x00, 0x00, 0xf2, 0x08, 0x07, 0xc3, 0x4e, 0x01, 0xf4, 0x9b, 0x00, 0x78, 0x5a, 0x00,
    0x3e, 0x92, 0x50, 0x0f, 0x13, 0x40, 0x00, 0x80, 0x35, 0xaa, 0x28, 0xf2, 0x00, 0x09, 0xa0, 0x0e,
    0x3f, 0xc0, 0x08, 0x53, 0x06, 0x32, 0xb0, 0x35, 0x80, 0x0a, 0x84, 0x01, 0x2e, 0x40, 0x1e, 0x25,
    0xa0, 0x0f, 0x9c, 0xc8, 0x03, 0xe1, 0x20, 0x0f, 0xca, 0x0a, 0x01, 0xf0, 0xcc, 0x80, 0x3f, 0x30,
    0xb0, 0x07, 0xc3, 0x70, 0x20, 0x1f, 0x31, 0x48, 0x07, 0xe8, 0x72, 0x00, 0xf9, 0x11, 0x00, 0x1f,
    0xa1, 0x4c, 0x03, 0xe3, 0x58, 0x00, 0xfd, 0x28, 0x60, 0x1f, 0x1a, 0x48, 0x07, 0xef, 0x52, 0x00,
    0xf9, 0x1c, 0x00, 0x00, 0xf2, 0x08, 0x07, 0x0d, 0x38, 0x07, 0x49, 0xb0, 0x06, 0x16, 0x80, 0x0e,
    0x92, 0x50, 0x0c, 0x4d, 0x00, 0x1d, 0x6a, 0x80, 0x18, 0x9a, 0x00, 0x3a, 0x14, 0xc0, 0x31, 0xac,
    0x00, 0x74, 0xb9, 0x00, 0x62, 0x5a, 0x00, 0xe7, 0x32, 0x00, 0xe6, 0x50, 0x0f, 0x00, 0xf2, 0x08,
    0x07, 0xc3, 0x4e, 0x01, 0xf4, 0x9b, 0x00, 0x78, 0x5a, 0x00, 0x3e, 0x92, 0x50, 0x0f, 0x13, 0x40,
    0x00, 0x80, 0x35, 0xaa, 0x28, 0xf2, 0x00, 0x09, 0xa0, 0x0e, 0x3f, 0xc0, 0x08, 0x53, 0x06, 0x32,
    0xb0, 0x35, 0x80, 0x0a, 0x84, 0x01, 0x2e, 0x40, 0x1e, 0x25, 0xa0, 0x0f, 0x9c, 0xc8, 0x03, 0xe6,
    0x50, 0x0f, 0xc0, 0x15, 0x00, 0xfd, 0x6a, 0x01, 0xe1, 0x99, 0x00, 0x7c, 0xc2, 0xc0, 0x1e, 0x1b,
    0x81, 0x00, 0xf3, 0x14, 0x80, 0x7d, 0x0e, 0x40, 0x1e, 0x44, 0x40, 0x07, 0xd0, 0xa6, 0x01, 0xe3,
    0x58, 0x00, 0xfa, 0x50, 0xc0, 0x3c, 0x69, 0x20, 0x1f, 0x7a, 0x90, 0x07, 0x91, 0xc0, 0x00, 0xc6,
    0xcd, 0x8c, 0x03, 0xc2, 0xe0, 0xcd, 0x81, 0xc4, 0x02, 0x19, 0x73, 0x00, 0xc6, 0xf2, 0x20, 0x06,
    0x94, 0x4f, 0xd2, 0xc0, 0x23, 0x6e, 0xfe, 0x01, 0x12, 0x20, 0x2e, 0xff, 0x0a, 0x20, 0xc8, 0x26,
    0x6c, 0xf9, 0x98, 0x48, 0xcc, 0x21, 0x77, 0x3a, 0xdd, 0xc2, 0x23, 0x75, 0x00, 0xff, 0x2b, 0x91,
    0x80, 0x7f, 0x8c, 0x81, 0x14, 0x03, 0xf2, 0xa0, 0x00, 0xc5, 0x80, 0x17, 0x40, 0x06, 0x13, 0x00,
    0x91, 0x0e, 0xce, 0xe6, 0x74, 0x40, 0x07, 0x13, 0xb2, 0x21, 0x9c, 0x80, 0x20, 0x02, 0x00, 0x94,
    0x80, 0x40, 0x26, 0x11, 0x60, 0x80, 0x2c, 0x56, 0x80, 0x07, 0x02, 0x26, 0x90, 0x43, 0x32, 0xb1,
    0x82, 0x38, 0x02, 0x98, 0x76, 0x80, 0x17, 0x21, 0x74, 0x00, 0x24, 0x74, 0x50, 0x03, 0x22, 0x04,
    0xc0, 0x29, 0x86, 0x20, 0x09, 0xaa, 0x80, 0x18, 0xcb, 0x40, 0x35, 0x0a, 0x80, 0x61, 0x2c, 0x00,
    0xce, 0x08, 0x01, 0x99, 0x10, 0x20, 0x17, 0x35, 0x00, 0x69, 0x93, 0xb0, 0x00, 0xda, 0x44, 0xc0,
    0x0e, 0x87, 0x54, 0x00, 0x45, 0x85, 0xc8, 0x0c, 0xc8, 0x0c, 0x51, 0x0c, 0xc0, 0x74, 0x24, 0x73,
    0x00, 0x51, 0x6c, 0x00, 0x05, 0xd9, 0x64, 0x02, 0x66, 0x4a, 0x80, 0x52, 0x80, 0x00, 0xf1, 0x98,
    0x03, 0xff, 0x55, 0x80, 0x7f, 0xf5, 0xd5, 0x78, 0x88, 0xab, 0xc0, 0x3d, 0xdc, 0xcf, 0xdd, 0xc2,
    0x2b, 0xbe, 0x45, 0xbb, 0xe1, 0x00, 0xff, 0xff, 0x80, 0x7f, 0x00, 0xc6, 0x60, 0x01, 0x98, 0x03,
    0xf5, 0x58, 0x02, 0xe8, 0x03, 0xff, 0xa8, 0x31, 0x12, 0xa4, 0x41, 0x16, 0x22, 0x00, 0x7f, 0xc0,
    0xff, 0xe7, 0x0f, 0xf8, 0x05, 0xde, 0x53, 0x77, 0x1a, 0xbb, 0xc0, 0x1f, 0xff, 0xf1, 0x00, 0xbc,
    0x40, 0x30, 0x00, 0x8d, 0x00, 0x39, 0x84, 0x03, 0xaf, 0x41, 0x2c, 0x01, 0x04, 0x01, 0xe1, 0x00,
    0x38, 0x07, 0xf0, 0x80, 0x7f, 0xca, 0xa2, 0x22, 0xe0, 0xaa, 0x81, 0x14, 0x07, 0xb8, 0xaf, 0xc8,
    0x7d, 0xc1, 0xbe, 0x11, 0x5d, 0x96, 0xed, 0x05, 0x76, 0x1f, 0xb1, 0x00, 0x9c, 0x80, 0x3f, 0xf1,
    0xb0, 0x07, 0xfc, 0x82, 0x40, 0x1f, 0xf6, 0xb8, 0x07, 0xfc, 0x6d, 0x40, 0x13, 0x00, 0x7c, 0xac,
    0x60, 0x04, 0xa0, 0x0f, 0x9a, 0x40, 0x3e, 0xe3, 0x00, 0x05, 0x10, 0x0f, 0x65, 0x80, 0x7a, 0x1e,
    0x00, 0x38, 0x7d, 0x64, 0x40, 0x31, 0x61, 0x63, 0x00, 0x09, 0x2d, 0x58, 0x41, 0x72, 0x3f, 0xad,
    0xc1, 0x57, 0x00, 0x75, 0x24, 0x80, 0x70, 0xe2, 0xea, 0x80, 0x61, 0xc6, 0xad, 0x10, 0x02, 0x60,
    0x54, 0x88, 0x2c, 0x42, 0xd5, 0x00, 0x0b, 0x88, 0x01, 0x80, 0x59, 0x88, 0xfd, 0x4a, 0x57, 0x11,
    0xf6, 0x19, 0x00, 0x7e, 0x4c, 0xb0, 0x0f, 0xc9, 0x90, 0x01, 0xf9, 0x32, 0x00, 0x3f, 0x26, 0x40,
    0x07, 0xe4, 0xc8, 0x00, 0xfc, 0x99, 0x00, 0x1f, 0x93, 0x20, 0x03, 0xf2, 0x64, 0x00, 0x7f, 0x5f,
    0xbb, 0xfc, 0xa0, 0xde, 0xab, 0xfc, 0xc0, 0x00, 0xff, 0xe0, 0x94, 0x18, 0x44, 0x00, 0x38, 0xee,
    0x52, 0x65, 0x4c, 0x01, 0x9a, 0x45, 0xe4, 0x4b, 0x80, 0x32, 0x80, 0x7b, 0x14, 0x03, 0xfc, 0x98,
    0x01, 0xff, 0x53, 0x00, 0x7f, 0x8f, 0xc4, 0x03, 0xfd, 0x76, 0x00, 0xff, 0x17, 0xb0, 0x07, 0xf9,
    0x4c, 0x37, 0x07, 0x15, 0x33, 0x28, 0xb8, 0x39, 0x83, 0x03, 0x8a, 0x99, 0x94, 0x5c, 0x18, 0x04,
    0x03, 0xff, 0x0b, 0x18, 0x00, 0x58, 0xc0, 0x08, 0x00, 0x36, 0x42, 0x00, 0x59, 0xa5, 0x50, 0xc0,
    0x04, 0x88, 0x20, 0x05, 0x2b, 0xf5, 0xb8, 0x00, 0x91, 0x48, 0x00, 0x8a, 0xa8, 0x44, 0x00, 0x09,
    0x54, 0x40, 0x07, 0x12, 0x41, 0x00, 0x89, 0x58, 0xc0, 0x09, 0xb6, 0x3b, 0x80, 0x03, 0x60, 0x0c,
    0xf0, 0xb3, 0x28, 0x00, 0xc2, 0x01, 0x86, 0x40, 0x3c, 0x24, 0x01, 0xff, 0x89, 0x58, 0x1c, 0x54,
    0xcc, 0xa2, 0xe0, 0xca, 0x88, 0xfc, 0x19, 0x31, 0x09, 0xc0, 0x03, 0x30, 0x00, 0xcc, 0x00, 0x10,
    0x11, 0x00, 0x80, 0x26, 0xaa, 0x30, 0x06, 0x1f, 0xf0, 0x80, 0x77, 0x70, 0x03, 0x97, 0x74, 0xa0,
    0x1b, 0x11, 0x1a, 0x01, 0x2d, 0x80, 0x29, 0x40, 0x02, 0xc8, 0x86, 0x10, 0xb0, 0x0f, 0x58, 0x00,
    0x84, 0xc0, 0x3f, 0x2c, 0x00, 0x08, 0xc0, 0x1d, 0x92, 0xbb, 0xa9, 0x50, 0x07, 0x6a, 0xce, 0xfe,
    0xb0, 0x04, 0x22, 0xbc, 0xc5, 0xa8, 0x00, 0x6d, 0xeb, 0x0e, 0x64, 0xa1, 0x5a, 0xc6, 0xea, 0x9f,
    0x28, 0x2d, 0xfd, 0x52, 0x01, 0x11, 0x07, 0x97, 0xc4, 0x21, 0x10, 0xb8, 0x04, 0x0f, 0xa3, 0x05,
    0xba, 0x9c, 0x0f, 0xea, 0x00, 0x00, 0xc2, 0x20, 0x0f, 0xf4, 0x30, 0x07, 0xce, 0xca, 0xae, 0x79,
    0xbd, 0x30, 0x07, 0xfb, 0x08, 0x01, 0xff, 0x18, 0x02, 0x26, 0x47, 0x0e, 0xe9, 0x30, 0x0e, 0x12,
    0xdd, 0x79, 0x40, 0x80, 0x4b, 0x81, 0xda, 0xb5, 0xd8, 0x20, 0xb1, 0xe0, 0x48, 0xea, 0xe8, 0xc3,
    0x1e, 0x42, 0x53, 0x00, 0x0e, 0xd7, 0x71, 0x01, 0x65, 0x20, 0x03, 0x48, 0x18, 0xd8, 0x9d, 0xc0,
    0x06, 0x4a, 0x70, 0xec, 0x61, 0x26, 0xcb, 0xd2, 0x1c, 0xda, 0x88, 0x1f, 0xce, 0x98, 0x00, 0x6b,
    0x00, 0xc3, 0x02, 0x06, 0x20, 0x18, 0x4a, 0x40, 0x02, 0x01, 0xd2, 0xc2, 0x27, 0x00, 0xe3, 0x24,
    0x71, 0x00, 0x08, 0x04, 0x98, 0x44, 0x10, 0x95, 0x00, 0x6a, 0x8a, 0x48, 0xb3, 0x00, 0x0f, 0x41,
    0x0d, 0xe8, 0x60, 0x02, 0x60, 0x3c, 0xaa, 0x00, 0x70, 0x2c, 0x10, 0x0e, 0x13, 0x00, 0x8c, 0x40,
    0x39, 0x34, 0x40, 0x3f, 0x95, 0x4c, 0x06, 0x02, 0x01, 0xee, 0xa0, 0x10, 0x0f, 0xca, 0x66, 0x01,
    0x20, 0x0f, 0x92, 0xc0, 0x94, 0x00, 0xc8, 0x01, 0x69, 0x82, 0x68, 0x02, 0x88, 0x02, 0x21, 0x0a,
    0x47, 0x81, 0x70, 0x09, 0x68, 0x0a, 0xa5, 0xa4, 0x40, 0x3e, 0x5e, 0xe2, 0x00, 0x78, 0x02, 0xda,
    0x87, 0x60, 0x01, 0x7f, 0x70, 0x04, 0x02, 0x25, 0x59, 0xc1, 0x6b, 0x73, 0xfd, 0x84, 0x39, 0x8d,
    0xcd, 0x48, 0x46, 0x10, 0x0b, 0x1c, 0x03, 0xc6, 0xe0, 0x1c, 0xb3, 0x20, 0x01, 0xb6, 0x45, 0x18,
    0x02, 0xb2, 0x75, 0x00, 0x00, 0x65, 0xcb, 0xb2, 0x88, 0x05, 0xdf, 0xfb, 0x84, 0x02, 0x24, 0x68,
    0x9b, 0x00, 0x85, 0x1e, 0x6e, 0x54, 0x01, 0x1d, 0x3d, 0xfd, 0xc8, 0xa0, 0xad, 0xd4, 0xb2, 0xbf,
    0x29, 0x14, 0x01, 0xc6, 0x2c, 0x01, 0xf1, 0x0b, 0x00, 0x7d, 0x28, 0x40, 0x1c, 0x98, 0xd4, 0x01,
    0x24, 0xed, 0x26, 0x08, 0x04, 0xe3, 0x1f, 0x02, 0x00, 0x00, 0x16, 0x4b, 0xb1, 0x80, 0x62, 0xec,
    0x0f, 0x60, 0x0e, 0x25, 0x7b, 0x40, 0x09, 0xf7, 0x5d, 0xcd, 0x90, 0x09, 0x7f, 0x3d, 0x5e, 0x00,
    0x22, 0x20, 0xd1, 0xc0, 0x07, 0xad, 0x94, 0x80, 0x30, 0xd9, 0x6a, 0xd0, 0x04, 0x34, 0x32, 0x16,
    0xcd, 0x83, 0x28, 0x00, 0x71, 0x9e, 0x00, 0x00, 0xff, 0xe1, 0xde, 0xd4, 0x3a, 0x80, 0x7a, 0xfb,
    0xfd, 0xda, 0x01, 0xf1, 0xab, 0xcc, 0x00, 0x62, 0x45, 0x67, 0x89, 0x90, 0x06, 0x78, 0xec, 0xe1,
    0x61, 0x00, 0xcb, 0x97, 0x56, 0x91, 0x00, 0x0f, 0x8b, 0xed, 0xc0, 0x3e, 0x2f, 0x2a, 0x10, 0x0f,
    0x17, 0xaf, 0x3b, 0x00, 0x71, 0x7a, 0xc0, 0xf5, 0x80, 0x62, 0xf4, 0x80, 0x02, 0x15, 0xcd, 0x41,
    0x44, 0x80, 0x43, 0xa6, 0x3b, 0x80, 0x00, 0xac, 0x03, 0xfc, 0x80, 0x64, 0xca, 0x00, 0x6d, 0xc0,
    0xef, 0x15, 0x9a, 0x17, 0xef, 0x1e, 0xc3, 0x36, 0x10, 0x09, 0x90, 0x23, 0xc3, 0x0c, 0x08, 0x0c,
    0x0e, 0x8e, 0xfe, 0x08, 0x0e, 0xf0, 0xcb, 0x2c, 0xb2, 0x04, 0xa3, 0x80, 0x73, 0x88, 0x6a, 0xb0,
    0x01, 0x1b, 0x1d, 0x01, 0x67, 0x24, 0x33, 0xe6, 0xc0, 0x00, 0x00, 0x84, 0x80, 0x3f, 0xe6, 0x80,
    0x0f, 0xf8, 0x4c, 0x04, 0x85, 0x80, 0x23, 0x98, 0xd4, 0xde, 0x53, 0xdc, 0x30, 0x1f, 0xf0, 0xbf,
    0x71, 0xca, 0xeb, 0x44, 0x99, 0xf4, 0x8c, 0x40, 0x26, 0xf1, 0x00, 0xc7, 0x17, 0x96, 0xc0, 0x20,
    0x13, 0x53, 0x7f, 0xea, 0x90, 0x0a, 0x75, 0x10, 0xe8, 0x69, 0xcc, 0x20, 0xaa, 0xbf, 0x00, 0xfe,
    0x30, 0x00, 0x80, 0x62, 0x94, 0x10, 0x66, 0x74, 0xf0, 0x56, 0xe8, 0x68, 0x02, 0xad, 0x86, 0x0e,
    0x9e, 0xa1, 0x00, 0x00, 0xff, 0xe2, 0x1f, 0x88, 0x07, 0xf9, 0xc8, 0x40, 0x23, 0x10, 0x0e, 0x36,
    0x22, 0x00, 0x22, 0x40, 0x17, 0xbd, 0x0b, 0xdf, 0x83, 0x2c, 0x41, 0xfd, 0xe3, 0xb9, 0xa0, 0x84,
    0xf6, 0x08, 0x64, 0x06, 0x00, 0x62, 0x0b, 0x61, 0x00, 0x5b, 0x80, 0x61, 0x02, 0x45, 0x00, 0x2e,
    0x80, 0x4c, 0x60, 0x0b, 0x40, 0x50, 0x40, 0x08, 0x9c, 0x03, 0xa6, 0x80, 0x25, 0x32, 0x00, 0xcc,
    0x2c, 0x59, 0x76, 0xa0, 0x0e, 0x7e, 0x12, 0x8d, 0xa7, 0x00, 0xe0, 0x00, 0xff, 0x10, 0xc0, 0x07,
    0x36, 0x00, 0x6a, 0x71, 0x40, 0x0c, 0x2c, 0x01, 0xab, 0x61, 0x80, 0x37, 0x11, 0x04, 0x07, 0x3c,
    0x48, 0x73, 0x1a, 0xcc, 0xff, 0x50, 0xc4, 0x00, 0x03, 0x3f, 0xc1, 0xfb, 0xe8, 0x4c, 0x2a, 0x00,
    0x53, 0x64, 0x10, 0x13, 0x60, 0xb9, 0x00, 0xdf, 0x80, 0x19, 0xc1, 0xc8, 0x80, 0x01, 0x55, 0x00,
    0x46, 0x20, 0x3e, 0x40, 0x06, 0x42, 0x00, 0x10, 0x10, 0x00, 0x40, 0x03, 0x3e, 0x01, 0x2a, 0x80,
    0x3d, 0x04, 0x8b, 0x75, 0x1e, 0x01, 0xea, 0xf0, 0x4e, 0xcc, 0x20, 0x07, 0x00, 0xe1, 0x00, 0xfc,
    0x7e, 0x01, 0x92, 0x1d, 0x94, 0x66, 0xf8, 0x9f, 0xfd, 0xdc, 0x33, 0x7f, 0x88, 0xde, 0x23, 0x32,
    0x09, 0xc4, 0xca, 0x27, 0x4f, 0x7f, 0xd9, 0xfe, 0xef, 0xc6, 0x67, 0xe2, 0x33, 0x65, 0x86, 0x40,
    0x1c, 0x10, 0x04, 0x68, 0x40, 0x2b, 0x88, 0x02, 0x37, 0xbc, 0x05, 0x84, 0x02, 0x13, 0x30, 0x28,
    0xe4, 0x33, 0x1e, 0x48, 0x01, 0x90, 0x19, 0x8e, 0x13, 0x00, 0x00, 0xe1, 0x00, 0x85, 0x10, 0x01,
    0xed, 0x60, 0x05, 0x3c, 0x00, 0x21, 0x95, 0x9f, 0x67, 0x4e, 0xfc, 0x43, 0xfb, 0x3c, 0x93, 0xfa,
    0x20, 0x62, 0x0f, 0x13, 0x31, 0x29, 0x90, 0x80, 0x0e, 0x62, 0x30, 0xf6, 0xe2, 0x00, 0x07, 0xff,
    0xa8, 0xe7, 0x94, 0x00, 0x4c, 0xef, 0x99, 0x9c, 0x01, 0xce, 0xc0, 0x02, 0xc3, 0x54, 0x00, 0xd4,
    0xa0, 0x02, 0xd8, 0xa4, 0x00, 0xe6, 0x00, 0x84, 0xd4, 0x03, 0xae, 0xd2, 0xca, 0xce, 0xc0, 0x1c,
    0xda, 0x39, 0xd9, 0xc6, 0x01, 0x80, 0x00, 0xf0, 0x80, 0x7c, 0x3b, 0x00, 0x1c, 0x3a, 0xf2, 0x01,
    0x8f, 0x16, 0xc4, 0x02, 0x4d, 0xa9, 0x00, 0xcd, 0x54, 0x70, 0x0c, 0x33, 0x08, 0x01, 0xc2, 0xb6,
    0x40, 0x1e, 0xa4, 0xc4, 0x00, 0xf4, 0xca, 0xd8, 0x03, 0xcf, 0x53, 0x00, 0x1e, 0x5b, 0x69, 0x00,
    0xf2, 0x50, 0x00, 0x00, 0xf0, 0x80, 0x7e, 0x2f, 0x50, 0x0f, 0x1e, 0x22, 0x80, 0x72, 0x6c, 0xd0,
    0x30, 0x04, 0xf5, 0x47, 0x83, 0xd4, 0x09, 0xac, 0x40, 0xaf, 0x93, 0x33, 0x71, 0x00, 0x0a, 0x09,
    0xc8, 0xe0, 0x40, 0x24, 0x00, 0x0e, 0x86, 0x10, 0x07, 0x86, 0xd3, 0x10, 0x03, 0xe9, 0x95, 0xb0,
    0x07, 0xcf, 0x32, 0x70, 0x0f, 0x9a, 0x40, 0x20, 0x09, 0x50, 0x0e, 0x89, 0x00, 0x90, 0x40, 0x3b,
    0xc0, 0x31, 0x28, 0x07, 0xc2, 0x64, 0x22, 0x07, 0xed, 0xd4, 0xb7, 0x78, 0x90, 0x01, 0xb3, 0xbe,
    0x57, 0xf1, 0xdc, 0x00, 0x12, 0x32, 0x13, 0x00, 0x08, 0x18, 0x80, 0x61, 0x00, 0x85, 0xe4, 0x03,
    0xb8, 0x40, 0x0e, 0x42, 0x20, 0x0c, 0x9a, 0x00, 0x31, 0xc0, 0x0c, 0xe6, 0xa0, 0x12, 0x10, 0x04,
    0xf1, 0x40, 0x1a, 0x94, 0x00, 0x3d, 0x68, 0x01, 0x00, 0xff, 0x90, 0x01, 0x06, 0x01, 0xd2, 0xb4,
    0x6a, 0x0e, 0x20, 0x1c, 0xa0, 0x04, 0x02, 0x12, 0x00, 0xe7, 0x0a, 0x35, 0x62, 0x00, 0x3d, 0xd5,
    0x16, 0x36, 0xc0, 0x58, 0x00, 0x9d, 0x98, 0x25, 0xea, 0x02, 0x30, 0x01, 0xab, 0x31, 0xf4, 0xc4,
    0x02, 0x20, 0x0f, 0xfd, 0x22, 0x01, 0x98, 0x40, 0x22, 0x41, 0x10, 0x04, 0x24, 0xa0, 0x13, 0x16,
    0x00, 0x68, 0x41, 0x00, 0x8c, 0x54, 0x02, 0x77, 0x40, 0x07, 0x69, 0x00, 0x12, 0xb4, 0xc0, 0x30,
    0x09, 0xba, 0xad, 0x72, 0x00, 0xdd, 0xec, 0xdd, 0x00, 0x11, 0x9d, 0xe6, 0x62, 0x00, 0x7f, 0xf2,
    0x44, 0xc0, 0x3f, 0x34, 0x80, 0x7e, 0xf3, 0x00, 0xfd, 0xce, 0x80, 0x1c, 0x26, 0xcc, 0xbe, 0xcc,
    0x6f, 0x72, 0x82, 0x3a, 0xa6, 0x6d, 0xe9, 0x00, 0xfc, 0x22, 0x80, 0x0f, 0xe8, 0x42, 0x40, 0x99,
    0x44, 0x69, 0xfe, 0x86, 0x0e, 0x11, 0xc0, 0x25, 0x64, 0x40, 0x78, 0x99, 0xa2, 0x08, 0x01, 0xff,
    0xcf, 0x11, 0x00, 0x7f, 0xad, 0x80, 0x3f, 0xcc, 0x40, 0x1f, 0xe6, 0xe1, 0x00, 0xf0, 0x80, 0x21,
    0xbe, 0xea, 0x97, 0x9c, 0xe0, 0x02, 0xda, 0xdd, 0xd3, 0xac, 0x00, 0x00, 0xe1, 0x00, 0xff, 0x62,
    0x80, 0x7f, 0x2e, 0x00, 0xa8, 0x4d, 0xd4, 0xd1, 0xbe, 0xf7, 0x03, 0x7b, 0x3f, 0x38, 0xab, 0xec,
    0x11, 0x59, 0xa5, 0x9b, 0x00, 0xfe, 0x50, 0x60, 0x09, 0xc8, 0x00, 0xd2, 0xd0, 0x40, 0x52, 0x40,
    0x04, 0xcc, 0x31, 0x83, 0xa8, 0x04, 0x4a, 0xd0, 0x20, 0x2a, 0x40, 0x1f, 0x91, 0xf2, 0xa2, 0x2a,
    0x70, 0x0a, 0x77, 0x40, 0x16, 0x20, 0x00, 0x00, 0xff, 0xe4, 0x29, 0x50, 0x07, 0x0f, 0x10, 0x6a,
    0x1a, 0x00, 0x61, 0x54, 0x09, 0xd8, 0x4a, 0x98, 0x89, 0xef, 0x38, 0x04, 0x33, 0x80, 0x2b, 0x39,
    0xeb, 0x00, 0x33, 0xc4, 0x4e, 0xd8, 0x20, 0x1f, 0xd2, 0xe6, 0x01, 0x98, 0x40, 0x0c, 0xc5, 0xf1,
    0x00, 0x25, 0x88, 0x00, 0x80, 0xd4, 0x40, 0x06, 0x80, 0x12, 0x3c, 0x48, 0x04, 0x2a, 0x20, 0x1f,
    0xce, 0x19, 0x0c, 0xc7, 0x95, 0x00, 0x87, 0x20, 0x73, 0x1c, 0x2c, 0x01, 0x8a, 0x00, 0xff, 0xe3,
    0x98, 0x07, 0xe1, 0x00, 0xff, 0x08, 0x07, 0xff, 0x18, 0xfc, 0x03, 0xff, 0x88, 0x20, 0x1f, 0x87,
    0x14, 0xf0, 0x03, 0x16, 0x32, 0x52, 0x5b, 0xba, 0xf5, 0x2c, 0x4f, 0x4f, 0x75, 0x9b, 0x20, 0x00,
    0xa7, 0x00, 0xc2, 0x40, 0x01, 0x00, 0x89, 0x8b, 0x80, 0x21, 0x00, 0x15, 0x02, 0x30, 0x07, 0xa2,
    0xe5, 0x81, 0xcc, 0x02, 0x48, 0x10, 0x0f, 0xfe, 0x50, 0x80, 0x7c, 0x20, 0x1f, 0x87, 0x08, 0x74,
    0x03, 0x1e, 0x31, 0x53, 0xc2, 0xb5, 0x62, 0xd8, 0x35, 0x14, 0xe9, 0x6c, 0x00, 0x00, 0x00, 0xf0,
    0x88, 0x03, 0xfc, 0xd4, 0x01, 0x84, 0x8c, 0xc8, 0x8f, 0x74, 0x4d, 0x1f, 0xfc, 0x85, 0xdc, 0xff,
    0x4e, 0xe6, 0x2e, 0xd2, 0xb5, 0x4b, 0xb0, 0x04, 0x35, 0xd6, 0x01, 0xfa, 0x4f, 0xa9, 0x40, 0x3e,
    0x3c, 0x05, 0x12, 0x00, 0xf6, 0x4a, 0x40, 0x18, 0x07, 0x9e, 0xf9, 0x48, 0x40, 0x3e, 0x79, 0x28,
    0x00, 0xf9, 0x2b, 0x61, 0x40, 0x3e, 0x12, 0xc6, 0x00, 0xe0, 0x00, 0xff, 0x0a, 0x10, 0x07, 0xec,
    0x53, 0xa0, 0x80, 0x0c, 0x23, 0x10, 0x18, 0x88, 0x3c, 0x07, 0xfd, 0xdf, 0xf1, 0xdf, 0xbc, 0xe8,
    0x0f, 0x7f, 0xbb, 0x9a, 0x93, 0xbb, 0x40, 0x00, 0x40, 0x05, 0x7a, 0xa2, 0x01, 0xfd, 0xfb, 0xea,
    0x40, 0x1f, 0x88, 0xd8, 0xb3, 0x00, 0x1f, 0x88, 0x18, 0xac, 0x40, 0x3f, 0xb7, 0x5c, 0x44, 0x00,
    0xfe, 0x3b, 0xa0, 0xa0, 0x0f, 0xe4, 0xa8, 0xa2, 0x00, 0xfc, 0x3e, 0x5e, 0x80, 0x1e, 0x00, 0x89,
    0x00, 0x35, 0x20, 0x07, 0x3c, 0x00, 0x61, 0x00, 0xf9, 0xc0, 0x3f, 0x84, 0x88, 0xcc, 0x79, 0xa5,
    0x9e, 0xd5, 0xec, 0xa3, 0xff, 0xc7, 0x19, 0x85, 0xee, 0x42, 0xcc, 0x32, 0x83, 0x10, 0x80, 0x80,
    0x71, 0x91, 0x88, 0x07, 0xf4, 0xfa, 0x90, 0x07, 0x0b, 0x80, 0x2b, 0x6c, 0x03, 0xce, 0x44, 0x00,
    0xc2, 0x20, 0x0c, 0x69, 0xbb, 0xbb, 0x8e, 0x01, 0xd5, 0xdd, 0xb3, 0x98, 0x00, 0x00, 0xff, 0xe2,
    0x88, 0x80, 0x21, 0x93, 0x4b, 0x00, 0xd1, 0x20, 0x10, 0xb1, 0x7e, 0xa8, 0x06, 0xf0, 0x0e, 0x1e,
    0x75, 0x00, 0xde, 0x68, 0xce, 0x15, 0xcc, 0x0f, 0xbc, 0xcc, 0xfe, 0xff, 0x06, 0x72, 0x02, 0x77,
    0xb4, 0xe5, 0x4d, 0x0b, 0x29, 0x81, 0x98, 0x40, 0x38, 0x4c, 0x03, 0xfc, 0x5d, 0xae, 0x01, 0xfe,
    0x2e, 0xfa, 0x00, 0xfb, 0xb4, 0x02, 0x10, 0x0f, 0xca, 0x99, 0x54, 0xbb, 0x69, 0x00, 0x71, 0x64,
    0xee, 0xdd, 0x24, 0x00, 0x00, 0x13, 0x31, 0xe2, 0x68, 0x80, 0x30, 0xff, 0x7f, 0x9d, 0x80, 0x38,
    0xe6, 0x27, 0x13, 0x08, 0x03, 0xc5, 0x98, 0xa0, 0x0f, 0x97, 0xe1, 0x51, 0x54, 0xc4, 0xb5, 0x94,
    0x57, 0xb1, 0xf9, 0xe2, 0x2c, 0xfe, 0xc2, 0xcc, 0x54, 0xc8, 0xd1, 0x8c, 0x7e, 0x0c, 0x03, 0xf8,
    0xd4, 0x03, 0xfc, 0x4c, 0x01, 0xfe, 0x99, 0x64, 0xc1, 0x80, 0x79, 0x3e, 0x84, 0x40, 0x10, 0x00,
    0x2b, 0x3b, 0xa2, 0x60, 0x03, 0x8b, 0xfc, 0x02, 0xde, 0x0a, 0x01, 0x3c, 0xc1, 0xa5, 0x9b, 0xea,
    0x80, 0x67, 0x9f, 0x44, 0x65, 0x08, 0x00, 0x6b, 0x38, 0x51, 0x75, 0xd2, 0x6f, 0xd5, 0x59, 0xbd,
    0x9f, 0xa1, 0xfe, 0xce, 0x66, 0x75, 0x4c, 0xa0, 0x19, 0x08, 0x8b, 0x20, 0x1f, 0xc8, 0xe0, 0x1f,
    0xe3, 0x42, 0x00, 0xfe, 0x47, 0xda, 0x88, 0x00, 0x7d, 0x39, 0xa2, 0x01, 0x80, 0x00, 0xc2, 0x01,
    0xfe, 0x2e, 0x10, 0x0f, 0xe6, 0x21, 0x22, 0x00, 0x67, 0xba, 0x92, 0xfc, 0x70, 0x0c, 0x9d, 0xe2,
    0xfd, 0xc5, 0x00, 0xc6, 0xaa, 0x2b, 0x15, 0xcd, 0xd6, 0x30, 0x00, 0xc0, 0xc1, 0xff, 0xf2, 0x00,
    0x11, 0x00, 0x02, 0x32, 0x21, 0x90, 0x02, 0xfc, 0x09, 0x40, 0x3c, 0x66, 0x40, 0x7f, 0x00, 0xf5,
    0x28, 0x81, 0xb0, 0x80, 0x61, 0x7f, 0x00, 0x3b, 0xbf, 0x31, 0xb4, 0x16, 0xa0, 0x01, 0xbc, 0xf8,
    0xeb, 0x00, 0xa2, 0x40, 0x31, 0xab, 0x00, 0x62, 0xe0, 0x10, 0x07, 0xb5, 0x0c, 0x3c, 0x25, 0xef,
    0x00, 0x21, 0x78, 0x43, 0xc4, 0x55, 0xdc, 0x00, 0x23, 0x10, 0x44, 0x34, 0x98, 0xe6, 0x55, 0x49,
    0x10, 0x0b, 0x10, 0x01, 0xdf, 0xec, 0xe1, 0x00, 0x97, 0x00, 0x0c, 0xc5, 0x67, 0x00, 0x8c, 0x90,
    0x08, 0x40, 0x3e, 0xb5, 0x10, 0x95, 0x00, 0xf9, 0xbc, 0x00, 0xe2, 0x01, 0xe6, 0x04, 0x00, 0x55,
    0x2e, 0x6a, 0xcc, 0x0a, 0x04, 0x00, 0xdb, 0xae, 0xde, 0x20, 0x00, 0xff, 0xe1, 0x2e, 0x00, 0x78,
    0x44, 0x04, 0xa2, 0x46, 0xd0, 0x0f, 0xdf, 0x0d, 0xfe, 0x8f, 0xf0, 0x37, 0xf8, 0xb3, 0xb6, 0xe5,
    0xc0, 0x22, 0x33, 0x00, 0x7e, 0x44, 0xa7, 0x36, 0xd4, 0x02, 0xd4, 0xfc, 0xef, 0xe8, 0x60, 0x24,
    0x8b, 0x52, 0x22, 0xc5, 0x01, 0xdb, 0x00, 0x71, 0x80, 0x05, 0x00, 0x38, 0xee, 0xc0, 0x12, 0xc4,
    0x27, 0x30, 0xae, 0x01, 0x30, 0x03, 0xa7, 0xa0, 0x00, 0x00, 0xfe, 0x23, 0x70, 0x0d, 0x4a, 0x01,
    0xa4, 0x2c, 0x80, 0x27, 0x60, 0x01, 0x27, 0x57, 0x1e, 0xeb, 0x0b, 0xb9, 0xff, 0x0c, 0x90, 0xe7,
    0xd1, 0xff, 0xdb, 0x68, 0x01, 0x09, 0x72, 0x10, 0x80, 0x7f, 0x26, 0x24, 0xd4, 0xb0, 0x80, 0x62,
    0x38, 0xef, 0xec, 0xdd, 0x08, 0x05, 0x43, 0xf4, 0xc8, 0xb6, 0x28, 0x01, 0x66, 0x98, 0x07, 0x09,
    0x80, 0x48, 0x60, 0x1c, 0xa6, 0x80, 0x1c, 0xec, 0xc8, 0xbb, 0x51, 0x00, 0x77, 0xe6, 0x07, 0x7d,
    0x40, 0x20, 0x00, 0xf0, 0x80, 0x71, 0xc6, 0x7f, 0xba, 0x01, 0xfb, 0x81, 0x1d, 0xcd, 0x57, 0x4a,
    0xd8, 0x41, 0x03, 0x8a, 0x34, 0x00, 0xff, 0xe2, 0x72, 0x80, 0x70, 0xae, 0x3c, 0x80, 0x53, 0xbd,
    0x35, 0x82, 0x01, 0x5f, 0x73, 0x18, 0x00, 0x00, 0xf8, 0x40, 0x3c, 0x2b, 0x3b, 0xfd, 0xf6, 0x40,
    0xd7, 0xf2, 0x3d, 0xcf, 0xd2, 0xc2, 0xe3, 0xcc, 0x41, 0x88, 0x14, 0x95, 0x44, 0x08, 0x03, 0xe4,
    0x20, 0x0f, 0xf1, 0x18, 0x07, 0xf1, 0xae, 0x80, 0x7c, 0x2f, 0xae, 0x80, 0x11, 0x34, 0x5f, 0xd5,
    0xc0, 0x06, 0x3d, 0x2c, 0xdd, 0x28, 0x00, 0x00, 0xff, 0x8c, 0x80, 0x3f, 0xeb, 0x0e, 0x00, 0xff,
    0xb1, 0x28, 0x40, 0x31, 0x35, 0x66, 0xd8, 0xb3, 0x04, 0x0e, 0x33, 0x34, 0x76, 0xdd, 0x80, 0x2d,
    0x39, 0xea, 0x64, 0x36, 0xf5, 0x40, 0x07, 0xda, 0x80, 0x78, 0x8c, 0xc0, 0x01, 0x00, 0xff, 0x08,
    0x07, 0xfc, 0x86, 0x80, 0x1f, 0xe5, 0xa7, 0x20, 0x0e, 0x13, 0x58, 0xcb, 0x98, 0x00, 0xf3, 0xe4,
    0x15, 0x7b, 0x80, 0x7c, 0xdf, 0xb4, 0xc2, 0x01, 0x80, 0x00, 0xfe, 0x12, 0x14, 0x67, 0x9a, 0xbd,
    0xef, 0xec, 0x4e, 0xde, 0xe7, 0xf9, 0x97, 0x3f, 0x96, 0xae, 0x5d, 0x70, 0x6c, 0xc0, 0x3e, 0x26,
    0xb0, 0x0f, 0xea, 0x71, 0x00, 0xfe, 0x2e, 0x00, 0xff, 0xbc, 0x03, 0xfd, 0xec, 0x20, 0x1f, 0xca,
    0xac, 0x50, 0x0f, 0xeb, 0x5b, 0xec, 0x10, 0x0f, 0xa3, 0xaa, 0x44, 0x00, 0x00, 0xff, 0x08, 0x1a,
    0x33, 0xcd, 0x66, 0xf7, 0xf2, 0x7c, 0x67, 0xfc, 0x0d, 0x5d, 0xe9, 0x98, 0xa8, 0x6c, 0x6b, 0x40,
    0x81, 0x00, 0xc6, 0xf6, 0x07, 0x59, 0x00, 0x1a, 0x98, 0x40, 0xc9, 0xe8, 0x03, 0x2e, 0x80, 0x52,
    0x66, 0x00, 0xce, 0x40, 0x1f, 0xec, 0xb0, 0x0f, 0xf3, 0x05, 0x98, 0x07, 0xe1, 0xd1, 0xcd, 0xb0,
    0x0f, 0x86, 0xba, 0x34, 0x00, 0x06, 0x60, 0x07, 0xf5, 0x80, 0x71, 0x00, 0x18, 0xd4, 0x00, 0x31,
    0x86, 0x00, 0x99, 0x03, 0xf9, 0x61, 0x80, 0x18, 0xbb, 0x75, 0x44, 0x01, 0x49, 0xd5, 0x0c, 0x03,
    0x3a, 0x62, 0x00, 0x7a, 0x7c, 0x40, 0x3c, 0x42, 0x40, 0x1f, 0x18, 0xc8, 0x80, 0x71, 0x0d, 0x2f,
    0xe5, 0xe6, 0xff, 0x02, 0x6e, 0xa7, 0x66, 0x59, 0xa0, 0x00, 0xfe, 0x13, 0x00, 0x40, 0x80, 0x74,
    0x17, 0x88, 0x23, 0x80, 0x76, 0x4c, 0x90, 0x2a, 0xc0, 0x21, 0x91, 0x95, 0x50, 0x30, 0x28, 0xbf,
    0x83, 0x98, 0x06, 0xb8, 0xcd, 0xc9, 0x20, 0x0c, 0x38, 0x13, 0x44, 0x01, 0xeb, 0x0c, 0x40, 0x0f,
    0x91, 0xec, 0x40, 0x3f, 0x63, 0x88, 0x07, 0xf7, 0x21, 0x00, 0x7f, 0x32, 0xed, 0xcc, 0xd7, 0xac,
    0x01, 0x5e, 0x60, 0x46, 0xc8, 0x70, 0x00, 0x00, 0xc6, 0x20, 0x1f, 0xec, 0x30, 0x0f, 0xe3, 0x13,
    0x50, 0x10, 0x0a, 0x32, 0xf8, 0x7f, 0xc1, 0x38, 0x81, 0x51, 0xe1, 0x5d, 0x41, 0x13, 0x2a, 0x24,
    0x00, 0x28, 0x01, 0x5d, 0x73, 0xc0, 0x1f, 0x60, 0x11, 0xf0, 0x0a, 0x82, 0xb3, 0x80, 0x63, 0x00,
    0x86, 0x2c, 0x41, 0x1b, 0x80, 0x32, 0x3b, 0x0e, 0xeb, 0x8d, 0x64, 0x81, 0x68, 0x1d, 0x26, 0x38,
    0xc7, 0x10, 0x02, 0x27, 0x65, 0x94, 0x8a, 0x60, 0x09, 0x2b, 0xfd, 0x72, 0x08, 0x40, 0x05, 0x50,
    0x07, 0xfb, 0xc8, 0x00, 0x8a, 0x88, 0x56, 0x10, 0x63, 0x00, 0x17, 0x44, 0x27, 0x40, 0x04, 0xa0,
    0x06, 0xbc, 0xca, 0xc4, 0x40, 0x20, 0x1f, 0xc4, 0x60, 0x1f, 0xe7, 0x11, 0x00, 0x7f, 0xd0, 0x44,
    0xa0, 0x0f, 0x39, 0x29, 0x33, 0x00, 0x3c, 0x22, 0x40, 0x62, 0x74, 0x34, 0x64, 0x21, 0xc0, 0x2a,
    0xc9, 0xe9, 0xd2, 0x0b, 0x50, 0x02, 0x5e, 0xed, 0x6c, 0x00, 0xf7, 0x18, 0x07, 0xa0, 0x03, 0x09,
    0x00, 0x79, 0x4c, 0x63, 0x43, 0xf5, 0x80, 0x32, 0xc6, 0x05, 0x9f, 0x72, 0xa0, 0x02, 0xe4, 0xe8,
    0x15, 0x03, 0xe6, 0x20, 0x18, 0x26, 0x0c, 0xc0, 0x00, 0x88, 0xe1, 0x2f, 0x12, 0x4a, 0xa0, 0x09,
    0xc0, 0x09, 0x4a, 0x1e, 0xc2, 0xcc, 0x37, 0x10, 0x22, 0x05, 0x84, 0xef, 0x0f, 0x9b, 0x81, 0x4c,
    0x4c, 0x80, 0xa1, 0xd4, 0xb4, 0xfd, 0x0f, 0x50, 0x53, 0xb5, 0x72, 0x04, 0xf2, 0xcc, 0x01, 0x59,
    0xf8, 0x2c, 0x40, 0x00, 0xc2, 0x01, 0xff, 0xc1, 0xf4, 0x00, 0xff, 0xe0, 0xb0, 0x04, 0x20, 0x1c,
    0xd1, 0x42, 0x85, 0x3d, 0xf8, 0x40, 0x10, 0xfe, 0x08, 0x7f, 0xbb, 0x8b, 0x20, 0x13, 0xb9, 0x06,
    0xbd, 0x80, 0x10, 0x82, 0x01, 0xa4, 0xb4, 0x80, 0x21, 0x22, 0x00, 0x4c, 0xa2, 0x20, 0x0f, 0xe3,
    0x88, 0x38, 0x01, 0x6a, 0xe0, 0xc4, 0x07, 0xa0, 0x80, 0x07, 0x3d, 0x02, 0x25, 0x01, 0x56, 0x00,
    0x99, 0xd0, 0xcc, 0x94, 0xc1, 0x00, 0x2e, 0x08, 0x1d, 0xc6, 0xaf, 0x70, 0x09, 0xac, 0x06, 0xff,
    0xd8, 0x24, 0x20, 0x00, 0xff, 0xe1, 0xad, 0xff, 0xba, 0x88, 0x02, 0x1b, 0x9e, 0x84, 0xcd, 0xc4,
    0x00, 0x58, 0xe2, 0xf1, 0x11, 0xea, 0x82, 0x8f, 0x60, 0x05, 0xc0, 0x02, 0x2b, 0x6a, 0x88, 0x09,
    0xb8, 0x05, 0x9a, 0x5a, 0x00, 0x73, 0x20, 0x0e, 0x12, 0x00, 0x55, 0x80, 0x6c, 0x2c, 0xa1, 0x62,
    0x60, 0x09, 0x11, 0x6c, 0x3d, 0x36, 0x20, 0x06, 0xa8, 0x30, 0xdb, 0xd5, 0x0a, 0xeb, 0xb3, 0x80,
    0x05, 0x08, 0x01, 0xdb, 0xa5, 0x00, 0x08, 0x50, 0x0e, 0x95, 0x00, 0xc8, 0x20, 0x1c, 0x46, 0x01,
    0x89, 0x80, 0x8c, 0xe7, 0xe6, 0x60, 0x08, 0x10, 0x3f, 0xf7, 0x09, 0x70, 0x00, 0x44, 0x00, 0x2e,
    0x6e, 0x92, 0xe9, 0x81, 0x9c, 0x03, 0xff, 0x08, 0x80, 0x38, 0xc4, 0x02, 0x30, 0xb1, 0x05, 0x9a,
    0x5e, 0x00, 0x8d, 0xc0, 0x5f, 0xb7, 0x9d, 0xac, 0x80, 0x4b, 0x03, 0x39, 0x10, 0x2e, 0x78, 0x4a,
    0x08, 0x1d, 0x73, 0x49, 0x71, 0x44, 0x30, 0x60, 0xb9, 0x98, 0xc1, 0x00, 0x00, 0xff, 0x94, 0x01,
    0x22, 0x01, 0x86, 0x8e, 0x70, 0xc9, 0x84, 0x03, 0x94, 0x89, 0x4e, 0xc6, 0x00, 0x11, 0x00, 0x45,
    0xc0, 0x84, 0xc0, 0x0a, 0xef, 0xe0, 0xe9, 0x60, 0xed, 0x00, 0x5f, 0xfc, 0x19, 0x85, 0x01, 0x10,
    0x07, 0xfc, 0x66, 0x00, 0xf0, 0x98, 0x04, 0x27, 0x20, 0x04, 0x77, 0x00, 0x80, 0x43, 0x5e, 0x15,
    0xc2, 0x20, 0xd6, 0x00, 0x19, 0x90, 0x12, 0x99, 0x81, 0x17, 0x21, 0xe6, 0x40, 0x56, 0xf4, 0x6d,
    0x98, 0x05, 0xb0, 0x06, 0xeb, 0xf7, 0xc0, 0x54, 0x00, 0x00, 0xff, 0x45, 0x10, 0x48, 0x80, 0x61,
    0xa4, 0xfb, 0xb1, 0x30, 0x80, 0x72, 0xb6, 0x5e, 0x31, 0x80, 0x04, 0x40, 0x10, 0xf7, 0x14, 0x98,
    0x01, 0x5d, 0xfc, 0x1d, 0x22, 0x1d, 0xa0, 0x0b, 0xff, 0x83, 0x30, 0xa0, 0x22, 0x00, 0xff, 0x8c,
    0xc0, 0x1e, 0x13, 0x00, 0x84, 0xe4, 0x00, 0x8e, 0xe0, 0x10, 0x08, 0x6b, 0xc2, 0xb8, 0x44, 0x1a,
    0xc0, 0x03, 0x32, 0x02, 0x53, 0x30, 0x22, 0xe4, 0x3c, 0xc8, 0x0a, 0xde, 0x8d, 0xb3, 0x00, 0xb6,
    0x00, 0xdd, 0x7e, 0xf8, 0x0a, 0x80, 0x00, 0xe2, 0x00, 0x10, 0x80, 0x49, 0x37, 0xbf, 0xc0, 0x08,
    0x60, 0x09, 0xfb, 0x8e, 0xb8, 0x00, 0xdc, 0x00, 0x8d, 0xc5, 0xec, 0x02, 0x24, 0x20, 0x0d, 0x3c,
    0x20, 0x10, 0x85, 0x80, 0x4a, 0xc6, 0x01, 0x9d, 0x5d, 0x00, 0x1f, 0x80, 0x1c, 0xc7, 0x74, 0x20,
    0xc6, 0x01, 0xda, 0x2b, 0x42, 0x00, 0x10, 0x0e, 0x5c, 0x04, 0x00, 0x2f, 0x00, 0x68, 0x04, 0x00,
    0xd6, 0xd8, 0xf1, 0x8d, 0xc0, 0x1c, 0x59, 0x7a, 0x57, 0xe6, 0x01, 0x80, 0x00, 0xff, 0x90, 0x03,
    0xfc, 0x8d, 0xc4, 0x8d, 0x15, 0xb2, 0x00, 0xe7, 0xa9, 0x7c, 0xff, 0x3b, 0xa0, 0x00, 0xaa, 0xe3,
    0x58, 0x91, 0x6a, 0x10, 0x01, 0x69, 0x00, 0x43, 0x72, 0x01, 0x85, 0x0c, 0x02, 0x64, 0x20, 0x0d,
    0xe9, 0xe0, 0x15, 0x68, 0x07, 0x7e, 0xbd, 0x00, 0x09, 0x40, 0x38, 0xca, 0xb0, 0x04, 0x03, 0xc2,
    0xaa, 0x16, 0x01, 0x12, 0x00, 0x68, 0x51, 0x00, 0xd3, 0x6e, 0x8b, 0x6f, 0x20, 0x1c, 0xf7, 0x6a,
    0x92, 0xc2, 0x00, 0xc0, 0x00, 0xff, 0x23, 0x00, 0x7f, 0x8f, 0x8e, 0x11, 0xa2, 0xb6, 0x40, 0x1c,
    0xa4, 0xc3, 0x9f, 0xe7, 0x74, 0x00, 0x14, 0x3a, 0xe2, 0x12, 0x2d, 0x42, 0x00, 0x2d, 0x68, 0x10,
    0x1b, 0x90, 0x0c, 0x28, 0x60, 0x13, 0x21, 0x00, 0x6f, 0x4f, 0x00, 0xab, 0x40, 0x3b, 0xf5, 0xe8,
    0x00, 0x4a, 0x01, 0xc6, 0x55, 0x80, 0x20, 0x1e, 0x15, 0x50, 0xb0, 0x08, 0x90, 0x03, 0x42, 0x88,
    0x06, 0x9b, 0x74, 0x5b, 0x79, 0x00, 0xe7, 0xbb, 0x54, 0x96, 0x10, 0x06, 0x00, 0xe8, 0x71, 0x00,
    0xff, 0xaf, 0x7d, 0x80, 0x3f, 0xc7, 0x51, 0x28, 0x01, 0xff, 0x7c, 0xa0, 0x07, 0xf2, 0x1c, 0xb0,
    0x07, 0xf8, 0xb8, 0x80, 0x04, 0x20, 0x1f, 0x35, 0x78, 0x85, 0xd8, 0x03, 0x9a, 0x01, 0xdd, 0x01,
    0x08, 0x80, 0x0a, 0x2e, 0xc0, 0x08, 0x61, 0x14, 0x40, 0x0b, 0x13, 0xcc, 0x00, 0x60, 0x60, 0xc4,
    0x85, 0x78, 0x51, 0x75, 0xe6, 0x40, 0x0a, 0x50, 0x70, 0x05, 0x76, 0x5e, 0x00, 0x48, 0x20, 0x00,
    0xe8, 0x30, 0x0f, 0xf8, 0x7f, 0x68, 0x80, 0x8d, 0xc0, 0x38, 0x5f, 0xc3, 0x02, 0x5e, 0xc8, 0x03,
    0xe7, 0xa0, 0x9d, 0xe3, 0x00, 0xe5, 0x1d, 0x40, 0x29, 0x21, 0x00, 0xc3, 0x32, 0x00, 0x84, 0x03,
    0xe1, 0xd5, 0x80, 0x1c, 0x40, 0x0e, 0x83, 0x1e, 0x63, 0x18, 0x90, 0x08, 0x69, 0x08, 0x09, 0xa4,
    0x14, 0x5c, 0x13, 0x03, 0x44, 0x01, 0xae, 0x00, 0x9a, 0x00, 0x5d, 0x0d, 0x4c, 0xad, 0x40, 0x0b,
    0x60, 0x8c, 0x00, 0xee, 0xae, 0x00, 0x26, 0x00, 0x00, 0xe8, 0x30, 0x0f, 0xf8, 0x7f, 0x68, 0x81,
    0x2e, 0xc2, 0x01, 0x85, 0xfc, 0x30, 0x3a, 0xf9, 0xc0, 0x3e, 0x7a, 0x0c, 0xae, 0x40, 0x0e, 0x51,
    0xd4, 0x06, 0xbb, 0x10, 0x06, 0x19, 0x90, 0x04, 0x22, 0x00, 0xf0, 0xea, 0xc0, 0x0e, 0x20, 0x07,
    0x41, 0x8f, 0x31, 0x8c, 0x48, 0x04, 0x34, 0x84, 0x04, 0xd2, 0x0a, 0x2e, 0x09, 0x81, 0xa2, 0x00,
    0xd7, 0x00, 0x4d, 0x00, 0x2e, 0x86, 0xa6, 0x56, 0xa0, 0x05, 0xb0, 0x46, 0x00, 0x77, 0x57, 0x00,
    0x13, 0x00, 0x00, 0xc5, 0x92, 0x01, 0xfe, 0x1f, 0x64, 0xa0, 0x0f, 0xea, 0x7a, 0xc7, 0x80, 0x0f,
    0xa5, 0xac, 0x07, 0xd9, 0x80, 0x1c, 0xee, 0xe1, 0x00, 0x15, 0x4a, 0x80, 0x43, 0x70, 0x60, 0x19,
    0x26, 0x94, 0x00, 0x3a, 0xc0, 0x1e, 0x68, 0xa5, 0x00, 0x08, 0x07, 0xe7, 0x75, 0x10, 0x07, 0xfd,
    0x18, 0x40, 0x00, 0xff, 0x84, 0x03, 0xfe, 0x41, 0xc1, 0x00, 0xe1, 0x84, 0x00, 0x7a, 0xd4, 0x80,
    0x61, 0xd5, 0xb5, 0x09, 0x87, 0xb0, 0x0d, 0x6f, 0xb7, 0x63, 0x2c, 0x03, 0x00, 0x9d, 0xd4, 0x09,
    0x1a, 0x40, 0x1c, 0xd1, 0xc2, 0x00, 0x67, 0xf1, 0x00, 0x8a, 0x64, 0x60, 0x1a, 0x5f, 0x44, 0x00,
    0x58, 0xc0, 0x1e, 0xb0, 0xd1, 0x00, 0x18, 0x07, 0xc3, 0xa1, 0x82, 0x01, 0xfe, 0x1d, 0xb1, 0x00,
    0xfe, 0x5b, 0xb1, 0x00, 0x70, 0xc2, 0x00, 0x3a, 0xfd, 0x40, 0x30, 0xea, 0xda, 0x81, 0x36, 0x90,
    0x06, 0xb7, 0xdb, 0xb1, 0xc9, 0xd2, 0x80, 0x4e, 0xea, 0x04, 0x8d, 0x25, 0x30, 0x09, 0xa3, 0x84,
    0x00, 0xcf, 0xe2, 0x01, 0x14, 0xc8, 0xc0, 0x34, 0xbe, 0x88, 0x00, 0xb1, 0x80, 0x3d, 0x61, 0xa2,
    0x00, 0x30, 0x0f, 0x87, 0x43, 0x04, 0x03, 0xfc, 0x3b, 0x62, 0x07, 0x50, 0x0f, 0x09, 0x08, 0x02,
    0xc4, 0x01, 0xdd, 0x7e, 0x72, 0x00, 0x09, 0x80, 0x1d, 0xd1, 0x7e, 0x28, 0x08, 0x10, 0x07, 0xf8,
    0x88, 0x00, 0x3b, 0xb8, 0xff, 0x6c, 0x19, 0xc0, 0x05, 0xff, 0x1c, 0x7d, 0x00, 0x04, 0x40, 0x28,
    0x90, 0xb1, 0x08, 0x18, 0x58, 0x81, 0xbc, 0x0b, 0x80, 0x46, 0xe2, 0x25, 0xf2, 0xe0, 0xb9, 0x10,
    0x12, 0xd0, 0xca, 0x56, 0x1a, 0x0c, 0x15, 0x04, 0x0a, 0x8a, 0xb2, 0x49, 0x81, 0x14, 0x18, 0x1f,
    0xf7, 0xf8, 0x41, 0x40, 0x00, 0xff, 0x90, 0x05, 0xc4, 0x03, 0xc3, 0x38, 0x85, 0x22, 0x0b, 0x97,
    0x6c, 0xc3, 0x59, 0x32, 0x80, 0x13, 0xe3, 0x43, 0x38, 0xd8, 0x88, 0x00, 0x13, 0x31, 0x38, 0x88,
    0x01, 0xdc, 0x00, 0x34, 0x43, 0x9a, 0x6d, 0x00, 0xc8, 0x00, 0x5f, 0xe3, 0x0f, 0xf2, 0x80, 0x88,
    0x00, 0x8e, 0xea, 0x16, 0x41, 0x07, 0x18, 0x00, 0x12, 0xa8, 0x40, 0x33, 0xf7, 0x02, 0x7b, 0x70,
    0xac, 0xc0, 0x02, 0x8e, 0x0d, 0x91, 0x01, 0xcd, 0x60, 0x23, 0x10, 0x4a, 0x79, 0x57, 0xd0, 0x06,
    0x58, 0x02, 0xb3, 0xf6, 0x80, 0xd8, 0x00, 0x00, 0xff, 0x4d, 0x38, 0xb8, 0x80, 0x7c, 0x75, 0xa5,
    0x22, 0x0b, 0x97, 0x6c, 0xe7, 0xaf, 0x65, 0x00, 0x27, 0xc6, 0x87, 0xed, 0x29, 0x10, 0x00, 0x26,
    0x62, 0x71, 0x00, 0xbb, 0x80, 0x06, 0x88, 0x73, 0x4d, 0xa0, 0x19, 0x00, 0x0b, 0xfc, 0x61, 0xfe,
    0x50, 0x11, 0x00, 0x11, 0xdd, 0x42, 0xc8, 0x20, 0xe3, 0x00, 0x02, 0x55, 0x08, 0x06, 0x7e, 0xe0,
    0x4f, 0x6e, 0x15, 0x98, 0x00, 0x51, 0xc1, 0xb2, 0x20, 0x39, 0xac, 0x04, 0x62, 0x09, 0x4f, 0x2a,
    0xfa, 0x00, 0xcb, 0x00, 0x56, 0x7e, 0xd0, 0x1b, 0x00, 0x00, 0xe2, 0x00, 0xfe, 0x2d, 0x00, 0xe3,
    0x76, 0x57, 0x15, 0x78, 0x70, 0x1f, 0xfb, 0x87, 0x3f, 0xc6, 0x05, 0x13, 0x52, 0x33, 0x0e, 0x80,
    0x90, 0xcc, 0x50, 0x78, 0x99, 0x03, 0xff, 0xda, 0x3e, 0x1f, 0xa0, 0x6f, 0x32, 0xb0, 0x88, 0x32,
    0x00, 0x05, 0xa2, 0x40, 0x80, 0x31, 0x67, 0xf7, 0x86, 0x59, 0x80, 0x11, 0xe5, 0x9c, 0x33, 0x1a,
    0xe0, 0xa8, 0xed, 0x44, 0x47, 0xde, 0x03, 0xdf, 0xf1, 0x78, 0x00, 0xe4, 0x00, 0x00, 0x1a, 0x21,
    0x58, 0xc0, 0x3e, 0x88, 0x7f, 0xa5, 0x40, 0x3e, 0xbc, 0xbe, 0x26, 0x00, 0xff, 0x7d, 0x80, 0x04,
    0xc0, 0x3c, 0x8a, 0xe0, 0x05, 0xf0, 0x08, 0xef, 0xac, 0x3f, 0x18, 0x9c, 0x00, 0x9d, 0xcc, 0x1f,
    0xf4, 0xec, 0x80, 0x84, 0x41, 0x69, 0xc4, 0x4b, 0x66, 0xb8, 0x24, 0xe4, 0xd6, 0x01, 0x21, 0x7a,
    0x8a, 0xf7, 0xb1, 0x00, 0x0a, 0x60, 0x60, 0x2a, 0x91, 0x00, 0x03, 0x62, 0xb0, 0x04, 0x2c, 0xa0,
    0x01, 0xcb, 0x80, 0x0c, 0x00, 0x88, 0x03, 0xfe, 0xd3, 0x00, 0xf8, 0x84, 0x66, 0x57, 0x02, 0x50,
    0x05, 0x67, 0x8c, 0xf8, 0x80, 0xc4, 0x02, 0x37, 0x87, 0xa9, 0x80, 0xfd, 0x60, 0x12, 0x84, 0x03,
    0x8b, 0xf4, 0xa7, 0x8d, 0xc0, 0x38, 0x95, 0x54, 0x8a, 0x60, 0x1f, 0x7f, 0x81, 0x48, 0x03, 0x32,
    0x85, 0x36, 0x8a, 0x00, 0x6e, 0xc0, 0x2f, 0xa6, 0x00, 0xe3, 0x10, 0x00, 0xa2, 0x25, 0xdd, 0x38,
    0xb4, 0x01, 0x1e, 0x77, 0xfb, 0xa7, 0xc8, 0x00, 0x00, 0x08, 0x06, 0xc4, 0x00, 0xcb, 0xa0, 0x18,
    0xd4, 0x03, 0x21, 0x11, 0xef, 0x42, 0x0c, 0x02, 0x15, 0xcd, 0xf7, 0x6e, 0xd6, 0x00, 0x32, 0xaa,
    0x91, 0x14, 0xfb, 0x04, 0x48, 0xd5, 0x25, 0x23, 0x03, 0x4a, 0xa3, 0x1b, 0x44, 0xd0, 0x05, 0xa4,
    0x78, 0x12, 0x82, 0xc0, 0x17, 0x98, 0x08, 0x28, 0x19, 0x00, 0x05, 0x73, 0x11, 0x35, 0x76, 0x30,
    0x1a, 0x65, 0x7b, 0x1c, 0x55, 0x3d, 0x78, 0xd0, 0x01, 0xa0, 0x80, 0x07, 0xb9, 0x42, 0x00, 0x00,
    0xc2, 0x01, 0xfe, 0x1e, 0x20, 0x0f, 0xe3, 0x12, 0x00, 0xf2, 0x76, 0x48, 0x4d, 0x38, 0x06, 0x4f,
    0xf1, 0x13, 0xfc, 0x80, 0x1c, 0x27, 0xc8, 0xca, 0x60, 0x19, 0x98, 0x7b, 0xe2, 0x45, 0x61, 0x01,
    0xe7, 0xac, 0x7e, 0x29, 0x5c, 0x82, 0xd6, 0x1d, 0xf7, 0x1c, 0x19, 0x04, 0x02, 0x10, 0x0f, 0x8c,
    0x02, 0x6c, 0x00, 0xd2, 0x44, 0x00, 0xbd, 0xe9, 0xe3, 0x1a, 0x40, 0x32, 0x69, 0x70, 0xd7, 0xa0,
    0x00, 0x00, 0xc3, 0x44, 0x01, 0xc3, 0x44, 0x3f, 0x20, 0x1c, 0x27, 0x62, 0x4f, 0xdc, 0xb1, 0x00,
    0x63, 0x7f, 0x7f, 0x70, 0xa0, 0xf2, 0x11, 0xa4, 0xc0, 0x1e, 0x47, 0x5b, 0x2c, 0x2e, 0xcf, 0x1c,
    0x0c, 0x04, 0xa8, 0x7d, 0xf4, 0xa0, 0x1b, 0x79, 0x22, 0x08, 0x01, 0xce, 0x82, 0x01, 0xf8, 0x51,
    0x00, 0x1f, 0xd6, 0xa0, 0x18, 0x00, 0xf1, 0x00, 0x7f, 0xc3, 0xee, 0x01, 0xf4, 0x48, 0x0e, 0x5a,
    0x00, 0x7a, 0x9c, 0x81, 0x1a, 0x7f, 0xa0, 0x02, 0x27, 0xed, 0xec, 0xff, 0x62, 0x38, 0x1c, 0xb9,
    0xcd, 0xb1, 0x01, 0x56, 0x07, 0x06, 0x36, 0x80, 0x76, 0x10, 0x6c, 0x95, 0x38, 0xc5, 0xd6, 0x3d,
    0x80, 0x63, 0x27, 0x9f, 0xc9, 0xd2, 0x00, 0xeb, 0xd1, 0x46, 0x50, 0x0f, 0x95, 0x04, 0x03, 0xfc,
    0x44, 0x70, 0x0f, 0xfa, 0xcc, 0x03, 0x80, 0x00, 0xe6, 0x30, 0x0d, 0xc4, 0x00, 0xfa, 0x20, 0x00,
    0x81, 0x26, 0x22, 0x3e, 0xc4, 0xc9, 0x63, 0xa1, 0xf4, 0xe0, 0x45, 0x3a, 0x40, 0x15, 0x38, 0x14,
    0x10, 0x00, 0xc0, 0x06, 0x20, 0x90, 0xfb, 0xc1, 0x08, 0x42, 0x13, 0x6f, 0x7a, 0x30, 0x18, 0x05,
    0x67, 0x3d, 0x62, 0x04, 0x0b, 0x5c, 0xa6, 0x01, 0xcb, 0x84, 0x01, 0x80, 0x00, 0xf0, 0x80, 0x7f,
    0xd4, 0xa0, 0x1d, 0x88, 0x01, 0x16, 0x08, 0x06, 0x16, 0x04, 0xc7, 0x77, 0xe1, 0x80, 0x08, 0x91,
    0xfe, 0x84, 0xe9, 0xd2, 0x12, 0x62, 0xb3, 0x30, 0x82, 0xbd, 0x19, 0xaa, 0xc0, 0x3d, 0xe4, 0x03,
    0x60, 0x60, 0x62, 0x00, 0xe3, 0x30, 0x2a, 0xb8, 0xb8, 0x80, 0x9b, 0x44, 0x81, 0x2f, 0x18, 0xab,
    0x65, 0x02, 0x0c, 0x1a, 0x00, 0xf7, 0x4e, 0x00, 0x51, 0x03, 0x8b, 0x97, 0x20, 0x0f, 0x54, 0x28,
    0x07, 0x00, 0xce, 0xa0, 0x1f, 0xb8, 0x80, 0x3f, 0xb2, 0x6a, 0x80, 0x1e, 0x1c, 0xf9, 0x00, 0xf6,
    0xaa, 0x8c, 0x03, 0x84, 0x03, 0xcb, 0x7a, 0xd6, 0x80, 0x11, 0xc4, 0xec, 0x84, 0x61, 0x00, 0x42,
    0x58, 0x99, 0x7e, 0x07, 0x7f, 0xe1, 0x90, 0x7c, 0x00, 0x00, 0xeb, 0x80, 0x0f, 0xe1, 0xf0, 0x0f,
    0xf7, 0x1a, 0x2a, 0x00, 0x71, 0xbf, 0xc7, 0x10, 0x07, 0xa7, 0x31, 0x6c, 0x01, 0xef, 0x00, 0xfe,
    0x11, 0x00, 0x71, 0x4e, 0x6b, 0x29, 0x80, 0x43, 0xe3, 0xfe, 0x71, 0xdc, 0x40, 0x23, 0x83, 0x21,
    0x7e, 0xbb, 0x41, 0x9a, 0xdd, 0xcd, 0x80, 0xf9, 0xe1, 0x9b, 0xdc, 0xb6, 0x00, 0x1b, 0x80, 0x00,
    0x35, 0xc2, 0x90, 0x07, 0x3f, 0x07, 0x67, 0x00, 0x4e, 0x6b, 0x17, 0xde, 0x01, 0x4b, 0x00, 0x61,
    0x00, 0x85, 0x40, 0x04, 0x62, 0x00, 0x21, 0x09, 0xef, 0xfa, 0x41, 0x83, 0x3b, 0xf7, 0x3d, 0x60,
    0x83, 0x9c, 0x40, 0x03, 0x2a, 0xfa, 0x60, 0x1c, 0x62, 0x23, 0x00, 0xe4, 0x8a, 0x00, 0x3c, 0x42,
    0xb6, 0xa5, 0x80, 0x06, 0x00, 0xd9, 0xf7, 0x00, 0x01, 0x10, 0x07, 0xe9, 0x80, 0x14, 0x30, 0x0c,
    0x5e, 0x79, 0xfb, 0x60, 0x13, 0x07, 0xfa, 0xfd, 0xdc, 0x00, 0x1b, 0xf2, 0x01, 0x9a, 0x00, 0x1a,
    0x18, 0x04, 0xe4, 0x00, 0x1c, 0x00, 0xc6, 0x02, 0x00, 0x70, 0x0c, 0x60, 0x20, 0x80, 0x1c, 0x86,
    0x00, 0xb2, 0x00, 0x86, 0xe8, 0x03, 0xc7, 0x8e, 0xc0, 0x11, 0x3e, 0x6d, 0x50, 0x03, 0x1f, 0x57,
    0xb8, 0x04, 0x00, 0x1a, 0x21, 0x54, 0xce, 0x20, 0x15, 0xff, 0xd9, 0x72, 0x40, 0x14, 0x5d, 0xa8,
    0x45, 0x86, 0x01, 0xc3, 0x45, 0xa4, 0x01, 0xc5, 0xa3, 0x88, 0x40, 0x18, 0xfc, 0x89, 0xd9, 0xf4,
    0x20, 0xbb, 0x5d, 0x31, 0x3a, 0x30, 0x77, 0xae, 0x24, 0x01, 0x43, 0x9f, 0x9b, 0x64, 0xe9, 0x83,
    0x80, 0x04, 0x2f, 0xae, 0x78, 0x7d, 0xc0, 0x25, 0xf7, 0x22, 0x78, 0xc0, 0x05, 0x10, 0xff, 0x46,
    0xd0, 0x80, 0x00, 0xc2, 0x01, 0xff, 0xc1, 0xf4, 0x00, 0xff, 0xe0, 0xb0, 0x07, 0xf3, 0xcd, 0x0a,
    0x0c, 0x77, 0xc8, 0x07, 0x76, 0x09, 0xe7, 0xfb, 0x18, 0x40, 0x27, 0x72, 0x0c, 0x7b, 0x89, 0x80,
    0x7d, 0x23, 0xe4, 0x00, 0x21, 0x10, 0x06, 0x65, 0x22, 0x00, 0x42, 0x60, 0x18, 0xe2, 0x0e, 0x01,
    0x99, 0x80, 0x10, 0xf4, 0x10, 0x07, 0x18, 0x80, 0x04, 0x4a, 0xc0, 0x1e, 0x16, 0x38, 0x90, 0x80,
    0x17, 0x00, 0xca, 0x58, 0x74, 0x01, 0x35, 0x80, 0x62, 0xee, 0x59, 0x00, 0x00, 0x11, 0x9c, 0x88,
    0x50, 0x0d, 0x1d, 0xf1, 0xf5, 0x66, 0x01, 0x56, 0xe5, 0xe1, 0xe1, 0x80, 0x7a, 0x73, 0x04, 0x01,
    0xc3, 0x45, 0xc8, 0x60, 0x18, 0xb5, 0x47, 0x73, 0xac, 0x41, 0x31, 0x7a, 0xa2, 0x74, 0x20, 0xee,
    0x24, 0x40, 0x37, 0x21, 0xe3, 0x00, 0x78, 0xc4, 0x0c, 0x03, 0xc7, 0x16, 0x01, 0x2b, 0xba, 0x73,
    0x65, 0xc0, 0x21, 0xee, 0x0c, 0xfb, 0x80, 0x00, 0xff, 0xe0, 0x9f, 0x00, 0x7f, 0x88, 0x03, 0xe8,
    0xcd, 0x11, 0x3d, 0xd9, 0x80, 0x15, 0xb0, 0x3a, 0x33, 0x1b, 0x20, 0x43, 0x4f, 0xac, 0x47, 0x4e,
    0x21, 0x03, 0xa2, 0x01, 0x09, 0x99, 0x51, 0x44, 0x03, 0x21, 0x97, 0x78, 0x07, 0x2d, 0x40, 0x51,
    0x80, 0x4b, 0xd3, 0x6c, 0x02, 0x18, 0x60, 0x99, 0x85, 0x00, 0x00, 0xc2, 0x01, 0xff, 0xbd, 0x00,
    0x3f, 0xf3, 0x00, 0x7e, 0x79, 0xa1, 0x40, 0x14, 0x53, 0x00, 0xdd, 0x82, 0x95, 0xfe, 0xed, 0xa1,
    0x07, 0x72, 0x07, 0xe7, 0x5d, 0xbd, 0xa0, 0x02, 0x90, 0xf6, 0x00, 0x86, 0x1c, 0x00, 0xca, 0x44,
    0x00, 0xe7, 0x10, 0x38, 0x83, 0x80, 0x79, 0x4c, 0x7a, 0x08, 0x03, 0xc7, 0x14, 0x2a, 0xc0, 0x18,
    0x52, 0x72, 0x58, 0x20, 0x05, 0xc0, 0x09, 0x41, 0x8e, 0x01, 0x9a, 0xc0, 0x0b, 0xd2, 0x60, 0x00,
    0x01, 0x77, 0x44, 0x24, 0x40, 0x38, 0x7b, 0xfc, 0x0e, 0x20, 0x1e, 0x98, 0x7f, 0x70, 0x0f, 0xe5,
    0xa7, 0xc9, 0x30, 0x0c, 0x7b, 0xc7, 0x9d, 0xfa, 0xa0, 0x03, 0xe9, 0xd4, 0x22, 0x35, 0x58, 0x8b,
    0xa5, 0x2b, 0x80, 0x24, 0x24, 0x77, 0x21, 0x92, 0x00, 0x66, 0x3c, 0xf0, 0x99, 0x36, 0xea, 0x01,
    0x8c, 0x35, 0xdc, 0xd1, 0x9a, 0x72, 0x49, 0xcb, 0x7c, 0x25, 0x0c, 0x0f, 0x42, 0x9b, 0x86, 0x1b,
    0xdc, 0xdf, 0x40, 0x00, 0x96, 0x66, 0xaa, 0x48, 0x07, 0x9b, 0x37, 0xdc, 0x28, 0x03, 0xc6, 0x99,
    0x09, 0x80, 0x1f, 0x2e, 0x14, 0x60, 0x7d, 0x00, 0x43, 0x53, 0xde, 0x2c, 0xcc, 0x74, 0x00, 0x0e,
    0x62, 0x48, 0xf4, 0x44, 0x01, 0xcc, 0x00, 0xe3, 0x06, 0xc7, 0x40, 0x0e, 0xc7, 0xe7, 0xfe, 0xa0,
    0x0e, 0x88, 0x54, 0xcb, 0x69, 0x80, 0x34, 0xa3, 0x4b, 0x4f, 0xe6, 0x42, 0x12, 0x59, 0x19, 0x05,
    0x4b, 0x4f, 0x01, 0xd4, 0x00, 0x19, 0xf0, 0x0a, 0x38, 0x00, 0xc4, 0x20, 0x1f, 0xee, 0x50, 0x0f,
    0x1c, 0x3b, 0x1e, 0x45, 0x62, 0x00, 0x6f, 0xa3, 0xff, 0xa1, 0x40, 0x07, 0x12, 0x3c, 0xee, 0x54,
    0x11, 0x00, 0x50, 0x31, 0x8c, 0x05, 0x3e, 0x40, 0xcc, 0xb8, 0x8a, 0xfc, 0x70, 0x96, 0x2d, 0xcf,
    0x87, 0x36, 0x08, 0x12, 0x90, 0xb3, 0x50, 0xc0, 0x30, 0xa0, 0x75, 0xb8, 0x07, 0xf1, 0xa0, 0x4a,
    0x80, 0x7c, 0x9c, 0xe8, 0xd1, 0x28, 0x01, 0xae, 0x7f, 0xdc, 0x1c, 0xc0, 0x00, 0xea, 0x40, 0x0f,
    0xf2, 0x2b, 0x00, 0x7f, 0xa1, 0xc8, 0x03, 0xf9, 0x46, 0x40, 0x3f, 0xd1, 0x62, 0x01, 0xfc, 0xa1,
    0xfb, 0x40, 0x1f, 0xa0, 0x37, 0x91, 0x00, 0x1e, 0x53, 0xf4, 0x32, 0x10, 0x0a, 0xc4, 0x26, 0x08,
    0x00, 0xe0, 0x12, 0x28, 0xa1, 0x38, 0x06, 0x20, 0x19, 0x80, 0xe7, 0x10, 0x0b, 0x26, 0xfd, 0xd8,
    0x3a, 0x80, 0x33, 0xde, 0x55, 0x00, 0x00, 0x00, 0x26, 0xdc, 0xbb, 0x20, 0x00, 0x40, 0x25, 0xee,
    0xbf, 0x0d, 0xd2, 0xc0, 0x21, 0x35, 0x78, 0xa7, 0xf1, 0x02, 0x00, 0x13, 0x4d, 0x5c, 0x9c, 0x85,
    0x10, 0x76, 0x6f, 0x7f, 0x06, 0x2a, 0x80, 0x2a, 0xfb, 0x75, 0x54, 0xb7, 0x80, 0x64, 0x10, 0x0e,
    0xc6, 0x00, 0xff, 0xb5, 0xc0, 0x3f, 0xc6, 0xdc, 0x01, 0xf8, 0x5f, 0x59, 0x00, 0x3c, 0xf7, 0xf7,
    0x50, 0x01, 0xf0, 0xe6, 0xe2, 0x00, 0x70, 0x00, 0x99, 0x00, 0x3f, 0xb4, 0x40, 0x02, 0xa0, 0x01,
    0x11, 0xb1, 0x28, 0x84, 0x18, 0x5e, 0x79, 0xf7, 0xf8, 0x2e, 0x02, 0xb6, 0x92, 0x68, 0x88, 0xcc,
    0x30, 0x06, 0xf8, 0x07, 0x2d, 0x81, 0x2a, 0x00, 0x08, 0x42, 0x20, 0x14, 0xe2, 0x02, 0x04, 0x01,
    0x13, 0x5a, 0xaa, 0xd0, 0x03, 0x34, 0x90, 0x79, 0xd8, 0x06, 0x04, 0x10, 0x0c, 0xa2, 0x01, 0x51,
    0x80, 0x68, 0x30, 0x00, 0x81, 0x01, 0x00, 0x4e, 0xa0, 0x4a, 0x05, 0xfd, 0xc2, 0x9f, 0x17, 0x10,
    0x2d, 0xee, 0x1f, 0x50, 0x88, 0xc4, 0x03, 0x08, 0x06, 0x3b, 0x00, 0xc6, 0x40, 0x01, 0x4d, 0x00,
    0x90, 0xc0, 0x25, 0x14, 0x00, 0x0c, 0x58, 0x04, 0x2c, 0x40, 0x38, 0xac, 0x01, 0xa4, 0x40, 0x72,
    0x40, 0x30, 0x00, 0x08, 0x21, 0xe8, 0xbc, 0xc9, 0x8f, 0x15, 0xc0, 0x01, 0x30, 0x1a, 0x49, 0x2c,
    0x72, 0x3e, 0xbf, 0x00, 0x40, 0x02, 0x17, 0xe0, 0x26, 0x18, 0x40, 0x64, 0x24, 0x00, 0x06, 0x50,
    0x70, 0x26, 0xf5, 0x31, 0x9a, 0xc6, 0x2b, 0x20, 0x0c, 0x43, 0xe4, 0x01, 0xa9, 0xfc, 0x40, 0x35,
    0x36, 0x88, 0x06, 0xa0, 0xb0, 0x0c, 0x32, 0xaa, 0x01, 0x6c, 0xa4, 0x70, 0x4b, 0xb7, 0x59, 0x02,
    0xeb, 0x88, 0x00, 0x00, 0xe3, 0x10, 0x0c, 0xaa, 0x49, 0x05, 0x30, 0x48, 0x64, 0x1d, 0xd1, 0x8c,
    0x1e, 0x0c, 0x4e, 0x9a, 0x90, 0x04, 0xed, 0xa4, 0x01, 0xd0, 0x9e, 0x20, 0x1d, 0x43, 0x60, 0x19,
    0x6c, 0xc0, 0x36, 0xd9, 0xed, 0x00, 0x5d, 0xc8, 0x20, 0x08, 0x00, 0xf3, 0x30, 0x03, 0xfa, 0x80,
    0x3f, 0x8c, 0xce, 0x01, 0xfa, 0x47, 0xb2, 0x50, 0x03, 0x12, 0x67, 0x40, 0x70, 0x06, 0xb7, 0x21,
    0x49, 0xa0, 0x08, 0xdf, 0xe6, 0x44, 0x01, 0xd0, 0x1d, 0x81, 0x80, 0x19, 0x97, 0x61, 0x64, 0xd0,
    0x00, 0x51, 0x66, 0x01, 0x9c, 0x01, 0xce, 0xa0, 0x12, 0x19, 0x82, 0x46, 0x20, 0xa4, 0xd5, 0x60,
    0x0a, 0xe1, 0xd9, 0xca, 0xa2, 0x80, 0x00, 0x08, 0x8f, 0x00, 0x22, 0x3c, 0x00, 0x77, 0xf0, 0x01,
    0xdf, 0xc0, 0x59, 0x9f, 0xd0, 0x03, 0xff, 0xf2, 0x10, 0x23, 0x34, 0x24, 0xc6, 0x6b, 0x00, 0xec,
    0x15, 0xbd, 0x10, 0x0e, 0x71, 0x16, 0x98, 0x07, 0x09, 0xaa, 0x18, 0x07, 0xa5, 0x04, 0x03, 0xe7,
    0x69, 0x00, 0xf9, 0xeb, 0x48, 0x03, 0xe7, 0xd3, 0x00, 0xf8, 0x12, 0x11, 0xff, 0x2e, 0xf7, 0x7f,
    0x6a, 0x77, 0xff, 0xda, 0x32, 0x02, 0x01, 0x3a, 0x00, 0xcb, 0xa8, 0x07, 0x59, 0x0d, 0x04, 0x80,
    0x7e, 0x42, 0xb0, 0x0f, 0x88, 0x8b, 0x20, 0x1f, 0x18, 0xa8, 0x07, 0xf4, 0xa8, 0x80, 0x7e, 0x84,
    0x80, 0x0f, 0x8b, 0x17, 0x48, 0x03, 0xe2, 0x9c, 0x30, 0x0f, 0x80, 0x00, 0xfc, 0x46, 0x01, 0xf1,
    0x7d, 0x00, 0x79, 0x31, 0x24, 0x03, 0x0c, 0xd5, 0xc8, 0x04, 0x73, 0xea, 0x4a, 0x00, 0x1d, 0xd0,
    0x65, 0x00, 0x61, 0x9e, 0x92, 0x00, 0xf2, 0x00, 0x7f, 0xf5, 0x5f, 0x40, 0x20, 0x00, 0xfe, 0x49,
    0x00, 0xfe, 0x5b, 0xe0, 0x0f, 0xcf, 0x74, 0xe0, 0x1e, 0x3c, 0xad, 0x50, 0x0e, 0x3a, 0xd3, 0x83,
    0x00, 0x89, 0xf3, 0x4f, 0x04, 0x03, 0xaa, 0xeb, 0xe4, 0x80, 0x3d, 0x18, 0xc2, 0x01, 0xff, 0xe6,
    0x87, 0x00, 0xc0, 0x00, 0xce, 0xa0, 0x1f, 0xb8, 0x80, 0x32, 0xee, 0xcf, 0x3b, 0xae, 0x60, 0x1f,
    0xf6, 0x63, 0xfc, 0x60, 0x07, 0x22, 0xe3, 0x25, 0x12, 0x00, 0xe4, 0x23, 0x49, 0x00, 0xc3, 0x14,
    0x01, 0xe1, 0xa6, 0x70, 0x0c, 0x4f, 0xe3, 0x40, 0x18, 0x7f, 0x6a, 0x82, 0x00, 0x00, 0xe2, 0x20,
    0x07, 0xfa, 0x68, 0x03, 0xfe, 0xf0, 0x0e, 0x1d, 0xdc, 0xb3, 0xbb, 0x71, 0x81, 0x77, 0x5b, 0xae,
    0xe4, 0x08, 0x80, 0x04, 0x67, 0xe0, 0x22, 0x00, 0x7f, 0x7a, 0x00, 0x1c, 0x03, 0xc2, 0x9a, 0x03,
    0x02, 0x01, 0xd6, 0x48, 0x01, 0xfa, 0x13, 0x80, 0x3e, 0x3c, 0x5d, 0x20, 0x0e, 0x5d, 0xc5, 0xc3,
    0x00, 0xf2, 0xdf, 0x48, 0x80, 0x60, 0x03, 0x3f, 0xc2, 0x5d, 0xd6, 0xeb, 0xba, 0x22, 0x6e, 0xce,
    0xdb, 0xb1, 0x80, 0x7f, 0xf4, 0x84, 0x03, 0xf0, 0xef, 0xfc, 0xcf, 0xff, 0x66, 0xf7, 0x7e, 0xc0,
    0x05, 0x44, 0xfc, 0xa0, 0x09, 0x88, 0xaa, 0x91, 0x18, 0x43, 0x33, 0x23, 0x66, 0x5a, 0x20, 0x1f,
    0xff, 0x0a, 0xbb, 0xc8, 0xb7, 0x7a, 0xbf, 0x77, 0x45, 0xee, 0xef, 0x00, 0xf4, 0x88, 0x07, 0xf3,
    0x00, 0x61, 0x87, 0x7c, 0x12, 0xf0, 0x06, 0x1f, 0xf5, 0x80, 0xf8, 0x00, 0xa2, 0x2b, 0x21, 0xb8,
    0x80, 0x06, 0x4d, 0xa3, 0x00, 0xf3, 0xd5, 0x10, 0x03, 0x8f, 0x2b, 0x50, 0x03, 0xc5, 0x7a, 0x66,
    0x23, 0x10, 0x08, 0x5c, 0x01, 0x1e, 0xa6, 0x01, 0x00, 0xfb, 0x8c, 0x03, 0xfe, 0x10, 0x08, 0x9d,
    0x9b, 0x82, 0x99, 0xd0, 0x77, 0x33, 0x50, 0x9e, 0x69, 0x1d, 0x56, 0x82, 0x08, 0xaa, 0x30, 0x06,
    0x2f, 0x92, 0x00, 0xf8, 0xbd, 0x5c, 0x1c, 0x03, 0x97, 0x2a, 0x00, 0x3c, 0x55, 0x74, 0xe0, 0x1f,
    0x20, 0x7a, 0x00, 0x7e, 0x6a, 0x10, 0x3c, 0xb2, 0x00, 0xfc, 0x53, 0xb6, 0x80, 0x10, 0x00, 0xff,
    0xe1, 0x97, 0x88, 0x07, 0xf8, 0x40, 0x31, 0x3b, 0x32, 0x81, 0x9a, 0x75, 0x0d, 0xff, 0x18, 0xff,
    0xd9, 0x65, 0x53, 0x2c, 0x59, 0x9b, 0xcc, 0x03, 0x6e, 0x00, 0x42, 0x20, 0x08, 0x51, 0x00, 0x11,
    0xb8, 0x04, 0xc4, 0x60, 0x10, 0x90, 0x00, 0xe6, 0x40, 0x1b, 0x78, 0x0b, 0x9d, 0x40, 0x21, 0x43,
    0x2c, 0x49, 0x00, 0x67, 0x79, 0xa1, 0x6c, 0x80, 0x5b, 0x98, 0xd0, 0x00, 0xff, 0x19, 0x00, 0x73,
    0x50, 0x00, 0x6c, 0x24, 0x03, 0xc2, 0x00, 0x13, 0x5d, 0x12, 0x44, 0xbd, 0xd1, 0x2d, 0x46, 0x14,
    0x88, 0x9c, 0x62, 0x38, 0x00, 0xd9, 0x92, 0x56, 0x64, 0xa6, 0x01, 0xe7, 0x30, 0x08, 0x44, 0x01,
    0xc6, 0x64, 0x00, 0x8f, 0xc0, 0x3a, 0x5c, 0x03, 0x09, 0x00, 0x64, 0x5b, 0x00, 0xcc, 0xc0, 0x08,
    0xea, 0x08, 0x02, 0x22, 0x80, 0x0b, 0x8c, 0xe0, 0x3b, 0x98, 0x51, 0x00, 0x25, 0x40, 0x00, 0x66,
    0x55, 0x60, 0x10, 0x00, 0xff, 0xe2, 0x4c, 0x00, 0x7f, 0xbc, 0xc0, 0x02, 0x62, 0x01, 0x0a, 0x72,
    0xd6, 0xf6, 0xa8, 0x2f, 0x72, 0x4c, 0x77, 0xba, 0x40, 0x4d, 0xed, 0xb2, 0x21, 0x88, 0x04, 0x26,
    0x20, 0x07, 0xd0, 0x13, 0x63, 0x00, 0x09, 0xb0, 0xb6, 0xf7, 0x35, 0x97, 0xba, 0xc1, 0x0e, 0xe6,
    0xda, 0xbe, 0xf6, 0xd5, 0x88, 0xc0, 0x11, 0x18, 0x80, 0x04, 0x9c, 0x03, 0xfc, 0xfa, 0x01, 0xfe,
    0xfd, 0x00, 0xc0, 0x00, 0xfe, 0x36, 0x50, 0x0e, 0xa3, 0x00, 0xbd, 0x24, 0x40, 0x30, 0xa8, 0x05,
    0x29, 0xc2, 0x01, 0x8b, 0x5e, 0xb6, 0xd8, 0x81, 0xef, 0x7d, 0xd7, 0xb6, 0x70, 0x02, 0x2d, 0x9e,
    0xc1, 0x97, 0x42, 0x00, 0x95, 0x90, 0x48, 0x4c, 0x02, 0x31, 0x00, 0xc2, 0x66, 0x9a, 0xdf, 0xd2,
    0x07, 0xbd, 0xed, 0x06, 0xc9, 0xee, 0x18, 0x16, 0xcf, 0x72, 0x01, 0x90, 0x40, 0x25, 0x64, 0x10,
    0x63, 0x00, 0xff, 0x8c, 0x0c, 0x03, 0xfe, 0x56, 0x00, 0xe0, 0x00, 0xe2, 0x00, 0xff, 0x16, 0xa0,
    0x07, 0xf5, 0x9b, 0x99, 0xc4, 0x01, 0x91, 0xc3, 0xfe, 0xed, 0x10, 0x01, 0xd5, 0xe6, 0x64, 0x40,
    0x82, 0x6c, 0xa8, 0x04, 0x2f, 0xc0, 0x95, 0x0e, 0x01, 0x98, 0xd4, 0x13, 0xd8, 0x03, 0x14, 0xc0,
    0x04, 0x20, 0x18, 0x79, 0xd4, 0x03, 0xe2, 0xd7, 0x90, 0x0f, 0x9f, 0x16, 0xc0, 0x3d, 0x1d, 0x57,
    0x20, 0x1f, 0x6d, 0xea, 0x80, 0x78, 0x00, 0xff, 0x09, 0xa8, 0x07, 0x9e, 0x40, 0x2a, 0x09, 0x10,
    0x0c, 0x33, 0x80, 0x14, 0x57, 0x80, 0x74, 0x0c, 0x6e, 0xec, 0x31, 0x00, 0x99, 0xef, 0xfe, 0xe1,
    0x10, 0x06, 0x68, 0xa4, 0x22, 0x94, 0x50, 0x02, 0x98, 0xa4, 0x00, 0xd5, 0x20, 0x1b, 0x30, 0x80,
    0x19, 0x89, 0x80, 0x32, 0x90, 0x06, 0x38, 0xb1, 0x00, 0xfe, 0x3d, 0x65, 0x00, 0xfe, 0x7c, 0x68,
    0x00, 0xf8, 0x5b, 0x6a, 0xe0, 0x03, 0xf2, 0xd5, 0xe2, 0x00, 0x7c, 0x00, 0xff, 0xe1, 0xd4, 0x80,
    0x7f, 0x93, 0x40, 0x3f, 0x94, 0x4d, 0x9b, 0x9d, 0x80, 0x61, 0x37, 0x31, 0x3b, 0x9b, 0xc1, 0x03,
    0x75, 0x48, 0x0a, 0xaa, 0x20, 0xfe, 0x01, 0x39, 0x08, 0x05, 0xb4, 0x60, 0x16, 0x38, 0x06, 0x54,
    0x00, 0x85, 0xfc, 0x03, 0xfa, 0x09, 0x40, 0x3f, 0x3b, 0x78, 0x07, 0xc3, 0x53, 0x66, 0x01, 0xf0,
    0xf6, 0xa0, 0x07, 0x80, 0x00, 0xff, 0x8c, 0xc0, 0x1d, 0x48, 0x01, 0xac, 0x7c, 0x03, 0x0a, 0xb8,
    0x06, 0xda, 0x92, 0x00, 0x9c, 0x84, 0x8b, 0x25, 0xb9, 0x00, 0x06, 0xcf, 0x32, 0xdc, 0xc6, 0xd8,
    0x05, 0x03, 0xdd, 0x59, 0x77, 0x52, 0x00, 0x77, 0x78, 0x04, 0x4c, 0x01, 0xc3, 0x96, 0x60, 0x16,
    0x98, 0x07, 0x0d, 0xa8, 0x04, 0x2b, 0x60, 0x1f, 0xf5, 0x99, 0x80, 0x3f, 0xcc, 0xbe, 0x01, 0xfc,
    0x31, 0x34, 0x60, 0x1f, 0xe1, 0xb5, 0x00, 0xf8, 0x58, 0x8f, 0xce, 0x62, 0x3f, 0x1d, 0x34, 0xcf,
    0xdc, 0x20, 0x1f, 0xfe, 0x6a, 0xcc, 0xfa, 0x03, 0xa6, 0x7e, 0x41, 0x45, 0x5f, 0xa3, 0xc0, 0x00,
    0xfc, 0x46, 0xca, 0x01, 0xfc, 0x7e, 0x92, 0x20, 0x44, 0x11, 0xe0, 0xb1, 0xd1, 0x0f, 0xde, 0xef,
    0x45, 0x08, 0x03, 0x3f, 0xfe, 0x61, 0x00, 0x84, 0x03, 0xff, 0xe8, 0xcd, 0xf8, 0x80, 0x35, 0x53,
    0x77, 0xca, 0x20, 0x16, 0x62, 0xef, 0xec, 0x00, 0x00, 0x8b, 0x00, 0x21, 0xd2, 0x00, 0xf1, 0x80,
    0x62, 0x30, 0x08, 0x40, 0x3f, 0xc2, 0x2e, 0xfd, 0x0f, 0xfb, 0x83, 0xbf, 0xc3, 0xbd, 0x81, 0xdd,
    0x68, 0x6f, 0x78, 0x10, 0x88, 0x04, 0x63, 0x03, 0x11, 0x00, 0x7e, 0x20, 0x10, 0x0f, 0x30, 0x04,
    0xa6, 0x01, 0xe2, 0x90, 0x0a, 0xac, 0x03, 0xfd, 0x22, 0xc0, 0x1f, 0x97, 0x57, 0xc4, 0x03, 0xf3,
    0x5e, 0x10, 0x06, 0x00, 0xff, 0xe2, 0xa3, 0x00, 0x47, 0x08, 0x76, 0x01, 0x8b, 0x40, 0x26, 0x56,
    0x93, 0x30, 0x07, 0xf0, 0x97, 0x41, 0xa6, 0x5d, 0x96, 0xee, 0x92, 0xbf, 0x80, 0x69, 0xe4, 0x2e,
    0xe9, 0x0f, 0xb9, 0x60, 0x4a, 0xaf, 0x75, 0x5b, 0x45, 0x54, 0x60, 0x1f, 0xc6, 0xe0, 0x1f, 0x84,
    0x02, 0xf2, 0x00, 0xf9, 0xa8, 0x00, 0x2f, 0x80, 0x1f, 0xf5, 0x92, 0x80, 0x7f, 0x26, 0x3f, 0x00,
    0x7f, 0xb1, 0x30, 0x80, 0x38, 0x00, 0x0c, 0x08, 0x07, 0xf1, 0x9b, 0x10, 0x03, 0xf1, 0x5d, 0xa4,
    0x40, 0x38, 0x54, 0x00, 0xda, 0x20, 0x10, 0x91, 0x23, 0x0c, 0x03, 0xd1, 0x67, 0x8b, 0xa0, 0x1c,
    0xcf, 0x40, 0x33, 0xe0, 0x19, 0x66, 0xcc, 0x02, 0x10, 0x0a, 0x2e, 0x94, 0x03, 0xc7, 0x8b, 0xaa,
    0x01, 0x85, 0x6f, 0x17, 0x0c, 0x03, 0x4f, 0x41, 0xec, 0x88, 0x07, 0x5e, 0x6c, 0x10, 0x07, 0x80,
    0x00, 0xff, 0xe1, 0x93, 0x00, 0x63, 0x1a, 0x40, 0x09, 0xa2, 0xc8, 0x00, 0xd1, 0x09, 0x00, 0x93,
    0xc7, 0xc0, 0x0a, 0x41, 0xc0, 0x46, 0x03, 0x58, 0x01, 0x59, 0x98, 0x13, 0x24, 0x40, 0x40, 0x35,
    0xb0, 0x36, 0x2d, 0x00, 0x73, 0xa2, 0x00, 0x07, 0x92, 0x01, 0x9a, 0x68, 0x80, 0x31, 0x00, 0x51,
    0x0a, 0x40, 0x0f, 0x8f, 0x17, 0x50, 0x03, 0x85, 0x6f, 0x17, 0x0c, 0x03, 0xab, 0xac, 0xb6, 0x44,
    0x03, 0xdd, 0x7d, 0x24, 0x01, 0xf0, 0x05, 0xcc, 0xfc, 0x20, 0x07, 0x99, 0xf3, 0xb8, 0x40, 0x04,
    0xab, 0xc8, 0xbe, 0x01, 0xfd, 0x0a, 0x80, 0x1f, 0x91, 0xe4, 0x03, 0xf1, 0xd2, 0x90, 0x07, 0xc7,
    0xac, 0xcb, 0x00, 0xf3, 0x6c, 0xc6, 0x35, 0x80, 0x45, 0x71, 0x6e, 0x03, 0x8d, 0x40, 0x9a, 0x3e,
    0xa0, 0x10, 0xfa, 0x2a, 0x6d, 0x08, 0x07, 0x16, 0x28, 0x00, 0xfe, 0x34, 0x60, 0x0f, 0xf7, 0xbd,
    0x08, 0x34, 0x47, 0xa5, 0x97, 0x84, 0x00, 0x20, 0x1c, 0xe6, 0xc4, 0x00, 0x69, 0x88, 0xd6, 0x36,
    0x01, 0xfe, 0x86, 0x20, 0x0f, 0xe6, 0x58, 0x00, 0xfe, 0x38, 0x91, 0x00, 0xfc, 0x7a, 0xb2, 0x80,
    0x1f, 0x2e, 0xc5, 0xcd, 0x20, 0x06, 0x1a, 0xbb, 0x30, 0x3c, 0xd1, 0x80, 0x1f, 0xc7, 0x14, 0x02,
    0x77, 0x68, 0x82, 0xd5, 0x90, 0x07, 0x4d, 0x88, 0x00, 0x00, 0xd4, 0xc0, 0x1f, 0xf0, 0x80, 0x7f,
    0xf1, 0x4d, 0xa4, 0x40, 0x3b, 0x27, 0x3b, 0x6d, 0xcc, 0x6b, 0x3d, 0x18, 0x67, 0x38, 0x64, 0x84,
    0xa7, 0x52, 0xa1, 0x49, 0xc1, 0xc0, 0x10, 0xa4, 0x01, 0x96, 0x78, 0x03, 0xfc, 0xd4, 0x40, 0x1f,
    0xe3, 0x40, 0x0f, 0x87, 0xc0, 0x30, 0x90, 0x07, 0x7b, 0xf6, 0xeb, 0xba, 0x00, 0xe5, 0xfd, 0x9e,
    0xde, 0xc0, 0x00, 0xff, 0x8d, 0x00, 0x3a, 0x0c, 0x03, 0x60, 0xc0, 0x80, 0x66, 0x70, 0x0d, 0x17,
    0x00, 0x1f, 0xf3, 0xe2, 0x08, 0x07, 0x12, 0xc5, 0xf6, 0x58, 0x81, 0x3c, 0xe0, 0xc7, 0x07, 0x61,
    0xc0, 0x80, 0xe0, 0xc8, 0xd5, 0xc2, 0xa8, 0x18, 0x00, 0x77, 0x0a, 0x01, 0x92, 0x78, 0x03, 0xfe,
    0x3a, 0x20, 0x0f, 0xf9, 0xd0, 0x03, 0xf1, 0x88, 0x07, 0xfe, 0x7b, 0x99, 0xab, 0x24, 0x03, 0xd5,
    0x7d, 0xd6, 0x4d, 0x80, 0x00, 0x00, 0xfe, 0x21, 0x16, 0x98, 0x07, 0xae, 0x85, 0xfc, 0x03, 0xc4,
    0x61, 0x64, 0xc0, 0x1c, 0xb8, 0x03, 0x30, 0x20, 0x12, 0x82, 0x00, 0x1a, 0x84, 0x02, 0x96, 0x00,
    0x85, 0x00, 0x26, 0x29, 0x00, 0xf8, 0xe2, 0x02, 0x01, 0xe3, 0xd7, 0x60, 0x0f, 0x3e, 0x3c, 0x80,
    0x70, 0xec, 0xd4, 0x80, 0x78, 0x7f, 0xca, 0x01, 0xc0, 0x00, 0xfc, 0x48, 0xcc, 0x00, 0xfe, 0x38,
    0x4a, 0x12, 0x80, 0x0f, 0x0d, 0x8e, 0x88, 0x33, 0x00, 0x3d, 0x2a, 0x20, 0x53, 0x02, 0x01, 0x8c,
    0x50, 0x02, 0x73, 0x90, 0x0c, 0x86, 0x40, 0x1a, 0x3c, 0x03, 0x55, 0x80, 0x72, 0xb8, 0x04, 0xc6,
    0xc0, 0x1f, 0xc5, 0x10, 0x10, 0x0f, 0xc5, 0xe8, 0xc0, 0x1f, 0x97, 0x1e, 0x80, 0x3e, 0x2b, 0xa9,
    0xa0, 0x0f, 0xc6, 0x6d, 0x70, 0x0f, 0x80, 0x00, 0xe4, 0x10, 0x0f, 0xe2, 0xb2, 0x00, 0xfe, 0x82,
    0x56, 0x6c, 0x01, 0x99, 0x11, 0xff, 0x6c, 0x08, 0x01, 0x22, 0xa6, 0x71, 0x20, 0x82, 0xd5, 0xb0,
    0x80, 0x05, 0xf8, 0x16, 0xec, 0xb7, 0xea, 0x10, 0xa8, 0x0b, 0x8a, 0x13, 0x77, 0x3c, 0x80, 0x44,
    0x01, 0x2d, 0x20, 0x30, 0x07, 0xc9, 0x4e, 0xd4, 0x20, 0x18, 0x66, 0xe2, 0x2c, 0x10, 0x00, 0xcf,
    0x96, 0xb0, 0x00, 0x80, 0x21, 0xfd, 0xb2, 0x00, 0xf0, 0x00, 0xff, 0x11, 0xb0, 0x07, 0x9e, 0xc0,
    0x29, 0x0a, 0x20, 0x0c, 0x35, 0x82, 0x37, 0x57, 0x18, 0x06, 0x82, 0x9f, 0xfa, 0x80, 0x84, 0x02,
    0x67, 0xde, 0xec, 0x38, 0x01, 0x96, 0x34, 0x80, 0x25, 0x05, 0x00, 0xa2, 0xe8, 0x75, 0x80, 0x11,
    0x20, 0x1b, 0xb1, 0x0a, 0x6e, 0xd0, 0x0e, 0x01, 0x98, 0x80, 0x09, 0x80, 0xea, 0x01, 0xfe, 0x55,
    0x33, 0xb8, 0x03, 0xe1, 0x8a, 0xb9, 0xb4, 0x00, 0xe1, 0x7c, 0x4d, 0x50, 0x43, 0x00, 0xe4, 0xb8,
    0xc3, 0x00, 0xf8, 0x00, 0xf0, 0x9b, 0x48, 0x04, 0xd7, 0x6c, 0xee, 0xb3, 0x84, 0x00, 0x9f, 0xf4,
    0x1e, 0xd3, 0x88, 0x00, 0x91, 0x06, 0x60, 0x0f, 0x22, 0xae, 0xd1, 0x55, 0xc9, 0xbd, 0xd9, 0x0f,
    0xbb, 0x6c, 0xdd, 0xf2, 0xdd, 0xe9, 0x00, 0xec, 0x30, 0x0f, 0xe3, 0x4a, 0x00, 0xfc, 0x5c, 0xe4,
    0x01, 0xf3, 0x63, 0xc0, 0x07, 0xe4, 0xba, 0x00, 0xf8, 0x00, 0xfc, 0x2a, 0x80, 0x1d, 0x10, 0x9a,
    0xbe, 0xfe, 0x32, 0x10, 0x0b, 0xbf, 0xe7, 0x9e, 0xbe, 0x6b, 0x00, 0x99, 0xd9, 0x58, 0x02, 0xe2,
    0xd1, 0x03, 0x22, 0xc3, 0xe4, 0x44, 0x26, 0x12, 0xdf, 0xfc, 0x8d, 0xfe, 0xe9, 0x70, 0x2e, 0xdd,
    0xc7, 0x7b, 0xb9, 0x80, 0x3c, 0x26, 0xc0, 0x1f, 0xf3, 0x11, 0x80, 0x7f, 0x8e, 0x60, 0x03, 0xfc,
    0xfb, 0x2a, 0x01, 0xff, 0x5b, 0x80, 0x7e, 0x00, 0xff, 0x88, 0x07, 0x44, 0x00, 0x8a, 0xaf, 0x01,
    0x12, 0x00, 0x37, 0x14, 0x10, 0x2f, 0x80, 0x09, 0xa0, 0xba, 0x0d, 0x40, 0xa6, 0x81, 0x32, 0x01,
    0x10, 0x44, 0x00, 0x02, 0x01, 0xa9, 0x98, 0x01, 0xc3, 0x4f, 0x40, 0x18, 0x5b, 0xc7, 0x04, 0x03,
    0x35, 0xdc, 0x20, 0x1c, 0xfa, 0xa0, 0x1c, 0x00, 0xc6, 0x60, 0x0f, 0x1b, 0x00, 0x17, 0xc0, 0x35,
    0xab, 0xc0, 0x83, 0x91, 0x80, 0x48, 0x28, 0x6e, 0x02, 0x96, 0x00, 0x41, 0x40, 0xaa, 0x00, 0x26,
    0xc0, 0x1c, 0xe0, 0x06, 0x90, 0x01, 0x98, 0x09, 0x6c, 0x00, 0x2a, 0x01, 0xd2, 0xc4, 0x01, 0xfa,
    0x5a, 0x00, 0x3e, 0x1a, 0x7f, 0x10, 0x0f, 0x2e, 0x36, 0x10, 0x07, 0x16, 0xda, 0xe1, 0x00, 0x78,
    0xa7, 0xe0, 0x03, 0xc0, 0x00, 0xfc, 0x2a, 0x8e, 0x01, 0xfc, 0x32, 0xd6, 0x42, 0x20, 0x05, 0xb0,
    0x05, 0xed, 0xa5, 0x70, 0x00, 0xda, 0x00, 0x86, 0x00, 0x1c, 0xe2, 0x0e, 0x64, 0x00, 0x41, 0x10,
    0x21, 0xb8, 0x0b, 0x30, 0x01, 0xaa, 0x01, 0x58, 0x80, 0x25, 0x00, 0xd2, 0x80, 0x26, 0x70, 0x0e,
    0xf6, 0x20, 0x0f, 0xe8, 0x18, 0x00, 0xfe, 0x86, 0xe1, 0x00, 0xf8, 0xad, 0x74, 0xc0, 0x3c, 0x73,
    0xa3, 0x86, 0x01, 0xf0, 0x9d, 0xd0, 0x80, 0x78, 0x00, 0x2a, 0x27, 0x94, 0x40, 0x29, 0xff, 0xf4,
    0x90, 0x05, 0x97, 0x7e, 0xc3, 0x00, 0xff, 0xe0, 0xc6, 0x67, 0xfa, 0xae, 0x23, 0x59, 0x44, 0x6e,
    0x34, 0x4c, 0x24, 0x89, 0xc0, 0x1d, 0xcc, 0x01, 0xfc, 0x2d, 0xe0, 0x1f, 0xd6, 0x4a, 0x01, 0xf1,
    0xe3, 0xf0, 0x07, 0xe1, 0xbc, 0x20, 0x0f, 0x00, 0xfe, 0x21, 0xa0, 0x00, 0x99, 0x17, 0x1a, 0xce,
    0xb0, 0x1e, 0xff, 0xf6, 0x99, 0x33, 0x81, 0x76, 0xef, 0x72, 0x50, 0x88, 0x03, 0xff, 0x83, 0x15,
    0x5f, 0xe7, 0x0d, 0xcc, 0xc0, 0xf9, 0x98, 0xc1, 0x59, 0xb1, 0x3b, 0x36, 0x40, 0x0f, 0x11, 0x00,
    0x3f, 0xc2, 0x98, 0x01, 0xfe, 0xb5, 0x40, 0x0f, 0xc5, 0x6d, 0x40, 0x1f, 0xcc, 0x5a, 0x20, 0x1f,
    0x5c, 0x00, 0xf0, 0x88, 0x03, 0xff, 0x96, 0x5b, 0x06, 0x01, 0x86, 0xcf, 0x30, 0xc2, 0x06, 0xd7,
    0xa9, 0x16, 0x01, 0x8a, 0x3e, 0x00, 0x3c, 0x24, 0x01, 0xf8, 0x4c, 0x03, 0xcf, 0x00, 0x1e, 0x85,
    0x00, 0xce, 0x40, 0x64, 0x00, 0x58, 0x39, 0x00, 0xe5, 0x47, 0xc1, 0x00, 0xee, 0x27, 0x10, 0xa8,
    0x30, 0x21, 0x00, 0x9c, 0xb3, 0x5c, 0x40, 0x2d, 0xae, 0xaa, 0x79, 0x80, 0x61, 0x7d, 0xb2, 0x00,
    0xf9, 0x44, 0x03, 0xff, 0x8f, 0x84, 0x01, 0xf0, 0x00, 0xe4, 0xd0, 0x0f, 0xf3, 0x90, 0x07, 0xff,
    0x15, 0xa6, 0x22, 0x90, 0x88, 0xe3, 0x10, 0x0f, 0xf2, 0xc4, 0x6e, 0x18, 0x8e, 0x00, 0xe3, 0x20,
    0x0f, 0xf5, 0xa0, 0x07, 0xf2, 0x9d, 0x00, 0x7e, 0x4b, 0x82, 0x00, 0xfa, 0x2d, 0x9c, 0x03, 0xf5,
    0x5c, 0x00, 0x7c, 0x01, 0x1f, 0xe0, 0x0a, 0x7b, 0xbf, 0x20, 0x02, 0x77, 0x7f, 0x28, 0x00, 0x48,
    0xbf, 0x08, 0x07, 0xff, 0x64, 0x8b, 0xfe, 0x19, 0xdd, 0xff, 0x3c, 0xef, 0x77, 0xed, 0x70, 0x05,
    0xcb, 0xbf, 0x61, 0x83, 0xcf, 0x77, 0x61, 0x88, 0x12, 0xaf, 0xbd, 0x08, 0x00, 0x90, 0x20, 0x13,
    0x70, 0x04, 0xc7, 0xea, 0x0e, 0x6a, 0x01, 0x15, 0xdd, 0x53, 0x20, 0x0f, 0x2e, 0xa8, 0x38, 0x07,
    0x8f, 0x95, 0xb1, 0x80, 0x21, 0x8c, 0x5a, 0x8a, 0x94, 0x09, 0xf5, 0xb8, 0x00, 0x2e, 0xa0, 0x65,
    0xea, 0x00, 0x62, 0x00, 0x00, 0xe2, 0x20, 0x07, 0xfa, 0xa0, 0x03, 0xc4, 0x23, 0x00, 0x04, 0x44,
    0x01, 0x67, 0x7f, 0x99, 0x3f, 0xb5, 0x40, 0x1d, 0xfd, 0xdb, 0xcd, 0x54, 0x01, 0xf0, 0xeb, 0x50,
    0x07, 0xcb, 0xeb, 0x40, 0x1e, 0x4b, 0xa4, 0x99, 0x28, 0x00, 0xdf, 0x68, 0xdc, 0xc3, 0x22, 0xc9,
    0x32, 0x3e, 0x3c, 0x00, 0xb8, 0x50, 0xf6, 0xa2, 0x1e, 0x01, 0x0c, 0xd0, 0x07, 0x8c, 0x03, 0xfd,
    0xb8, 0x01, 0xc0, 0x00, 0xf8, 0x50, 0x03, 0xf2, 0x50, 0x80, 0x7d, 0xe8, 0x20, 0x1e, 0x14, 0xe0,
    0x0f, 0xa4, 0x90, 0x03, 0xc4, 0xd2, 0x01, 0xf4, 0xaa, 0x80, 0x3d, 0x4d, 0x40, 0x1c, 0x58, 0xfe,
    0x20, 0x10, 0xbe, 0x3e, 0x10, 0x06, 0xb9, 0x8b, 0x10, 0x0e, 0xbf, 0x60, 0x0f, 0x80, 0x00, 0x91,
    0x80, 0x0e, 0xa0, 0x1e, 0xdf, 0x00, 0xa0, 0x03, 0xcb, 0x80, 0x06, 0x35, 0x00, 0xc2, 0x6e, 0x00,
    0x16, 0xe0, 0x0c, 0xe4, 0x40, 0x0a, 0x90, 0xc0, 0x2a, 0xa0, 0x06, 0x24, 0xa0, 0x02, 0x1a, 0x80,
    0x77, 0x38, 0x03, 0xd8, 0x80, 0x39, 0x05, 0x15, 0x56, 0x01, 0xe1, 0x4d, 0x28, 0x20, 0x0f, 0xb8,
    0x40, 0x00, 0xff, 0x88, 0xc0, 0x3f, 0xea, 0x1f, 0x00, 0xe3, 0x20, 0x02, 0x8f, 0xd5, 0x0c, 0x03,
    0x45, 0x00, 0x3a, 0x56, 0xd8, 0xc0, 0x32, 0xe0, 0x03, 0xdc, 0x48, 0x03, 0x8c, 0x54, 0x00, 0x86,
    0xc0, 0x1e, 0x44, 0x08, 0x05, 0x52, 0x01, 0xea, 0xd0, 0x0c, 0xc0, 0xa0, 0x19, 0x0d, 0xc0, 0x39,
    0xfc, 0x03, 0x43, 0x08, 0x07, 0x6a, 0x88, 0x01, 0x4a, 0x80, 0x3c, 0x82, 0xe0, 0x09, 0x91, 0x00,
    0x7c, 0x9c, 0x00, 0xc7, 0x00, 0xfd, 0x50, 0x00, 0x00, 0xff, 0x90, 0x80, 0x3f, 0xe7, 0xc8, 0x30,
    0x0c, 0x64, 0x00, 0x51, 0xea, 0xf5, 0x00, 0xd1, 0x40, 0x0e, 0x9b, 0x8c, 0x70, 0x0c, 0xb8, 0x00,
    0xf7, 0x3a, 0x91, 0x00, 0x8c, 0x54, 0x00, 0x86, 0xc0, 0x1e, 0x44, 0x08, 0x05, 0x52, 0x01, 0xea,
    0xd0, 0x0c, 0xc0, 0xa0, 0x19, 0x0d, 0xc0, 0x39, 0xfc, 0x03, 0x43, 0x08, 0x07, 0x6a, 0x88, 0x01,
    0x4a, 0x80, 0x3c, 0x82, 0xe0, 0x09, 0x91, 0x00, 0x7c, 0x9c, 0x00, 0xc7, 0x00, 0xfd, 0x50, 0x00,
    0x95, 0x00, 0xfc, 0x46, 0x01, 0xff, 0xc2, 0x28, 0x40, 0x0c, 0x2b, 0x7a, 0x6e, 0x00, 0xdc, 0xee,
    0x6f, 0x59, 0x80, 0x53, 0xd6, 0xc2, 0x01, 0xb5, 0x44, 0x03, 0xff, 0x9c, 0x3a, 0x64, 0x51, 0xa3,
    0x84, 0x86, 0xef, 0x4d, 0x81, 0xdf, 0x7f, 0xdd, 0xb8, 0x00, 0x00, 0xfe, 0x50, 0x37, 0x00, 0xe4,
    0x7d, 0x66, 0x50, 0x07, 0x25, 0xd0, 0x80, 0x7c, 0x52, 0x4e, 0x01, 0xc9, 0x5b, 0x80, 0x19, 0xab,
    0xa7, 0x75, 0x20, 0x11, 0x6e, 0xe7, 0x20, 0x0c, 0x56, 0xe6, 0x01, 0xff, 0xd0, 0x13, 0x10, 0x0e,
    0x12, 0x05, 0x2e, 0xdd, 0xbb, 0xf9, 0x40, 0x73, 0x66, 0x6a, 0xce, 0x70, 0x00, 0xfc, 0x28, 0x20,
    0x6e, 0x01, 0xeb, 0x2a, 0x06, 0xa0, 0x0f, 0x0b, 0x08, 0x80, 0x3e, 0x22, 0x56, 0x08, 0x07, 0x25,
    0x68, 0x53, 0x00, 0x4d, 0x5d, 0x3b, 0xa9, 0x00, 0xc5, 0xbb, 0x9c, 0x80, 0x38, 0xad, 0xcc, 0x03,
    0xff, 0xa6, 0x26, 0x20, 0x1c, 0x24, 0x00, 0x52, 0xed, 0xdb, 0xbf, 0x94, 0x00, 0x39, 0xb3, 0x35,
    0x67, 0x38, 0x00, 0xcc, 0xfe, 0xa0, 0x99, 0xfc, 0xcc, 0x05, 0x5f, 0xc0, 0x80, 0x1f, 0x85, 0x30,
    0x03, 0xf3, 0x9a, 0x00, 0x7c, 0x31, 0x60, 0x1f, 0x0e, 0xab, 0x00, 0x78, 0xb4, 0x28, 0x03, 0x8a,
    0x35, 0xf4, 0x40, 0x32, 0xea, 0x55, 0x88, 0x07, 0x2e, 0xe2, 0x80, 0x78, 0x00, 0xfc, 0x2c, 0x54,
    0x01, 0xfc, 0x38, 0xc0, 0x85, 0x53, 0x3f, 0x0e, 0x5a, 0x19, 0x08, 0xfc, 0xc4, 0x20, 0x31, 0x1f,
    0x83, 0x00, 0x3f, 0xc4, 0x44, 0x00, 0xff, 0x52, 0x10, 0x07, 0xf1, 0x37, 0x80, 0x7f, 0x0f, 0x22,
    0x00, 0x3f, 0x16, 0x85, 0x80, 0x7c, 0x2f, 0x8f, 0xa2, 0x01, 0xe8, 0xea, 0x8b, 0x10, 0x0f, 0xa6,
    0xb5, 0x80, 0x3e, 0x00, 0xff, 0x34, 0x08, 0x07, 0xf2, 0x75, 0xc1, 0x54, 0xcf, 0xde, 0x2e, 0x06,
    0x42, 0x3f, 0x32, 0x9c, 0x0c, 0x47, 0xe0, 0xa7, 0x10, 0x0f, 0xc4, 0x44, 0x00, 0xff, 0x52, 0x10,
    0x07, 0xf1, 0x37, 0x80, 0x7f, 0x0f, 0x22, 0x00, 0x3f, 0x16, 0x85, 0x80, 0x7c, 0x2f, 0x8f, 0xa2,
    0x01, 0xe8, 0xea, 0x8b, 0x10, 0x0f, 0xa6, 0xb5, 0x80, 0x3e, 0x00, 0xc5, 0x92, 0x01, 0xfe, 0x1f,
    0x75, 0xb0, 0x0f, 0xea, 0x6b, 0xd7, 0xb0, 0x0f, 0xa5, 0xa8, 0x07, 0x5a, 0x80, 0x3a, 0x1f, 0x84,
    0x00, 0x3e, 0xf4, 0x01, 0x8a, 0x0c, 0x03, 0x17, 0x24, 0x80, 0x54, 0xc0, 0x1e, 0x3a, 0x67, 0x00,
    0xff, 0x92, 0x64, 0x20, 0x1f, 0xf3, 0x60, 0x80, 0x00, 0xff, 0x84, 0x03, 0xfe, 0x51, 0xc1, 0x00,
    0xe1, 0x84, 0x00, 0x72, 0x54, 0x80, 0x76, 0xad, 0xb0, 0x4f, 0x3d, 0x00, 0x6a, 0x0d, 0xb8, 0x62,
    0xb0, 0x20, 0x0a, 0x13, 0x81, 0x2a, 0x54, 0x03, 0x99, 0xe8, 0x80, 0x09, 0x54, 0x40, 0x08, 0x62,
    0x08, 0x01, 0x96, 0x29, 0x00, 0x03, 0x8e, 0x01, 0xe7, 0x75, 0x18, 0x00, 0x80, 0x3f, 0x4a, 0xf0,
    0x07, 0xfe, 0xa9, 0x00, 0x00, 0xff, 0x08, 0x07, 0xfe, 0x5a, 0xb3, 0x00, 0xe1, 0x84, 0x00, 0x75,
    0xc5, 0x80, 0x76, 0xad, 0xb0, 0x64, 0xcb, 0x00, 0x35, 0x06, 0xdc, 0x33, 0xd4, 0x20, 0x05, 0x09,
    0xc0, 0x95, 0x2a, 0x64, 0x01, 0x33, 0xd1, 0x00, 0x12, 0xa8, 0x80, 0x10, 0xc4, 0x10, 0x03, 0x2c,
    0x52, 0x00, 0x07, 0x1c, 0x03, 0xce, 0xea, 0x30, 0x01, 0x00, 0x7e, 0x95, 0xe0, 0x0f, 0xfd, 0x52,
    0x00, 0x00, 0xe6, 0xc0, 0x0f, 0xf8, 0xc0, 0x3e, 0x48, 0x8d, 0xc5, 0x11, 0x98, 0x03, 0xc2, 0x60,
    0x18, 0xc1, 0x22, 0x37, 0x8c, 0x46, 0x50, 0x09, 0x58, 0x03, 0x0c, 0x80, 0x61, 0x83, 0x00, 0xc2,
    0x52, 0x01, 0x5b, 0xa8, 0x07, 0x4b, 0xa0, 0x43, 0xd8, 0x07, 0x89, 0xa0, 0x2b, 0xc4, 0x03, 0xe9,
    0xf0, 0x22, 0x02, 0xdc, 0x38, 0x04, 0x26, 0x01, 0x9f, 0xae, 0x40, 0x3c, 0x00, 0xff, 0x88, 0x80,
    0x1f, 0x43, 0x80, 0xd8, 0xc8, 0x07, 0xc3, 0xe0, 0x38, 0xba, 0x40, 0x8a, 0xb8, 0x88, 0xaa, 0x10,
    0x42, 0x0c, 0xee, 0xcc, 0xfd, 0xcd, 0xd3, 0x00, 0x22, 0xef, 0x22, 0xdd, 0xe4, 0x00, 0xca, 0x40,
    0x18, 0x94, 0x03, 0x8a, 0xc0, 0x38, 0x6c, 0xc0, 0x37, 0x31, 0x00, 0x63, 0x9f, 0x00, 0xa5, 0xe0,
    0x03, 0xce, 0x2e, 0x00, 0xea, 0x00, 0xfd, 0x28, 0x00, 0x71, 0x07, 0x72, 0x78, 0x04, 0x86, 0x01,
    0xc3, 0xea, 0xc0, 0x1e, 0x00, 0xff, 0x3d, 0x30, 0x07, 0xa1, 0xc0, 0x1b, 0x58, 0x01, 0xe1, 0xf0,
    0x0a, 0x0c, 0x11, 0x57, 0x11, 0x15, 0x58, 0x16, 0x19, 0xdd, 0x99, 0xfb, 0x9a, 0x6c, 0x11, 0x77,
    0x91, 0x6e, 0xf2, 0x00, 0x4a, 0x40, 0x18, 0x94, 0x03, 0x15, 0x80, 0x70, 0xd9, 0x80, 0x5c, 0xc4,
    0x01, 0x8e, 0x7c, 0x01, 0x2f, 0x00, 0x1e, 0x71, 0x70, 0xea, 0x00, 0xfd, 0x28, 0x0e, 0x20, 0xee,
    0x4f, 0x00, 0x90, 0xc0, 0x30, 0xfa, 0xb0, 0x07, 0x58, 0x77, 0xfd, 0x08, 0x03, 0xdd, 0xf9, 0xfd,
    0x66, 0x7f, 0x70, 0xd0, 0x07, 0xe4, 0x8a, 0x10, 0x02, 0x30, 0x04, 0x75, 0x08, 0x01, 0xa2, 0x40,
    0xf5, 0x9c, 0x03, 0x26, 0x26, 0x6c, 0x40, 0x03, 0xc5, 0x80, 0x4e, 0x01, 0xf8, 0x74, 0x68, 0x03,
    0xf8, 0x7d, 0x68, 0x03, 0xf8, 0xb6, 0x40, 0x20, 0x01, 0x85, 0x30, 0x0f, 0x18, 0xf6, 0xf5, 0xc1,
    0x80, 0x0a, 0x6f, 0xb7, 0x45, 0xa6, 0x01, 0xc6, 0xd5, 0xc6, 0x15, 0x47, 0x41, 0x00, 0xee, 0xce,
    0x9e, 0xc8, 0x20, 0x02, 0x34, 0xee, 0xa8, 0x80, 0x3e, 0x26, 0xa2, 0x07, 0xa7, 0x41, 0x00, 0xe3,
    0xdd, 0x57, 0x64, 0x18, 0x01, 0x1e, 0xbb, 0x68, 0xb6, 0xc0, 0x38, 0x9a, 0xbe, 0x40, 0x00, 0xc5,
    0x24, 0x01, 0xfe, 0x77, 0x10, 0x07, 0xfb, 0xdc, 0x03, 0xfe, 0x4c, 0x00, 0xff, 0x20, 0x28, 0x07,
    0xfb, 0x50, 0x02, 0x82, 0x00, 0xf3, 0xf8, 0x04, 0x32, 0x01, 0xc8, 0x0a, 0x01, 0x42, 0xa8, 0x03,
    0x6b, 0x80, 0x04, 0x95, 0x50, 0x00, 0x88, 0x3a, 0x67, 0x73, 0x24, 0x0d, 0x80, 0x45, 0x37, 0x1b,
    0xdc, 0xdb, 0x6b, 0x09, 0x93, 0xb2, 0x18, 0x80, 0x53, 0xc0, 0x00, 0xfe, 0x71, 0x00, 0xfe, 0x49,
    0x00, 0xc4, 0x60, 0x1b, 0x9c, 0x40, 0x24, 0xc7, 0x00, 0x12, 0xd8, 0x06, 0x6c, 0xac, 0x28, 0x52,
    0x00, 0xe3, 0xc6, 0xc4, 0x80, 0x0f, 0x86, 0x44, 0x48, 0x01, 0xf1, 0xeb, 0xd4, 0xc0, 0x07, 0x26,
    0xb4, 0x2d, 0xb4, 0x00, 0x06, 0x2e, 0x60, 0x00, 0x94, 0x82, 0x58, 0xb6, 0xe0, 0x19, 0x30, 0x4b,
    0xb5, 0x00, 0x3f, 0x06, 0xdd, 0xfd, 0x00, 0x07, 0xff, 0x50, 0x7f, 0xea, 0x00, 0x09, 0x14, 0x24,
    0x5c, 0x01, 0xff, 0xc1, 0x6e, 0xdd, 0x59, 0xee, 0xee, 0xa7, 0xdf, 0xf4, 0x97, 0xfe, 0xc8, 0x13,
    0x22, 0x84, 0x8b, 0xc0, 0x1f, 0xfc, 0x52, 0x20, 0x04, 0x20, 0x1c, 0x85, 0xbd, 0xd9, 0x00, 0x30,
    0xe6, 0xed, 0x9a, 0x80, 0x00, 0x22, 0x00, 0x3f, 0xb3, 0x80, 0x38, 0x40, 0x2b, 0x42, 0x58, 0xbd,
    0xc0, 0x58, 0x80, 0xff, 0xe1, 0xb0, 0x2f, 0xf2, 0xd5, 0x1f, 0x1d, 0x81, 0xdc, 0x99, 0x80, 0x65,
    0xa0, 0x0e, 0x44, 0x0a, 0x78, 0x80, 0x71, 0x11, 0x08, 0x80, 0x1f, 0x2e, 0x00, 0x7f, 0x6a, 0x00,
    0x7f, 0x26, 0x00, 0x70, 0x00, 0xff, 0xe2, 0x2e, 0x80, 0x7f, 0xc8, 0x44, 0x00, 0xc2, 0x84, 0x01,
    0x09, 0xaa, 0x3c, 0xe7, 0x5d, 0x81, 0x5e, 0x8a, 0x21, 0xdf, 0xeb, 0x1b, 0x0e, 0xdd, 0x48, 0xe4,
    0xb1, 0x4d, 0x90, 0x5d, 0x3b, 0x81, 0x00, 0x75, 0x14, 0x03, 0xcb, 0x80, 0xcc, 0x90, 0x0f, 0xb1,
    0x01, 0xe8, 0x03, 0xf2, 0x18, 0x80, 0x7f, 0x8c, 0x50, 0x03, 0xfe, 0x4f, 0x00, 0xff, 0xbb, 0xc0,
    0x38, 0x00, 0xff, 0xa7, 0xff, 0xb8, 0xc0, 0x11, 0xdd, 0xb4, 0x44, 0x00, 0x11, 0xf0, 0x10, 0x07,
    0xcc, 0x60, 0x1f, 0x89, 0x80, 0x06, 0x7e, 0xc0, 0x34, 0xfe, 0xee, 0x67, 0xe9, 0x02, 0x55, 0xf3,
    0x18, 0x04, 0xd3, 0x3e, 0xbe, 0x00, 0x93, 0x33, 0xca, 0xc0, 0x1f, 0xe2, 0x20, 0x07, 0xf9, 0xbc,
    0x03, 0xfc, 0x44, 0x00, 0xfe, 0x21, 0x60, 0x00, 0x80, 0x79, 0x84, 0x80, 0x73, 0xff, 0xd6, 0x3f,
    0xfb, 0x77, 0xfe, 0x09, 0xa9, 0x9e, 0x80, 0xcc, 0xf0, 0xa0, 0x2b, 0x2a, 0xec, 0x00, 0x1a, 0xaf,
    0x18, 0x01, 0x7b, 0xff, 0x58, 0x01, 0xae, 0xab, 0x40, 0x07, 0xf8, 0x77, 0x33, 0xa4, 0x06, 0x7f,
    0xfa, 0xd8, 0x8c, 0xbb, 0xf9, 0xee, 0x7b, 0xbc, 0x3c, 0x6a, 0xbf, 0x10, 0x07, 0xfc, 0x77, 0x6a,
    0xae, 0x50, 0x2d, 0xef, 0xfe, 0x60, 0x16, 0x55, 0xf1, 0x80, 0x7f, 0xcc, 0xef, 0xf1, 0x87, 0xee,
    0xfc, 0xc1, 0x35, 0x5f, 0x75, 0x00, 0x00, 0x2a, 0xfc, 0xc4, 0x01, 0x6f, 0xff, 0xb4, 0x40, 0x28,
    0xaa, 0xf5, 0x98, 0x00, 0xc8, 0xbf, 0x80, 0x1b, 0x99, 0xfb, 0x48, 0x3b, 0xbf, 0x49, 0x10, 0x03,
    0xfa, 0xa8, 0x01, 0xfc, 0xe0, 0xe0, 0x1f, 0x9e, 0x78, 0x03, 0xe3, 0xb9, 0xd3, 0x00, 0xe5, 0xcc,
    0x17, 0x98, 0x07, 0x9e, 0xba, 0x44, 0x03, 0x73, 0x00, 0xc9, 0x14, 0xc0, 0x18, 0x90, 0x03, 0xff,
    0xa4, 0x2e, 0x01, 0xef, 0x1e, 0x40, 0x0c, 0x9a, 0x62, 0x01, 0x31, 0x30, 0x06, 0x79, 0xb1, 0x00,
    0x36, 0xd5, 0x14, 0x02, 0x48, 0xd5, 0x00, 0x00, 0x89, 0xc0, 0x0a, 0xa0, 0x0f, 0xcd, 0x20, 0x0c,
    0xc0, 0x07, 0xf1, 0x80, 0x7f, 0xf3, 0xc4, 0x03, 0xff, 0x0b, 0x80, 0x7f, 0xed, 0x10, 0x0f, 0x9c,
    0x40, 0x23, 0xd0, 0x0f, 0x3d, 0x00, 0x46, 0x8a, 0x01, 0x86, 0x6b, 0x84, 0x07, 0x9c, 0x80, 0x25,
    0xc5, 0xf3, 0x00, 0x50, 0xc0, 0x06, 0x2a, 0xc2, 0x00, 0xab, 0x40, 0x34, 0x7b, 0x80, 0x60, 0x53,
    0x00, 0xfd, 0x28, 0x01, 0xf9, 0xc4, 0x03, 0xff, 0xb0, 0xac, 0x01, 0xf3, 0x59, 0x00, 0x70, 0xcc,
    0x52, 0x00, 0x66, 0xf5, 0xc4, 0x00, 0x7c, 0x75, 0xc6, 0x10, 0x04, 0xe5, 0x7a, 0xc0, 0x1a, 0xbe,
    0x94, 0x03, 0xc0, 0x88, 0xfe, 0x90, 0x62, 0x00, 0xf0, 0xb0, 0x02, 0x62, 0x3d, 0x60, 0x1f, 0xfe,
    0xee, 0xcc, 0xf7, 0x80, 0x55, 0x11, 0xeb, 0x00, 0x7b, 0xa2, 0x79, 0xb8, 0x00, 0x37, 0x7f, 0xa0,
    0x9a, 0x7f, 0xfc, 0xc8, 0x05, 0x11, 0xe1, 0x50, 0x0f, 0x8c, 0x4d, 0xe8, 0x03, 0xa9, 0x00, 0x98,
    0x03, 0x1b, 0x48, 0x07, 0x8f, 0x60, 0xc0, 0x31, 0x46, 0x4b, 0x80, 0x61, 0xf3, 0xc7, 0x00, 0xe1,
    0xdb, 0x30, 0x0c, 0x2c, 0xcf, 0xeb, 0x13, 0x34, 0xc4, 0x7a, 0xd0, 0x02, 0x44, 0xf8, 0x88, 0x20,
    0x1f, 0xda, 0xe0, 0x60, 0x1f, 0x97, 0x00, 0xbc, 0x40, 0x39, 0x0d, 0xc0, 0x3f, 0x0c, 0xb0, 0x80,
    0x7c, 0x5a, 0xd0, 0x01, 0xf3, 0x63, 0xd0, 0x07, 0x97, 0x62, 0x16, 0x20, 0x1e, 0x58, 0xe6, 0x00,
    0xe0, 0x00, 0xf9, 0x24, 0x03, 0xfc, 0x2a, 0x01, 0x14, 0xcf, 0xb8, 0xa6, 0x4a, 0x1d, 0xc4, 0x0e,
    0xe1, 0x1f, 0x70, 0x49, 0xdc, 0x38, 0xee, 0xc1, 0x77, 0x20, 0x07, 0xff, 0x31, 0xa2, 0x03, 0xf1,
    0x0f, 0x28, 0x83, 0x80, 0x4a, 0x40, 0x1f, 0x34, 0x47, 0xbc, 0xa2, 0x0e, 0x01, 0xff, 0xc7, 0x6a,
    0x00, 0x80, 0x19, 0x9f, 0xf2, 0x00, 0x8f, 0xe0, 0x67, 0x18, 0x8d, 0xb5, 0x10, 0x57, 0x30, 0x0e,
    0x87, 0x0a, 0x78, 0x00, 0xf0, 0x82, 0x05, 0x00, 0x7f, 0x25, 0x08, 0x07, 0xff, 0x3a, 0x6a, 0xb1,
    0x4d, 0x56, 0xbf, 0xdd, 0xd3, 0x7b, 0xbb, 0x00, 0x00, 0xff, 0xaf, 0xfb, 0xbf, 0x14, 0xee, 0x67,
    0xa8, 0x4c, 0x8b, 0xfc, 0x24, 0xab, 0xf6, 0xa0, 0x37, 0x7f, 0xf7, 0x26, 0x82, 0x5d, 0x57, 0x69,
    0x20, 0x07, 0xc5, 0x10, 0x00, 0xf8, 0xfd, 0x94, 0x03, 0x85, 0xf6, 0xa0, 0x03, 0x0c, 0xfd, 0xeb,
    0x80, 0x70, 0xe5, 0x61, 0x80, 0x70, 0x01, 0x00, 0xfe, 0x5f, 0x40, 0x0f, 0xcb, 0x36, 0xe0, 0x1f,
    0x9e, 0xe5, 0xc0, 0x31, 0x40, 0x01, 0x35, 0x80, 0x34, 0x90, 0x04, 0x62, 0x01, 0x3a, 0xc0, 0x07,
    0xcf, 0x14, 0x40, 0x1c, 0x33, 0x2b, 0x40, 0x0e, 0x5c, 0x4d, 0x40, 0x08, 0xe3, 0x6d, 0x70, 0xc0,
    0x2b, 0xc4, 0xaf, 0x81, 0x00, 0xd5, 0xd8, 0xe2, 0x01, 0xe0, 0x00, 0xe1, 0x00, 0x09, 0xaa, 0x00,
    0x7b, 0x8c, 0x01, 0xef, 0x02, 0x01, 0xf8, 0x65, 0xbc, 0x52, 0xea, 0xa0, 0x8a, 0xa7, 0x70, 0xc0,
    0x5b, 0xfe, 0xae, 0xff, 0x0b, 0x80, 0x42, 0xab, 0xf1, 0xa0, 0x07, 0xfc, 0x98, 0x00, 0x14, 0x00,
    0xf2, 0x1a, 0x00, 0x12, 0x00, 0x3d, 0x0c, 0x20, 0x1f, 0xd4, 0x32, 0x01, 0xf8, 0xf1, 0xfc, 0x40,
    0x3c, 0xd9, 0x85, 0xc2, 0x00, 0xf8, 0xaf, 0x64, 0x40, 0x38, 0x00, 0x86, 0x40, 0x3f, 0x98, 0x03,
    0x92, 0x1e, 0x45, 0xdf, 0x08, 0x04, 0x26, 0x01, 0x41, 0xa4, 0x3f, 0xbb, 0xe0, 0x30, 0x0b, 0x30,
    0x01, 0x84, 0x00, 0x48, 0xe0, 0x02, 0x10, 0x0a, 0x58, 0x40, 0x0c, 0x40, 0x56, 0xf0, 0x0c, 0xbe,
    0x80, 0xc5, 0xa0, 0x0e, 0xf2, 0x90, 0x00, 0x89, 0x80, 0x3f, 0x97, 0x40, 0x3f, 0xa8, 0x95, 0x7c,
    0x00, 0x70, 0x3f, 0xeb, 0xff, 0x81, 0x27, 0xaa, 0x9a, 0xb5, 0x50, 0xcd, 0x98, 0x03, 0xcc, 0x02,
    0x1d, 0x50, 0x00, 0xbd, 0x80, 0x7e, 0x82, 0x30, 0x0f, 0x9d, 0xdc, 0x01, 0xf3, 0xd6, 0x90, 0x07,
    0xcf, 0xa6, 0x01, 0xc0, 0x00, 0xfc, 0x6a, 0xce, 0x01, 0xfc, 0x50, 0x98, 0x06, 0xef, 0xf3, 0x23,
    0x58, 0x2c, 0xee, 0xfc, 0x90, 0x01, 0x2d, 0x57, 0xc8, 0xa0, 0x1f, 0xf2, 0xf0, 0x07, 0xf8, 0x4d,
    0x00, 0x09, 0xe0, 0x1e, 0x72, 0x30, 0x01, 0x20, 0x07, 0x0c, 0x58, 0x07, 0xf0, 0xea, 0xb0, 0x07,
    0xe3, 0xc0, 0xa0, 0x0f, 0x92, 0xb1, 0x34, 0x40, 0x3e, 0x33, 0x64, 0x88, 0x07, 0x00, 0xff, 0x0a,
    0x80, 0x7e, 0x57, 0x57, 0xe1, 0x00, 0xf8, 0xb5, 0x72, 0x0c, 0xd1, 0x1e, 0xc7, 0x82, 0x02, 0x00,
    0x7b, 0x8f, 0xf8, 0x07, 0xc0, 0x23, 0x87, 0x1b, 0x77, 0x63, 0x3c, 0x18, 0x07, 0xff, 0x3d, 0xde,
    0x1a, 0x77, 0x63, 0x3b, 0x94, 0x3f, 0xb8, 0xc3, 0xdc, 0x71, 0xee, 0x10, 0x44, 0xcf, 0xad, 0xe6,
    0x4e, 0x01, 0xff, 0xc9, 0x3c, 0x00, 0xc0, 0x00, 0xfe, 0x23, 0x65, 0x00, 0xff, 0x1f, 0x24, 0x80,
    0x05, 0x13, 0xe5, 0x53, 0xe0, 0x00, 0xa6, 0x7f, 0x2d, 0x20, 0x00, 0xf7, 0x76, 0x6e, 0xcc, 0xc4,
    0x00, 0xfb, 0x8c, 0x21, 0xa0, 0x03, 0xfc, 0xcb, 0xe2, 0x01, 0xfe, 0x6c, 0x20, 0x0f, 0xfc, 0x20,
    0x1f, 0xfc, 0x76, 0x55, 0xc0, 0x8a, 0xbc, 0x00, 0xb9, 0x9c, 0x77, 0x33, 0xbc, 0x00, 0x00, 0xfc,
    0x6a, 0xce, 0x01, 0xfc, 0x50, 0x98, 0x05, 0x31, 0x1e, 0x96, 0x65, 0x80, 0x04, 0x03, 0xe6, 0xe0,
    0x01, 0x44, 0x7e, 0x1c, 0x00, 0xff, 0x8d, 0x40, 0x2c, 0xee, 0xf8, 0x4c, 0x02, 0xec, 0xff, 0xe5,
    0x60, 0x0c, 0x44, 0x11, 0xca, 0xaa, 0x00, 0xfe, 0x3a, 0xb2, 0x00, 0xfc, 0xdb, 0x2a, 0x01, 0xe1,
    0x6c, 0xba, 0x70, 0x0f, 0x92, 0xed, 0x88, 0x01, 0xe0, 0x1a, 0xa0, 0xba, 0xa9, 0xd4, 0x44, 0xa7,
    0xfe, 0x30, 0x00, 0xff, 0xd3, 0xff, 0xfe, 0x8a, 0xbb, 0xff, 0x50, 0x00, 0xfa, 0x6c, 0x40, 0x35,
    0xb5, 0x00, 0x62, 0xc6, 0xb0, 0x0c, 0x3e, 0xd2, 0x01, 0x8b, 0x9d, 0xc0, 0x18, 0xe2, 0x06, 0x01,
    0x9a, 0xcc, 0x00, 0xf0, 0x80, 0x78, 0xcd, 0x0c, 0x01, 0xef, 0x8b, 0x11, 0x62, 0x81, 0xa1, 0x78,
    0x8a, 0xa8, 0xc1, 0x06, 0x40, 0x06, 0x99, 0x28, 0x07, 0x9a, 0x69, 0x00, 0x3c, 0xcf, 0x44, 0x01,
    0xe8, 0x5e, 0x00, 0xfa, 0x60, 0x00, 0x3c, 0xcf, 0xc2, 0x51, 0x1e, 0x93, 0x01, 0x44, 0xf8, 0x03,
    0xff, 0xfe, 0x01, 0xff, 0xc3, 0x40, 0x00, 0xff, 0xe1, 0x37, 0xff, 0xfe, 0x77, 0x6e, 0xff, 0xe6,
    0x00, 0xc4, 0xe0, 0x1f, 0xf9, 0xa8, 0x03, 0xff, 0xac, 0x22, 0x00, 0xf1, 0x23, 0xcd, 0xf7, 0x14,
    0x55, 0xea, 0x0b, 0x23, 0x7b, 0x9b, 0xe8, 0x5d, 0xcd, 0xb2, 0xec, 0xa7, 0x53, 0x00, 0x1d, 0xcb,
    0x98, 0x07, 0xff, 0x58, 0xe8, 0x03, 0xff, 0x33, 0x00, 0x39, 0x8a, 0x19, 0xb4, 0xa0, 0x07, 0x15,
    0x0f, 0xfe, 0xb9, 0x00, 0x1b, 0xbf, 0xfc, 0x41, 0xdd, 0x1b, 0xf7, 0x7c, 0x62, 0xab, 0x73, 0x2a,
    0xfc, 0x20, 0x18, 0x4c, 0x03, 0xff, 0x7b, 0xe6, 0x75, 0x00, 0x78, 0x9b, 0xff, 0x5b, 0x00, 0x79,
    0x2c, 0xcf, 0x13, 0x80, 0x72, 0x01, 0x80, 0x63, 0x10, 0x0e, 0xe6, 0x00, 0xee, 0x20, 0x0c, 0xa9,
    0x20, 0x1c, 0x5e, 0x01, 0x2d, 0xd0, 0x80, 0x61, 0x43, 0x00, 0x25, 0xd2, 0x00, 0x07, 0xfd, 0xc8,
    0x80, 0x02, 0x72, 0x00, 0x43, 0xff, 0x50, 0x04, 0x00, 0xfd, 0x02, 0x01, 0xff, 0x0b, 0x80, 0x7f,
    0xf0, 0x8c, 0x03, 0x17, 0xff, 0xb8, 0x37, 0xfe, 0x22, 0x7f, 0xaf, 0xfe, 0xd0, 0xff, 0xc4, 0x01,
    0x51, 0x00, 0x04, 0x40, 0x1f, 0x9d, 0x40, 0x0a, 0xa0, 0x0f, 0xd5, 0x22, 0x18, 0x60, 0x1f, 0x8d,
    0xec, 0x92, 0xc0, 0x3f, 0xa1, 0xbd, 0x0c, 0x03, 0xf8, 0xc0, 0x84, 0xc0, 0x3c, 0x2b, 0x58, 0x9c,
    0x7b, 0x6c, 0x60, 0x15, 0x4e, 0xfc, 0x0c, 0x7e, 0xe6, 0xf1, 0x05, 0xe3, 0x88, 0x04, 0x2d, 0x5d,
    0xe4, 0x02, 0x66, 0xff, 0x10, 0x00, 0x73, 0x3f, 0xc2, 0x00, 0x3a, 0xaf, 0xf1, 0x80, 0x7f, 0xf4,
    0xd7, 0x33, 0xf1, 0x80, 0x64, 0xff, 0xfc, 0x40, 0x18, 0x4c, 0xff, 0x08, 0x07, 0xff, 0x48, 0x7f,
    0xff, 0xf0, 0x8b, 0xbb, 0xff, 0x08, 0x00, 0xf4, 0x08, 0x07, 0xfe, 0x70, 0x0f, 0xfe, 0xf2, 0x99,
    0xe1, 0x00, 0xfd, 0x3f, 0xf9, 0x40, 0x3f, 0x66, 0x72, 0x00, 0x7f, 0xfb, 0x4e, 0x67, 0x82, 0xe6,
    0x78, 0xc7, 0xbb, 0xa3, 0x7b, 0xb8, 0x40, 0x2b, 0xbf, 0xfc, 0x66, 0xee, 0xe6, 0x3e, 0xee, 0x21,
    0x55, 0xe1, 0xc5, 0x5e, 0x10, 0x0f, 0x8c, 0x03, 0xff, 0x83, 0x38, 0x80, 0x1f, 0xf5, 0x55, 0x64,
    0x01, 0xfe, 0x6f, 0x1d, 0x30, 0x0f, 0xf0, 0xd5, 0x98, 0x07, 0xfe, 0x40, 0x0f, 0xff, 0x36, 0xa0,
    0x07, 0x80, 0x0c, 0xcf, 0xfc, 0x00, 0x88, 0xe9, 0x34, 0x88, 0xc0, 0x04, 0x4e, 0xc3, 0x84, 0x4c,
    0x01, 0xe6, 0x62, 0x18, 0x07, 0xf2, 0xc1, 0x8c, 0x59, 0x00, 0x79, 0xee, 0x94, 0x6c, 0xf1, 0x40,
    0x22, 0xaa, 0x6a, 0x00, 0x51, 0x57, 0x00, 0x58, 0x18, 0x60, 0x1c, 0x9a, 0xa6, 0x59, 0x42, 0x01,
    0xf1, 0xe9, 0x81, 0x00, 0x7f, 0xf8, 0xa2, 0x40, 0x3c, 0x00, 0xe2, 0xa0, 0x0f, 0xc6, 0x75, 0x31,
    0x9f, 0x00, 0x07, 0xfe, 0x61, 0xff, 0xe0, 0x00, 0xe6, 0x34, 0x33, 0x3c, 0x05, 0x11, 0x58, 0x4c,
    0x47, 0x83, 0xfe, 0x74, 0xff, 0xf8, 0x9d, 0xcc, 0x70, 0xef, 0xf0, 0x04, 0x83, 0x9d, 0xdd, 0x40,
    0x19, 0x7b, 0xff, 0x31, 0xd8, 0x07, 0x18, 0x8d, 0x2b, 0xe2, 0x01, 0x8b, 0xb6, 0x25, 0x30, 0x80,
    0x38, 0xb3, 0xc1, 0xc1, 0x00, 0x3f, 0x14, 0x75, 0x42, 0x00, 0x7f, 0x9b, 0x50, 0x00, 0x00, 0xbb,
    0xbf, 0x18, 0x07, 0x0f, 0xff, 0x8c, 0x03, 0xe1, 0x1f, 0x00, 0x7e, 0x88, 0xf1, 0x80, 0x7d, 0xff,
    0xe0, 0x0f, 0xce, 0xfe, 0x30, 0x0f, 0xfe, 0x4f, 0xff, 0x88, 0x03, 0xef, 0xff, 0x10, 0x07, 0xff,
    0x14, 0xa2, 0x01, 0x11, 0xe3, 0xa8, 0x20, 0x09, 0xc0, 0x3c, 0xc2, 0x00, 0x00, 0x0a, 0x80, 0x19,
    0x40, 0x0e, 0x40, 0x19, 0x60, 0x01, 0xe4, 0x00, 0xa1, 0x00, 0xff, 0xe2, 0x0a, 0x18, 0x22, 0x0b,
    0x91, 0x06, 0xa8, 0x25, 0xf6, 0x7f, 0xe5, 0x4f, 0xf0, 0xd7, 0x91, 0xdc, 0x1d, 0xd9, 0xea, 0xec,
    0x5f, 0x66, 0x01, 0xff, 0xd7, 0xac, 0xc1, 0x00, 0x7f, 0x5f, 0x7f, 0xb0, 0x80, 0x3f, 0x11, 0x9e,
    0x10, 0x0e, 0x2c, 0xcf, 0xd6, 0x01, 0x2e, 0x7f, 0xfe, 0x80, 0x2c, 0xcf, 0xfc, 0x47, 0x11, 0xce,
    0xb1, 0x1c, 0x62, 0x89, 0xc5, 0xe8, 0x9c, 0x20, 0xfb, 0xb9, 0xe3, 0x77, 0x38, 0x03, 0xd7, 0xfe,
    0x49, 0xff, 0x97, 0xc0, 0x39, 0x48, 0xc4, 0x94, 0xfc, 0x03, 0x87, 0x00, 0x35, 0x00, 0x7f, 0xf2,
    0x9d, 0x4b, 0xd4, 0xc0, 0x3e, 0x15, 0xc2, 0x0c, 0x70, 0x0f, 0x8a, 0x67, 0xc2, 0x01, 0xff, 0x9f,
    0x27, 0x40, 0x13, 0x20, 0x0f, 0x37, 0x7a, 0x80, 0x00, 0xa0, 0x80, 0x30, 0xc8, 0x80, 0x77, 0xc8,
    0x06, 0x93, 0x10, 0x0e, 0x76, 0x20, 0x01, 0x35, 0x80, 0x6d, 0xee, 0x16, 0x77, 0x30, 0x7f, 0xb4,
    0x01, 0x9f, 0xed, 0x1f, 0xc1, 0xef, 0xf6, 0x00, 0x4e, 0x26, 0x02, 0x60, 0x22, 0x83, 0x00, 0x0d,
    0x98, 0x07, 0x89, 0xcc, 0x02, 0x5b, 0x00, 0xf2, 0xa0, 0x80, 0x56, 0xa0, 0x1e, 0xbe, 0x00, 0xc6,
    0x60, 0x0e, 0x21, 0x40, 0x0e, 0xe0, 0x0e, 0x2c, 0x00, 0x8a, 0x23, 0x04, 0x40, 0x22, 0x62, 0x04,
    0x01, 0x85, 0xc0, 0x5c, 0x03, 0x80, 0x00, 0xe7, 0x60, 0x0f, 0xf7, 0x70, 0x03, 0x89, 0x13, 0x19,
    0x22, 0x62, 0x89, 0x88, 0x91, 0xe2, 0x29, 0xb0, 0xbc, 0xc9, 0xd7, 0x32, 0xa0, 0x0f, 0xfe, 0x76,
    0xc4, 0x4a, 0x71, 0x16, 0x00, 0x7c, 0xe0, 0x1d, 0xd3, 0x11, 0x2a, 0x44, 0x53, 0x48, 0x40, 0x1f,
    0x88, 0xc0, 0x3f, 0xfa, 0x31, 0x20, 0x1c, 0x00, 0xe4, 0x60, 0x0f, 0xfc, 0xd7, 0x20, 0x1f, 0xf1,
    0x62, 0xb0, 0x07, 0xa3, 0xbb, 0x79, 0xc7, 0x75, 0x00, 0x08, 0xff, 0xce, 0xdf, 0xfa, 0x00, 0x21,
    0x1c, 0x02, 0x3c, 0x01, 0xff, 0xc6, 0xcd, 0xd9, 0xdb, 0x77, 0x00, 0x6e, 0xff, 0x91, 0xff, 0xf0,
    0x06, 0x22, 0xc6, 0x24, 0x58, 0x03, 0xff, 0x88, 0x2c, 0xdc, 0x46, 0xcd, 0xc4, 0x79, 0x9c, 0x22,
    0xcc, 0xe1, 0x00, 0xca, 0xe0, 0x1f, 0xfa, 0x40, 0x3f, 0xf1, 0x9b, 0xdd, 0xd0, 0x60, 0x1f, 0x42,
    0x0f, 0x71, 0x98, 0x01, 0xe5, 0x55, 0x4c, 0xac, 0x50, 0x03, 0x8a, 0xec, 0x20, 0x0a, 0x51, 0x00,
    0xc5, 0x8e, 0xa0, 0x01, 0x6c, 0x00, 0xe3, 0x99, 0x00, 0x50, 0x74, 0x01, 0xc2, 0xe0, 0x13, 0x3f,
    0x82, 0x80, 0x7e, 0x58, 0xa2, 0x8b, 0x20, 0x0f, 0x3d, 0xd9, 0x01, 0x27, 0xc8, 0x02, 0x3b, 0xad,
    0x50, 0x09, 0xd7, 0x18, 0x0b, 0x4b, 0x0c, 0x03, 0xa2, 0xec, 0x85, 0xf2, 0x20, 0x1f, 0x2e, 0xa0,
    0x00, 0xe1, 0xa1, 0x00, 0xff, 0x84, 0xec, 0x03, 0xff, 0x43, 0x08, 0x07, 0xa7, 0xff, 0x71, 0xf7,
    0xfb, 0x40, 0x29, 0xee, 0xfb, 0x46, 0xc0, 0x30, 0x8f, 0x83, 0x9d, 0x80, 0x3f, 0x87, 0x5a, 0x40,
    0x3f, 0x8b, 0x56, 0x80, 0x3f, 0x8f, 0x12, 0x40, 0x3f, 0xa3, 0x6e, 0x00, 0x3e, 0x19, 0xe4, 0xc5,
    0x00, 0xf8, 0x74, 0xe8, 0x61, 0x95, 0x66, 0x63, 0x98, 0x2d, 0x26, 0xe7, 0xfb, 0xbf, 0x31, 0xc2,
    0x00, 0xfc, 0x26, 0xca, 0x01, 0x14, 0x4d, 0x5e, 0x77, 0x58, 0x40, 0x11, 0xf7, 0xfc, 0x8b, 0xfb,
    0x6a, 0x01, 0x08, 0xb9, 0x53, 0xc4, 0x00, 0xfc, 0x01, 0x99, 0x82, 0x01, 0xd5, 0x20, 0x18, 0x51,
    0xc0, 0x32, 0xba, 0x80, 0x04, 0x89, 0xca, 0x5e, 0x24, 0xde, 0x44, 0x12, 0xcc, 0x56, 0xe3, 0x26,
    0x6d, 0x66, 0x14, 0xfb, 0xba, 0x57, 0xbb, 0x90, 0x03, 0xff, 0xc2, 0x9d, 0xc9, 0xc0, 0x0f, 0xe4,
    0xcc, 0x73, 0x00, 0x78, 0x00, 0xfe, 0x14, 0x60, 0x08, 0xa2, 0x13, 0x57, 0xbf, 0xe8, 0xf2, 0x00,
    0xbf, 0xbf, 0x0f, 0xfd, 0xd9, 0x24, 0x00, 0x27, 0x66, 0x23, 0x08, 0x07, 0xfc, 0x52, 0xa0, 0x1f,
    0x27, 0x76, 0x98, 0xee, 0xb0, 0x40, 0x0b, 0x99, 0xf5, 0x84, 0x88, 0x00, 0x48, 0xbc, 0xf7, 0x4a,
    0x01, 0xf8, 0x66, 0x31, 0x00, 0x3f, 0x36, 0x0e, 0x90, 0x07, 0x0d, 0xe6, 0xe7, 0xc0, 0x07, 0x87,
    0x0e, 0x00, 0xdd, 0x0d, 0x10, 0xac, 0x60, 0x90, 0x99, 0xdf, 0x1f, 0x10, 0xec, 0x00, 0x00, 0xfc,
    0x48, 0xc8, 0x01, 0x1d, 0x5d, 0xb7, 0xba, 0xfe, 0x10, 0x08, 0xba, 0x21, 0xef, 0x39, 0x70, 0xa0,
    0x12, 0x7c, 0x42, 0x52, 0xae, 0xf3, 0x00, 0x12, 0x04, 0xe1, 0xd2, 0x0c, 0x61, 0x00, 0x55, 0xc0,
    0x0e, 0x00, 0x70, 0x03, 0xb0, 0x9f, 0x71, 0xd3, 0x9d, 0x39, 0x1f, 0xb8, 0x65, 0x54, 0x4a, 0xa2,
    0xd5, 0x49, 0x54, 0x20, 0x7b, 0x4b, 0xb2, 0xd5, 0xd9, 0x2e, 0x00, 0x0b, 0x1d, 0x2c, 0x66, 0x79,
    0xe8, 0xa0, 0x01, 0x1b, 0x4d, 0x33, 0x12, 0x58, 0xc8, 0x05, 0xf6, 0x79, 0xc3, 0xe2, 0x63, 0x18,
    0x43, 0xa7, 0x0c, 0x03, 0x26, 0xce, 0x00, 0xca, 0x00, 0x52, 0xc0, 0x12, 0xd0, 0x80, 0x00, 0xc3,
    0x22, 0x01, 0xff, 0x98, 0x03, 0xff, 0x84, 0x20, 0x1f, 0x88, 0xcc, 0xa0, 0x67, 0x84, 0x03, 0x77,
    0x54, 0x1d, 0xd6, 0x10, 0x06, 0xcd, 0xd5, 0x16, 0xec, 0x40, 0x1f, 0x89, 0x80, 0x3f, 0xf7, 0x98,
    0x07, 0xfe, 0x7b, 0x00, 0xff, 0x9c, 0x8c, 0x03, 0xfc, 0x73, 0x00, 0x1f, 0x2c, 0x02, 0xec, 0xa0,
    0x07, 0x29, 0x60, 0x1d, 0xd9, 0xc0, 0x3a, 0xaf, 0x12, 0xcf, 0x94, 0x03, 0xcf, 0xbd, 0xa6, 0x00,
    0xf0, 0xd8, 0x07, 0xf6, 0x00, 0x48, 0x01, 0xfc, 0x60, 0x1e, 0x26, 0x10, 0x0f, 0xe7, 0xcf, 0x82,
    0x00, 0xe4, 0x9c, 0x0f, 0xf6, 0x98, 0x00, 0x56, 0x82, 0x3b, 0x81, 0x06, 0x00, 0x10, 0x7e, 0xc0,
    0xc7, 0x20, 0x0c, 0x66, 0x06, 0xb6, 0x00, 0xf8, 0x80, 0x40, 0x3f, 0x8a, 0xfd, 0x80, 0x3f, 0xc5,
    0x1f, 0x0a, 0x20, 0x1e, 0x1d, 0x03, 0x20, 0x92, 0x00, 0x89, 0x88, 0x80, 0x45, 0x29, 0x10, 0x02,
    0x9d, 0xef, 0xfe, 0xea, 0x10, 0x6a, 0xaf, 0xf1, 0x13, 0x33, 0xf2, 0x31, 0xa3, 0x37, 0x92, 0x93,
    0x44, 0x03, 0xcf, 0x97, 0x42, 0x01, 0xe7, 0xbc, 0x70, 0x0f, 0xde, 0xa4, 0x01, 0xff, 0xf6, 0x4e,
    0xe3, 0xe0, 0x07, 0xc9, 0x9f, 0xe5, 0x00, 0xe0, 0x00, 0xff, 0xe2, 0x77, 0xff, 0xe7, 0x00, 0xdd,
    0xfd, 0xff, 0x69, 0xab, 0x80, 0x7a, 0xb1, 0x5b, 0xea, 0x80, 0x1f, 0x5c, 0x74, 0xa3, 0x80, 0x62,
    0x88, 0xd8, 0x68, 0xdb, 0x11, 0x08, 0x7f, 0xf1, 0xbc, 0x5f, 0x9a, 0x89, 0x3b, 0xf6, 0x2b, 0xb9,
    0x55, 0xc0, 0x1f, 0xf4, 0xc8, 0xc0, 0x3f, 0xea, 0x70, 0x0f, 0xfc, 0x20, 0x1f, 0xfc, 0x9b, 0xe9,
    0xf0, 0x0f, 0xf5, 0x7f, 0x30, 0x07, 0x80, 0x00, 0xc9, 0x20, 0x1f, 0xf0, 0xca, 0xcc, 0xd0, 0x20,
    0x1c, 0x3a, 0x93, 0x98, 0x24, 0x10, 0x0c, 0x78, 0xd6, 0xee, 0x05, 0xf2, 0x10, 0x0a, 0xdd, 0xbb,
    0x99, 0x65, 0xf9, 0x20, 0x14, 0x56, 0x64, 0xf3, 0x98, 0x90, 0x09, 0x26, 0x79, 0x2e, 0x65, 0x6b,
    0x28, 0xd9, 0x9c, 0xcb, 0x98, 0x66, 0x63, 0x12, 0xaf, 0x0f, 0x2a, 0xb4, 0xd4, 0x80, 0x1d, 0xd9,
    0x67, 0xb9, 0x20, 0x1d, 0xdd, 0x9a, 0x7b, 0xa8, 0x00, 0xfc, 0x60, 0x1f, 0xe1, 0xde, 0x44, 0x00,
    0x7f, 0x0e, 0x7f, 0x18, 0x07, 0x80, 0x00, 0xf3, 0xb0, 0x07, 0x86, 0xab, 0xff, 0x08, 0xa6, 0x79,
    0xd6, 0x67, 0x84, 0x0e, 0xfe, 0x20, 0xe9, 0x10, 0xf9, 0x30, 0x08, 0x52, 0x20, 0xe9, 0x10, 0x40,
    0x0e, 0xc0, 0xbb, 0x31, 0x5d, 0x83, 0xc0, 0x31, 0x7f, 0xc0, 0x0f, 0xf8, 0xc0, 0x31, 0x9e, 0x71,
    0x33, 0x0c, 0x00, 0x12, 0xff, 0xf3, 0x3f, 0xfb, 0x46, 0xd1, 0x66, 0x79, 0x16, 0x65, 0xe3, 0x2a,
    0x21, 0xdd, 0x9d, 0xbb, 0x92, 0x04, 0x20, 0x59, 0x99, 0xe7, 0x32, 0x60, 0x0f, 0x3d, 0xb9, 0x00,
    0x06, 0x00, 0x3c, 0xd3, 0xea, 0x01, 0xe0, 0x00, 0x5d, 0xff, 0x80, 0x36, 0xef, 0xf8, 0x03, 0x33,
    0x7f, 0x80, 0x3f, 0xff, 0x82, 0xef, 0xff, 0x88, 0xf3, 0x3f, 0xf0, 0x00, 0x02, 0x66, 0xff, 0x08,
    0x00, 0x73, 0x2d, 0x8c, 0xce, 0x30, 0x01, 0xd5, 0x58, 0xb5, 0x5c, 0x40, 0x1e, 0xe3, 0x00, 0xfe,
    0x35, 0x58, 0x55, 0x64, 0x00, 0xe5, 0xee, 0x19, 0x77, 0x26, 0x40, 0x1c, 0xd7, 0x41, 0x57, 0x69,
    0x60, 0x0f, 0x88, 0x82, 0x00, 0x31, 0x00, 0xf9, 0x58, 0x02, 0xe3, 0x00, 0xfb, 0xcc, 0x02, 0x1e,
    0x00, 0x8a, 0xaa, 0x74, 0xaa, 0x9e, 0xea, 0x84, 0x7f, 0xf5, 0xcf, 0xfd, 0x73, 0xfe, 0x30, 0x00,
    0x8e, 0x40, 0x07, 0x00, 0x1e, 0x22, 0x3a, 0x80, 0x1c, 0xc0, 0x06, 0x01, 0x2a, 0x80, 0x55, 0x40,
    0x04, 0xad, 0x50, 0x0e, 0x3c, 0xd0, 0x4f, 0xf7, 0x28, 0x07, 0x14, 0xc0, 0x25, 0xa8, 0x20, 0x80,
    0x7f, 0xef, 0x52, 0xdc, 0xe2, 0xde, 0x75, 0xaa, 0x95, 0x4c, 0x07, 0x95, 0xfc, 0x7b, 0xff, 0x60,
    0xa5, 0x59, 0x8b, 0xaa, 0x98, 0x00, 0x24, 0x01, 0x27, 0xff, 0xec, 0x00, 0xcf, 0x55, 0xfa, 0x00,
    0x02, 0x89, 0xff, 0x84, 0xe2, 0x3f, 0xf1, 0x00, 0x00, 0xf4, 0x98, 0x07, 0xff, 0x06, 0x40, 0x3f,
    0xf5, 0x28, 0x80, 0x71, 0xe6, 0x77, 0x96, 0xe6, 0x63, 0x2f, 0xa2, 0xff, 0xbb, 0xff, 0x88, 0x4d,
    0x40, 0xcf, 0xf8, 0x40, 0x3f, 0xff, 0xa3, 0x99, 0xf9, 0x40, 0x22, 0xb8, 0x8f, 0xce, 0x00, 0x00,
    0xf5, 0x90, 0x07, 0xfe, 0x38, 0x00, 0xf0, 0xe6, 0x72, 0xbe, 0x67, 0x00, 0xff, 0xd5, 0x1d, 0xcf,
    0xaf, 0xf8, 0x00, 0x66, 0x58, 0x63, 0x31, 0x55, 0x0c, 0xc0, 0x14, 0x5e, 0x10, 0x00, 0x74, 0xf0,
    0x40, 0x14, 0x9f, 0x04, 0x00, 0x1c, 0xb5, 0xd0, 0x05, 0xe1, 0x6c, 0x00, 0x21, 0x06, 0x78, 0x00,
    0x20, 0x07, 0x66, 0x2b, 0xc0, 0x00, 0x80, 0x3d, 0xd1, 0x7a, 0x20, 0x1f, 0x8a, 0xcc, 0xd2, 0x40,
    0x1c, 0x29, 0x58, 0x39, 0x82, 0xcb, 0x62, 0x01, 0xf8, 0xdf, 0x81, 0x14, 0x7e, 0xeb, 0x08, 0x7f,
    0x1c, 0x40, 0x30, 0xb5, 0xf1, 0x00, 0x00, 0xf5, 0x10, 0x07, 0xfe, 0x28, 0x00, 0xf0, 0xaa, 0xf7,
    0x32, 0xaf, 0x09, 0xff, 0xea, 0xd6, 0x88, 0x7f, 0xc6, 0x55, 0x58, 0x2a, 0x89, 0x55, 0x88, 0x00,
    0xae, 0x01, 0xe7, 0x40, 0x0d, 0xc2, 0x20, 0x10, 0x08, 0xa0, 0x02, 0x25, 0x73, 0x10, 0x0c, 0xa0,
    0xa0, 0x09, 0x61, 0x45, 0x00, 0xe9, 0x90, 0x09, 0xc8, 0x56, 0x80, 0x72, 0x90, 0x8a, 0x05, 0x49,
    0xc0, 0x3d, 0xc2, 0x00, 0x4b, 0xa1, 0x00, 0xfe, 0x1a, 0xb4, 0x0b, 0xe7, 0x30, 0x0e, 0x1f, 0x50,
    0x05, 0x7f, 0x20, 0x06, 0x00, 0xe1, 0xb2, 0x00, 0xff, 0x84, 0xa0, 0x03, 0xc3, 0xff, 0xcc, 0xbf,
    0xfc, 0x43, 0xff, 0xff, 0x88, 0x00, 0xbb, 0xbf, 0x9c, 0x03, 0x1b, 0xe6, 0x79, 0x3c, 0x03, 0xc2,
    0x3e, 0x00, 0xf9, 0xea, 0xbc, 0x80, 0x1c, 0xf3, 0xdc, 0x01, 0xee, 0x4d, 0x00, 0x77, 0x2a, 0x11,
    0x11, 0xb8, 0xc0, 0x35, 0x10, 0x80, 0x62, 0x0a, 0x00, 0xa8, 0x20, 0x03, 0xd4, 0x10, 0x03, 0xb6,
    0x15, 0xad, 0xe0, 0x15, 0x78, 0x0b, 0x80, 0x2f, 0xfc, 0xc0, 0x10, 0xb8, 0x00, 0x00, 0xf3, 0xb0,
    0x07, 0xfe, 0xde, 0x00, 0xff, 0xc2, 0x01, 0xff, 0xc1, 0x72, 0x00, 0xff, 0xc4, 0xe0, 0x1f, 0xf1,
    0x80, 0x08, 0x03, 0xfd, 0x68, 0x8a, 0x00, 0xff, 0x37, 0xd3, 0x08, 0x07, 0xe7, 0x35, 0x35, 0x90,
    0x0f, 0x8a, 0x64, 0x00, 0x86, 0x40, 0x0e, 0x2f, 0x64, 0x00, 0x1c, 0x51, 0x80, 0x49, 0x89, 0x00,
    0x19, 0xa7, 0x5c, 0x0a, 0x62, 0x40, 0x3c, 0xf5, 0x66, 0x5a, 0xc0, 0x1f, 0x93, 0x0c, 0x00, 0x86,
    0x00, 0x25, 0x50, 0x07, 0xcc, 0x40, 0x16, 0xe0, 0x07, 0x86, 0x64, 0x01, 0xff, 0x4a, 0x98, 0x07,
    0xf9, 0x1c, 0x40, 0x3f, 0xc5, 0x48, 0x0d, 0xdd, 0x33, 0x3b, 0xa5, 0x16, 0xe0, 0x7c, 0xc9, 0x97,
    0x32, 0x43, 0x80, 0x00, 0x91, 0x40, 0x64, 0x50, 0x80, 0x7f, 0xff, 0x16, 0xc0, 0x34, 0xc0, 0x06,
    0x00, 0xf2, 0xc0, 0x07, 0xfc, 0x76, 0xc6, 0x01, 0xfc, 0x9b, 0x15, 0xa8, 0x01, 0xf3, 0xd4, 0x32,
    0x55, 0x20, 0x03, 0x1d, 0xd5, 0x0b, 0x09, 0x31, 0x31, 0x00, 0xf0, 0xb1, 0x11, 0x58, 0x85, 0x97,
    0x46, 0x6d, 0x91, 0x00, 0x35, 0x18, 0x01, 0xfc, 0xc0, 0xab, 0x77, 0x4d, 0x6e, 0xa8, 0x40, 0x28,
    0xee, 0xf5, 0x97, 0x00, 0x62, 0x33, 0xe2, 0xb8, 0x40, 0x0f, 0xf5, 0x3b, 0x80, 0x3f, 0xd0, 0xf6,
    0x01, 0xfe, 0x46, 0xe1, 0x00, 0xff, 0x27, 0x90, 0x07, 0x00, 0xf2, 0x38, 0x07, 0xfc, 0x53, 0x44,
    0x01, 0xfc, 0x5f, 0x54, 0xf2, 0x00, 0xf9, 0x32, 0x9d, 0xd5, 0x8a, 0x01, 0x8a, 0xa9, 0x6e, 0x00,
    0x7a, 0x8b, 0x40, 0x5d, 0x3c, 0x60, 0x0c, 0xfe, 0x74, 0xcb, 0xb2, 0x18, 0x01, 0xb8, 0x63, 0x98,
    0x08, 0x03, 0xff, 0x86, 0x22, 0x00, 0xff, 0xca, 0xa0, 0x0f, 0xfd, 0x5a, 0x01, 0xfe, 0x1b, 0x06,
    0x00, 0xff, 0x58, 0x68, 0x07, 0xfd, 0x56, 0x20, 0x1d, 0xe6, 0x01, 0x00, 0xa0, 0x40, 0x3f, 0xc6,
    0xa9, 0x77, 0xe1, 0x00, 0xa6, 0x9e, 0x1b, 0x63, 0xd4, 0x40, 0x04, 0xaa, 0x23, 0x05, 0x37, 0x50,
    0x0a, 0x00, 0xc0, 0x06, 0x20, 0x86, 0x00, 0x67, 0x10, 0x08, 0x4c, 0x35, 0x6e, 0x8f, 0x80, 0x21,
    0x18, 0x26, 0x5a, 0xea, 0x60, 0x12, 0x90, 0x00, 0xd0, 0x84, 0x03, 0x8d, 0x40, 0x30, 0xb8, 0x07,
    0x66, 0x00, 0x31, 0x90, 0x06, 0x35, 0x40, 0x0d, 0xc2, 0x01, 0xa1, 0x84, 0x03, 0x26, 0x80, 0x48,
    0xf2, 0x00, 0x5f, 0xf0, 0x20, 0x03, 0x17, 0x04, 0x00, 0xbf, 0xec, 0x10, 0x00, 0xd2, 0x01, 0x2a,
    0x00, 0x7c, 0xc4, 0x01, 0x61, 0x80, 0x78, 0x6f, 0xc0, 0x3f, 0xe9, 0x64, 0x00, 0xff, 0x2b, 0x89,
    0xaa, 0xc5, 0xaa, 0xb1, 0x1d, 0xa0, 0x2f, 0x74, 0xcf, 0xdd, 0x3b, 0x4e, 0x83, 0x5d, 0xc9, 0x57,
    0x72, 0xa9, 0xc0, 0x3f, 0xfd, 0xc4, 0xef, 0x2e, 0x3b, 0xc4, 0x01, 0xdf, 0xf2, 0x1f, 0xfc, 0x01,
    0x3d, 0x94, 0x47, 0xe2, 0x00, 0x91, 0x40, 0x23, 0x70, 0x0f, 0xa0, 0x08, 0xc1, 0xb4, 0x03, 0xca,
    0x0a, 0x94, 0x01, 0x84, 0xc0, 0x03, 0x12, 0x01, 0xcd, 0x3f, 0xc0, 0x08, 0x21, 0x00, 0x1b, 0x49,
    0x75, 0x00, 0x19, 0xc8, 0x13, 0x57, 0x11, 0x0e, 0xc2, 0x07, 0xac, 0x30, 0x0d, 0x5a, 0x00, 0x10,
    0x02, 0x98, 0x0e, 0x68, 0x07, 0x3b, 0x80, 0x3f, 0xe7, 0xf2, 0x00, 0xff, 0x8f, 0xa0, 0x03, 0xf9,
    0x69, 0x16, 0x54, 0x03, 0xca, 0x20, 0x10, 0xa0, 0x80, 0x73, 0xbb, 0xfb, 0xaf, 0x64, 0x00, 0x52,
    0x00, 0xdf, 0x77, 0x50, 0x00, 0x00, 0xd0, 0x01, 0xc8, 0xa0, 0x1c, 0xc8, 0x01, 0xc7, 0x80, 0x1d,
    0x72, 0x01, 0xff, 0x38, 0xbd, 0x57, 0x5a, 0x51, 0x81, 0xc3, 0x1e, 0x67, 0x33, 0x30, 0x4b, 0x88,
    0x05, 0x9b, 0xb4, 0x98, 0x85, 0xec, 0x00, 0x3a, 0x20, 0x1e, 0x3a, 0x00, 0x85, 0x6c, 0x03, 0xff,
    0x4a, 0x20, 0x03, 0xfe, 0x18, 0x10, 0x0f, 0xfc, 0xca, 0x01, 0xff, 0xc3, 0xf0, 0x0f, 0xf3, 0x76,
    0xb6, 0x00, 0x67, 0xb0, 0x09, 0xb3, 0xf9, 0x40, 0x00, 0x00, 0xcc, 0x40, 0x6c, 0x08, 0x20, 0x1c,
    0x70, 0x60, 0xf4, 0x07, 0xa2, 0x01, 0xa2, 0x44, 0x1c, 0x00, 0xf7, 0x40, 0x13, 0x2b, 0x80, 0x04,
    0x80, 0x0f, 0x20, 0x03, 0x83, 0x01, 0x34, 0x19, 0xbd, 0xc4, 0x2d, 0x40, 0x6f, 0xf6, 0x08, 0xbb,
    0x9e, 0x8a, 0xd2, 0x0d, 0xd9, 0x45, 0x8a, 0x62, 0x0f, 0x00, 0x1e, 0x63, 0x00, 0xff, 0xdb, 0xa0,
    0x0f, 0xfc, 0xa8, 0x20, 0x44, 0x00, 0xfc, 0x44, 0x70, 0x4a, 0x00, 0xfe, 0x88, 0x2e, 0x68, 0x07,
    0xf2, 0x45, 0xba, 0x00, 0x0f, 0x00, 0x3c, 0xdd, 0xa2, 0x00, 0xf1, 0xc8, 0x07, 0xfc, 0x5a, 0xe6,
    0x01, 0xfc, 0x99, 0x17, 0xaa, 0x01, 0xf4, 0x55, 0xaa, 0xb6, 0x24, 0x40, 0x26, 0xd3, 0xc7, 0xe6,
    0x3c, 0x3f, 0x71, 0x3a, 0x8b, 0x22, 0x7d, 0xa0, 0xd5, 0x2d, 0x4f, 0x19, 0x12, 0x6b, 0x04, 0x43,
    0xe2, 0x00, 0x13, 0xff, 0x6f, 0xfa, 0xe8, 0x03, 0x3d, 0xdf, 0x50, 0x2c, 0x80, 0x79, 0x60, 0x45,
    0x43, 0x40, 0x1f, 0x21, 0x66, 0x8d, 0x00, 0x7e, 0x1a, 0x82, 0x30, 0x0f, 0xf9, 0x71, 0x14, 0x03,
    0xfe, 0x2c, 0x50, 0x0c, 0x00, 0xfe, 0x12, 0x00, 0xa1, 0x00, 0x88, 0x01, 0x3c, 0x80, 0x46, 0x20,
    0x9c, 0x01, 0x08, 0x80, 0x3c, 0xcf, 0x00, 0x0f, 0x20, 0x0f, 0xa5, 0x84, 0x0b, 0x80, 0x3e, 0x2c,
    0x10, 0x72, 0x00, 0xfc, 0x40, 0x24, 0xa0, 0x1f, 0xe7, 0x41, 0x00, 0xf2, 0xc0, 0x02, 0xf4, 0x03,
    0x3f, 0xec, 0xe8, 0x39, 0xd9, 0x00, 0x10, 0xda, 0x31, 0x55, 0x3a, 0xbe, 0x20, 0xf3, 0x8a, 0x33,
    0x74, 0x70, 0x9a, 0x06, 0xc0, 0x0d, 0x2c, 0x40, 0x04, 0x82, 0x00, 0x6d, 0xb2, 0x00, 0xd8, 0x80,
    0x00, 0x91, 0x40, 0x3c, 0x46, 0x01, 0xa0, 0x0d, 0xa2, 0x6f, 0x79, 0x00, 0x25, 0x15, 0xac, 0xdd,
    0x4e, 0xe3, 0x80, 0x06, 0x2c, 0x01, 0x8a, 0x84, 0x01, 0xd0, 0x44, 0x00, 0x63, 0x37, 0x20, 0x33,
    0x90, 0x00, 0xda, 0x3f, 0xea, 0xd0, 0x3d, 0x60, 0x0a, 0x4e, 0xe6, 0x4f, 0x80, 0xa6, 0x01, 0x08,
    0x96, 0x80, 0x95, 0x40, 0x1e, 0x66, 0x4b, 0x14, 0xc8, 0x03, 0xc2, 0x64, 0x33, 0xee, 0xc0, 0x1e,
    0x74, 0x00, 0x09, 0x38, 0x80, 0x7a, 0xbc, 0xaa, 0xf0, 0x31, 0x00, 0x31, 0x82, 0x79, 0x61, 0xdd,
    0xa9, 0x00, 0x14, 0xf8, 0x3b, 0x02, 0x00, 0x7e, 0x40, 0x00, 0x91, 0x40, 0x25, 0x40, 0x0f, 0xbc,
    0x07, 0x83, 0x70, 0x03, 0xc6, 0xca, 0x8a, 0x01, 0xfd, 0xf4, 0x18, 0xba, 0xcc, 0xdd, 0x50, 0x01,
    0xcc, 0x85, 0xf7, 0xdd, 0xdf, 0xeb, 0x04, 0x93, 0x06, 0x43, 0x21, 0x11, 0x10, 0x41, 0xe1, 0x81,
    0xec, 0x03, 0xf1, 0xb0, 0x01, 0xf7, 0x30, 0xaa, 0xcc, 0x90, 0x03, 0x2c, 0x44, 0xe9, 0x11, 0x28,
    0x06, 0x24, 0x48, 0x85, 0x12, 0x10, 0x0f, 0xff, 0x05, 0xa8, 0x06, 0x99, 0x00, 0x60, 0x00, 0x86,
    0x40, 0x3c, 0x64, 0x01, 0x98, 0x80, 0x96, 0x2f, 0xb8, 0x80, 0x10, 0xcf, 0x75, 0xe8, 0x59, 0xac,
    0x01, 0x42, 0xab, 0xb2, 0x97, 0x88, 0x03, 0x2b, 0x08, 0x07, 0xf9, 0x2d, 0x40, 0x3f, 0xe1, 0x9c,
    0x09, 0xcc, 0x9e, 0xb3, 0x25, 0x53, 0x80, 0x2a, 0x22, 0x44, 0x44, 0x4e, 0x01, 0x8d, 0x12, 0x3e,
    0x44, 0x88, 0x03, 0xff, 0xa8, 0x2e, 0xf1, 0x63, 0xbc, 0x20, 0x18, 0xfb, 0xa2, 0x27, 0x74, 0x60,
    0x07, 0xb2, 0x99, 0xfc, 0x40, 0x00, 0x95, 0x00, 0x08, 0x04, 0x80, 0x1e, 0x80, 0x02, 0x48, 0x02,
    0x40, 0x39, 0x45, 0x03, 0xa8, 0x08, 0x0c, 0x03, 0x4d, 0x01, 0x23, 0x00, 0x2a, 0x40, 0x27, 0x33,
    0x07, 0x48, 0x80, 0x19, 0xd8, 0x12, 0x48, 0x2c, 0x4d, 0x12, 0x5a, 0x85, 0x78, 0x60, 0xdb, 0xfa,
    0x8f, 0xf5, 0x51, 0x0d, 0x80, 0x0c, 0xcb, 0x28, 0xb8, 0x04, 0x10, 0x0f, 0x09, 0x28, 0x38, 0x80,
    0x7e, 0x45, 0x10, 0x17, 0x00, 0xfd, 0x3c, 0x00, 0x22, 0x00, 0x7d, 0x2e, 0xa0, 0x0d, 0xe0, 0x0f,
    0x39, 0x50, 0x4f, 0x3a, 0x80, 0x6a, 0x47, 0xb1, 0x09, 0xed, 0x20, 0x00, 0x00, 0xf2, 0xc0, 0x07,
    0xfc, 0x76, 0xa6, 0x01, 0xfc, 0x9b, 0x73, 0xc6, 0x01, 0xf3, 0xd5, 0x15, 0x27, 0x5c, 0x03, 0x26,
    0x5e, 0x23, 0x4a, 0x66, 0x4a, 0x09, 0x35, 0x84, 0x02, 0x60, 0x57, 0x30, 0xa9, 0xae, 0xc0, 0x1f,
    0x2e, 0xa8, 0x00, 0xe0, 0x02, 0x4b, 0xba, 0x00, 0x3f, 0x97, 0xfe, 0xb0, 0x0f, 0xe1, 0x44, 0x8c,
    0x03, 0xff, 0x8a, 0x6e, 0x08, 0x8e, 0x14, 0x4e, 0x00, 0x4f, 0x2f, 0xf8, 0x83, 0xff, 0x80, 0x00,
    0x8d, 0x80, 0x3f, 0xf4, 0x8d, 0xe6, 0x79, 0x40, 0x23, 0x46, 0x8f, 0x46, 0xff, 0x31, 0x80, 0x5f,
    0x22, 0x66, 0xf3, 0x3c, 0x01, 0x41, 0x8b, 0xc4, 0x31, 0x62, 0x0b, 0xa6, 0xcc, 0x50, 0x07, 0xf8,
    0x01, 0xfe, 0x01, 0x03, 0xd3, 0x07, 0x7b, 0x11, 0xdc, 0xb8, 0x6a, 0x60, 0x11, 0x9b, 0x84, 0xce,
    0x00, 0xf1, 0x7f, 0x9d, 0x3f, 0xc8, 0x01, 0xe2, 0xcd, 0x0f, 0xcc, 0x5a, 0x80, 0x7d, 0x08, 0x40,
    0x05, 0x30, 0x0f, 0x42, 0x58, 0x07, 0xfa, 0x8f, 0x04, 0x03, 0xf4, 0x3d, 0x58, 0x80, 0x7c, 0x00,
    0x86, 0x00, 0x26, 0x20, 0x0f, 0x9c, 0xc0, 0x2a, 0x60, 0x0f, 0x0c, 0x78, 0x07, 0xfd, 0x0a, 0xc6,
    0x70, 0x11, 0x9c, 0x20, 0xac, 0x57, 0xfe, 0xe3, 0x9f, 0xf9, 0x52, 0xd0, 0x27, 0x30, 0x80, 0x0f,
    0xcc, 0x21, 0x4e, 0x80, 0x44, 0xe6, 0xd2, 0x01, 0x33, 0x80, 0x68, 0x60, 0xd7, 0x40, 0x0f, 0x95,
    0xe4, 0x01, 0x32, 0x10, 0x0e, 0x3b, 0x91, 0x00, 0x22, 0x2c, 0x03, 0x1e, 0xca, 0x00, 0x68, 0x67,
    0x00, 0x8f, 0x1c, 0x03, 0x87, 0x5c, 0x03, 0x10, 0x07, 0xc2, 0x01, 0x3c, 0x00, 0x6d, 0x40, 0x0c,
    0x00, 0xf1, 0xc0, 0x07, 0xfc, 0x5c, 0xa4, 0x01, 0xfc, 0x79, 0x51, 0xe8, 0x01, 0xf4, 0x6c, 0x3a,
    0xcc, 0xc2, 0x01, 0x36, 0xb3, 0x83, 0x30, 0xa9, 0x7e, 0x08, 0x95, 0x7a, 0x3d, 0xdb, 0xfd, 0xa2,
    0x65, 0x8c, 0x71, 0x1e, 0x33, 0x48, 0x84, 0x5d, 0xff, 0xa4, 0x01, 0x7d, 0xd2, 0x97, 0x77, 0x68,
    0x00, 0xd5, 0x5c, 0x92, 0xaf, 0x0c, 0xa8, 0x01, 0xa4, 0x2c, 0x00, 0x53, 0xa6, 0x01, 0x0d, 0x31,
    0x45, 0xe6, 0xd0, 0xf0, 0x80, 0x04, 0x1b, 0xbf, 0xa3, 0xfe, 0x77, 0x00, 0x55, 0x2e, 0xca, 0x84,
    0x21, 0x4c, 0x00, 0x00, 0x91, 0x40, 0x3f, 0xf4, 0x03, 0x55, 0x79, 0x40, 0x24, 0x15, 0x57, 0xff,
    0x9c, 0x02, 0x8b, 0x03, 0x55, 0xf1, 0x00, 0x1c, 0xc8, 0x03, 0xfc, 0x92, 0x40, 0x93, 0x3f, 0x89,
    0xe1, 0x81, 0xfb, 0x88, 0x5d, 0xd8, 0x0d, 0x80, 0x06, 0xec, 0x70, 0xef, 0x88, 0x03, 0xd2, 0xa6,
    0x14, 0xa0, 0x1f, 0x13, 0x48, 0x03, 0xa4, 0x03, 0xe8, 0x70, 0x35, 0x22, 0x30, 0x07, 0x22, 0xb7,
    0xfd, 0xcd, 0x60, 0x1c, 0x99, 0xfb, 0x95, 0x10, 0x62, 0x00, 0x52, 0x01, 0x80, 0x7a, 0xc8, 0x00,
    0x95, 0x40, 0x13, 0x98, 0x07, 0xd2, 0x20, 0x16, 0x30, 0x07, 0x94, 0x01, 0x11, 0x37, 0xc4, 0x42,
    0x03, 0x12, 0x66, 0xee, 0x01, 0xf7, 0x18, 0xc2, 0x08, 0x40, 0xd9, 0xac, 0x66, 0x18, 0x33, 0x90,
    0x01, 0x6a, 0x8b, 0xd5, 0x43, 0x00, 0x6b, 0x00, 0x1f, 0xb8, 0x47, 0xdc, 0x00, 0x31, 0x80, 0x44,
    0x88, 0x7d, 0x44, 0x18, 0x07, 0x96, 0xec, 0xb3, 0x76, 0x20, 0x0e, 0x14, 0x88, 0x15, 0xc4, 0x10,
    0x03, 0x9a, 0x4c, 0xce, 0x46, 0x6b, 0x20, 0x0f, 0xfe, 0x95, 0x20, 0x06, 0xa5, 0x00, 0xc0, 0x00,
    0xa0, 0x40, 0x3c, 0xa2, 0x01, 0x1a, 0x8d, 0x8a, 0x00, 0x56, 0x60, 0x15, 0x28, 0x28, 0x41, 0x80,
    0x04, 0xc0, 0x04, 0xd4, 0x01, 0x54, 0x80, 0x80, 0x80, 0x20, 0x03, 0x9d, 0x04, 0xc4, 0x00, 0xae,
    0x20, 0x18, 0x51, 0xd8, 0x80, 0x1b, 0x26, 0x01, 0xd6, 0xc4, 0xa0, 0x08, 0x40, 0x0f, 0x08, 0x60,
    0x80, 0x7f, 0x1c, 0x82, 0x30, 0x80, 0x7d, 0x1d, 0xac, 0x48, 0xc0, 0x1c, 0x62, 0x78, 0xb7, 0x3d,
    0x40, 0x1c, 0x31, 0x41, 0x4e, 0xa8, 0x08, 0x01, 0x89, 0xc1, 0x02, 0xc0, 0x10, 0xe0, 0x0f, 0x20,
    0x09, 0x6c, 0x40, 0x0a, 0x60, 0x00, 0x8d, 0xc0, 0x3f, 0xf4, 0xfb, 0x66, 0x79, 0x00, 0x22, 0x49,
    0x16, 0xff, 0xc2, 0x20, 0x0a, 0x58, 0x40, 0xcf, 0x84, 0x02, 0x74, 0xf0, 0x0f, 0xf2, 0xc9, 0x80,
    0x4d, 0xff, 0x8c, 0x00, 0x30, 0xa0, 0x13, 0x7f, 0xe3, 0x00, 0x23, 0x00, 0x7f, 0xf1, 0x8c, 0xf8,
    0x40, 0x3e, 0x11, 0x44, 0x66, 0x10, 0x0f, 0x35, 0xdf, 0x90, 0x03, 0x91, 0xdf, 0xf1, 0x80, 0x62,
    0xff, 0xfc, 0xe0, 0x08, 0x66, 0x44, 0x7e, 0x40, 0x00, 0x8a, 0x00, 0x2a, 0x10, 0x0f, 0xa8, 0x40,
    0x33, 0x80, 0x78, 0x5a, 0xcc, 0xed, 0x13, 0x38, 0x02, 0x84, 0x29, 0xff, 0x5d, 0xbf, 0xd2, 0x00,
    0x56, 0x30, 0xaf, 0xcc, 0xb6, 0x68, 0x0e, 0xcc, 0x02, 0xf3, 0x00, 0x2c, 0x80, 0x06, 0x6c, 0x02,
    0x55, 0x00, 0x0d, 0x40, 0x04, 0xe0, 0x1b, 0xfc, 0x00, 0xef, 0x00, 0xfc, 0x4a, 0x00, 0x55, 0x00,
    0x7e, 0x62, 0x00, 0x11, 0x80, 0x7e, 0x25, 0x04, 0x50, 0x0f, 0x8d, 0xdd, 0x8f, 0xe0, 0xee, 0x30,
    0x0e, 0xff, 0xc6, 0x6f, 0xf0, 0x04, 0xd0, 0x71, 0x1f, 0x8c, 0x00, 0x91, 0x40, 0x30, 0xac, 0x98,
    0x06, 0x80, 0x37, 0x9c, 0xe9, 0xe1, 0x00, 0x90, 0x56, 0x3b, 0x38, 0xb9, 0xc8, 0x02, 0x8b, 0x00,
    0x6a, 0x90, 0x88, 0x03, 0x39, 0x98, 0x03, 0x9d, 0xc0, 0x12, 0x49, 0x80, 0x58, 0xcc, 0x7d, 0x66,
    0x11, 0x21, 0x80, 0x23, 0xff, 0x02, 0xff, 0x85, 0x98, 0x01, 0xbe, 0x65, 0x4b, 0x32, 0x30, 0x0f,
    0xe2, 0x50, 0x0f, 0xfc, 0xa4, 0x02, 0x01, 0xfd, 0x46, 0x48, 0x87, 0x00, 0xe7, 0xc9, 0xc8, 0xa8,
    0xf3, 0x00, 0xc4, 0x56, 0x38, 0x3b, 0x3a, 0x00, 0x2d, 0x4b, 0xe9, 0x46, 0x86, 0xb4, 0x00, 0x00,
    0x8a, 0x00, 0x05, 0x20, 0x1f, 0xa8, 0x40, 0x04, 0xac, 0x01, 0xe1, 0x6b, 0x00, 0xa4, 0x40, 0x3d,
    0x08, 0xdf, 0xf5, 0x47, 0xfc, 0x80, 0xac, 0x49, 0xff, 0x3b, 0xbf, 0xe4, 0x3b, 0x30, 0x0f, 0xf8,
    0x66, 0xc0, 0x3f, 0xe2, 0x70, 0x0a, 0xfb, 0x8c, 0xce, 0xe6, 0x00, 0x7a, 0xbf, 0xce, 0xdf, 0xed,
    0x00, 0xf0, 0x8e, 0x01, 0x18, 0x03, 0xff, 0x8e, 0x6a, 0xb1, 0x92, 0xac, 0x60, 0x19, 0x73, 0x22,
    0x3c, 0xc9, 0x80, 0x0d, 0x2d, 0x33, 0xf9, 0x40, 0x00, 0x98, 0xc0, 0x29, 0x20, 0x0f, 0xa0, 0x40,
    0x24, 0x00, 0xf9, 0x94, 0x80, 0x3f, 0xc3, 0x7d, 0x9d, 0xd1, 0x67, 0x74, 0xa1, 0x24, 0x3b, 0xfe,
    0x50, 0x06, 0x7f, 0x95, 0x18, 0x80, 0x44, 0x6e, 0x48, 0x81, 0x10, 0x3d, 0xb0, 0x05, 0x74, 0x1d,
    0x62, 0x00, 0x35, 0x00, 0x8d, 0x18, 0x19, 0x24, 0x03, 0xc3, 0xd2, 0x01, 0x43, 0x20, 0x07, 0x53,
    0x9b, 0x9d, 0x33, 0x28, 0xc0, 0x21, 0x28, 0xff, 0x00, 0xfd, 0xc8, 0x06, 0x19, 0x28, 0x81, 0xdc,
    0x1b, 0x98, 0x07, 0xff, 0x12, 0x90, 0x03, 0x69, 0x00, 0x60, 0x00, 0x91, 0x40, 0x3f, 0xf4, 0x1b,
    0x37, 0xe3, 0x00, 0x20, 0xa7, 0xff, 0xae, 0x9c, 0x01, 0x14, 0x53, 0x3e, 0x4b, 0x40, 0x73, 0x00,
    0x2b, 0x34, 0x80, 0x18, 0xe5, 0x00, 0x11, 0xfd, 0xb8, 0x01, 0x86, 0xc8, 0x02, 0xb8, 0xd0, 0x0e,
    0x25, 0x00, 0xff, 0xe3, 0x5b, 0xe8, 0x07, 0xfc, 0x22, 0xdc, 0x00, 0xfe, 0x89, 0x66, 0x20, 0x07,
    0xf2, 0x88, 0x06, 0x30, 0x0f, 0xf2, 0x7f, 0x91, 0x00, 0x14, 0x30, 0x06, 0x4e, 0xe8, 0xc0, 0x00,
    0xf2, 0xc0, 0x07, 0xfc, 0xb0, 0xaa, 0x00, 0xfe, 0x78, 0xff, 0x43, 0x80, 0x78, 0xaf, 0x30, 0x44,
    0xcc, 0x8c, 0x00, 0x31, 0x8f, 0x8c, 0xee, 0x6c, 0x7d, 0xb3, 0x52, 0xc9, 0x00, 0x65, 0x80, 0x3b,
    0xf0, 0x12, 0x89, 0x5d, 0xd8, 0xae, 0xe5, 0x17, 0x30, 0x7b, 0xbd, 0x49, 0x77, 0xa4, 0x00, 0x9f,
    0xf9, 0x1b, 0xff, 0x50, 0x00, 0xd0, 0xc9, 0x38, 0x93, 0x09, 0x0c, 0x02, 0x7a, 0x70, 0x0d, 0x57,
    0x00, 0x14, 0xd7, 0x88, 0x78, 0x00, 0xb1, 0x60, 0x01, 0xf8, 0x4d, 0xad, 0xe0, 0x01, 0xfc, 0x00,
    0x30, 0x83, 0x7f, 0x98, 0x02, 0x24, 0x00, 0x00, 0x8a, 0x00, 0x0c, 0x40, 0x1f, 0xa8, 0x40, 0x60,
    0xc0, 0x3e, 0x16, 0xb0, 0x92, 0x76, 0x6c, 0x60, 0x08, 0x42, 0x23, 0x2c, 0xe7, 0xfc, 0xe0, 0xac,
    0x41, 0x0d, 0x23, 0x13, 0x32, 0x1d, 0x98, 0x3b, 0xa4, 0x00, 0xac, 0xd0, 0x8a, 0x6c, 0x17, 0xc4,
    0x01, 0xdf, 0xf0, 0x13, 0x80, 0x08, 0x80, 0x15, 0xcc, 0xc2, 0x01, 0xfc, 0x89, 0x84, 0x03, 0xfb,
    0x7f, 0xe2, 0x00, 0xfe, 0x9b, 0xb8, 0xc0, 0x3f, 0xfa, 0x4d, 0x20, 0x1b, 0xc8, 0x03, 0x00, 0x95,
    0x40, 0xc8, 0x01, 0xfd, 0x22, 0x14, 0x01, 0xfc, 0xa0, 0x84, 0x45, 0x11, 0xe0, 0x00, 0xc4, 0x85,
    0x07, 0xfb, 0xbf, 0xdc, 0xa1, 0x04, 0x22, 0x6c, 0xe8, 0x6e, 0xe1, 0x3b, 0x39, 0x04, 0x39, 0x00,
    0x78, 0x83, 0x58, 0x22, 0x12, 0x40, 0x02, 0x9d, 0x06, 0x30, 0x00, 0x83, 0x98, 0x00, 0x90, 0xc0,
    0x3c, 0xc8, 0x20, 0x15, 0x50, 0x03, 0xd5, 0xc0, 0x19, 0x5c, 0x03, 0x99, 0x88, 0x01, 0x88, 0xcc,
    0x01, 0x9a, 0x80, 0x02, 0x01, 0x61, 0x80, 0x70, 0x86, 0xcf, 0x80, 0x04, 0x02, 0xa4, 0x00, 0xb3,
    0xd8, 0x03, 0x00, 0x8d, 0xc0, 0x26, 0x40, 0x0f, 0xa7, 0xcc, 0xec, 0xc1, 0x9c, 0x20, 0x04, 0x7e,
    0x88, 0x91, 0x62, 0x24, 0x00, 0x45, 0x35, 0xdc, 0xf7, 0x79, 0x42, 0x4c, 0x45, 0xbb, 0x3c, 0x6e,
    0xc0, 0xce, 0xa0, 0x16, 0xe9, 0xe3, 0x74, 0x40, 0x5a, 0x60, 0x1f, 0xf2, 0x18, 0x04, 0x5b, 0xa7,
    0x8d, 0xd0, 0x07, 0x85, 0xf3, 0x4a, 0xb7, 0x5e, 0x01, 0xee, 0xa3, 0x25, 0x00, 0xfe, 0x6c, 0xc3,
    0x88, 0x07, 0xf2, 0x5a, 0x2e, 0x39, 0x80, 0x7a, 0xa6, 0xaf, 0x23, 0xba, 0x40, 0x05, 0xbd, 0xeb,
    0x00, 0x12, 0x77, 0xd0, 0x00, 0xf3, 0xb0, 0x07, 0xfe, 0xee, 0x00, 0x7d, 0x99, 0xce, 0xd9, 0x9c,
    0x21, 0xfe, 0xb9, 0xf4, 0x7f, 0xf2, 0xc7, 0x88, 0x19, 0xa9, 0x8c, 0xc2, 0x62, 0x88, 0x30, 0x09,
    0x08, 0x40, 0x35, 0x08, 0x80, 0x34, 0x37, 0x90, 0x00, 0xd9, 0x30, 0x80, 0x16, 0xd3, 0x0e, 0xcc,
    0x9b, 0x8b, 0xf0, 0x07, 0xd0, 0x34, 0x19, 0x3b, 0x81, 0xb0, 0x00, 0x80, 0x7b, 0x0a, 0x97, 0xe6,
    0x02, 0x01, 0x3e, 0xda, 0x80, 0x1a, 0xf5, 0xc0, 0x07, 0xb7, 0x8a, 0x01, 0x9b, 0x6b, 0x4c, 0xd3,
    0x84, 0x01, 0xe3, 0xd8, 0x30, 0x40, 0x0d, 0x12, 0x01, 0x94, 0x00, 0x00, 0x14, 0x00, 0x7c, 0x34,
    0x00, 0x41, 0xdf, 0xfc, 0x22, 0x04, 0x00, 0x56, 0xea, 0x1f, 0xfc, 0x90, 0x01, 0x21, 0xa0, 0x6e,
    0x80, 0x3e, 0xf0, 0x09, 0x2f, 0x64, 0x03, 0x2b, 0x80, 0x15, 0x5f, 0x40, 0x1c, 0xfe, 0x00, 0x9e,
    0x1e, 0xf0, 0x0c, 0x46, 0x08, 0x04, 0x44, 0x40, 0x07, 0xc9, 0xc5, 0x80, 0x40, 0x1f, 0x89, 0x52,
    0x80, 0x7c, 0x03, 0xe3, 0x46, 0x04, 0x60, 0x0f, 0x17, 0x58, 0x80, 0x46, 0x01, 0xd3, 0x6a, 0x00,
    0x1e, 0xc7, 0x00, 0x70, 0x5b, 0x00, 0x43, 0xdc, 0x90, 0x00, 0x91, 0x81, 0x54, 0x00, 0x73, 0x00,
    0xe8, 0x30, 0xdd, 0x00, 0x31, 0xc0, 0x32, 0x0a, 0x80, 0x7f, 0xd3, 0x69, 0x6a, 0xab, 0xb2, 0xc5,
    0x98, 0x41, 0x1a, 0xfa, 0x3f, 0xf8, 0xaf, 0xc9, 0x98, 0x40, 0x28, 0x24, 0x88, 0x73, 0x41, 0x3a,
    0x60, 0x0f, 0xf9, 0x50, 0x00, 0x68, 0x44, 0x44, 0x39, 0xa1, 0x00, 0x64, 0xf1, 0x17, 0xf9, 0xf3,
    0xdc, 0x03, 0x3d, 0xc4, 0x2e, 0xdf, 0x76, 0x50, 0x0e, 0x1e, 0x60, 0x06, 0xd0, 0x07, 0xd4, 0x8a,
    0x00, 0x91, 0x80, 0x0e, 0x71, 0x90, 0x0d, 0x4a, 0x20, 0x0a, 0x57, 0xa0, 0x0e, 0x1d, 0x10, 0x00,
    0x95, 0x40, 0x02, 0x70, 0x0f, 0xd2, 0x01, 0x15, 0x18, 0x07, 0x90, 0x5c, 0x8a, 0x54, 0x22, 0x80,
    0x28, 0xb9, 0xff, 0x63, 0xd7, 0xfc, 0x60, 0xe6, 0x57, 0xba, 0x21, 0xdd, 0xc6, 0x92, 0x40, 0x15,
    0x32, 0xa0, 0x02, 0x05, 0xed, 0x80, 0x14, 0xf5, 0xba, 0x1b, 0x21, 0x35, 0x02, 0xc7, 0x10, 0x77,
    0x66, 0xd0, 0x06, 0xe4, 0x90, 0x00, 0xba, 0x30, 0x07, 0x64, 0x00, 0x6b, 0x73, 0x00, 0xff, 0x09,
    0xc7, 0x08, 0x07, 0x84, 0x55, 0xea, 0xc9, 0x86, 0x01, 0xdc, 0xdf, 0xc8, 0x13, 0x42, 0x00, 0x94,
    0x0a, 0xb5, 0x00, 0xce, 0x40, 0x00, 0x98, 0xc0, 0x3f, 0xf4, 0x32, 0xaf, 0xe2, 0x00, 0x3a, 0x1e,
    0x62, 0xb3, 0xa3, 0x30, 0x20, 0x33, 0x26, 0x99, 0x04, 0xea, 0x4c, 0x8c, 0x2c, 0x47, 0x80, 0x40,
    0xc4, 0x40, 0xec, 0x40, 0xff, 0x81, 0x90, 0x99, 0xc6, 0x6e, 0x10, 0x03, 0x68, 0xec, 0x36, 0x98,
    0x21, 0x00, 0x7f, 0xfb, 0xdf, 0x87, 0xa1, 0xb8, 0xc0, 0x3d, 0x1d, 0xfd, 0xd9, 0x44, 0x01, 0xa4,
    0xce, 0x01, 0xea, 0x20, 0x00, 0x95, 0x00, 0x3f, 0xf4, 0x6f, 0x77, 0xe4, 0x00, 0x28, 0xcf, 0x74,
    0xf3, 0xdd, 0x20, 0x02, 0x64, 0x1b, 0x98, 0x79, 0xcc, 0x50, 0x01, 0xcc, 0x40, 0xf3, 0x0f, 0x39,
    0x0c, 0x07, 0x24, 0x00, 0x19, 0x92, 0xdc, 0xf0, 0x00, 0x61, 0x80, 0x03, 0x54, 0x65, 0xac, 0x00,
    0x13, 0x00, 0x42, 0xcc, 0x10, 0x61, 0x00, 0xf9, 0xc8, 0x8c, 0x04, 0x14, 0x01, 0xc4, 0xaa, 0x63,
    0x87, 0x73, 0x00, 0x71, 0x4f, 0xd3, 0x08, 0x07, 0xf8, 0x5d, 0xa5, 0x4c, 0x40, 0x3b, 0x7e, 0x73,
    0x1f, 0xee, 0xe2, 0x00, 0x29, 0x32, 0xd4, 0x09, 0xab, 0x7d, 0x00, 0x00, 0x94, 0xc0, 0x38, 0x50,
    0x40, 0x34, 0x33, 0x22, 0xaf, 0xb3, 0x94, 0x02, 0x56, 0x60, 0xf2, 0x6f, 0xe5, 0x20, 0x05, 0x1c,
    0x6f, 0x8c, 0xc3, 0xc4, 0x00, 0x9c, 0x80, 0x16, 0x85, 0x79, 0x68, 0x00, 0x49, 0x20, 0x07, 0x51,
    0x2d, 0x13, 0x00, 0x50, 0xc0, 0x04, 0xd3, 0xc5, 0x78, 0x30, 0x46, 0x00, 0x1e, 0x33, 0x33, 0x10,
    0x9e, 0x01, 0xc5, 0x1b, 0x85, 0xd7, 0x64, 0x20, 0x0c, 0x25, 0x42, 0x00, 0x5a, 0x82, 0x00, 0xc5,
    0x34, 0x01, 0x29, 0x40, 0x07, 0x7d, 0x90, 0x06, 0x85, 0x10, 0x0d, 0xea, 0x7c, 0x24, 0x03, 0xa2,
    0x00, 0xa5, 0x20, 0x3e, 0xd1, 0x00, 0xc0, 0x00, 0x8d, 0x84, 0x8b, 0xc2, 0x01, 0xa4, 0x6f, 0xff,
    0xb2, 0x00, 0x23, 0x46, 0x08, 0xdd, 0xd2, 0x01, 0xbe, 0x44, 0x03, 0xfd, 0x06, 0x20, 0x0e, 0x99,
    0xd6, 0x00, 0x66, 0x20, 0x03, 0xb9, 0x84, 0x19, 0x34, 0x05, 0x44, 0x00, 0x45, 0x51, 0x7a, 0xa8,
    0xc1, 0x10, 0x00, 0xae, 0xe9, 0xe3, 0xba, 0x50, 0x0d, 0x7f, 0xe7, 0x11, 0x47, 0xf9, 0x40, 0x30,
    0x89, 0xd5, 0x4f, 0x64, 0x20, 0x1e, 0x7b, 0xe3, 0xe9, 0xe3, 0x00, 0xc3, 0x54, 0xf2, 0x00, 0x24,
    0x6a, 0x80, 0x43, 0xd8, 0x40, 0x19, 0x75, 0xc0, 0x10, 0xc8, 0x20, 0x08, 0x70, 0x01, 0x90, 0x00,
    0x94, 0xc0, 0x05, 0x00, 0x1f, 0xa0, 0x02, 0x25, 0x30, 0x0f, 0x2b, 0x3b, 0xf5, 0xbb, 0xc4, 0x00,
    0x8e, 0x00, 0xdb, 0xe0, 0x1c, 0xe4, 0x08, 0x60, 0x1e, 0x62, 0x49, 0x40, 0x0f, 0xf9, 0xec, 0x40,
    0x3f, 0xe3, 0x50, 0x0c, 0x23, 0xe0, 0x0f, 0x84, 0x03, 0xc6, 0x01, 0xe8, 0xe1, 0x1d, 0x4e, 0x01,
    0xf4, 0xbb, 0xe6, 0x00, 0xfc, 0x8a, 0xb8, 0x40, 0x3f, 0x66, 0xee, 0x60, 0x0d, 0x08, 0x19, 0x31,
    0x1b, 0x14, 0x00, 0x00, 0x9c, 0x40, 0x06, 0xe0, 0x1f, 0x14, 0x88, 0x02, 0x38, 0xcf, 0x00, 0x54,
    0xc0, 0x05, 0x51, 0xcc, 0xbe, 0x00, 0x02, 0xd6, 0x07, 0x0b, 0xb5, 0x03, 0x00, 0x08, 0x11, 0x4a,
    0x4d, 0x64, 0xfc, 0x98, 0x2b, 0x88, 0x12, 0x2a, 0x3a, 0x81, 0x90, 0x15, 0x98, 0x02, 0x73, 0x1f,
    0xee, 0xff, 0x2b, 0xa8, 0x05, 0x3b, 0x17, 0x03, 0x1a, 0xa0, 0x1e, 0x4a, 0xdb, 0xa8, 0x00, 0xfc,
    0x94, 0x59, 0xd0, 0xa2, 0x01, 0x84, 0x45, 0x43, 0xab, 0x7e, 0x20, 0x1a, 0x88, 0x92, 0x15, 0xdc,
    0xa0, 0x0f, 0x0e, 0xf7, 0xc6, 0xa8, 0x06, 0xf2, 0x01, 0xdc, 0x93, 0x00, 0xc0, 0x00, 0x9c, 0x80,
    0x3f, 0xc5, 0x23, 0xdd, 0xf8, 0x01, 0x6c, 0x0b, 0xdc, 0xbd, 0xef, 0x10, 0x27, 0xb0, 0x0d, 0xac,
    0x02, 0x00, 0x81, 0x10, 0x02, 0x31, 0xa3, 0x18, 0x19, 0xc8, 0x02, 0x8c, 0x68, 0xc6, 0x00, 0x70,
    0x06, 0x19, 0x4e, 0x80, 0x03, 0x18, 0x07, 0x2f, 0xc2, 0x80, 0x7f, 0x39, 0x98, 0x03, 0xfc, 0xd3,
    0x20, 0x0f, 0xe1, 0xfb, 0xb7, 0x80, 0x7c, 0xb5, 0x11, 0xa8, 0x03, 0xc5, 0xdd, 0xde, 0x01, 0x79,
    0x1e, 0xa2, 0x72, 0xf8, 0x00, 0xa0, 0x40, 0x3f, 0xc6, 0xb3, 0xba, 0xe3, 0xdd, 0xb8, 0x01, 0x4a,
    0x17, 0xae, 0x00, 0xdd, 0x08, 0x13, 0x50, 0x5e, 0x38, 0x1e, 0x60, 0x01, 0x00, 0x15, 0xe3, 0x81,
    0xe6, 0x01, 0x5c, 0x40, 0x15, 0x44, 0x03, 0xaa, 0x06, 0xc9, 0x80, 0x12, 0x3c, 0xf2, 0x20, 0x10,
    0x80, 0x17, 0x11, 0x00, 0x8a, 0x00, 0xff, 0xf3, 0x88, 0x07, 0xf9, 0xbb, 0xd0, 0x01, 0xe5, 0x2e,
    0x01, 0x37, 0xfa, 0xc0, 0x00, 0xa0, 0x40, 0x47, 0xc0, 0x18, 0xd4, 0x41, 0xb7, 0x77, 0x00, 0x6b,
    0x50, 0x03, 0xe6, 0x5c, 0x40, 0x10, 0xb5, 0x4a, 0x44, 0x6b, 0x08, 0x20, 0x91, 0x24, 0x7e, 0x3f,
    0xef, 0xbe, 0x03, 0x60, 0x08, 0x9d, 0x51, 0x56, 0x42, 0x79, 0x00, 0xd0, 0x51, 0x91, 0x0b, 0x04,
    0x70, 0x09, 0x53, 0x6c, 0x2e, 0xd2, 0x01, 0xe7, 0x56, 0x70, 0x77, 0x88, 0x03, 0xde, 0x1c, 0x1c,
    0x01, 0xf4, 0x1b, 0xb8, 0x90, 0x9d, 0xc4, 0x01, 0x94, 0x0e, 0xc6, 0xcb, 0x0c, 0x03, 0xcf, 0xdb,
    0x41, 0x35, 0xc8, 0x00, 0xd0, 0x03, 0xeb, 0x00, 0x4d, 0xa8, 0x00, 0x95, 0x40, 0xa8, 0x00, 0x91,
    0x00, 0xe9, 0x10, 0xc3, 0x00, 0x38, 0x07, 0x28, 0x17, 0x3c, 0xf7, 0x07, 0xf8, 0x40, 0x62, 0x5b,
    0x9e, 0x7b, 0x83, 0xfc, 0x21, 0x04, 0x24, 0x43, 0xf2, 0x20, 0x29, 0x0b, 0x39, 0x07, 0x71, 0x93,
    0xb8, 0x51, 0xce, 0x1a, 0xc1, 0x9b, 0xbf, 0x63, 0x30, 0xc0, 0x29, 0xfd, 0xdd, 0xea, 0x01, 0xf4,
    0xe6, 0x65, 0x00, 0xfd, 0x57, 0x79, 0x40, 0x3f, 0x2c, 0xce, 0x50, 0x0f, 0xc4, 0xef, 0xc0, 0x1f,
    0x87, 0x77, 0x08, 0x06, 0xa4, 0x09, 0xa8, 0x8d, 0x8a, 0x00, 0x00, 0x95, 0x40, 0x11, 0x50, 0x07,
    0xd2, 0x0a, 0xb9, 0xd5, 0x62, 0x00, 0x28, 0x26, 0x66, 0x0c, 0xc8, 0x40, 0x62, 0x46, 0x65, 0x46,
    0xf5, 0x4b, 0x30, 0x82, 0x12, 0x60, 0xc1, 0x3a, 0xfb, 0x06, 0x72, 0x06, 0xd0, 0x06, 0xec, 0xa0,
    0x16, 0xb0, 0x07, 0x19, 0xc4, 0x00, 0x63, 0x00, 0xf1, 0x14, 0x20, 0x1f, 0xe3, 0x38, 0x03, 0xff,
    0x99, 0x20, 0x16, 0x50, 0x07, 0x9a, 0x3b, 0xba, 0xcc, 0x03, 0xdd, 0xdf, 0x00, 0x54, 0x88, 0xc6,
    0x6f, 0x8c, 0x00, 0x95, 0x40, 0x13, 0xa8, 0x07, 0xd2, 0x6a, 0xb5, 0x6a, 0xac, 0x01, 0x20, 0x96,
    0x64, 0x43, 0x99, 0x00, 0x51, 0x04, 0x88, 0x51, 0x44, 0x52, 0x00, 0x73, 0x60, 0xbd, 0x86, 0xaa,
    0x79, 0x02, 0x49, 0x00, 0x53, 0x55, 0x88, 0x00, 0xf6, 0x20, 0x14, 0xdd, 0xe2, 0x00, 0x1a, 0x80,
    0x6a, 0x88, 0xc6, 0x01, 0xfb, 0x62, 0x31, 0x80, 0x7e, 0xd8, 0x8c, 0x60, 0x1f, 0xb6, 0x23, 0x18,
    0x07, 0x8c, 0x72, 0x67, 0x1b, 0x88, 0x06, 0x80, 0xc8, 0x8c, 0xdc, 0xa0, 0x0d, 0x3b, 0xbf, 0xe4,
    0x00, 0xa0, 0x49, 0xc0, 0x08, 0xc0, 0x1c, 0x6a, 0x2d, 0x80, 0x03, 0x10, 0x0e, 0xa5, 0x00, 0x38,
    0x03, 0x48, 0x44, 0x00, 0x26, 0xde, 0xa3, 0xe9, 0x48, 0xce, 0x60, 0x80, 0x7e, 0xa4, 0xed, 0x0d,
    0xe4, 0x66, 0x38, 0x80, 0x77, 0x88, 0x94, 0xc0, 0x64, 0xc1, 0x71, 0x98, 0x0c, 0x5d, 0xa0, 0xe8,
    0x00, 0x91, 0x5a, 0xef, 0x44, 0x38, 0x07, 0xae, 0x14, 0x1e, 0x80, 0x80, 0x3f, 0xc2, 0x2b, 0x00,
    0xf9, 0x54, 0x40, 0x83, 0x60, 0x1f, 0x76, 0x99, 0x4f, 0xac, 0x80, 0x75, 0x44, 0x2e, 0xb8, 0xa0,
    0x94, 0x01, 0xe4, 0xc2, 0x07, 0xa6, 0x03, 0x6a, 0x00, 0x95, 0x40, 0x15, 0x08, 0x07, 0xd2, 0x4e,
    0xfa, 0x9d, 0xe2, 0x00, 0x20, 0x20, 0x8d, 0x7a, 0x23, 0x00, 0x51, 0x26, 0x6a, 0xdd, 0xd6, 0x84,
    0x0e, 0x6c, 0x06, 0x97, 0x78, 0x02, 0x49, 0x20, 0x01, 0xa5, 0xde, 0x10, 0x03, 0xd8, 0x81, 0x8c,
    0x7f, 0xe8, 0x61, 0x35, 0x00, 0x4f, 0x6e, 0xfa, 0x50, 0x03, 0xb3, 0x3e, 0x70, 0x0e, 0xa5, 0x22,
    0x47, 0x91, 0x29, 0x40, 0x38, 0xdd, 0xef, 0x77, 0x00, 0x7f, 0xf2, 0xa3, 0x51, 0x80, 0x3d, 0xa6,
    0x00, 0x8c, 0xe3, 0x00, 0xc0, 0x00, 0x0c, 0x00, 0x74, 0x10, 0x07, 0x39, 0x5d, 0xcb, 0x2b, 0x12,
    0x80, 0x15, 0x74, 0x60, 0xa5, 0x0f, 0xf1, 0x80, 0x0c, 0xc8, 0x77, 0xd5, 0x05, 0xd7, 0x4a, 0x10,
    0x00, 0x56, 0x4a, 0xa1, 0x45, 0xaa, 0x2b, 0x89, 0x58, 0xcb, 0xd1, 0x7d, 0x78, 0xbf, 0x81, 0xd7,
    0xa3, 0x5a, 0xfe, 0xb8, 0x11, 0x81, 0xb8, 0x3c, 0xea, 0xf6, 0xc8, 0x06, 0x38, 0x3d, 0x9d, 0x5f,
    0xd9, 0x00, 0xc2, 0x2a, 0x3d, 0xd2, 0xfe, 0xe8, 0x80, 0x37, 0x93, 0xee, 0x97, 0xf7, 0x44, 0x01,
    0x0c, 0xc7, 0x4a, 0x61, 0x80, 0x7a, 0x2d, 0xf3, 0xfd, 0x5f, 0xdc, 0x40, 0x07, 0xcb, 0x80, 0xb5,
    0xef, 0x74, 0x80, 0x00, 0xa0, 0x40, 0x3e, 0x80, 0x08, 0xd5, 0xf7, 0x69, 0x13, 0x06, 0x10, 0x05,
    0x28, 0x56, 0xc0, 0x2c, 0x80, 0x62, 0x6a, 0x0d, 0x5d, 0x00, 0xfa, 0x00, 0x21, 0xd2, 0x00, 0xf2,
    0xb8, 0x80, 0x32, 0x3c, 0x03, 0xdb, 0x26, 0x00, 0xab, 0x90, 0x0f, 0x42, 0x00, 0x4b, 0x54, 0x00,
    0xff, 0xc6, 0x01, 0xff, 0x19, 0xa7, 0x78, 0x0c, 0x03, 0xe5, 0x0a, 0x15, 0x49, 0x00, 0xfa, 0x04,
    0x5f, 0x00, 0x1f, 0x98, 0xec, 0x14, 0x82, 0x34, 0xc4, 0x01, 0xe9, 0x62, 0x00, 0x80, 0x9c, 0xd0,
    0x00, 0xa4, 0x41, 0x18, 0x06, 0x80, 0x38, 0x90, 0x97, 0x74, 0xae, 0xaa, 0x40, 0x0a, 0xd5, 0xbd,
    0x5b, 0xf0, 0x3f, 0x00, 0x02, 0xf6, 0xb5, 0x44, 0xab, 0x1a, 0x80, 0x04, 0x08, 0xbb, 0xe5, 0xbf,
    0x87, 0xfc, 0x68, 0xe2, 0x1d, 0x27, 0xff, 0xe3, 0x0b, 0x31, 0x89, 0x2d, 0xed, 0xda, 0x01, 0x14,
    0x28, 0xcb, 0x74, 0xf7, 0xb6, 0x20, 0x1a, 0xec, 0x3d, 0x8f, 0x79, 0x60, 0x1f, 0xbb, 0x1e, 0xf2,
    0xc0, 0x3f, 0x76, 0x3d, 0xe5, 0x80, 0x7e, 0xec, 0x7b, 0xcb, 0x00, 0xff, 0x71, 0x2d, 0xf0, 0x05,
    0x84, 0x1a, 0x60, 0xe8, 0xba, 0xe0, 0x00, 0x95, 0x40, 0x13, 0x98, 0x07, 0xd3, 0xf5, 0x5b, 0xea,
    0xa3, 0x00, 0x28, 0x5c, 0xcc, 0xd7, 0x33, 0x10, 0x0c, 0x48, 0xe5, 0x51, 0xb2, 0xa6, 0x04, 0x20,
    0x84, 0x00, 0x22, 0x01, 0x10, 0x04, 0xce, 0x40, 0x15, 0x51, 0xb2, 0xbc, 0x02, 0xd6, 0x00, 0x2c,
    0x41, 0xaa, 0x6f, 0x01, 0x8c, 0x00, 0x9b, 0xb0, 0xb1, 0x86, 0x80, 0x78, 0x48, 0x93, 0xc4, 0xfa,
    0x60, 0x1a, 0x2a, 0x66, 0x84, 0x7b, 0x50, 0x0d, 0x9c, 0xfb, 0x98, 0x69, 0xc6, 0x00, 0xe2, 0xcd,
    0x00, 0xff, 0xcf, 0xed, 0x8c, 0x40, 0x1a, 0x90, 0x02, 0x37, 0xef, 0x50, 0x00, 0x00, 0x95, 0x40,
    0xca, 0x00, 0x65, 0x00, 0xe9, 0xd7, 0xdf, 0x77, 0x6f, 0x39, 0x80, 0x14, 0x28, 0x80, 0xc8, 0x82,
    0x22, 0x10, 0x18, 0x92, 0x53, 0x5f, 0xf3, 0xea, 0x90, 0x41, 0x08, 0x1e, 0x40, 0x9c, 0x99, 0x81,
    0x9c, 0x80, 0x1f, 0xb8, 0xe5, 0x9d, 0xe0, 0x0d, 0x60, 0x0b, 0x2d, 0x8e, 0xf0, 0x00, 0xc6, 0x01,
    0x5e, 0x53, 0x1d, 0x7d, 0x80, 0x70, 0xf0, 0x07, 0xb8, 0x03, 0x86, 0xaa, 0x63, 0xaa, 0x80, 0x3d,
    0x5f, 0xe4, 0x5f, 0xf5, 0x80, 0x7a, 0x73, 0x0f, 0x59, 0x88, 0x00, 0xe8, 0xcc, 0x92, 0xb3, 0x26,
    0x00, 0x52, 0x46, 0x65, 0xba, 0xcc, 0x98, 0x00, 0x0c, 0x00, 0x42, 0x41, 0x02, 0x01, 0x91, 0x15,
    0x9d, 0x54, 0x04, 0x30, 0x0d, 0xd3, 0xde, 0x11, 0x62, 0x01, 0xc6, 0x8f, 0xd2, 0x33, 0x31, 0x5c,
    0x10, 0x40, 0x16, 0xe8, 0x77, 0x5c, 0x7c, 0x8e, 0xcc, 0x10, 0xb3, 0x23, 0xc4, 0x16, 0x60, 0x87,
    0x00, 0x0b, 0x8b, 0x98, 0x04, 0x02, 0x63, 0x00, 0x2d, 0x95, 0xb8, 0x18, 0x83, 0x80, 0x61, 0xb3,
    0xb0, 0x12, 0x01, 0x00, 0xed, 0xd0, 0xee, 0x95, 0x81, 0xc4, 0x03, 0x11, 0x00, 0x89, 0xbe, 0x02,
    0x60, 0x11, 0x01, 0x86, 0x7b, 0x20, 0x98, 0x80, 0x43, 0x83, 0x74, 0x37, 0x1e, 0xe0, 0x16, 0x1c,
    0xba, 0x9d, 0x34, 0xf4, 0x80, 0x00, 0x95, 0x40, 0x8c, 0x01, 0xfd, 0x22, 0x29, 0xbc, 0xc3, 0x00,
    0x72, 0x8a, 0xd5, 0x33, 0x85, 0x00, 0x3a, 0x6e, 0x92, 0xf7, 0xcf, 0xb1, 0xc0, 0x0e, 0x66, 0xd1,
    0xcc, 0x36, 0xe5, 0x70, 0x24, 0x93, 0x30, 0x66, 0x49, 0x53, 0xa0, 0x07, 0xb1, 0x00, 0x60, 0xb4,
    0xd5, 0x3e, 0xc0, 0xd4, 0x00, 0xb0, 0x55, 0x64, 0x10, 0x80, 0x1c, 0x33, 0x2e, 0x6c, 0xda, 0x60,
    0x0f, 0x44, 0xc8, 0x86, 0xb4, 0x03, 0xc3, 0x3d, 0xcf, 0x24, 0x76, 0x00, 0xf4, 0x7f, 0x21, 0x87,
    0x5a, 0x00, 0x63, 0x8b, 0x8c, 0xb0, 0x2c, 0x40, 0x06, 0x9b, 0x18, 0x5f, 0xb0, 0x00, 0x40, 0x00,
    0x95, 0x46, 0x0e, 0x4c, 0x62, 0x60, 0x1a, 0x46, 0x0f, 0x47, 0xde, 0x50, 0x02, 0x50, 0x5e, 0x51,
    0x70, 0x11, 0x30, 0x00, 0x62, 0x62, 0x64, 0xf0, 0xb6, 0xfa, 0xa1, 0x04, 0x33, 0x89, 0x39, 0x85,
    0xbc, 0x56, 0x72, 0x03, 0x80, 0x98, 0x95, 0xc8, 0x00, 0x6b, 0x01, 0x67, 0xc2, 0x75, 0x6e, 0x03,
    0x18, 0x00, 0x7f, 0xe2, 0xbf, 0xf1, 0x00, 0x7a, 0xaa, 0x29, 0xaa, 0x38, 0x07, 0x5e, 0xec, 0x51,
    0xbb, 0x30, 0x06, 0xad, 0xd5, 0x98, 0x7e, 0xe9, 0x80, 0x30, 0x9c, 0x57, 0xc6, 0xb8, 0x07, 0xa7,
    0xfb, 0x09, 0x77, 0x3d, 0x00, 0x14, 0x91, 0xae, 0x20, 0x03, 0xaf, 0x40, 0x00, 0xa0, 0x84, 0x7f,
    0x00, 0x46, 0xb5, 0x57, 0xd6, 0x62, 0xa8, 0x80, 0x0a, 0x5a, 0xdd, 0x06, 0xb3, 0xee, 0x90, 0x09,
    0xa9, 0xf4, 0x8c, 0x84, 0x8e, 0xc0, 0x10, 0x01, 0x88, 0xc8, 0x04, 0xc0, 0x0a, 0xe2, 0x0f, 0xc7,
    0x67, 0xf8, 0x72, 0x1b, 0x26, 0x07, 0x5f, 0xfd, 0x3e, 0x10, 0x80, 0x18, 0x8b, 0x98, 0x03, 0xe1,
    0xbb, 0xed, 0x00, 0xf8, 0x6a, 0xbb, 0x00, 0x3f, 0xf9, 0x03, 0xa0, 0x08, 0xa2, 0xda, 0x00, 0xea,
    0xee, 0x40, 0x9c, 0xfe, 0x18, 0x03, 0xca, 0xb1, 0xc4, 0x00, 0x53, 0x86, 0x00, 0x91, 0x40, 0x03,
    0x40, 0x1f, 0xa0, 0x99, 0x8e, 0x90, 0xcd, 0x00, 0x48, 0x2a, 0x14, 0x31, 0xd5, 0xe0, 0x1a, 0x2c,
    0x55, 0x81, 0x54, 0x5a, 0xa2, 0x0e, 0x65, 0x52, 0x1b, 0x32, 0x4e, 0x94, 0x44, 0x90, 0x4e, 0x19,
    0xfa, 0x55, 0xe1, 0x80, 0x1b, 0xf7, 0x78, 0x98, 0x0d, 0x80, 0x36, 0xc4, 0x66, 0x00, 0xfc, 0x59,
    0x98, 0x40, 0x3e, 0x8d, 0x1b, 0x32, 0x94, 0x00, 0xe2, 0x9e, 0x2a, 0x94, 0xe4, 0x00, 0xeb, 0xc0,
    0x03, 0xea, 0x64, 0x08, 0x06, 0x16, 0xd8, 0xcd, 0xa2, 0xb2, 0x00, 0x52, 0x40, 0x3e, 0xed, 0xca,
    0xc6, 0x00, 0xa0, 0x8b, 0xf8, 0x02, 0x35, 0x78, 0x8b, 0x66, 0x22, 0x20, 0x05, 0x2a, 0xbc, 0xcc,
    0x04, 0x66, 0xb2, 0x02, 0x6a, 0x0d, 0x3f, 0x9f, 0xf3, 0x98, 0x02, 0x00, 0x3f, 0xf2, 0xb8, 0x80,
    0x80, 0x7c, 0x21, 0xb2, 0x61, 0x82, 0x79, 0x39, 0xef, 0xef, 0x08, 0x00, 0x6e, 0x03, 0xcc, 0x69,
    0x29, 0x00, 0x6f, 0xeb, 0x79, 0xcd, 0x92, 0x50, 0x0c, 0x91, 0x00, 0x33, 0x05, 0x58, 0x07, 0x4e,
    0xb3, 0xde, 0xa7, 0x80, 0x7a, 0xf3, 0x97, 0x2e, 0x9c, 0x03, 0xd1, 0xb3, 0x7b, 0x39, 0xba, 0x40,
    0x07, 0x95, 0xed, 0xb9, 0xb5, 0xee, 0x20, 0x00, 0x84, 0x80, 0x31, 0x00, 0x7c, 0xf0, 0x01, 0x1f,
    0x80, 0x7f, 0xfd, 0x0c, 0x03, 0xff, 0x70, 0x80, 0x7f, 0xe3, 0xe0, 0x0f, 0xf8, 0x51, 0x00, 0x1f,
    0x32, 0x00, 0x2d, 0x48, 0x03, 0xee, 0x20, 0x84, 0x80, 0x0c, 0x26, 0x20, 0x64, 0x8b, 0x84, 0x01,
    0x88, 0x9d, 0xee, 0xa9, 0xa4, 0x01, 0xec, 0xff, 0x60, 0x80, 0x00, 0x4d, 0x57, 0xf0, 0x06, 0xcf,
    0xff, 0xe0, 0x0c, 0xab, 0xfe, 0x00, 0xff, 0xe2, 0x15, 0xdf, 0xfe, 0x23, 0xff, 0x80, 0xbf, 0xcd,
    0x9f, 0xf1, 0x8a, 0x24, 0x18, 0x88, 0x04, 0x4c, 0x20, 0x19, 0x58, 0x03, 0xfe, 0x43, 0x30, 0x07,
    0x94, 0x80, 0x03, 0x16, 0x01, 0xf6, 0x38, 0x16, 0xb3, 0x00, 0x21, 0x52, 0x22, 0xb0, 0xfd, 0xd0,
    0x06, 0xab, 0xff, 0x31, 0x8e, 0xb8, 0x07, 0x36, 0xed, 0x40, 0x00, 0x5f, 0xff, 0xed, 0x00, 0xea,
    0xee, 0xf5, 0x80, 0x78, 0x47, 0xe7, 0x00, 0xff, 0xe4, 0x11, 0x9f, 0x98, 0x03, 0x86, 0xf7, 0x5d,
    0xcc, 0xe8, 0x60, 0x0d, 0x5a, 0x8d, 0xba, 0x1f, 0xdb, 0x00, 0xf3, 0x68, 0x07, 0xfc, 0x46, 0xe0,
    0x1e, 0x31, 0x00, 0xa1, 0x48, 0x03, 0xd4, 0xe0, 0x76, 0xf6, 0x01, 0x84, 0x00, 0x44, 0x3d, 0x3c,
    0x10, 0x09, 0xf7, 0xfc, 0xe8, 0x7d, 0x02, 0x01, 0xa7, 0xbf, 0xd8, 0x00, 0x00, 0xf4, 0x98, 0x07,
    0xfe, 0xef, 0x00, 0xfa, 0x23, 0xbc, 0x62, 0x38, 0x40, 0x31, 0x38, 0x28, 0x07, 0xd1, 0x09, 0x79,
    0x88, 0x61, 0xcc, 0x40, 0x40, 0x03, 0xaa, 0xc0, 0x04, 0x3c, 0x20, 0x08, 0x74, 0x86, 0x6a, 0xec,
    0x85, 0xe4, 0x00, 0x15, 0x60, 0x7f, 0xf2, 0x46, 0xad, 0x00, 0x53, 0x1e, 0xaa, 0x40, 0x62, 0x88,
    0x00, 0x76, 0x18, 0x07, 0x8c, 0x03, 0x22, 0xd0, 0x07, 0xa5, 0x40, 0x5e, 0xa4, 0x80, 0x02, 0x86,
    0x67, 0x61, 0xcc, 0x6b, 0x00, 0x53, 0x5f, 0xe4, 0x31, 0xcb, 0x30, 0x0c, 0xf9, 0x94, 0x80, 0x00,
    0x90, 0x81, 0x98, 0x01, 0xfd, 0x0c, 0x1d, 0xc0, 0x0f, 0xc6, 0x6d, 0x94, 0x44, 0xce, 0x10, 0x0a,
    0x97, 0xfc, 0xee, 0xff, 0xc0, 0x11, 0xbd, 0xb3, 0x0c, 0xcc, 0xd8, 0x40, 0x03, 0x42, 0x01, 0xfe,
    0x29, 0xfb, 0xb9, 0x55, 0x77, 0xc4, 0x7f, 0xf0, 0x8a, 0x64, 0xe7, 0xff, 0x18, 0xa2, 0x43, 0x88,
    0x87, 0xd4, 0x48, 0x40, 0x21, 0x54, 0x00, 0xf0, 0x80, 0x69, 0x52, 0x00, 0xf5, 0xa0, 0x0c, 0xac,
    0x80, 0x62, 0x29, 0xdc, 0x3e, 0x7e, 0x40, 0x16, 0xd7, 0xf9, 0xcc, 0x7e, 0x88, 0x03, 0x36, 0xed,
    0x40, 0x00, 0xf3, 0xb0, 0x04, 0x20, 0x1b, 0x0c, 0x01, 0xc2, 0x00, 0x3f, 0x10, 0x0a, 0xbc, 0x03,
    0xd4, 0xc2, 0x01, 0x30, 0xa0, 0x06, 0x27, 0x90, 0x0e, 0xb0, 0x0e, 0x6b, 0x10, 0x00, 0xb3, 0x00,
    0x98, 0xb1, 0x88, 0xd9, 0x84, 0x7f, 0xf5, 0x50, 0x89, 0x19, 0xff, 0x01, 0x4c, 0xca, 0x93, 0x22,
    0xe9, 0x98, 0x80, 0x32, 0xe8, 0x07, 0xfc, 0x46, 0x80, 0x1e, 0x10, 0x0d, 0x2c, 0x20, 0x1e, 0x86,
    0x03, 0xb7, 0x80, 0x0f, 0x8c, 0x93, 0x4f, 0x44, 0x02, 0x4b, 0xee, 0x3a, 0xa7, 0x40, 0x80, 0x68,
    0xef, 0xf6, 0x88, 0x00, 0xf3, 0xb0, 0x07, 0xca, 0xbd, 0x98, 0x55, 0xe0, 0x06, 0x67, 0x3b, 0x66,
    0x70, 0x84, 0xcf, 0x2d, 0xcc, 0xf0, 0x80, 0x1b, 0x32, 0x79, 0xcc, 0x9c, 0x03, 0x0a, 0xf7, 0x33,
    0x1d, 0xc5, 0xf0, 0x0e, 0x12, 0x2f, 0x08, 0x07, 0x96, 0xab, 0xc8, 0x01, 0xcb, 0x06, 0xff, 0x8b,
    0xf3, 0x60, 0x18, 0x94, 0x15, 0x4e, 0x0a, 0xa3, 0x00, 0xe3, 0x6b, 0x00, 0xf4, 0xa0, 0x0b, 0x6c,
    0x18, 0x04, 0x20, 0x02, 0x02, 0xfd, 0xa7, 0x00, 0x0a, 0x77, 0xf9, 0xd4, 0xbe, 0xd0, 0x03, 0x5f,
    0xfd, 0x82, 0x00, 0xce, 0xc0, 0x1f, 0xf1, 0xc5, 0x55, 0x68, 0x01, 0xe2, 0xe9, 0xf9, 0xf5, 0x60,
    0x0e, 0x2f, 0x75, 0x07, 0x97, 0x13, 0x30, 0x81, 0x61, 0x34, 0x42, 0x44, 0xa2, 0x1a, 0xa0, 0x58,
    0x5f, 0x76, 0x55, 0x5d, 0xc4, 0x01, 0x10, 0x06, 0x2e, 0x00, 0xfe, 0xec, 0xc2, 0x5e, 0x64, 0x60,
    0x1b, 0xfd, 0xd4, 0x16, 0x1d, 0xcd, 0x40, 0x08, 0x88, 0x75, 0x26, 0xe4, 0x50, 0x07, 0x0d, 0x3b,
    0x80, 0x3a, 0x50, 0x09, 0xfc, 0xac, 0x00, 0xe4, 0x52, 0xb8, 0xff, 0x6c, 0x80, 0x11, 0xff, 0xe6,
    0x30, 0x00, 0xc5, 0x04, 0x01, 0xfc, 0xf9, 0xde, 0x0b, 0x99, 0x58, 0x06, 0xba, 0xc7, 0x24, 0xff,
    0x4b, 0x00, 0x70, 0x91, 0x04, 0x78, 0x03, 0xd5, 0xdc, 0x52, 0xee, 0x40, 0x07, 0xa3, 0x30, 0x85,
    0x98, 0xe0, 0x0f, 0x62, 0xaf, 0xc0, 0x1d, 0x67, 0xf5, 0xfd, 0x7f, 0xa8, 0x01, 0x9e, 0xa4, 0x2b,
    0xca, 0xa9, 0x20, 0x1e, 0x53, 0x00, 0xff, 0x86, 0xe4, 0x03, 0xd4, 0x80, 0x05, 0xc5, 0x50, 0x00,
    0x40, 0x26, 0x71, 0xde, 0x98, 0x00, 0x28, 0xe6, 0x4c, 0x63, 0xb6, 0x80, 0x10, 0xe6, 0x6a, 0x00,
    0x00, 0x12, 0x00, 0x19, 0x80, 0x04, 0x40, 0x06, 0x1a, 0x20, 0xee, 0x00, 0x24, 0x40, 0x22, 0x17,
    0x52, 0x11, 0x13, 0xb3, 0x90, 0x03, 0x39, 0x6f, 0x95, 0x5d, 0x6f, 0xda, 0x01, 0x6e, 0x6e, 0xfb,
    0x34, 0x02, 0x30, 0xcf, 0xcc, 0xdf, 0x80, 0x20, 0x0d, 0x10, 0xad, 0xdd, 0x40, 0x3c, 0x01, 0xe1,
    0x1e, 0x00, 0xf9, 0xeb, 0xbf, 0xdd, 0x6e, 0x01, 0xeb, 0xd1, 0xed, 0x2e, 0xb0, 0x0f, 0xa1, 0xc0,
    0x3c, 0xc4, 0x02, 0xb8, 0x10, 0x01, 0xea, 0x62, 0xf9, 0xab, 0x10, 0x21, 0xff, 0x81, 0x4b, 0xb1,
    0x80, 0x21, 0xcf, 0xfb, 0x04, 0x00, 0xc4, 0x20, 0x1f, 0xfa, 0xf4, 0x40, 0x3f, 0xe9, 0x6a, 0x00,
    0xff, 0xd4, 0xf0, 0x01, 0xff, 0xc1, 0x72, 0x00, 0xff, 0x11, 0xac, 0x00, 0x7f, 0x94, 0xe1, 0x0c,
    0x03, 0xfa, 0xa4, 0x9a, 0x40, 0x3f, 0x38, 0x28, 0x4a, 0x20, 0x03, 0xc7, 0x12, 0x00, 0x19, 0x90,
    0x80, 0x63, 0xd7, 0x40, 0x09, 0xc7, 0x44, 0x00, 0xda, 0xf0, 0x01, 0xda, 0x38, 0x65, 0x71, 0x20,
    0x1e, 0x1c, 0x70, 0x00, 0x88, 0xc0, 0x3f, 0xcd, 0xa8, 0x01, 0xfc, 0x95, 0x22, 0x01, 0xc9, 0x33,
    0x69, 0xd4, 0xce, 0x53, 0x2f, 0xf8, 0x17, 0xfe, 0x2d, 0x02, 0x66, 0x20, 0x11, 0x19, 0x86, 0x01,
    0xd6, 0xf5, 0xe0, 0x1f, 0x23, 0xc3, 0x31, 0xc0, 0x39, 0xea, 0x82, 0x1d, 0x32, 0x00, 0x8f, 0x74,
    0x80, 0x03, 0xd3, 0x00, 0x8e, 0x8c, 0x03, 0x1d, 0x00, 0x7f, 0xf2, 0xaf, 0x9f, 0x5a, 0x00, 0x3d,
    0x5f, 0xe5, 0x00, 0xf3, 0x38, 0x07, 0xfc, 0x71, 0x46, 0x01, 0xfc, 0x9b, 0x53, 0xa8, 0x01, 0xf3,
    0x55, 0x11, 0x1b, 0x4e, 0x01, 0x8a, 0xaf, 0x50, 0x00, 0x79, 0x76, 0x20, 0x5c, 0x17, 0xa9, 0x9d,
    0x6a, 0x18, 0xaa, 0xca, 0xfc, 0xc1, 0x13, 0x32, 0x9d, 0x40, 0x21, 0x55, 0x8c, 0xca, 0xb1, 0x18,
    0x80, 0x05, 0xde, 0x33, 0x3b, 0xc4, 0x01, 0xff, 0xc6, 0x17, 0x78, 0xcc, 0xef, 0x10, 0x04, 0x67,
    0xc4, 0x43, 0x3e, 0x00, 0x4c, 0x46, 0x11, 0x44, 0x70, 0x00, 0x00, 0xff, 0xe1, 0x1f, 0xff, 0xfe,
    0x23, 0xff, 0xe6, 0x9f, 0xfe, 0x20, 0x24, 0x4c, 0x7e, 0x89, 0x88, 0x00, 0xb3, 0xff, 0x3a, 0x7f,
    0xd2, 0x80, 0x12, 0xd4, 0xda, 0x5c, 0xd5, 0xa0, 0x07, 0x14, 0x80, 0x4d, 0x60, 0x1f, 0x12, 0x20,
    0x00, 0xca, 0x60, 0x1e, 0x74, 0xe0, 0x02, 0x22, 0x80, 0x3d, 0x52, 0xe0, 0x0a, 0x94, 0x00, 0xe2,
    0xb2, 0xb3, 0xeb, 0x25, 0x20, 0x0c, 0x4e, 0x0c, 0x7c, 0xe3, 0x42, 0x01, 0xfb, 0x08, 0x13, 0x85,
    0x00, 0x0f, 0x20, 0x12, 0xa0, 0x2e, 0x59, 0x00, 0x00, 0xc8, 0x40, 0x08, 0x30, 0x0f, 0xd0, 0xe0,
    0x02, 0x60, 0x0f, 0xc4, 0xc0, 0x03, 0x20, 0x0f, 0x84, 0x44, 0x00, 0xfe, 0x00, 0xf8, 0x84, 0x40,
    0x05, 0x40, 0x0f, 0x95, 0x40, 0x11, 0x98, 0x80, 0x3d, 0x98, 0x00, 0xc8, 0x80, 0x0e, 0x14, 0x50,
    0x0d, 0xf4, 0x01, 0xcc, 0xa4, 0x01, 0x94, 0x54, 0x02, 0x19, 0xf0, 0x0f, 0x5c, 0x08, 0x0d, 0x3a,
    0x00, 0x79, 0x99, 0x40, 0xa1, 0x00, 0x1f, 0xa9, 0xd1, 0x16, 0x20, 0x1f, 0x87, 0x10, 0x00, 0xc4,
    0x20, 0x02, 0x30, 0x0f, 0xde, 0xe0, 0x04, 0xe0, 0x0f, 0x98, 0x18, 0x00, 0xc2, 0xe0, 0x1c, 0x31,
    0x00, 0x0d, 0xf2, 0x80, 0x1a, 0x91, 0x41, 0x04, 0x0e, 0x28, 0x80, 0x14, 0xf6, 0x03, 0x48, 0x00,
    0x67, 0xc3, 0x12, 0xd1, 0x08, 0x25, 0x00, 0xa6, 0x44, 0x30, 0x20, 0x6d, 0xe0, 0x02, 0x00, 0x38,
    0x80, 0x6f, 0x83, 0x03, 0xc3, 0x00, 0xf4, 0x03, 0x80, 0x0e, 0x78, 0x40, 0x33, 0x32, 0x11, 0x54,
    0xc0, 0x76, 0x01, 0xa0, 0x6a, 0x3b, 0xfe, 0x94, 0x50, 0x0b, 0xfd, 0xd9, 0x75, 0x30, 0xf3, 0x80,
    0x00, 0xe1, 0x80, 0x0f, 0xfc, 0x2a, 0xa0, 0x0f, 0xfd, 0x52, 0x01, 0xf0, 0x8f, 0x2d, 0x88, 0xf0,
    0x1f, 0x77, 0x6c, 0x77, 0x72, 0x1f, 0xff, 0xfe, 0x40, 0x0c, 0x60, 0x10, 0x98, 0x07, 0xc5, 0x86,
    0x00, 0x2d, 0x20, 0x0f, 0x42, 0x18, 0x00, 0xdb, 0x80, 0x39, 0x16, 0x40, 0x34, 0x0b, 0x80, 0x43,
    0x2e, 0x40, 0x1d, 0xd0, 0x60, 0x0b, 0x18, 0x00, 0xf1, 0xb7, 0x81, 0x37, 0x00, 0x7e, 0x87, 0x10,
    0x00, 0x86, 0x40, 0x34, 0x88, 0x07, 0xcc, 0x01, 0x98, 0x03, 0xff, 0x8f, 0x39, 0xa1, 0x99, 0x83,
    0x72, 0x80, 0x17, 0xf0, 0x1f, 0xf8, 0x23, 0xe4, 0x00, 0x46, 0xa0, 0x67, 0x81, 0x4c, 0xc0, 0x1f,
    0xfc, 0x32, 0x77, 0x30, 0x3b, 0xe0, 0x67, 0x71, 0x8f, 0x74, 0xdd, 0xd9, 0xbb, 0xa0, 0x39, 0x9b,
    0xea, 0x65, 0xb9, 0x33, 0x18, 0x04, 0xf6, 0x20, 0x06, 0x89, 0x10, 0x08, 0x6a, 0x9e, 0x40, 0x02,
    0xc3, 0xd2, 0x00, 0x69, 0xe1, 0x00, 0x61, 0xa5, 0x90, 0x06, 0x48, 0x80, 0x7d, 0x36, 0x00, 0x00,
    0x9d, 0x00, 0x32, 0x38, 0x06, 0x22, 0x69, 0x91, 0x63, 0xd2, 0x20, 0x02, 0x7d, 0x27, 0xff, 0x4a,
    0x7f, 0x00, 0x2f, 0x52, 0x37, 0x74, 0x26, 0xe0, 0x07, 0x5d, 0xf8, 0x03, 0xf5, 0x4c, 0xea, 0x00,
    0xfd, 0xce, 0xfb, 0x80, 0x3f, 0x16, 0x66, 0x20, 0x0f, 0xdb, 0x33, 0xb4, 0x03, 0x1e, 0xe9, 0x23,
    0x77, 0x42, 0x6e, 0x8c, 0xdf, 0xec, 0x9a, 0xff, 0x5c, 0x67, 0xf8, 0xc0, 0xd3, 0xac, 0xc8, 0xad,
    0xf5, 0x30, 0x2c, 0xc4, 0x62, 0x00, 0x12, 0xff, 0x74, 0x25, 0xb4, 0x80, 0x1e, 0x2a, 0xc1, 0x00,
    0x84, 0x7f, 0x00, 0x7b, 0xb7, 0x7d, 0xe6, 0x01, 0xec, 0xcf, 0x10, 0x07, 0xd9, 0x9e, 0x20, 0x0f,
    0xb3, 0x3c, 0x40, 0x1f, 0x66, 0x78, 0x80, 0x3e, 0xcc, 0xf1, 0x00, 0x7d, 0x99, 0xe2, 0x00, 0xfb,
    0x33, 0xc4, 0x01, 0x27, 0x70, 0x3b, 0xbc, 0x7b, 0xc8, 0x8e, 0xe6, 0xae, 0xf7, 0x29, 0x6f, 0xb8,
    0x80, 0x31, 0x86, 0x60, 0x02, 0x74, 0xd9, 0x81, 0x78, 0xe4, 0x00, 0x65, 0xdc, 0xd2, 0x27, 0x49,
    0x00, 0x7c, 0xfc, 0x40, 0x00, 0xe6, 0x60, 0x07, 0xfb, 0xb8, 0x01, 0xc6, 0xab, 0x88, 0xd5, 0x72,
    0x54, 0xff, 0xce, 0xdf, 0xf4, 0xf0, 0x55, 0x64, 0xba, 0xac, 0x01, 0xe5, 0x10, 0x0f, 0xe3, 0x2a,
    0x60, 0x0f, 0xdf, 0x3f, 0x6c, 0x01, 0xc3, 0x6e, 0xe2, 0xfb, 0x60, 0x08, 0x70, 0xac, 0x00, 0x5d,
    0x62, 0x00, 0x1f, 0x90, 0x0c, 0x7a, 0x20, 0x11, 0x00, 0x7f, 0xf1, 0x73, 0xa7, 0x21, 0xc0, 0x3d,
    0xbf, 0xe6, 0x9c, 0xcf, 0xf5, 0x15, 0xff, 0xcc, 0xbf, 0xf5, 0x30, 0x11, 0x9c, 0x5c, 0x67, 0x10,
    0x07, 0xff, 0x3b, 0xaa, 0xa5, 0xba, 0xab, 0xc0, 0x05, 0x99, 0x5d, 0x66, 0x46, 0x00, 0xc6, 0x6f,
    0xd8, 0x01, 0xff, 0xe1, 0x8e, 0xa4, 0xa4, 0x00, 0xf4, 0xff, 0xa0, 0x01, 0xdd, 0xff, 0x18, 0x04,
    0x5f, 0xe2, 0xff, 0x1f, 0x78, 0x07, 0x88, 0x82, 0x44, 0x02, 0x20, 0x80, 0x7f, 0xf4, 0x97, 0x03,
    0x30, 0x39, 0x81, 0xdc, 0x3e, 0x64, 0x90, 0xff, 0x07, 0xf8, 0x7f, 0xc5, 0x6e, 0x2a, 0x06, 0x61,
    0x33, 0x01, 0x18, 0xa8, 0x80, 0x7f, 0xf9, 0xcb, 0x48, 0x80, 0x01, 0xd0, 0x07, 0x00, 0x38, 0xff,
    0x84, 0x00, 0x0d, 0xee, 0xff, 0x68, 0x03, 0x3f, 0xf3, 0xb7, 0xfe, 0xc0, 0x00, 0xb4, 0xcc, 0xa9,
    0x33, 0x38, 0x80, 0x56, 0x1d, 0xc7, 0x6e, 0xe0, 0x50, 0x07, 0x63, 0x30, 0xb5, 0x99, 0x80, 0x1e,
    0xae, 0xe3, 0xcf, 0x72, 0x80, 0x3d, 0x5d, 0xc7, 0x9e, 0xe5, 0x00, 0x44, 0x82, 0x68, 0x83, 0xe4,
    0x41, 0x82, 0x13, 0xf9, 0xdf, 0xf8, 0x4b, 0xfd, 0x65, 0xee, 0xb6, 0x51, 0x77, 0xe8, 0x2b, 0x50,
    0x0f, 0xfe, 0x53, 0xed, 0x20, 0x06, 0xe5, 0x00, 0xcd, 0xfe, 0x80, 0x00, 0x00, 0xff, 0xdd, 0xff,
    0xfe, 0xe0, 0xdf, 0x6d, 0xff, 0xec, 0x04, 0x01, 0x60, 0x22, 0xe1, 0x4a, 0x25, 0x1e, 0xef, 0x05,
    0x00, 0x0d, 0xf3, 0x3c, 0x40, 0x16, 0x1b, 0x37, 0x8c, 0x02, 0xc2, 0xee, 0xea, 0x40, 0x09, 0xe2,
    0x3c, 0xc4, 0x15, 0xdd, 0xf1, 0xb0, 0x85, 0x77, 0x7c, 0x66, 0x50, 0x0f, 0x08, 0x81, 0x8c, 0x40,
    0x3c, 0xbf, 0xd7, 0x00, 0x00, 0x33, 0xff, 0xc1, 0xbf, 0x11, 0xfb, 0xf4, 0x01, 0xb7, 0x61, 0x9b,
    0xbd, 0xc0, 0x05, 0x32, 0x54, 0x02, 0x2c, 0x0a, 0x16, 0x9d, 0x47, 0xdd, 0xc9, 0x60, 0x06, 0xf2,
    0xcc, 0x5e, 0x64, 0xc0, 0x1a, 0x2c, 0x45, 0x00, 0x1f, 0x22, 0x2f, 0x70, 0x37, 0x6b, 0x00, 0x93,
    0x73, 0x1e, 0x19, 0x95, 0x00, 0x08, 0xc4, 0x88, 0x20, 0x45, 0x8c, 0x27, 0xff, 0x83, 0xff, 0x82,
    0xf3, 0x36, 0x86, 0x67, 0x00, 0x7f, 0xf1, 0xc7, 0x40, 0x3c, 0x00, 0xe9, 0x30, 0x0f, 0xf9, 0x9d,
    0x57, 0x80, 0x3c, 0x90, 0xfd, 0xba, 0x98, 0x10, 0x0c, 0x94, 0x7b, 0x10, 0xc2, 0xe1, 0x00, 0x9e,
    0xa9, 0xf2, 0xcc, 0xaa, 0x18, 0x06, 0x4c, 0x42, 0x89, 0x95, 0xa0, 0x07, 0x19, 0x2d, 0xda, 0x21,
    0x74, 0xa2, 0x00, 0x2b, 0xe9, 0xdc, 0x77, 0x7e, 0x4f, 0x61, 0x13, 0xb3, 0x0d, 0xdb, 0x04, 0xd9,
    0xd0, 0x40, 0xa4, 0x00, 0xcf, 0xf7, 0x60, 0x0a, 0x00, 0x67, 0x85, 0x37, 0xdd, 0x00, 0x7c, 0xbd,
    0xcf, 0xb6, 0x30, 0x0f, 0x89, 0xaf, 0xfb, 0x30, 0x80, 0x1f, 0xc2, 0xb5, 0xe8, 0x01, 0x01, 0x00,
    0xf4, 0x88, 0x06, 0x1f, 0x20, 0x0c, 0xec, 0xe0, 0x18, 0x66, 0x40, 0x12, 0x4d, 0xd8, 0xc0, 0x33,
    0xb2, 0x02, 0x55, 0x12, 0x74, 0xc0, 0x37, 0xa3, 0x55, 0x83, 0xa5, 0xeb, 0x00, 0x44, 0x97, 0xaa,
    0xab, 0x55, 0x55, 0x90, 0x04, 0x9a, 0x06, 0x52, 0x26, 0xfa, 0x40, 0x07, 0x40, 0x88, 0xbb, 0xfb,
    0x44, 0x02, 0x97, 0x0b, 0xbd, 0x41, 0x02, 0x00, 0x52, 0x30, 0x01, 0x80, 0x29, 0x18, 0x02, 0x9a,
    0x00, 0xaf, 0x2c, 0x64, 0x02, 0x42, 0x70, 0x0a, 0x20, 0xba, 0x01, 0x93, 0x44, 0x03, 0x26, 0x52,
    0x00, 0x63, 0x00, 0xf1, 0x6a, 0x00, 0x40, 0x00, 0xfd, 0x62, 0x01, 0x86, 0x44, 0x19, 0xb2, 0xb3,
    0x61, 0x10, 0x68, 0xf7, 0x60, 0xee, 0xc6, 0x12, 0xc9, 0x39, 0x90, 0x66, 0x54, 0x40, 0x0a, 0x54,
    0x9c, 0xc0, 0x66, 0x3e, 0xc0, 0x3c, 0xd7, 0x60, 0xdb, 0x30, 0x0c, 0x24, 0x0d, 0x54, 0x1d, 0xa3,
    0x00, 0xd3, 0x60, 0xf7, 0x61, 0xdb, 0xc0, 0x08, 0x5a, 0xd8, 0x23, 0x06, 0xe3, 0x7c, 0x01, 0x6e,
    0x47, 0x5a, 0xa2, 0x9b, 0x4c, 0x06, 0x90, 0x00, 0x8b, 0xa0, 0x9b, 0x80, 0x01, 0xd0, 0xa6, 0x16,
    0x88, 0x1e, 0xa5, 0x90, 0x20, 0x14, 0xd0, 0x80, 0x43, 0x98, 0x00, 0xcc, 0xa0, 0x17, 0x88, 0x01,
    0xc8, 0x00, 0xd6, 0x00, 0x14, 0x55, 0xc0, 0x32, 0x20, 0xad, 0x92, 0x3b, 0xaf, 0x81, 0x1b, 0x08,
    0x43, 0x69, 0x02, 0xdf, 0x84, 0x21, 0x58, 0x48, 0x9c, 0x5d, 0xa8, 0x60, 0x14, 0x23, 0xf5, 0x21,
    0xb6, 0x10, 0x80, 0x72, 0xfd, 0xd6, 0x76, 0x2f, 0xa8, 0x04, 0x65, 0x1f, 0x19, 0xc9, 0xa8, 0xe0,
    0x09, 0x4b, 0x5b, 0xa7, 0x50, 0x04, 0x90, 0x13, 0x97, 0xa5, 0x53, 0x84, 0x3e, 0x0c, 0x29, 0x9f,
    0x81, 0x38, 0xc4, 0x22, 0x4c, 0x5a, 0x89, 0x49, 0x5d, 0xb8, 0x1c, 0x80, 0x98, 0x82, 0xe7, 0xa5,
    0xcd, 0x1c, 0x00, 0x70, 0x12, 0x4e, 0x65, 0x10, 0x99, 0x73, 0x00, 0x53, 0x00, 0x08, 0x30, 0x7d,
    0xe6, 0x00, 0x23, 0x80, 0x7f, 0xec, 0xf0, 0x09, 0xf3, 0x23, 0x00, 0xc6, 0x2c, 0xc1, 0xeb, 0xe7,
    0x70, 0x06, 0x50, 0xe8, 0x30, 0x12, 0x10, 0x0c, 0x66, 0x98, 0x03, 0x00, 0xfd, 0x44, 0x24, 0x62,
    0x66, 0x00, 0xe1, 0x74, 0x54, 0x70, 0x16, 0x00, 0xe7, 0x4f, 0xed, 0xf0, 0x52, 0x00, 0xe6, 0xb4,
    0x65, 0x43, 0x21, 0x00, 0x94, 0x00, 0x20, 0xc6, 0x13, 0x40, 0x03, 0xd8, 0x00, 0x95, 0xd3, 0x71,
    0x80, 0x11, 0x9c, 0x00, 0x4b, 0x99, 0x5c, 0x53, 0x21, 0x30, 0x09, 0x4d, 0x20, 0x3f, 0xe6, 0x23,
    0xfb, 0x8a, 0x5a, 0x80, 0x10, 0xb5, 0x66, 0x37, 0x48, 0x00, 0xe7, 0x60, 0x0f, 0x38, 0x80, 0x3b,
    0x80, 0x01, 0x70, 0x04, 0x90, 0x07, 0x8e, 0x00, 0x3f, 0xf9, 0xf1, 0x54, 0x45, 0xaa, 0x48, 0x05,
    0x7d, 0xfe, 0x66, 0x7f, 0xba, 0x81, 0x89, 0x56, 0x23, 0x55, 0x89, 0xbb, 0x80, 0x1f, 0xbb, 0x80,
    0x1f, 0xfc, 0xd7, 0xbb, 0x9d, 0x6e, 0xe7, 0x0a, 0xa7, 0xfd, 0x53, 0xff, 0x28, 0x12, 0x27, 0xf5,
    0x48, 0x00, 0xc8, 0x40, 0x02, 0x40, 0x0f, 0xd2, 0xe0, 0x01, 0xa1, 0x00, 0xf3, 0x8a, 0x80, 0x0d,
    0x20, 0x03, 0x8a, 0x60, 0x03, 0x5b, 0xa8, 0x04, 0x3e, 0xc8, 0x01, 0x86, 0xad, 0x00, 0xb0, 0x3d,
    0xdf, 0xc6, 0xf6, 0x65, 0x7d, 0xd5, 0x67, 0x75, 0x39, 0x66, 0x0c, 0x73, 0x20, 0x89, 0x98, 0x85,
    0x00, 0x38, 0x8a, 0x00, 0x85, 0xc0, 0x3d, 0x4a, 0x20, 0x11, 0x88, 0x07, 0x23, 0x40, 0x04, 0x22,
    0x20, 0x08, 0x5e, 0xac, 0x80, 0x44, 0xe4, 0x01, 0xb7, 0x35, 0x40, 0x1f, 0xe8, 0x80, 0x06, 0xdb,
    0x30, 0x0b, 0xba, 0x50, 0x08, 0x00, 0x10, 0x80, 0x7f, 0xee, 0x20, 0x18, 0x8f, 0x84, 0x03, 0xdf,
    0xe6, 0x1f, 0xf3, 0x18, 0x04, 0xe6, 0xef, 0x05, 0xbb, 0x80, 0xd2, 0x4a, 0xbf, 0x80, 0x3c, 0x20,
    0x0f, 0x3a, 0xc8, 0x00, 0x09, 0x80, 0x42, 0x8c, 0x2e, 0x01, 0x10, 0x88, 0x04, 0x03, 0xf9, 0xd4,
    0x00, 0x62, 0x01, 0x9d, 0x28, 0x70, 0xc0, 0x02, 0x60, 0x10, 0xd4, 0x78, 0x3d, 0x00, 0x1c, 0x40,
    0x06, 0x35, 0x8b, 0x68, 0x40, 0x02, 0x60, 0x01, 0xe2, 0x04, 0x3d, 0x81, 0x13, 0x48, 0x03, 0x95,
    0x3c, 0x43, 0xf1, 0xe8, 0x03, 0x97, 0x08, 0x01, 0xbd, 0x84, 0x00, 0x00, 0xff, 0x89, 0x87, 0xbb,
    0xc6, 0x22, 0x06, 0xa1, 0xcc, 0x32, 0x66, 0x0d, 0xec, 0x03, 0x11, 0x38, 0x08, 0x80, 0x1f, 0xfc,
    0x72, 0x44, 0x78, 0xa2, 0x08, 0x03, 0x9e, 0x20, 0x8b, 0x10, 0xa0, 0x0e, 0x5c, 0xc5, 0xa6, 0x62,
    0x00, 0x3f, 0xf9, 0xc5, 0xa0, 0x1f, 0xf2, 0x38, 0x07, 0xff, 0x08, 0x40, 0x3f, 0xd7, 0xd4, 0x80,
    0x13, 0xd8, 0x06, 0xac, 0xe8, 0x00, 0xff, 0x86, 0x8b, 0xff, 0xe0, 0x20, 0x34, 0x2f, 0xe1, 0xef,
    0xf8, 0x34, 0x03, 0x94, 0x84, 0x03, 0xfd, 0xa5, 0xbb, 0x30, 0x07, 0x85, 0xf3, 0x26, 0x30, 0x0f,
    0x43, 0x90, 0x89, 0x50, 0x03, 0x85, 0x36, 0xc9, 0x48, 0x40, 0x38, 0x75, 0x33, 0x11, 0x20, 0x1f,
    0xce, 0xe1, 0x50, 0x02, 0x00, 0x79, 0x1f, 0xc0, 0x2b, 0x00, 0xe7, 0xaa, 0x18, 0x07, 0xe9, 0xbd,
    0x40, 0x0c, 0x3d, 0x88, 0x11, 0x86, 0x01, 0xc3, 0xfd, 0x40, 0x00, 0x2a, 0x00, 0x7f, 0xcd, 0x22,
    0x53, 0x3e, 0x81, 0x47, 0x72, 0x07, 0x71, 0xc7, 0x85, 0x4f, 0xb8, 0x16, 0x8e, 0xe0, 0xa7, 0xa0,
    0x2a, 0xa4, 0x9b, 0x00, 0x04, 0xc0, 0x44, 0x01, 0x7c, 0x28, 0x10, 0x88, 0x03, 0xa4, 0xf7, 0xc1,
    0x88, 0x00, 0xee, 0x08, 0x71, 0x68, 0x02, 0x60, 0x00, 0x82, 0xaa, 0xce, 0x24, 0x33, 0x00, 0x03,
    0x15, 0xc6, 0x06, 0x91, 0x47, 0x00, 0x09, 0x80, 0x80, 0x45, 0x08, 0x20, 0x0e, 0xe0, 0x07, 0x2b,
    0xc0, 0x00, 0x50, 0xc0, 0x3a, 0x6c, 0x97, 0xf9, 0x90, 0x00, 0x78, 0x18, 0xa0, 0xbf, 0xeb, 0x00,
    0x00, 0x86, 0x80, 0x3c, 0x4c, 0x14, 0x60, 0xa0, 0x76, 0x02, 0x0d, 0x41, 0xf0, 0x01, 0x4e, 0x96,
    0x00, 0x65, 0x62, 0x03, 0x76, 0x00, 0xf3, 0xa5, 0x05, 0xba, 0x80, 0x78, 0x7b, 0x81, 0xfa, 0x20,
    0x1e, 0x67, 0x61, 0x77, 0x20, 0x07, 0x09, 0x99, 0x00, 0xce, 0x00, 0xe5, 0xff, 0x40, 0x7f, 0xc0,
    0x1c, 0x99, 0x84, 0x6c, 0xc8, 0x10, 0x03, 0x89, 0xec, 0x02, 0x29, 0x00, 0xc3, 0xce, 0x60, 0x1f,
    0xd6, 0xd2, 0x01, 0xd1, 0xd4, 0x81, 0x74, 0x01, 0xe9, 0xcf, 0x80, 0x01, 0x22, 0xc2, 0x01, 0x89,
    0x82, 0xff, 0xb9, 0xf8, 0x02, 0x00, 0x6a, 0x00, 0x4e, 0x63, 0xc0, 0x16, 0xa0, 0x1f, 0xfc, 0x6d,
    0x77, 0x50, 0x07, 0xef, 0x19, 0x0f, 0xb0, 0x0f, 0x96, 0xc9, 0xdc, 0xc0, 0x1f, 0x98, 0xfb, 0xa0,
    0x0f, 0xda, 0xfd, 0xe6, 0x01, 0xf8, 0xf4, 0x0c, 0x01, 0xac, 0x01, 0x89, 0x54, 0x02, 0xc0, 0xe6,
    0x01, 0xa1, 0x80, 0x0a, 0x20, 0x18, 0x41, 0x06, 0x1f, 0x23, 0xc0, 0x11, 0xd6, 0x88, 0xb0, 0x7d,
    0xe5, 0x00, 0x4e, 0x7c, 0x00, 0x00, 0xc2, 0xae, 0x01, 0x89, 0x89, 0xeb, 0x3f, 0xc4, 0x02, 0x00,
    0x6a, 0x31, 0xeb, 0x4a, 0x50, 0xb5, 0x00, 0x85, 0x90, 0x40, 0x3f, 0x8a, 0x21, 0xaf, 0x10, 0x30,
    0x0f, 0x7f, 0x98, 0x7f, 0xc2, 0x01, 0xc4, 0xea, 0x40, 0xce, 0x40, 0x1f, 0x5a, 0x16, 0x88, 0x07,
    0xc8, 0x8d, 0x4a, 0xc2, 0x00, 0xe2, 0x99, 0x00, 0x1a, 0x4b, 0x58, 0x02, 0x45, 0x40, 0x09, 0x01,
    0xcc, 0x02, 0x68, 0x00, 0xfe, 0x10, 0x0f, 0xf4, 0x75, 0xa0, 0x04, 0xd6, 0x01, 0xa7, 0x3e, 0x00,
    0x00, 0xff, 0x89, 0x83, 0x77, 0xe3, 0x80, 0x6a, 0x0c, 0xf3, 0xee, 0xb0, 0x98, 0x03, 0x0d, 0x39,
    0xb7, 0x88, 0x80, 0x39, 0x5b, 0xdf, 0x4a, 0x00, 0x3c, 0x69, 0xc1, 0xb4, 0x82, 0x01, 0xcd, 0x51,
    0x4e, 0x98, 0x20, 0x1c, 0x8e, 0xe3, 0xa7, 0x60, 0x0f, 0x08, 0x07, 0x08, 0x07, 0x95, 0xdc, 0x74,
    0xee, 0x03, 0x00, 0xf0, 0x82, 0xcd, 0x8e, 0x80, 0x43, 0x5b, 0xed, 0xfe, 0x81, 0x11, 0x99, 0xc7,
    0xfd, 0xd7, 0x0c, 0x60, 0x7f, 0x9c, 0x00, 0x28, 0x50, 0x80, 0x7a, 0x41, 0x24, 0x10, 0x03, 0x21,
    0x8b, 0x06, 0x8d, 0x8d, 0x5d, 0x06, 0x20, 0x00, 0x5e, 0x60, 0x7e, 0x24, 0x03, 0x95, 0x42, 0xc2,
    0x26, 0x61, 0x00, 0x70, 0xff, 0x83, 0xfe, 0x60, 0x0c, 0x95, 0x50, 0xdd, 0x51, 0x00, 0x3a, 0xbb,
    0x83, 0xfd, 0xa0, 0x1e, 0x1a, 0xf1, 0xff, 0x10, 0x07, 0xce, 0x20, 0x01, 0x00, 0x52, 0x80, 0x7f,
    0xc4, 0x40, 0x0f, 0x97, 0x90, 0x02, 0x30, 0x05, 0x98, 0x01, 0x7a, 0xc0, 0x7f, 0x54, 0x03, 0x78,
    0x80, 0x43, 0xdf, 0x40, 0x00, 0x90, 0x00, 0x90, 0x00, 0x40, 0x0f, 0x73, 0x86, 0x08, 0x24, 0x00,
    0x61, 0x4c, 0xb4, 0x51, 0x59, 0xb4, 0x10, 0x01, 0x76, 0x34, 0x19, 0x7b, 0xef, 0x18, 0x00, 0xea,
    0xa1, 0xba, 0xae, 0x20, 0x2e, 0xec, 0x57, 0xdd, 0xe2, 0x27, 0xf9, 0xcb, 0xbf, 0xda, 0x15, 0xfe,
    0x20, 0x2d, 0x79, 0x55, 0x9e, 0x6e, 0x40, 0x09, 0xb6, 0x9f, 0x5f, 0xdc, 0xb3, 0x1f, 0x54, 0xf7,
    0xa8, 0x1a, 0xac, 0xd3, 0xea, 0x02, 0x00, 0x85, 0x10, 0x07, 0x10, 0x08, 0x04, 0x56, 0xf6, 0x01,
    0x27, 0x00, 0x66, 0xc3, 0xc1, 0x17, 0x70, 0x1c, 0x03, 0x37, 0x40, 0x80, 0xf7, 0x30, 0x40, 0x20,
    0x00, 0x8a, 0x80, 0x3c, 0x30, 0x01, 0x1b, 0xa8, 0x04, 0x22, 0x06, 0x3e, 0xe8, 0xaf, 0xb8, 0xb0,
    0xe0, 0x03, 0xef, 0x2a, 0xee, 0x94, 0x03, 0xd6, 0xaa, 0x1d, 0x20, 0x0f, 0x4a, 0x15, 0x6a, 0x10,
    0x07, 0xb6, 0xf8, 0x01, 0x08, 0x20, 0x1c, 0x8b, 0x8d, 0xab, 0x20, 0x1e, 0x3c, 0x2d, 0x39, 0x90,
    0x80, 0x74, 0xd5, 0x0f, 0xd5, 0x03, 0xc8, 0x02, 0xa6, 0x4c, 0x55, 0x20, 0x32, 0x00, 0x45, 0x53,
    0xb1, 0xd4, 0x80, 0x03, 0x00, 0x79, 0x61, 0x81, 0xea, 0x97, 0x62, 0x06, 0xc0, 0x80, 0x46, 0x25,
    0xfd, 0x40, 0x02, 0x33, 0xe0, 0x0c, 0x4c, 0x11, 0xf1, 0x0f, 0xf0, 0x08, 0x01, 0xa8, 0x01, 0x37,
    0x68, 0x00, 0x5a, 0x80, 0x77, 0xc4, 0x38, 0x03, 0xf8, 0xb7, 0x60, 0x0f, 0xed, 0x55, 0x18, 0x07,
    0xf5, 0xee, 0xa8, 0x03, 0xfa, 0xf7, 0x54, 0x01, 0xfd, 0xaa, 0xa3, 0x00, 0xfd, 0x85, 0xfe, 0xd4,
    0x0d, 0x10, 0x0c, 0xed, 0x16, 0x32, 0x0e, 0x80, 0x1a, 0x1c, 0x87, 0x28, 0x03, 0xc6, 0x94, 0x00,
    0x70, 0x10, 0x8e, 0xa4, 0x3d, 0x10, 0x0a, 0xc4, 0x27, 0x3e, 0x00, 0x01, 0x05, 0x80, 0x22, 0x00,
    0x44, 0xc3, 0xe2, 0x64, 0x16, 0xa2, 0x20, 0x1a, 0x17, 0x60, 0x00, 0xbb, 0x3c, 0x00, 0x6a, 0x10,
    0x01, 0x48, 0x80, 0x7a, 0x6e, 0x13, 0xa8, 0x40, 0x3c, 0xd1, 0xfe, 0xc3, 0x00, 0xfd, 0x93, 0x30,
    0x07, 0xf0, 0xf7, 0x40, 0x1f, 0xda, 0x89, 0x00, 0x7f, 0x4c, 0xe1, 0x02, 0xf0, 0x0e, 0x8b, 0xb8,
    0x41, 0x18, 0x03, 0xff, 0x84, 0xe0, 0x1d, 0x3c, 0x42, 0x11, 0xd4, 0x81, 0xa8, 0x13, 0xd8, 0x00,
    0x9c, 0xf8, 0x00, 0xa4, 0x80, 0x30, 0xd0, 0x80, 0x77, 0xf0, 0x06, 0x83, 0x10, 0x01, 0x44, 0x38,
    0xa6, 0x21, 0x2c, 0x11, 0x02, 0x0e, 0xea, 0x3f, 0xb9, 0xf3, 0xfd, 0xc0, 0x24, 0x33, 0xc4, 0xc8,
    0xec, 0x0a, 0x40, 0x91, 0x98, 0xff, 0x05, 0x30, 0x6b, 0x00, 0x4f, 0x10, 0xf0, 0x0f, 0xf2, 0x6e,
    0xa0, 0x03, 0xfc, 0xf9, 0x89, 0x00, 0xff, 0x3e, 0x62, 0x40, 0x3f, 0xcf, 0x98, 0x90, 0x06, 0x18,
    0x07, 0xfe, 0x44, 0x00, 0x7e, 0xca, 0x30, 0x04, 0xf2, 0xb8, 0x01, 0xa4, 0x37, 0xa0, 0x01, 0x3f,
    0xc4, 0x00, 0x22, 0xf8, 0x40, 0x27, 0xee, 0xf7, 0xb8, 0x18, 0xc8, 0x72, 0xe7, 0x25, 0x01, 0x78,
    0x06, 0x13, 0x4e, 0x00, 0xf9, 0xbd, 0x68, 0xfc, 0x03, 0xc3, 0xfa, 0xda, 0x01, 0xf3, 0xf6, 0x77,
    0x3c, 0x03, 0xec, 0x00, 0x60, 0x07, 0xff, 0x20, 0x78, 0xc0, 0x23, 0xb0, 0x0d, 0x9c, 0x1e, 0x00,
    0x17, 0x00, 0xce, 0xf2, 0xf8, 0x07, 0xf3, 0x72, 0xa8, 0x77, 0xdf, 0x48, 0x00, 0xdd, 0xa6, 0x3b,
    0xd2, 0x00, 0x86, 0x80, 0x3e, 0xa0, 0x66, 0x3b, 0xa5, 0x98, 0x60, 0x12, 0x0c, 0x00, 0x2b, 0xc3,
    0x2d, 0xd4, 0x02, 0x50, 0x05, 0xf0, 0x16, 0xf9, 0x80, 0x06, 0x40, 0x3b, 0x14, 0x03, 0x8b, 0x34,
    0x93, 0x40, 0x3f, 0x5d, 0x2c, 0x52, 0x00, 0x70, 0xe6, 0xe9, 0x67, 0x71, 0x40, 0x30, 0xe6, 0xe9,
    0x63, 0x74, 0xa0, 0x1c, 0x9f, 0xaf, 0x39, 0x61, 0xc4, 0x01, 0x93, 0x32, 0x90, 0x03, 0x20, 0x06,
    0x67, 0x7b, 0x40, 0x30, 0x80, 0x61, 0x1c, 0x01, 0x6f, 0xa8, 0x26, 0xb3, 0x51, 0x40, 0x0c, 0xfb,
    0x00, 0xd0, 0x40, 0x1c, 0x70, 0x01, 0x3b, 0x40, 0x80, 0x0c, 0x1c, 0xc0, 0x11, 0x57, 0x98, 0x40,
    0xc0, 0x08, 0xac, 0xf2, 0x57, 0xf8, 0x03, 0x8f, 0x0e, 0x56, 0xea, 0x40, 0x38, 0x59, 0x73, 0x70,
    0x50, 0x03, 0xe3, 0xff, 0x90, 0x03, 0xe3, 0x28, 0x89, 0x00, 0x3e, 0x60, 0xbb, 0x84, 0xc0, 0x3c,
    0x6c, 0x67, 0x84, 0x1c, 0x03, 0x5e, 0x8c, 0xcb, 0x34, 0x20, 0x02, 0x40, 0x36, 0x55, 0x68, 0x06,
    0x10, 0x6f, 0x00, 0x11, 0x0c, 0x00, 0x9d, 0x78, 0x46, 0x98, 0xaa, 0x98, 0x04, 0xfe, 0x70, 0x00,
    0xd4, 0x01, 0xe1, 0x60, 0x5a, 0xa2, 0xd5, 0x40, 0x20, 0x76, 0x7a, 0x44, 0x12, 0x34, 0x5d, 0x30,
    0x01, 0x5d, 0xc1, 0x98, 0x37, 0x00, 0xc2, 0xb3, 0x21, 0xef, 0x52, 0x00, 0xe1, 0x00, 0xe2, 0x00,
    0xe2, 0x1c, 0xc0, 0xee, 0x61, 0x00, 0x38, 0xc0, 0x10, 0x20, 0x07, 0x00, 0xc4, 0x4d, 0xe8, 0xff,
    0x51, 0x80, 0x7c, 0x20, 0x1c, 0x82, 0x01, 0xc2, 0x01, 0xd0, 0x40, 0x12, 0xc6, 0x5e, 0x7d, 0x20,
    0x06, 0x59, 0x97, 0x66, 0x88, 0x80, 0x77, 0x11, 0x6e, 0xa9, 0x30, 0xee, 0x41, 0xcf, 0x90, 0x00,
    0xe3, 0x90, 0x0f, 0xf9, 0xd4, 0x03, 0xff, 0x91, 0x37, 0x74, 0x15, 0xdf, 0x38, 0x66, 0xec, 0xa7,
    0xbb, 0x87, 0x81, 0x59, 0xae, 0x76, 0x6d, 0xa2, 0x01, 0xdb, 0xa0, 0x0d, 0xde, 0x01, 0x85, 0x10,
    0x01, 0x8c, 0x40, 0x33, 0x11, 0x80, 0x61, 0x30, 0x08, 0xa6, 0x00, 0x39, 0x98, 0x00, 0x1f, 0x74,
    0x00, 0xc2, 0x44, 0x03, 0xc7, 0x90, 0x08, 0x41, 0xc8, 0x45, 0xcb, 0x40, 0x11, 0x77, 0xc4, 0x00,
    0x72, 0x00, 0x31, 0x7f, 0xb9, 0x40, 0x00, 0xfc, 0xa6, 0x01, 0xc4, 0x58, 0x40, 0x1e, 0xa0, 0x19,
    0x33, 0x1b, 0x9a, 0x01, 0xf9, 0x3b, 0x4f, 0xb2, 0x20, 0xfb, 0x11, 0x08, 0x07, 0xbf, 0xc0, 0x5f,
    0xe6, 0x30, 0x0f, 0x3b, 0x86, 0x9d, 0xc0, 0x60, 0x1f, 0x88, 0x80, 0x01, 0x00, 0xfc, 0x40, 0x20,
    0x20, 0x20, 0x07, 0x18, 0xd2, 0x54, 0x00, 0x18, 0x82, 0x65, 0xb7, 0xf1, 0x57, 0x00, 0x04, 0xc1,
    0xa7, 0xad, 0xce, 0x05, 0x00, 0x0c, 0xc0, 0x25, 0x10, 0x04, 0x37, 0x00, 0x87, 0x98, 0x07, 0x32,
    0x61, 0x0f, 0xf3, 0xd0, 0x07, 0x36, 0x10, 0x0f, 0x73, 0x48, 0x00, 0x00, 0x13, 0x80, 0x7f, 0xcd,
    0x80, 0x1f, 0xe1, 0x13, 0x88, 0xc1, 0xff, 0xb1, 0x3e, 0xcf, 0xfd, 0x80, 0x0f, 0xf5, 0x82, 0x75,
    0xaf, 0x68, 0x07, 0xf1, 0x98, 0x00, 0x20, 0x1f, 0x84, 0x40, 0x1f, 0xf7, 0x70, 0x1d, 0xc0, 0x1f,
    0x94, 0x80, 0x40, 0x3f, 0x09, 0x28, 0x00, 0x40, 0x3e, 0x75, 0x10, 0x23, 0x00, 0x11, 0x04, 0x06,
    0xfc, 0x89, 0x9c, 0x00, 0xff, 0x58, 0x23, 0xa2, 0x3d, 0xd4, 0x07, 0x76, 0x55, 0x50, 0x36, 0xe1,
    0x07, 0x00, 0x0e, 0x40, 0x00, 0xfe, 0x71, 0x00, 0xcf, 0x33, 0x98, 0x01, 0x46, 0x01, 0x8f, 0x33,
    0x28, 0x07, 0xe4, 0x55, 0xc6, 0xf0, 0x77, 0x10, 0x21, 0x44, 0xf0, 0x78, 0x8b, 0xd8, 0x4f, 0xa2,
    0xbb, 0x9a, 0xec, 0x10, 0xe6, 0x05, 0x48, 0xd5, 0x49, 0x03, 0x10, 0x08, 0x40, 0x09, 0x81, 0xa2,
    0x0c, 0x40, 0x03, 0x30, 0x10, 0xa0, 0x23, 0x81, 0xa8, 0x00, 0x44, 0x0a, 0x88, 0x75, 0xd0, 0xbc,
    0x01, 0x10, 0x02, 0x5f, 0xfd, 0x0c, 0x84, 0xa0, 0x46, 0x00, 0xde, 0xb8, 0x4c, 0x89, 0x21, 0xb7,
    0x00, 0x18, 0x06, 0x47, 0x74, 0x7a, 0xc8, 0x07, 0xcb, 0x61, 0x5d, 0xa6, 0x00, 0x01, 0x1e, 0x00,
    0x15, 0x00, 0x69, 0xfc, 0xc7, 0x08, 0x01, 0xc0, 0x3a, 0x77, 0x42, 0x01, 0xfe, 0x11, 0x02, 0x4c,
    0x1c, 0xcc, 0x00, 0x9c, 0xc0, 0x8b, 0xc8, 0xff, 0xcc, 0x00, 0x9d, 0xd0, 0xab, 0x63, 0x31, 0xc4,
    0x02, 0x11, 0x00, 0x44, 0x40, 0x0e, 0x9c, 0xc0, 0x80, 0x3f, 0xc0, 0x60, 0x14, 0xee, 0x84, 0x00,
    0x8a, 0x00, 0x30, 0x0c, 0x41, 0x28, 0x06, 0x02, 0x23, 0x35, 0x77, 0xbf, 0x4c, 0x00, 0x19, 0xdc,
    0x71, 0xfb, 0x38, 0xca, 0x00, 0xd2, 0x48, 0x51, 0x08, 0x1a, 0x0c, 0xe6, 0xa0, 0x0e, 0x8b, 0x10,
    0xce, 0xe1, 0x80, 0x00, 0x9d, 0x40, 0x3f, 0x84, 0xcd, 0x20, 0x65, 0x3b, 0xbb, 0x00, 0xa3, 0x8f,
    0xbf, 0xac, 0x77, 0x54, 0xa0, 0x74, 0x7f, 0x6b, 0x44, 0xea, 0x35, 0x60, 0x02, 0x38, 0x64, 0x70,
    0x98, 0xda, 0x20, 0x01, 0xe8, 0x4b, 0x18, 0x30, 0x10, 0x80, 0x09, 0xf0, 0x77, 0x12, 0xe2, 0x76,
    0xb4, 0xcc, 0x1f, 0x64, 0xff, 0xb8, 0x87, 0x9c, 0x62, 0x93, 0x55, 0x3e, 0xd5, 0x67, 0x00, 0x17,
    0x75, 0xa7, 0xfd, 0xd2, 0x00, 0x42, 0x88, 0x6a, 0xb4, 0x4c, 0x2c, 0x01, 0x0b, 0xe2, 0xb0, 0x04,
    0x82, 0x40, 0x0c, 0xfd, 0xd4, 0x00, 0x2b, 0x6a, 0x40, 0x2d, 0xea, 0x30, 0x0a, 0xb3, 0x9c, 0x00,
    0x00, 0xd6, 0x20, 0x01, 0xb0, 0x0c, 0x2e, 0xf2, 0x33, 0xb9, 0x91, 0xde, 0x10, 0xff, 0x83, 0xfe,
    0xe0, 0xff, 0x8c, 0x62, 0x24, 0x98, 0x89, 0x22, 0x22, 0x09, 0xaa, 0x0d, 0xd5, 0x2c, 0x6a, 0x90,
    0x00, 0x4c, 0xee, 0x79, 0x77, 0x6d, 0x50, 0x03, 0x22, 0x4c, 0xc4, 0x4c, 0xa8, 0x00, 0xab, 0x99,
    0x82, 0x67, 0x54, 0x80, 0x5f, 0xf0, 0xaf, 0xfc, 0x2a, 0x01, 0x0b, 0x36, 0xe6, 0x6b, 0x44, 0x03,
    0xd2, 0x2a, 0x01, 0x1b, 0x00, 0x42, 0xb8, 0xba, 0x02, 0x36, 0x10, 0x00, 0x7f, 0xa7, 0x04, 0x1f,
    0xfc, 0xf4, 0x00, 0x1e, 0xb5, 0x00, 0x9b, 0xb9, 0xa4, 0x00, 0x00, 0x0d, 0x00, 0x73, 0x90, 0x07,
    0x33, 0xc4, 0x04, 0x01, 0x8c, 0x01, 0x8a, 0xa3, 0xd8, 0x02, 0x77, 0x00, 0x43, 0xca, 0xdc, 0xe5,
    0x3a, 0x7b, 0xb0, 0xa9, 0x24, 0x39, 0x70, 0x78, 0xef, 0x98, 0x22, 0x22, 0x4e, 0xec, 0x24, 0x26,
    0x42, 0x20, 0x0c, 0x20, 0x11, 0x10, 0x04, 0x40, 0x14, 0x71, 0x5d, 0x81, 0x1c, 0x0c, 0xc0, 0x0b,
    0xe4, 0x37, 0xf9, 0xaf, 0x01, 0x10, 0x00, 0x49, 0x15, 0xc9, 0xc1, 0x0e, 0xd8, 0x02, 0x60, 0xc0,
    0x1b, 0xe1, 0x83, 0xd3, 0x05, 0x8e, 0x76, 0x3c, 0x31, 0xaa, 0x63, 0x24, 0x61, 0x1a, 0x76, 0x67,
    0x0a, 0xa6, 0x90, 0x02, 0x73, 0x77, 0xa8, 0x00, 0x00, 0x09, 0x23, 0x40, 0x01, 0xc8, 0x02, 0x2c,
    0xde, 0x81, 0xd1, 0x0a, 0x10, 0x0d, 0x32, 0x57, 0x20, 0x20, 0x00, 0x80, 0x42, 0x44, 0x37, 0x22,
    0x5b, 0x9d, 0x3b, 0x84, 0xf7, 0x4c, 0x3b, 0xaf, 0x00, 0xd2, 0x60, 0xf7, 0x49, 0x66, 0x4e, 0x32,
    0xe0, 0x60, 0x75, 0x44, 0xa4, 0x01, 0x18, 0x03, 0x1c, 0x5b, 0xc3, 0x81, 0x10, 0x00, 0x22, 0x05,
    0xbc, 0x6b, 0x26, 0x45, 0x01, 0x00, 0x84, 0x40, 0x23, 0x05, 0xe0, 0x18, 0x80, 0x2a, 0x98, 0xf5,
    0x46, 0x25, 0x01, 0x30, 0x25, 0x4c, 0x7f, 0xea, 0x80, 0x02, 0xb8, 0x0f, 0x0f, 0xf6, 0xbb, 0x99,
    0x9d, 0x3c, 0x07, 0x0c, 0x86, 0x37, 0x00, 0xdf, 0xe4, 0x00, 0x01, 0x1e, 0x00, 0x39, 0x80, 0x63,
    0xcc, 0xdc, 0x66, 0x96, 0x44, 0x18, 0x1e, 0xec, 0x8c, 0x5c, 0x59, 0xb1, 0x00, 0x01, 0x64, 0x14,
    0x6a, 0x0c, 0x40, 0x20, 0x00, 0x52, 0xf4, 0x3b, 0x32, 0xcd, 0xa3, 0x04, 0xc9, 0x1c, 0xd7, 0x1c,
    0x01, 0xf3, 0x05, 0xeb, 0x1e, 0x6d, 0xd0, 0x4e, 0xff, 0x98, 0x4a, 0xc4, 0x4d, 0x59, 0x8f, 0x06,
    0xc6, 0x06, 0x53, 0x1b, 0xae, 0xa4, 0xee, 0x68, 0x1c, 0x58, 0x0b, 0x5f, 0x15, 0xf6, 0x80, 0x06,
    0xc8, 0x03, 0x30, 0x20, 0x2b, 0x01, 0x28, 0x18, 0x01, 0xaf, 0x80, 0x1e, 0x60, 0x04, 0xe2, 0x24,
    0xe7, 0x93, 0xeb, 0xd0, 0x01, 0x3b, 0x02, 0x68, 0x81, 0xb3, 0xc8, 0x00, 0x01, 0x1c, 0x06, 0x03,
    0x20, 0x64, 0x00, 0x8f, 0xcf, 0x09, 0x72, 0x20, 0xf0, 0x06, 0xbd, 0x00, 0x4f, 0x20, 0xca, 0x00,
    0x63, 0x10, 0x28, 0x29, 0x63, 0x2a, 0x00, 0xaf, 0x00, 0xae, 0xc1, 0xb7, 0x68, 0x00, 0xa3, 0x42,
    0xb7, 0x87, 0x3b, 0x9a, 0xa0, 0x03, 0x20, 0xae, 0x3b, 0xf6, 0x4d, 0x50, 0x05, 0xf0, 0x3f, 0x4e,
    0xbc, 0x1e, 0x18, 0x1c, 0xe0, 0x7b, 0x43, 0xc6, 0x2d, 0x88, 0x0b, 0x00, 0x22, 0xb8, 0x3f, 0x85,
    0x48, 0x18, 0xc0, 0x21, 0x54, 0x22, 0x19, 0x80, 0x40, 0x40, 0x26, 0xa8, 0x02, 0x01, 0x05, 0x43,
    0xe5, 0x7d, 0xf2, 0xdf, 0x60, 0x02, 0x49, 0xf5, 0xbd, 0x90, 0x6e, 0xa0, 0x00, 0x00, 0x58, 0x02,
    0x4c, 0x00, 0xe6, 0x01, 0x24, 0xa5, 0x4b, 0xc3, 0x06, 0x38, 0x04, 0xb4, 0x33, 0x45, 0xc8, 0x01,
    0xe1, 0x35, 0xff, 0x03, 0x31, 0xdb, 0x5d, 0xc4, 0x0e, 0x6c, 0x09, 0x65, 0xe0, 0x0f, 0xa1, 0x0a,
    0xc2, 0x7c, 0x45, 0x81, 0xb8, 0x10, 0x08, 0x84, 0x04, 0x40, 0x02, 0x30, 0x0d, 0x00, 0x11, 0xd9,
    0x08, 0x08, 0x08, 0xd3, 0x48, 0xb5, 0x44, 0x22, 0x00, 0x46, 0x3f, 0x0a, 0xa8, 0x82, 0x5a, 0x00,
    0x0c, 0x00, 0xa6, 0x4e, 0x66, 0x05, 0xb0, 0x10, 0x12, 0x28, 0x01, 0xdb, 0xa7, 0x30, 0x52, 0x06,
    0xdd, 0x64, 0xef, 0x8d, 0x9f, 0x55, 0x82, 0x4c, 0x32, 0xa2, 0xe8, 0x9f, 0x71, 0xc0, 0x03, 0x44,
    0xf0, 0x9b, 0x80, 0x6f, 0xee, 0xb7, 0xf5, 0x5f, 0x40, 0x3b, 0xcc, 0xd8, 0xf8, 0xa0, 0x1f, 0xc6,
    0x61, 0x37, 0xd6, 0x77, 0x08, 0x04, 0x61, 0xed, 0xc0, 0x61, 0xf4, 0x60, 0x02, 0x27, 0x94, 0x23,
    0x62, 0x40, 0x80, 0x62, 0xd7, 0x41, 0x01, 0xf0, 0x0e, 0x16, 0x31, 0xd1, 0x0e, 0x10, 0x13, 0x01,
    0x29, 0xc6, 0xf9, 0x12, 0x50, 0x30, 0x0b, 0x8b, 0xc3, 0x64, 0x94, 0x80, 0x02, 0x4c, 0x09, 0xa0,
    0x6a, 0xa2, 0x11, 0x00, 0x10, 0xc1, 0x4b, 0xb0, 0xaa, 0xc0, 0x88, 0x05, 0x60, 0x8e, 0xa2, 0x02,
    0x99, 0xb6, 0x08, 0x76, 0x40, 0x06, 0xbd, 0x3d, 0xf7, 0x00, 0x00, 0xd4, 0x20, 0x1f, 0xf3, 0x88,
    0x80, 0x3f, 0xc5, 0x2b, 0xbb, 0xf1, 0x80, 0x07, 0xdb, 0x3f, 0xfc, 0x01, 0x0e, 0x8f, 0x22, 0x61,
    0x22, 0x18, 0x81, 0xa4, 0x5f, 0x75, 0x48, 0x01, 0xc5, 0x00, 0x31, 0x12, 0x00, 0x42, 0x60, 0x1c,
    0x67, 0x10, 0x00, 0x40, 0x40, 0x31, 0x44, 0x42, 0x42, 0x86, 0x01, 0xc5, 0x77, 0x9f, 0xe2, 0x80,
    0x3f, 0xc5, 0xda, 0xd0, 0x80, 0x07, 0x24, 0x32, 0x2c, 0x68, 0xce, 0x00, 0x39, 0xff, 0x77, 0x6f,
    0x89, 0x30, 0x00, 0xd0, 0x40, 0xc6, 0x01, 0xf8, 0xd8, 0xc2, 0x98, 0x03, 0xf7, 0xc8, 0x80, 0x71,
    0x38, 0x04, 0xc6, 0xe0, 0x1e, 0x9d, 0x00, 0x1c, 0x80, 0x7d, 0x4f, 0x60, 0x5a, 0xc0, 0x1c, 0x74,
    0xda, 0x20, 0x6d, 0x60, 0x1d, 0x03, 0xa2, 0x00, 0x18, 0x00, 0xcc, 0x4f, 0x62, 0x01, 0xf1, 0x5d,
    0x8f, 0x00, 0x21, 0x00, 0xe3, 0xdd, 0x08, 0x06, 0x85, 0x00, 0xc2, 0xc0, 0x1e, 0x20, 0x0f, 0xcf,
    0x86, 0x72, 0xb8, 0x07, 0xde, 0xbd, 0xd3, 0x10, 0x00, 0xb4, 0x02, 0x4c, 0xdd, 0xa0, 0x00, 0x00,
    0xc8, 0x80, 0x17, 0x00, 0xfe, 0x3d, 0x00, 0x40, 0x07, 0xff, 0x14, 0x80, 0x06, 0x77, 0x00, 0x7a,
    0x30, 0x45, 0xdd, 0x38, 0x06, 0x3c, 0x3c, 0x11, 0x6e, 0xd2, 0x01, 0xba, 0xac, 0x80, 0x3f, 0xd8,
    0xc0, 0x1f, 0xf8, 0x40, 0x3f, 0x78, 0x07, 0xf8, 0x9f, 0x5c, 0x03, 0xe6, 0x85, 0xdd, 0x4c, 0x00,
    0x7c, 0x20, 0x9b, 0x48, 0x01, 0xca, 0x66, 0xbd, 0x12, 0x00, 0xe1, 0x89, 0xff, 0x2a, 0x80, 0x00,
    0xff, 0xe0, 0xd7, 0xff, 0xfc, 0x00, 0x9f, 0xf3, 0xef, 0xff, 0x80, 0x06, 0x0a, 0xce, 0xab, 0xc0,
    0x18, 0xa1, 0xf6, 0x3b, 0x76, 0x10, 0x09, 0x22, 0x61, 0xf6, 0x22, 0x10, 0x08, 0xcc, 0xcd, 0x63,
    0x34, 0xa0, 0x11, 0x77, 0x44, 0x3d, 0xd1, 0x80, 0x4f, 0x10, 0xd3, 0x7f, 0x88, 0x30, 0x07, 0x3d,
    0xf6, 0xea, 0xc4, 0x03, 0x37, 0x6e, 0x18, 0xd1, 0x68, 0x05, 0x9c, 0xd8, 0x8c, 0xd7, 0xab, 0x16,
    0x00, 0x8b, 0xff, 0xc1, 0xe2, 0x12, 0x2f, 0xf0, 0x85, 0xff, 0xff, 0x98, 0x01, 0x1b, 0xa9, 0x9e,
    0xcd, 0x70, 0x0e, 0xac, 0x33, 0x4a, 0x00, 0x7e, 0x97, 0x73, 0x00, 0x7e, 0x2a, 0xbb, 0x30, 0x80,
    0x70, 0x9f, 0xc5, 0x4f, 0x39, 0x80, 0x66, 0x8a, 0xe2, 0xfa, 0xa6, 0x80, 0x76, 0xcb, 0x00, 0x22,
    0x40, 0x3d, 0xea, 0xe0, 0x07, 0x50, 0x0e, 0x4f, 0x3a, 0x28, 0x03, 0x80, 0x0b, 0xef, 0xba, 0x9d,
    0xee, 0xa0, 0x7f, 0x7f, 0xff, 0xc0, 0x00, 0xf3, 0x38, 0x07, 0xfe, 0xee, 0x00, 0x7f, 0xf9, 0x0a,
    0x23, 0x91, 0x62, 0x38, 0xc0, 0x3f, 0xf8, 0x45, 0x11, 0xc8, 0xb1, 0x1c, 0x60, 0x1f, 0xff, 0xf0,
    0x98, 0x00, 0xf0, 0x00, 0xfe, 0x36, 0x30, 0x0c, 0x46, 0xaf, 0x39, 0xdc, 0xc6, 0x00, 0x97, 0xe3,
    0xfc, 0xaa, 0xfd, 0xa5, 0x00, 0x97, 0x6e, 0xa1, 0x44, 0x40, 0x1f, 0xfc, 0x71, 0x33, 0xf0, 0x99,
    0xf0, 0x97, 0xff, 0x23, 0xff, 0xf1, 0x1e, 0x67, 0x3b, 0x66, 0x71, 0x80, 0x7f, 0xff, 0xc2, 0x24,
    0x03, 0xc0, 0x00, 0x9d, 0x40, 0x3f, 0xf4, 0x88, 0x07, 0xfc, 0xc3, 0x3b, 0xbf, 0x18, 0x00, 0x6e,
    0x7f, 0xc8, 0x8f, 0xfc, 0x60, 0x0b, 0x66, 0x11, 0x04, 0x44, 0x58, 0x00, 0x27, 0x40, 0x1f, 0xfb,
    0x11, 0x56, 0x22, 0x2a, 0xf0, 0x97, 0x77, 0x3b, 0xbb, 0xb8, 0x8e, 0xef, 0x95, 0x57, 0x7c, 0x60,
    0x1f, 0xff, 0x29, 0x90, 0x07, 0x80, 0x00, 0x18, 0x80, 0x1d, 0x80, 0x02, 0x60, 0x1a, 0x64, 0x00,
    0xee, 0x00, 0x26, 0x40, 0x1a, 0x18, 0x80, 0x31, 0x34, 0x00, 0x62, 0x75, 0x00, 0xd6, 0xc4, 0x01,
    0x09, 0xea, 0x19, 0x84, 0xeb, 0x0c, 0x80, 0x0b, 0xf1, 0xfe, 0x47, 0xff, 0x47, 0xa0, 0x01, 0x33,
    0x33, 0xb6, 0x66, 0x60, 0x0f, 0xfe, 0x1a, 0x77, 0x73, 0x3f, 0x77, 0x22, 0x33, 0x39, 0x5f, 0x33,
    0x90, 0x08, 0xb8, 0xc0, 0x8b, 0x80, 0x3f, 0xfa, 0xf1, 0x20, 0x1e, 0x00, 0xf4, 0x18, 0x07, 0xc2,
    0x3c, 0x10, 0x23, 0xc0, 0x0d, 0xff, 0xcc, 0xbf, 0xfb, 0x40, 0x19, 0xde, 0xbd, 0xda, 0x6b, 0xb0,
    0x03, 0x30, 0x06, 0x19, 0x60, 0x0e, 0x29, 0x67, 0x00, 0x50, 0x58, 0x06, 0x1f, 0x9c, 0xc2, 0xd0,
    0x78, 0x61, 0x00, 0x35, 0x5c, 0x6c, 0x01, 0x63, 0x37, 0x60, 0x19, 0xc4, 0x4b, 0x81, 0x12, 0x3d,
    0x12, 0xef, 0xfc, 0xcf, 0xff, 0xc4, 0x77, 0x7c, 0x95, 0x77, 0xc6, 0x01, 0xff, 0xd6, 0x86, 0x00,
    0xf0, 0x00, 0x41, 0x80, 0x67, 0x40, 0x0f, 0x1b, 0x01, 0x19, 0xac, 0xce, 0x20, 0x0f, 0x34, 0xc8,
    0xf6, 0x7e, 0x00, 0x02, 0x00, 0x14, 0xad, 0x5a, 0xa5, 0x90, 0x37, 0xa5, 0xe0, 0x35, 0x58, 0x8b,
    0x74, 0x0d, 0xc9, 0x7b, 0x5f, 0x82, 0x9a, 0x08, 0x01, 0xee, 0x11, 0x02, 0xaa, 0x44, 0x03, 0x93,
    0x4d, 0x91, 0x92, 0xd8, 0x80, 0x30, 0x98, 0xe6, 0x04, 0xfe, 0x98, 0x03, 0x29, 0xfe, 0x7b, 0x83,
    0xb3, 0x80, 0x72, 0x20, 0x44, 0x88, 0x01, 0x10, 0x06, 0x57, 0x1e, 0x38, 0xe0, 0x63, 0x00, 0xd3,
    0x12, 0x9a, 0x8d, 0x62, 0x20, 0x05, 0x2e, 0x14, 0x64, 0x40, 0xab, 0x00, 0x00, 0xf3, 0xb8, 0x03,
    0xc2, 0xab, 0xd9, 0x85, 0x5e, 0x10, 0xff, 0xe6, 0x67, 0xff, 0x18, 0xd5, 0x72, 0x22, 0xab, 0x88,
    0x17, 0x77, 0x3b, 0xb7, 0x73, 0x00, 0x0d, 0xf2, 0x2f, 0xfd, 0x71, 0x8e, 0x01, 0xc2, 0x96, 0x22,
    0xa7, 0x13, 0x00, 0xe3, 0xa0, 0xbc, 0x29, 0x40, 0x0f, 0x1c, 0xf9, 0x26, 0x4a, 0x80, 0x79, 0x15,
    0x44, 0x6a, 0xb0, 0x07, 0xc2, 0x20, 0x11, 0x80, 0x3e, 0x46, 0x61, 0xeb, 0x31, 0x0c, 0x03, 0xf7,
    0x88, 0x56, 0x21, 0x00, 0x1e, 0xc0, 0x27, 0x60, 0xbe, 0xe2, 0x00, 0x00, 0x31, 0x01, 0x40, 0x04,
    0x8e, 0x01, 0xdc, 0x04, 0xa8, 0x00, 0x81, 0x00, 0xc4, 0x2c, 0x88, 0xd4, 0x81, 0x20, 0x0d, 0x4f,
    0xfa, 0x8b, 0xa2, 0x96, 0x20, 0x1a, 0xe6, 0x48, 0x89, 0x98, 0x03, 0xd9, 0xba, 0x76, 0xdd, 0x80,
    0x3d, 0x9b, 0xa7, 0x6d, 0xd8, 0x03, 0xd1, 0x12, 0xa4, 0x44, 0x01, 0xd7, 0x9b, 0xa7, 0x6d, 0xda,
    0x84, 0x05, 0x40, 0x3f, 0xca, 0x47, 0x99, 0xcc, 0xcc, 0xce, 0x12, 0x99, 0xe4, 0x44, 0xcf, 0x18,
    0x07, 0xff, 0x22, 0x24, 0x03, 0xc0, 0x00, 0xd2, 0x80, 0x1f, 0xf2, 0xb4, 0xe6, 0x4a, 0x01, 0xe2,
    0xba, 0xcd, 0xf2, 0x70, 0x0e, 0x1f, 0x23, 0x77, 0x41, 0x23, 0x34, 0x25, 0x86, 0xfd, 0xd1, 0xa7,
    0x76, 0x03, 0x84, 0xd8, 0xaa, 0xf4, 0x40, 0x44, 0xa0, 0x02, 0xde, 0xed, 0x88, 0x01, 0xc6, 0x05,
    0x99, 0x8d, 0xc0, 0x33, 0x30, 0x03, 0xc6, 0x40, 0x10, 0x91, 0x00, 0x21, 0xcd, 0x51, 0x00, 0x90,
    0x84, 0x02, 0x1d, 0xcb, 0x09, 0x40, 0x9a, 0x00, 0x18, 0x80, 0x88, 0x05, 0x1d, 0x41, 0x80, 0x93,
    0xff, 0xce, 0x6b, 0x80, 0x15, 0x77, 0xfe, 0xea, 0x00, 0x00, 0xff, 0xe1, 0x3f, 0x77, 0x06, 0x77,
    0x56, 0x00, 0x6e, 0xe6, 0x00, 0x55, 0xf4, 0xe0, 0x02, 0x44, 0x80, 0x27, 0x10, 0x0c, 0xff, 0xed,
    0x00, 0xfe, 0x5b, 0xb4, 0x80, 0x7f, 0x1a, 0xac, 0x01, 0xfc, 0xf9, 0x8e, 0x60, 0x0f, 0xc9, 0x35,
    0x90, 0x01, 0xff, 0x58, 0x80, 0x53, 0xee, 0x1e, 0x29, 0x41, 0x20, 0x16, 0xf5, 0x02, 0xb4, 0x76,
    0xb0, 0x80, 0x11, 0x44, 0x2b, 0x30, 0xe7, 0xa2, 0x01, 0xe7, 0x30, 0x08, 0xc3, 0x4c, 0x02, 0x00,
    0x8c, 0x0c, 0x40, 0x3f, 0x2f, 0x82, 0x50, 0x3f, 0x75, 0x80, 0x57, 0xe0, 0xe2, 0xe0, 0xff, 0xa2,
    0x59, 0x65, 0xa1, 0x78, 0x02, 0x30, 0x16, 0xac, 0x9c, 0x8d, 0x80, 0x78, 0xd1, 0x7c, 0x28, 0x03,
    0xe3, 0xa9, 0x19, 0x3a, 0x00, 0xe4, 0xd7, 0x04, 0x46, 0x90, 0x07, 0x2e, 0xbf, 0x75, 0x54, 0x00,
    0xe1, 0x30, 0xaa, 0x8c, 0x02, 0x55, 0x00, 0x7f, 0xd9, 0xb0, 0x01, 0x66, 0x44, 0x01, 0x4d, 0x28,
    0x05, 0xdd, 0x10, 0x07, 0xef, 0x22, 0xb4, 0x9a, 0x40, 0x20, 0x00, 0xff, 0xe1, 0x97, 0xf7, 0x7f,
    0x8c, 0x00, 0x5d, 0x57, 0x7e, 0xae, 0x30, 0x0d, 0x24, 0x67, 0xb6, 0x00, 0x3e, 0xcc, 0xe3, 0x00,
    0xfd, 0x17, 0x7b, 0xc0, 0x30, 0x80, 0x16, 0x6e, 0xf7, 0x20, 0x04, 0xe2, 0x1e, 0x45, 0xee, 0x00,
    0x85, 0x81, 0x2e, 0xef, 0x53, 0x50, 0x0b, 0x49, 0x1d, 0xeb, 0xab, 0xf7, 0x41, 0x03, 0xdd, 0xe3,
    0x0f, 0xdd, 0x88, 0x55, 0x26, 0x76, 0xa4, 0xce, 0x35, 0x41, 0x00, 0x36, 0x5f, 0x80, 0x72, 0x50,
    0x04, 0xd9, 0xac, 0x01, 0xc0, 0x02, 0xff, 0xff, 0x8c, 0x00, 0x5f, 0xf9, 0xab, 0xff, 0x18, 0x06,
    0x78, 0x96, 0xc8, 0x88, 0x40, 0x3a, 0xbb, 0x6f, 0x73, 0x0e, 0x01, 0x08, 0x05, 0xc4, 0x5c, 0x01,
    0xc2, 0x00, 0xf0, 0x0f, 0xe7, 0x70, 0x00, 0x4c, 0xf8, 0x03, 0x10, 0x85, 0x76, 0xf4, 0xee, 0x9c,
    0x02, 0xed, 0x05, 0x28, 0xd5, 0x91, 0x91, 0x00, 0x21, 0x87, 0x68, 0x04, 0x3d, 0x40, 0x02, 0x22,
    0xda, 0xb8, 0x06, 0x72, 0xa0, 0x19, 0x1e, 0x94, 0xc8, 0xf0, 0x04, 0xe0, 0x1b, 0x82, 0x82, 0x6f,
    0xb0, 0x04, 0xc0, 0x00, 0x22, 0x80, 0x24, 0x40, 0x05, 0x20, 0x19, 0xac, 0x80, 0x64, 0x01, 0x3e,
    0x01, 0x24, 0x84, 0xda, 0x22, 0xf1, 0x36, 0xcc, 0x08, 0x77, 0xfd, 0x1f, 0x17, 0x68, 0x81, 0x00,
    0x0e, 0xff, 0xd3, 0x47, 0x4c, 0x66, 0x10, 0x0a, 0xe2, 0x03, 0xe4, 0x4f, 0xdd, 0x28, 0x05, 0x1f,
    0x4f, 0x54, 0x4d, 0x87, 0x50, 0x00, 0xeb, 0xf9, 0x2a, 0x98, 0x33, 0x00, 0x01, 0xf0, 0x13, 0x10,
    0xb4, 0x54, 0x40, 0x03, 0x88, 0x1f, 0xd0, 0x5a, 0xad, 0xc8, 0x00, 0xac, 0x0b, 0x74, 0x20, 0x21,
    0xa0, 0x02, 0x20, 0x6a, 0xed, 0xa2, 0x3e, 0x29, 0x41, 0x18, 0xbf, 0xd9, 0x0f, 0x30, 0xdf, 0x2a,
    0xd0, 0x28, 0x40, 0x97, 0xaa, 0x05, 0x8a, 0x00, 0xf3, 0x30, 0x03, 0xff, 0x77, 0x00, 0x3e, 0x18,
    0x8c, 0x88, 0x88, 0xc4, 0x01, 0x7f, 0xe0, 0x07, 0xfe, 0x00, 0x85, 0xdf, 0x22, 0x1d, 0xf1, 0x00,
    0x7f, 0xf0, 0xcf, 0x77, 0x99, 0x9b, 0xbc, 0x85, 0xdd, 0x49, 0x5e, 0xf7, 0x72, 0x89, 0x9d, 0xcc,
    0xa6, 0xfe, 0x46, 0x61, 0x00, 0x95, 0xe0, 0x00, 0x8b, 0x60, 0x1c, 0x77, 0xe2, 0x00, 0x1b, 0x47,
    0x00, 0x8b, 0x4e, 0x73, 0x7f, 0xbc, 0xa4, 0x80, 0x06, 0xd7, 0xff, 0x77, 0xee, 0x32, 0x00, 0x00,
    0xe6, 0x80, 0x21, 0x00, 0xf8, 0x66, 0xa8, 0x0b, 0x88, 0x01, 0xcb, 0x89, 0x6b, 0x1e, 0x36, 0xe0,
    0x18, 0xd1, 0x72, 0xf7, 0x51, 0x76, 0x40, 0x14, 0x2d, 0xc6, 0x41, 0x10, 0x02, 0x00, 0x4b, 0xfe,
    0xa0, 0x3f, 0x8a, 0xff, 0x88, 0xee, 0xd8, 0x79, 0x59, 0xe4, 0x77, 0x63, 0x01, 0xaa, 0x5c, 0x60,
    0x1e, 0x9d, 0x90, 0x17, 0x9f, 0x66, 0x35, 0x2d, 0x2f, 0x30, 0x65, 0x92, 0x72, 0x59, 0x1e, 0xa8,
    0xde, 0x60, 0x40, 0xb0, 0x1d, 0x6d, 0x50, 0x62, 0x01, 0x96, 0x8d, 0x73, 0xf3, 0x04, 0x01, 0x93,
    0xb3, 0xc3, 0xf5, 0x80, 0x3c, 0x9f, 0xb6, 0xe6, 0x01, 0xe0, 0x00, 0xc3, 0x46, 0x08, 0x20, 0x1f,
    0x2e, 0xe1, 0x09, 0x62, 0x00, 0x73, 0xd8, 0xd5, 0x58, 0x90, 0x80, 0x18, 0x9f, 0x72, 0xaa, 0x08,
    0x70, 0x09, 0x23, 0x30, 0x5b, 0x6c, 0x81, 0xc8, 0x00, 0xc6, 0xf6, 0xc4, 0x09, 0x7c, 0xa8, 0x00,
    0x45, 0xf3, 0xcc, 0xbe, 0x1f, 0x9f, 0x00, 0x5b, 0x3e, 0x43, 0x41, 0xff, 0x36, 0x08, 0x3e, 0x0a,
    0x07, 0x47, 0x1e, 0xbf, 0xc0, 0x32, 0x93, 0xc3, 0xba, 0xe5, 0x80, 0x72, 0x00, 0xa6, 0x43, 0xb2,
    0xf8, 0x04, 0x01, 0xd3, 0x45, 0x3b, 0xfe, 0x80, 0x0e, 0x4e, 0xdd, 0xb2, 0x8c, 0x03, 0xc9, 0xd9,
    0x2a, 0x20, 0x1e, 0x07, 0xcc, 0xfe, 0xa0, 0x09, 0x15, 0xe2, 0x3c, 0xa2, 0x01, 0x1d, 0xaa, 0x91,
    0x38, 0xb4, 0x03, 0x12, 0xb8, 0x06, 0x35, 0x70, 0x0e, 0x8b, 0x10, 0x0a, 0x64, 0x20, 0x1c, 0x6f,
    0x20, 0x05, 0x77, 0x00, 0x7d, 0x0c, 0xa7, 0x7c, 0x01, 0xf8, 0xaa, 0xf6, 0xcc, 0x03, 0xf8, 0x40,
    0x3f, 0xe2, 0xb8, 0xaa, 0x5d, 0x10, 0x06, 0x5a, 0xc3, 0xc4, 0x47, 0x9e, 0xd2, 0x01, 0xc6, 0xfc,
    0x08, 0x00, 0x67, 0x4a, 0x4c, 0x00, 0xff, 0xe1, 0xdf, 0xff, 0xd8, 0x01, 0xd7, 0xd4, 0x5d, 0xd3,
    0xa8, 0x07, 0x84, 0x44, 0x02, 0x23, 0xc0, 0x0f, 0x84, 0x10, 0x05, 0x7e, 0x64, 0xa0, 0x18, 0xc6,
    0x40, 0x11, 0x9e, 0xa4, 0x01, 0xb9, 0x85, 0x05, 0x98, 0xe4, 0xa0, 0x19, 0x36, 0x20, 0x01, 0x4a,
    0x10, 0x04, 0x46, 0x8a, 0xf0, 0x08, 0xd0, 0x01, 0xad, 0x44, 0x29, 0x66, 0xac, 0x80, 0x23, 0x69,
    0x00, 0x0a, 0xb1, 0xb8, 0x04, 0x5c, 0xe6, 0x2b, 0x89, 0x69, 0x92, 0x60, 0x04, 0x80, 0xde, 0x9c,
    0x49, 0xd0, 0xe3, 0x29, 0x00, 0x65, 0xa8, 0x04, 0x73, 0xa6, 0x00, 0xc9, 0x20, 0x1f, 0xf8, 0x8c,
    0x03, 0xf9, 0x9a, 0xc6, 0x6f, 0xc0, 0x0f, 0xf9, 0xc3, 0xff, 0xe1, 0x09, 0x99, 0xa6, 0x7f, 0x08,
    0x06, 0x5f, 0x88, 0xe3, 0x00, 0xe3, 0x16, 0xff, 0xcc, 0xc0, 0x0e, 0xb5, 0x26, 0x77, 0x19, 0x94,
    0x03, 0x0b, 0x4c, 0xa8, 0x06, 0x60, 0x03, 0x99, 0x4d, 0xc6, 0xa8, 0x8a, 0x01, 0x8e, 0x60, 0x01,
    0x2a, 0x94, 0x01, 0x8b, 0xa4, 0xcd, 0x3b, 0x32, 0xdb, 0x51, 0x03, 0xb7, 0x9e, 0xe7, 0xb3, 0x3f,
    0x27, 0xc8, 0x58, 0x27, 0x5c, 0x40, 0x02, 0xf9, 0xc4, 0x00, 0xfc, 0x48, 0xea, 0x01, 0x96, 0x6b,
    0x37, 0xbf, 0xdc, 0x01, 0xde, 0x1d, 0xfe, 0xed, 0xb9, 0x50, 0x0e, 0xe4, 0x32, 0x00, 0xff, 0x63,
    0xbf, 0xcc, 0x01, 0xeb, 0xb7, 0xfe, 0xbc, 0x00, 0xed, 0xf1, 0x88, 0xc3, 0xe0, 0x18, 0x4c, 0xcc,
    0xc0, 0x03, 0x0a, 0x80, 0x66, 0x60, 0x44, 0x08, 0xe3, 0xc0, 0x38, 0x88, 0x07, 0x1f, 0xb0, 0x60,
    0x19, 0x08, 0x40, 0x02, 0x60, 0x1f, 0x72, 0x8b, 0x6d, 0xee, 0xab, 0x18, 0x40, 0x5e, 0x6b, 0x63,
    0x0c, 0xd9, 0x39, 0x40, 0x3a, 0x37, 0x65, 0x00, 0xcb, 0x56, 0x00, 0x02, 0x2f, 0x00, 0x7c, 0x99,
    0x8f, 0xf6, 0xf9, 0x9f, 0x10, 0x24, 0x3e, 0xe8, 0x37, 0xf7, 0xfd, 0xd8, 0x01, 0x19, 0xc0, 0x0d,
    0x3c, 0xc4, 0xa8, 0x04, 0xf1, 0x00, 0x00, 0x80, 0x81, 0x98, 0x02, 0x4b, 0xb0, 0x04, 0xea, 0x19,
    0x80, 0x08, 0x91, 0x00, 0x16, 0x68, 0xaa, 0x80, 0x26, 0xee, 0x00, 0x48, 0xec, 0xe2, 0x01, 0x25,
    0x50, 0x02, 0x25, 0x8a, 0x00, 0xc6, 0x8c, 0x16, 0x60, 0x42, 0x40, 0x05, 0x87, 0xfe, 0x08, 0x34,
    0x75, 0x80, 0x02, 0x7e, 0xdc, 0x01, 0xa5, 0x54, 0x92, 0x02, 0x20, 0x0c, 0x33, 0x48, 0x38, 0xa8,
    0x01, 0xdc, 0x3a, 0x80, 0x01, 0xc4, 0x00, 0xe1, 0x24, 0x57, 0xaa, 0x00, 0x53, 0xbd, 0xcc, 0xef,
    0xc0, 0xf8, 0x00, 0xa2, 0xe3, 0xb5, 0xfe, 0x5c, 0xa0, 0x02, 0x14, 0x81, 0x0c, 0xd0, 0x1a, 0x80,
    0x0a, 0xe4, 0xea, 0xf0, 0xaf, 0x4e, 0x6c, 0x00, 0x91, 0xd1, 0x1d, 0xfb, 0x08, 0x01, 0x10, 0x07,
    0xe3, 0x00, 0xb4, 0xb7, 0xbf, 0xf7, 0x60, 0xe8, 0x00, 0x8e, 0xc7, 0x73, 0x1a, 0x30, 0x24, 0x01,
    0x96, 0xf0, 0xcb, 0x55, 0xc0, 0x3e, 0x7a, 0xcc, 0x24, 0x80, 0x78, 0xda, 0xe5, 0xd9, 0x96, 0xc6,
    0x00, 0x1e, 0xe7, 0xf7, 0xc4, 0x3f, 0xbf, 0xb8, 0x22, 0xed, 0x95, 0x10, 0x00, 0xac, 0xef, 0x08,
    0x14, 0x4f, 0xf0, 0x95, 0xff, 0xfe, 0xb5, 0x02, 0xbb, 0xfc, 0x40, 0x1f, 0xff, 0xe3, 0x77, 0xfc,
    0x60, 0x17, 0x77, 0xe0, 0x09, 0x26, 0x7f, 0x3b, 0x80, 0x00, 0xf3, 0xb0, 0x07, 0xfe, 0xee, 0x00,
    0x78, 0x4c, 0xfc, 0x46, 0x7c, 0x25, 0xff, 0xc8, 0x8f, 0xfe, 0x23, 0xcc, 0xe7, 0x6c, 0xce, 0x30,
    0x0f, 0xfe, 0x21, 0x19, 0xe2, 0x33, 0x88, 0x03, 0x4f, 0x7f, 0x99, 0x9f, 0xee, 0xe0, 0x07, 0x46,
    0x67, 0xa0, 0x03, 0xff, 0xad, 0xd3, 0x3e, 0xe0, 0x0f, 0x17, 0xff, 0x88, 0x03, 0xaa, 0x19, 0xbd,
    0x3a, 0x00, 0x00, 0x86, 0x80, 0x3f, 0xe6, 0x10, 0x0f, 0xfa, 0x9a, 0xef, 0xe9, 0x00, 0x30, 0x47,
    0x77, 0x8d, 0x40, 0x62, 0x55, 0x7e, 0xd0, 0x05, 0x3e, 0x55, 0x67, 0x00, 0x9c, 0xc2, 0x13, 0x3b,
    0x85, 0x80, 0x03, 0x13, 0xb1, 0x05, 0x44, 0x68, 0x04, 0x26, 0x01, 0xff, 0x78, 0x80, 0x69, 0x9b,
    0x80, 0x21, 0xf0, 0x0c, 0x5f, 0xed, 0xf0, 0x01, 0x10, 0x02, 0x99, 0x33, 0x48, 0x02, 0xac, 0x01,
    0x28, 0x80, 0x07, 0xba, 0x53, 0x00, 0xf8, 0x73, 0x1b, 0x60, 0x00, 0x09, 0x17, 0xe1, 0x00, 0xab,
    0x3f, 0xfd, 0x9a, 0x01, 0xaf, 0x77, 0xd4, 0x01, 0xff, 0xc7, 0x11, 0xf8, 0x03, 0x0d, 0xff, 0xbb,
    0x9f, 0xeb, 0x70, 0x0a, 0xbb, 0xa2, 0xbe, 0xea, 0xc0, 0x13, 0x55, 0x8b, 0xaa, 0xb1, 0x86, 0x7f,
    0xc6, 0x5f, 0xf9, 0xdc, 0x0a, 0xbd, 0x4a, 0xb8, 0xdc, 0x03, 0x50, 0x38, 0x06, 0x12, 0x01, 0x6d,
    0x1d, 0x00, 0xc8, 0x23, 0x7e, 0xc5, 0x88, 0x03, 0x75, 0x6c, 0x03, 0xd6, 0xa0, 0x1b, 0x31, 0xd0,
    0x00, 0x00, 0x4d, 0xdf, 0xe9, 0x00, 0xca, 0x7f, 0xfe, 0x35, 0x00, 0xec, 0x44, 0xf6, 0x00, 0x7f,
    0xf5, 0xb1, 0x57, 0xd8, 0x01, 0xc8, 0x5f, 0xfe, 0x24, 0x00, 0xd1, 0x55, 0xfa, 0x00, 0x3d, 0x6e,
    0x00, 0x5c, 0x20, 0x0e, 0x1b, 0x07, 0x00, 0x2d, 0xe1, 0x80, 0x45, 0xa3, 0x40, 0x19, 0xef, 0x50,
    0x07, 0xee, 0x84, 0x03, 0x96, 0xe4, 0x45, 0xae, 0x01, 0xf9, 0x74, 0x40, 0x00, 0xff, 0x32, 0xa9,
    0xde, 0x50, 0x53, 0x00, 0x79, 0x7e, 0x87, 0x70, 0x3d, 0x40, 0x3b, 0xdf, 0x40, 0x3f, 0xfd, 0xb8,
    0xd8, 0x00, 0x11, 0x2c, 0x20, 0x00, 0xbc, 0x70, 0xd2, 0x7b, 0xd8, 0x0f, 0xe6, 0x4e, 0x55, 0xd6,
    0xe4, 0x12, 0x80, 0x10, 0xa8, 0x07, 0xff, 0x3e, 0x18, 0x2c, 0xcf, 0xfc, 0x66, 0x88, 0xfe, 0x66,
    0x41, 0x0a, 0x27, 0xf1, 0x11, 0x04, 0x01, 0x15, 0x5a, 0x40, 0x3f, 0x21, 0x7f, 0xb1, 0xc0, 0x3f,
    0xad, 0x54, 0xe0, 0x1f, 0xfc, 0xcb, 0x66, 0x80, 0x3f, 0xc5, 0xfe, 0xe6, 0x00, 0xfc, 0x91, 0x33,
    0x40, 0x07, 0xe8, 0x20, 0x0f, 0x08, 0x07, 0xf9, 0x7f, 0xcf, 0x80, 0x1f, 0xcb, 0xdd, 0x20, 0x00,
    0x00, 0xcc, 0xc0, 0x0f, 0xe2, 0x85, 0x00, 0x08, 0x07, 0x0f, 0xc1, 0x82, 0xe1, 0x00, 0x43, 0xaa,
    0xc0, 0x05, 0xaf, 0x10, 0x1a, 0x7c, 0x56, 0x63, 0xf8, 0x68, 0xbb, 0x3f, 0xff, 0xad, 0xed, 0xb7,
    0x2e, 0xa6, 0x50, 0xed, 0x5c, 0x0d, 0x99, 0xf9, 0xd0, 0x05, 0xbf, 0xfc, 0xe2, 0x01, 0x19, 0xfc,
    0x40, 0x1f, 0xfc, 0x44, 0xaa, 0xf2, 0x00, 0x66, 0xff, 0xf3, 0x00, 0x4d, 0x4a, 0xbe, 0xa6, 0x00,
    0x00, 0xf2, 0xb0, 0x07, 0xfe, 0xde, 0x00, 0xf8, 0xa2, 0x32, 0x22, 0x23, 0x18, 0x01, 0x97, 0xfe,
    0x77, 0x7f, 0xc8, 0xa0, 0x13, 0x3b, 0xc6, 0x67, 0x79, 0x80, 0x3f, 0xf8, 0xc9, 0xdd, 0x33, 0xf7,
    0x4a, 0x01, 0x26, 0x57, 0xf9, 0x1f, 0xfe, 0xe6, 0x00, 0x9a, 0x40, 0x5b, 0x44, 0x70, 0x06, 0x57,
    0xb5, 0x25, 0x00, 0xfe, 0xa6, 0xa6, 0x00, 0xfc, 0x2b, 0x62, 0xeb, 0xb0, 0xa6, 0x42, 0x05, 0xfd,
    0xba, 0x8d, 0x90, 0xee, 0x67, 0x21, 0x75, 0xb0, 0x04, 0x91, 0x7b, 0xdc, 0x40, 0x00, 0xe4, 0x80,
    0x0f, 0xfd, 0x82, 0x01, 0xf8, 0x8b, 0x2f, 0x91, 0x78, 0x07, 0xfe, 0xc2, 0xbf, 0xff, 0x10, 0xee,
    0xce, 0xed, 0xdf, 0x88, 0x02, 0x27, 0xa0, 0x0f, 0xfa, 0x09, 0x19, 0xbc, 0x20, 0x13, 0x29, 0x7f,
    0xfa, 0x4c, 0x00, 0xb1, 0x25, 0x33, 0xe0, 0x09, 0x6e, 0x88, 0x03, 0xfc, 0xb8, 0x80, 0x1f, 0xf8,
    0x80, 0x05, 0x55, 0xe0, 0x0f, 0x8f, 0xff, 0xc0, 0x1e, 0x4f, 0x55, 0xf7, 0x10, 0x00, 0x00, 0x09,
    0x9f, 0xe1, 0x00, 0xcf, 0xb1, 0x1e, 0xd7, 0x00, 0xe4, 0xbb, 0xf2, 0x00, 0x79, 0x95, 0x7c, 0xc0,
    0x1c, 0x4b, 0x99, 0xe5, 0x20, 0x08, 0x9a, 0xef, 0xf3, 0x10, 0x0f, 0x73, 0xf7, 0xbb, 0xf0, 0x8b,
    0x31, 0x4b, 0x99, 0xf8, 0x40, 0x2b, 0x69, 0x9f, 0x20, 0x07, 0x4c, 0xb3, 0x39, 0xc0, 0x3c, 0xab,
    0xe4, 0x15, 0x00, 0xff, 0x9c, 0xc4, 0x03, 0xf4, 0xf6, 0xc4, 0x80, 0x7f, 0x4f, 0xe7, 0x28, 0x04,
    0xad, 0xdf, 0xf3, 0x47, 0xff, 0xf3, 0x83, 0x22, 0x7c, 0xc4, 0x60, 0x5d, 0xdf, 0x10, 0x04, 0xd1,
    0x1f, 0x30, 0x06, 0xbe, 0xee, 0xb0, 0x0e, 0x7a, 0xee, 0xb5, 0xc0, 0x3f, 0xf8, 0xd8, 0xcd, 0x58,
    0x07, 0xc5, 0xdd, 0x05, 0x00, 0x75, 0xc4, 0x73, 0x11, 0x40, 0x07, 0x20, 0x0c, 0x39, 0xac, 0x80,
    0x1f, 0x0f, 0x7e, 0x90, 0x00, 0xf3, 0x98, 0x07, 0x3b, 0xcc, 0x03, 0x22, 0x01, 0xd3, 0xfd, 0x40,
    0xe1, 0x73, 0x38, 0x82, 0x68, 0x06, 0xe7, 0xff, 0x8c, 0x03, 0x5b, 0xb9, 0x9b, 0x84, 0x03, 0x76,
    0x5d, 0xf1, 0x80, 0x72, 0x23, 0xfd, 0xa8, 0x46, 0x01, 0xe2, 0x40, 0x89, 0x90, 0x04, 0xe8, 0x01,
    0x25, 0x51, 0x80, 0x36, 0x6a, 0x02, 0x56, 0xa0, 0x00, 0x41, 0x6a, 0x90, 0x35, 0x43, 0x00, 0x99,
    0xec, 0x02, 0x53, 0x72, 0x2d, 0x84, 0x01, 0x95, 0x3b, 0xff, 0x02, 0x00, 0x00, 0xc3, 0x62, 0x01,
    0xff, 0x50, 0x2a, 0x26, 0x00, 0xf5, 0x30, 0xf7, 0x51, 0x66, 0x01, 0x15, 0x88, 0x75, 0x52, 0x4a,
    0x4c, 0x00, 0x3e, 0x77, 0xd2, 0xed, 0xb0, 0xc0, 0x10, 0xec, 0x01, 0xc4, 0x26, 0x4c, 0x01, 0xe1,
    0x5b, 0x89, 0xaa, 0x63, 0x08, 0x01, 0x2f, 0xfb, 0x9a, 0xcb, 0xb3, 0xbd, 0x88, 0xbd, 0xad, 0x1b,
    0xba, 0x1b, 0x25, 0x05, 0x44, 0xf3, 0x3c, 0x62, 0xa0, 0x18, 0xc4, 0x7c, 0x01, 0xf1, 0xb3, 0x78,
    0x40, 0x3e, 0xee, 0xf0, 0x07, 0x8b, 0x22, 0x3d, 0xa4, 0x00, 0x00, 0xf0, 0xc8, 0x07, 0xfc, 0x34,
    0xe2, 0x01, 0xfc, 0x34, 0x53, 0x86, 0x01, 0xf2, 0x61, 0x4b, 0xc6, 0xb8, 0x06, 0x2a, 0xb5, 0xa3,
    0x33, 0x5d, 0x6a, 0x81, 0x68, 0x3a, 0x7f, 0xe9, 0xbb, 0x42, 0x17, 0x54, 0x66, 0x79, 0x99, 0xa8,
    0x02, 0x51, 0x1f, 0x90, 0x03, 0x32, 0xf7, 0x79, 0x0c, 0x03, 0x85, 0x9b, 0xe0, 0x0f, 0xfe, 0x41,
    0x55, 0x79, 0xc0, 0x3c, 0x7f, 0xfe, 0x10, 0x0e, 0x4c, 0x55, 0xf6, 0x38, 0x00, 0x00, 0xff, 0xd9,
    0xfd, 0xdf, 0xbf, 0x02, 0xfb, 0xbf, 0x58, 0x04, 0x93, 0x3e, 0x50, 0x0c, 0xf9, 0x9e, 0x60, 0x0c,
    0x6e, 0xcd, 0x9c, 0xc0, 0x3b, 0xa2, 0x37, 0x00, 0x7d, 0x37, 0x69, 0x00, 0xff, 0xe4, 0x44, 0xca,
    0x00, 0x3f, 0x66, 0xeb, 0xbc, 0x03, 0xde, 0xe8, 0x91, 0x80, 0x78, 0xc4, 0x02, 0x5d, 0xa4, 0xe5,
    0x00, 0xf2, 0xff, 0xa0, 0x00, 0xe7, 0x70, 0x07, 0xf2, 0xc7, 0xaa, 0xe3, 0x00, 0x9e, 0xd8, 0x73,
    0x2b, 0xb0, 0x15, 0xd6, 0x4c, 0xee, 0x29, 0x08, 0x3f, 0xe4, 0x00, 0x3d, 0x68, 0x85, 0x41, 0x7c,
    0xc5, 0x5f, 0x88, 0x07, 0x12, 0x39, 0x61, 0x00, 0x42, 0xb5, 0xcc, 0x47, 0x77, 0x51, 0x7c, 0x8a,
    0xe7, 0x44, 0x5c, 0xe5, 0xf9, 0x83, 0x3f, 0x30, 0x00, 0x40, 0x3f, 0xf8, 0x4b, 0x33, 0xe0, 0x0e,
    0x7f, 0xfe, 0xd0, 0x0c, 0xd4, 0xcd, 0xcf, 0x80, 0x00, 0xeb, 0x30, 0x0f, 0xe4, 0x53, 0x00, 0xe3,
    0x55, 0xbd, 0x57, 0xc9, 0x53, 0xfe, 0x11, 0x7f, 0xe9, 0xe0, 0xaa, 0xfe, 0x90, 0x0c, 0xae, 0xf9,
    0x40, 0x3d, 0xdc, 0x00, 0x77, 0x00, 0x3e, 0xa7, 0x76, 0x80, 0x7f, 0xf2, 0x3f, 0x31, 0x00, 0x1f,
    0xa7, 0xfe, 0x90, 0x0f, 0x4a, 0x19, 0xc4, 0x06, 0x01, 0x88, 0x40, 0x2c, 0xe9, 0xd8, 0x70, 0x0f,
    0x6f, 0xf9, 0xc0, 0x1e, 0xef, 0xfc, 0x22, 0xee, 0xe9, 0x0d, 0xee, 0xc2, 0x01, 0x86, 0x61, 0x9d,
    0x40, 0x3e, 0x5c, 0x36, 0x00, 0x76, 0xa8, 0x00, 0x5f, 0x62, 0x14, 0x20, 0x97, 0x31, 0x62, 0x79,
    0x1a, 0xa0, 0x1c, 0x99, 0x80, 0x2b, 0x43, 0x3b, 0xb8, 0x67, 0x9c, 0x40, 0x13, 0xd1, 0x0d, 0xd4,
    0x43, 0xa0, 0x03, 0x96, 0xef, 0xd4, 0x01, 0xff, 0xc8, 0x47, 0x7f, 0x60, 0x07, 0x9c, 0x03, 0xff,
    0x4d, 0x3b, 0xfa, 0xac, 0x00, 0x66, 0x94, 0x33, 0x77, 0xb0, 0x23, 0xfd, 0x20, 0x5d, 0xe5, 0xfc,
    0x60, 0x08, 0xb0, 0x08, 0x88, 0x04, 0x40, 0x0f, 0xfe, 0xb3, 0xa8, 0x2b, 0x80, 0x7e, 0xcc, 0x36,
    0x78, 0x05, 0x10, 0x00, 0xae, 0x67, 0x40, 0x03, 0xf2, 0x40, 0x3e, 0x70, 0x47, 0x65, 0x00, 0xfa,
    0x1a, 0x84, 0x02, 0x37, 0x22, 0xc8, 0x60, 0x1d, 0x15, 0xff, 0x95, 0x40, 0x00, 0xc2, 0x45, 0xf0,
    0x3b, 0xcc, 0xcf, 0xfd, 0x98, 0xf2, 0x9f, 0xea, 0x78, 0xfd, 0xd4, 0xbe, 0x90, 0x45, 0x80, 0x20,
    0x03, 0xff, 0x19, 0x00, 0x7f, 0x8c, 0x15, 0x6d, 0x25, 0x20, 0x0e, 0x4f, 0xf4, 0xab, 0x7b, 0x00,
    0x63, 0xaa, 0x58, 0xa2, 0x29, 0x01, 0x54, 0x01, 0x16, 0x56, 0x00, 0x6f, 0xd4, 0x03, 0xf5, 0x70,
    0x0c, 0xb5, 0x48, 0x7d, 0xb8, 0x00, 0xeb, 0x00, 0x2d, 0x6b, 0x00, 0x7f, 0x2e, 0x98, 0x57, 0x46,
    0x00, 0x7f, 0x5f, 0xf9, 0x40, 0x00, 0x00, 0x98, 0xc0, 0xe8, 0x03, 0xf0, 0xc0, 0x83, 0xb8, 0x03,
    0xf3, 0x0c, 0xdc, 0x1d, 0xde, 0x20, 0x01, 0x4d, 0xc4, 0x28, 0xe2, 0x31, 0x00, 0x22, 0x50, 0xcc,
    0x40, 0x67, 0x80, 0x02, 0x7d, 0x11, 0x71, 0xc4, 0x71, 0x07, 0xfb, 0xba, 0xc8, 0xee, 0xe3, 0x16,
    0x75, 0x5f, 0xc8, 0xc2, 0x00, 0x7d, 0xff, 0xf7, 0x50, 0x07, 0x26, 0x67, 0x94, 0x03, 0xff, 0x90,
    0xd1, 0x1e, 0x40, 0x0f, 0xbf, 0xfc, 0xe0, 0x1c, 0xfc, 0xef, 0xe9, 0xa0, 0x00, 0x00, 0xf1, 0x17,
    0x84, 0x00, 0xef, 0x21, 0xe7, 0xff, 0x68, 0x02, 0x3f, 0x30, 0x0b, 0xbb, 0xb8, 0x02, 0x18, 0xd0,
    0x03, 0x91, 0x66, 0x00, 0xfc, 0x5d, 0xda, 0x54, 0x03, 0xe5, 0xd5, 0xcc, 0xa4, 0x03, 0xce, 0x00,
    0x70, 0x02, 0x40, 0x07, 0x84, 0x40, 0x02, 0x99, 0x68, 0x04, 0xbe, 0x06, 0x40, 0x3d, 0xfa, 0xa0,
    0x01, 0xf3, 0xef, 0xe0, 0x1c, 0x60, 0x0c, 0x95, 0x46, 0x44, 0x00, 0x74, 0x18, 0x58, 0x01, 0x98,
    0x40, 0x1c, 0x80, 0x1d, 0xb0, 0x02, 0xbd, 0xd3, 0x98, 0x00, 0x08, 0xff, 0x80, 0x2f, 0xf6, 0x67,
    0xdc, 0xa0, 0x16, 0x6e, 0xae, 0xb7, 0x64, 0x00, 0xe9, 0x95, 0x5c, 0xc8, 0x80, 0x3d, 0x54, 0x56,
    0xaa, 0x18, 0x07, 0x0a, 0xa8, 0xc5, 0x54, 0x40, 0x1e, 0x11, 0x6e, 0x08, 0x9c, 0x03, 0x09, 0xa1,
    0x16, 0x34, 0x00, 0x88, 0x42, 0xbc, 0x89, 0x90, 0x01, 0x9d, 0x40, 0x1e, 0xee, 0xb0, 0x0e, 0xc3,
    0x00, 0x7c, 0x42, 0xc0, 0x30, 0xbd, 0x80, 0x0b, 0x75, 0x90, 0x01, 0x22, 0x98, 0x44, 0xaa, 0xd1,
    0xaa, 0xeb, 0x40, 0x01, 0x10, 0x05, 0xb9, 0xc4, 0x00, 0xf9, 0x1c, 0x03, 0x3b, 0xca, 0x01, 0x16,
    0x80, 0x68, 0xfd, 0xe2, 0x77, 0x63, 0x3b, 0x94, 0x01, 0x1c, 0x00, 0xff, 0x08, 0xbf, 0xc6, 0x01,
    0xc5, 0x10, 0xd7, 0x88, 0x30, 0x07, 0x08, 0xe0, 0x11, 0x80, 0x3a, 0xbf, 0xd0, 0xbf, 0xf2, 0x00,
    0x6b, 0xec, 0x00, 0x47, 0x71, 0x01, 0x70, 0x02, 0x83, 0x35, 0x88, 0x05, 0xe5, 0x80, 0xe3, 0x4c,
    0xb0, 0x00, 0x4a, 0xa3, 0xb5, 0x48, 0x02, 0x51, 0xc2, 0xc0, 0x0d, 0x7e, 0x40, 0x01, 0xf9, 0x30,
    0x09, 0xb0, 0x80, 0x31, 0x79, 0x80, 0x61, 0x00, 0x3d, 0x80, 0x04, 0x00, 0x00, 0xfe, 0x25, 0x30,
    0x45, 0x51, 0x34, 0xd6, 0x77, 0xf9, 0x82, 0xbe, 0x14, 0xb2, 0x6d, 0x36, 0xd0, 0x01, 0x4a, 0x0f,
    0xe6, 0x20, 0x07, 0xb0, 0x0e, 0x37, 0x20, 0x0b, 0x78, 0x03, 0xc8, 0x80, 0x01, 0x32, 0x00, 0x7a,
    0x94, 0x00, 0x32, 0x01, 0xee, 0xdd, 0x42, 0xed, 0x73, 0x05, 0xa8, 0x7f, 0xd0, 0xbf, 0xf3, 0x07,
    0xca, 0x88, 0xc0, 0x01, 0x18, 0x19, 0x10, 0x40, 0x1f, 0xd0, 0x01, 0xff, 0xc5, 0x6e, 0x8c, 0x00,
    0xfe, 0x6f, 0xe6, 0x00, 0xc0, 0x00, 0xf2, 0x40, 0x07, 0xfc, 0x94, 0xa8, 0x01, 0xfd, 0x15, 0x4e,
    0xa7, 0x00, 0xf2, 0xea, 0x6a, 0x96, 0xde, 0xb0, 0x82, 0x74, 0x41, 0xfb, 0x31, 0xcd, 0x17, 0xe6,
    0x95, 0xab, 0x7b, 0xba, 0x97, 0x74, 0x60, 0xfd, 0xd8, 0x5b, 0xbb, 0x38, 0x04, 0xbd, 0xc0, 0x00,
    0xbf, 0x71, 0x40, 0x3f, 0xf8, 0xce, 0x22, 0x00, 0xff, 0x8b, 0x30, 0x60, 0x13, 0x62, 0xb0, 0x04,
    0xbb, 0xb0, 0x80, 0x1f, 0xfc, 0x40, 0x03, 0xb0, 0x0f, 0x09, 0x88, 0x07, 0xf3, 0x40, 0x07, 0x00,
    0xc4, 0xc8, 0x01, 0xe1, 0x9b, 0xef, 0xf0, 0x23, 0xbe, 0x41, 0xd8, 0x7a, 0x94, 0xcc, 0x7f, 0xb3,
    0x81, 0x0c, 0x40, 0x36, 0x44, 0x34, 0x0e, 0x64, 0x97, 0x32, 0x00, 0xf0, 0xe7, 0x93, 0xe6, 0x00,
    0x3c, 0x4a, 0x42, 0xac, 0xa0, 0x1f, 0xa1, 0x1f, 0x88, 0x03, 0xe6, 0x61, 0xf4, 0x40, 0x03, 0xc5,
    0x10, 0x00, 0x2d, 0x80, 0x79, 0x20, 0x80, 0x21, 0x0b, 0xaa, 0x81, 0x98, 0x01, 0xe6, 0xff, 0x28,
    0x07, 0xec, 0x95, 0x55, 0xf0, 0x05, 0x2c, 0x00, 0x43, 0x00, 0x12, 0x00, 0x00, 0xe7, 0x10, 0x09,
    0xd0, 0x11, 0x56, 0x0e, 0x90, 0x00, 0xcb, 0x05, 0x7f, 0xa8, 0x2d, 0x84, 0x25, 0x88, 0x01, 0x54,
    0x05, 0x92, 0xab, 0x33, 0x58, 0x07, 0x3f, 0xc1, 0x07, 0xfc, 0x01, 0xc4, 0x88, 0xf1, 0x44, 0x80,
    0x38, 0xd1, 0x1c, 0x28, 0x90, 0x80, 0x6a, 0x88, 0x2a, 0x44, 0x48, 0x17, 0x60, 0x9c, 0xc3, 0x07,
    0x66, 0x14, 0x3f, 0xd6, 0x00, 0x35, 0x6a, 0x00, 0x99, 0x12, 0x01, 0xe9, 0x86, 0x40, 0x04, 0x00,
    0x4b, 0x94, 0xe3, 0x74, 0xa0, 0x1a, 0x26, 0x4e, 0x00, 0x5a, 0x85, 0x00, 0xa3, 0x10, 0x03, 0x26,
    0xa8, 0x00, 0x11, 0x7e, 0x00, 0xdd, 0xff, 0xf0, 0x07, 0x76, 0xee, 0xe0, 0x0f, 0xfe, 0x35, 0x44,
    0x6a, 0x00, 0xea, 0x10, 0x0c, 0x34, 0x01, 0x9a, 0x23, 0xce, 0x00, 0xdf, 0xfc, 0x4b, 0xff, 0xb8,
    0x33, 0xfc, 0x20, 0x05, 0xff, 0x68, 0x07, 0xff, 0x3a, 0x2a, 0x82, 0x00, 0x7a, 0xa4, 0x00, 0x33,
    0xfc, 0x20, 0x01, 0xff, 0x68, 0x63, 0xaa, 0xb8, 0x93, 0x55, 0x4f, 0xc0, 0x00, 0x09, 0x9f, 0xe1,
    0x00, 0xc9, 0xd3, 0x3e, 0xe6, 0x00, 0xe6, 0xaa, 0xf3, 0x80, 0x79, 0x77, 0x7c, 0x80, 0x1c, 0x35,
    0x33, 0xea, 0x30, 0x0d, 0x5b, 0x99, 0xf5, 0x80, 0x70, 0xff, 0xf8, 0x03, 0xed, 0x33, 0xf6, 0x80,
    0x7a, 0x7f, 0xfd, 0xc0, 0x1e, 0xdb, 0xbf, 0x50, 0x07, 0x2e, 0xeb, 0x33, 0x6e, 0x8c, 0x03, 0x7b,
    0x1c, 0x66, 0x28, 0xde, 0x84, 0x0b, 0x63, 0x3d, 0x00, 0x0d, 0xdc, 0xdf, 0x22, 0x66, 0x18, 0x40,
    0x39, 0x6f, 0xc8, 0x00, 0x84, 0x78, 0x04, 0x60, 0x66, 0x9f, 0x3f, 0x29, 0xbf, 0x7c, 0xef, 0xa1,
    0xa5, 0x38, 0x01, 0x38, 0x66, 0x18, 0x30, 0x0c, 0x20, 0x04, 0x70, 0x0c, 0xd0, 0x9e, 0x01, 0x67,
    0x80, 0x67, 0x94, 0x90, 0x09, 0x10, 0x01, 0x84, 0x46, 0xc0, 0x15, 0x30, 0x06, 0x3d, 0x2b, 0x00,
    0x9a, 0x80, 0x64, 0xdd, 0x44, 0x40, 0x18, 0x48, 0x3e, 0x11, 0xe3, 0x40, 0x3c, 0xec, 0xc2, 0x72,
    0x13, 0x0f, 0xc0, 0x2a, 0x00, 0x5d, 0x01, 0x88, 0x7f, 0x60, 0x04, 0x2a, 0xd9, 0x18, 0x00, 0x20,
    0x0c, 0x38, 0x1b, 0xe8, 0xec, 0x01, 0x00, 0xf3, 0xa0, 0x07, 0x85, 0x13, 0xba, 0x11, 0x38, 0x43,
    0xba, 0x9e, 0x36, 0xe8, 0xee, 0x8c, 0x6a, 0xa0, 0xea, 0xa4, 0x15, 0xd5, 0x08, 0x09, 0x54, 0x98,
    0xaa, 0x94, 0x42, 0x90, 0x01, 0xe3, 0x00, 0xb3, 0x02, 0x79, 0x28, 0x01, 0x3c, 0xeb, 0x44, 0xb0,
    0xca, 0x80, 0x74, 0x43, 0x84, 0x30, 0x6c, 0x03, 0xd8, 0xbd, 0x99, 0x77, 0x80, 0x79, 0x02, 0x33,
    0x13, 0xe8, 0x01, 0xfb, 0x5d, 0xde, 0x01, 0xfe, 0x12, 0x27, 0xd8, 0x07, 0xe9, 0x85, 0x5a, 0xf1,
    0x14, 0x00, 0xb6, 0x01, 0xe8, 0xcd, 0x30, 0x00, 0x85, 0x10, 0x42, 0x45, 0x86, 0x6a, 0x85, 0x3f,
    0xd5, 0xfe, 0xcd, 0x74, 0xc7, 0x07, 0xe4, 0xbd, 0xd6, 0x23, 0x03, 0x00, 0x5b, 0xa4, 0x88, 0x00,
    0x7e, 0x34, 0xd0, 0x50, 0x0f, 0xe3, 0x0a, 0x60, 0x0f, 0xdf, 0x60, 0x1f, 0xf2, 0x20, 0x03, 0xc7,
    0x26, 0x01, 0xd0, 0xc0, 0x11, 0xfc, 0x00, 0x25, 0x83, 0x6c, 0x02, 0x76, 0x60, 0x02, 0xaa, 0x66,
    0x00, 0x54, 0x01, 0x8c, 0x4c, 0x40, 0x3f, 0xf8, 0x3d, 0x98, 0x00, 0xc7, 0x60, 0x1b, 0xb8, 0xe0,
    0x22, 0xe1, 0x11, 0x17, 0x4f, 0x44, 0x3d, 0x1f, 0xe2, 0x1d, 0xc0, 0xa8, 0x83, 0x80, 0x1e, 0x21,
    0x20, 0x0d, 0x88, 0x38, 0x01, 0xe2, 0x1c, 0x00, 0xdb, 0xb3, 0x80, 0x12, 0xed, 0xc0, 0x0b, 0xdd,
    0x30, 0x9a, 0xee, 0xa0, 0x01, 0x19, 0x92, 0x2e, 0x65, 0x20, 0x1a, 0xbb, 0x75, 0xd0, 0x01, 0xf5,
    0x6e, 0xa0, 0x40, 0x3f, 0xf8, 0xf1, 0x77, 0x00, 0x7e, 0xa9, 0x97, 0xc0, 0x08, 0x06, 0xa6, 0x22,
    0xa7, 0xa9, 0x29, 0x00, 0x3d, 0x39, 0xd0, 0x00, 0xc4, 0xe0, 0x02, 0x90, 0x09, 0x9a, 0x01, 0xd0,
    0x01, 0x20, 0x80, 0x23, 0xa0, 0x40, 0x22, 0x34, 0x41, 0x89, 0xc1, 0x4e, 0xae, 0x54, 0x17, 0x41,
    0x80, 0x53, 0x49, 0xb5, 0x17, 0x3a, 0x40, 0x19, 0xc4, 0x4f, 0x60, 0xf8, 0x01, 0xe6, 0x76, 0x30,
    0x32, 0x00, 0xcf, 0xe2, 0x22, 0x60, 0xee, 0x01, 0xc9, 0x12, 0xdd, 0x84, 0xc0, 0x94, 0x01, 0xf0,
    0x88, 0x00, 0x8c, 0x5c, 0x81, 0xd9, 0x80, 0x1c, 0x26, 0x22, 0x09, 0x00, 0xe2, 0x49, 0x47, 0x42,
    0x00, 0x97, 0x89, 0xbb, 0xf0, 0x79, 0x80, 0x25, 0xc8, 0x4a, 0xae, 0x40, 0x00, 0x8d, 0xc0, 0x34,
    0x18, 0x06, 0x23, 0x79, 0x43, 0x33, 0x31, 0xcc, 0x80, 0x0d, 0x5a, 0xfb, 0xff, 0x3e, 0xd3, 0x00,
    0x13, 0x7b, 0xa7, 0x77, 0x75, 0xa8, 0x01, 0x39, 0x14, 0x02, 0x45, 0x38, 0x05, 0x13, 0xff, 0x33,
    0xff, 0xd3, 0x20, 0x05, 0x4b, 0xcc, 0x3a, 0x47, 0x3c, 0xd8, 0x0a, 0x28, 0xca, 0x09, 0xa7, 0x0a,
    0xa1, 0x18, 0x8a, 0xf4, 0x73, 0x47, 0x6c, 0x44, 0x04, 0xe7, 0xbb, 0xf8, 0x9c, 0x80, 0x04, 0x11,
    0x1e, 0x3d, 0x00, 0xf0, 0x8f, 0x8c, 0x03, 0xcf, 0x33, 0xe7, 0x00, 0xe7, 0xca, 0xaf, 0x64, 0x80,
    0x00, 0x00, 0xe6, 0x42, 0x2c, 0x00, 0xbc, 0xc1, 0x05, 0x04, 0xf7, 0x30, 0xc1, 0xbd, 0xc4, 0xc5,
    0x2f, 0x30, 0x62, 0x00, 0x32, 0x08, 0xa9, 0x9c, 0x56, 0x80, 0x15, 0xa1, 0x61, 0x7e, 0x56, 0x30,
    0x04, 0xc6, 0x08, 0xa4, 0x23, 0x10, 0x05, 0x6c, 0x12, 0xbf, 0x3b, 0xa1, 0x00, 0x98, 0x0d, 0x2b,
    0x92, 0x64, 0x20, 0xca, 0x00, 0x14, 0x9e, 0x58, 0x82, 0x1f, 0x20, 0x80, 0xee, 0x80, 0xfb, 0x59,
    0x62, 0x04, 0x06, 0xa8, 0xca, 0x0a, 0x56, 0x01, 0xc5, 0xb7, 0x72, 0x00, 0x78, 0xbe, 0x58, 0x7e,
    0x14, 0x03, 0x5b, 0x6a, 0x80, 0x0b, 0x14, 0x00, 0xf3, 0xb0, 0x07, 0xd5, 0x99, 0xa6, 0xf3, 0x35,
    0x80, 0x2b, 0x33, 0x3a, 0xe6, 0x6b, 0x00, 0xab, 0x32, 0x54, 0xcc, 0xc0, 0x1a, 0x11, 0x3f, 0x70,
    0x06, 0x64, 0xbb, 0xf2, 0x30, 0x07, 0x14, 0xcf, 0x88, 0x03, 0x93, 0x12, 0x2e, 0xd2, 0x98, 0x80,
    0x04, 0xdd, 0x78, 0x7e, 0x63, 0x83, 0xf7, 0x48, 0x8d, 0xf9, 0xa9, 0x9d, 0x53, 0xfa, 0x80, 0x05,
    0x8c, 0xcf, 0x7d, 0x00, 0x72, 0xcc, 0xf8, 0xc0, 0x3c, 0x97, 0x7e, 0x50, 0x0e, 0x6c, 0xaa, 0xf6,
    0x48, 0x00, 0x00, 0xe3, 0x3f, 0x10, 0x33, 0x48, 0x5b, 0x55, 0xbe, 0x82, 0x3b, 0x74, 0x07, 0xbb,
    0x94, 0x02, 0x8e, 0x00, 0x1e, 0x66, 0x20, 0x0f, 0x8f, 0x77, 0x08, 0x07, 0x8d, 0xbc, 0x8a, 0xdc,
    0x00, 0xe1, 0x53, 0x00, 0xc6, 0x40, 0x1a, 0x13, 0x0b, 0x48, 0x94, 0x21, 0x3c, 0x4b, 0xea, 0x22,
    0x55, 0x00, 0x87, 0xec, 0x77, 0x9c, 0x65, 0x08, 0x1a, 0xb3, 0x0c, 0x1a, 0xa8, 0x64, 0x64, 0x36,
    0x01, 0x15, 0xf0, 0x9f, 0xb9, 0x00, 0x70, 0xbb, 0xe0, 0x94, 0x00, 0xff, 0x3e, 0xc8, 0x00, 0x00,
    0x19, 0xe1, 0x11, 0x9e, 0x10, 0x01, 0x6a, 0x22, 0x19, 0xfd, 0x11, 0xca, 0x01, 0x1a, 0x20, 0x80,
    0x0a, 0x88, 0x10, 0x08, 0xd6, 0xec, 0x26, 0xa3, 0x76, 0x46, 0x00, 0x08, 0x91, 0x28, 0xf4, 0x48,
    0xc8, 0x02, 0x58, 0xdd, 0x2a, 0x6e, 0xbd, 0x40, 0x3a, 0x2a, 0x88, 0xb5, 0x48, 0x00, 0xf4, 0xd5,
    0x11, 0x6a, 0x90, 0x01, 0xe9, 0xaa, 0x22, 0xd5, 0x20, 0x03, 0xbb, 0x93, 0x27, 0x49, 0x9b, 0x00,
    0x05, 0x9d, 0xd9, 0x11, 0xdd, 0xb0, 0xcb, 0xbb, 0x91, 0x1d, 0xdc, 0x60, 0x45, 0xc6, 0x24, 0x5c,
    0x01, 0xf4, 0x48, 0x07, 0x80, 0x05, 0x20, 0x19, 0x10, 0x01, 0x38, 0x05, 0xc0, 0x20, 0xc0, 0x09,
    0x10, 0x6d, 0x2a, 0x83, 0xb8, 0xa5, 0xe7, 0xd0, 0x8c, 0xec, 0xae, 0xc8, 0xfa, 0x0c, 0x3e, 0xef,
    0x02, 0x84, 0xaf, 0x86, 0x66, 0xfa, 0x2e, 0x21, 0x0e, 0x55, 0xc4, 0x00, 0x30, 0x06, 0xea, 0xab,
    0x72, 0x80, 0x44, 0x91, 0x1e, 0xa2, 0x00, 0x5f, 0x44, 0x7b, 0xf0, 0x02, 0xbb, 0xfb, 0x80, 0x37,
    0xaa, 0xf9, 0x00, 0x31, 0x66, 0x7c, 0x01, 0x45, 0x4c, 0xfa, 0xb0, 0x00, 0x00, 0xe2, 0x2f, 0x08,
    0x33, 0x4a, 0x79, 0xdc, 0xde, 0xe4, 0x04, 0x76, 0x70, 0x2e, 0x69, 0x66, 0x24, 0x01, 0x12, 0x00,
    0x4d, 0xc2, 0xdd, 0x30, 0x07, 0x93, 0x70, 0xb7, 0x4c, 0x01, 0xe5, 0xba, 0x2b, 0xb2, 0x80, 0x78,
    0xa6, 0x06, 0x64, 0x80, 0x1e, 0x1a, 0xa0, 0x55, 0x24, 0x45, 0xbc, 0x05, 0x7d, 0xf0, 0x1c, 0xc6,
    0x3f, 0xea, 0x95, 0xf2, 0x11, 0x28, 0x1c, 0x11, 0x05, 0x09, 0x53, 0x2d, 0x40, 0x58, 0x00, 0x60,
    0x2e, 0x3c, 0x4a, 0x40, 0x1d, 0xe1, 0x62, 0x99, 0xd6, 0x01, 0x8c, 0xc0, 0x10, 0xee, 0x38, 0x00,
    0x00, 0xc4, 0x67, 0xe2, 0x06, 0x68, 0xa6, 0x26, 0x77, 0xa8, 0x47, 0x53, 0x87, 0xd6, 0x7d, 0x20,
    0x00, 0xe1, 0x00, 0x05, 0x91, 0x36, 0x01, 0xf8, 0xb4, 0xd2, 0xc0, 0x3f, 0xae, 0x3e, 0x80, 0x3f,
    0x1e, 0xb2, 0x78, 0x80, 0x7b, 0x32, 0x88, 0x71, 0x10, 0x0e, 0x50, 0x0e, 0x21, 0xba, 0xbc, 0x40,
    0x3f, 0xa1, 0xfb, 0x47, 0xb1, 0x09, 0x04, 0x66, 0x1e, 0x00, 0x06, 0x1c, 0x94, 0x64, 0x01, 0x4b,
    0xfc, 0x4f, 0xe5, 0x44, 0x01, 0x61, 0x29, 0xcc, 0x8d, 0x9c, 0xc0, 0x00, 0xfa, 0x44, 0x03, 0x55,
    0xc9, 0x2a, 0xc5, 0x6a, 0xb1, 0x34, 0xaa, 0xbb, 0x74, 0x65, 0xbb, 0x08, 0x10, 0x03, 0x61, 0x22,
    0x1b, 0xf0, 0x60, 0x18, 0x4c, 0x4c, 0xb7, 0x8c, 0x03, 0xba, 0x4a, 0x9d, 0x52, 0x84, 0x03, 0x7f,
    0x07, 0x28, 0x8a, 0x44, 0x02, 0xf0, 0xd2, 0xd3, 0x22, 0x08, 0x0a, 0x00, 0x99, 0x86, 0x6d, 0x10,
    0xe0, 0x0d, 0xb3, 0xcf, 0x03, 0x36, 0x6e, 0x80, 0x65, 0xdc, 0x0a, 0x0d, 0x86, 0x18, 0xb8, 0x04,
    0x32, 0x00, 0x77, 0x00, 0x19, 0x40, 0x0f, 0x60, 0x10, 0x80, 0x42, 0x01, 0x2b, 0x80, 0x34, 0x00,
    0x8c, 0x00, 0x00, 0x19, 0xe1, 0x11, 0x9e, 0x10, 0x0b, 0x51, 0x1e, 0x88, 0xf4, 0x47, 0x28, 0x06,
    0xff, 0x08, 0x05, 0xfe, 0x00, 0xc5, 0x3f, 0xea, 0x33, 0x5f, 0xfa, 0x88, 0x41, 0x2f, 0xfe, 0xee,
    0x7e, 0xff, 0xb8, 0x02, 0x5d, 0x33, 0x26, 0x43, 0x54, 0x40, 0x40, 0x37, 0x69, 0x10, 0xcd, 0xfb,
    0xa3, 0x00, 0xbf, 0xc0, 0x99, 0x2b, 0xb6, 0xa6, 0x02, 0x2c, 0x6f, 0x63, 0x66, 0x0e, 0x60, 0x01,
    0xdc, 0x05, 0xd5, 0xed, 0xbb, 0x3a, 0x00, 0x15, 0x40, 0x62, 0x60, 0x2c, 0xb4, 0x00, 0x22, 0x06,
    0x37, 0xbd, 0x25, 0x35, 0x28, 0x3b, 0x0f, 0xfa, 0x29, 0x67, 0x67, 0xa1, 0x16, 0x09, 0x4c, 0x9a,
    0x75, 0x80, 0xf5, 0x00, 0x68, 0x8f, 0xf3, 0x50, 0xf8, 0x37, 0x83, 0x7f, 0x8b, 0x43, 0x5e, 0x8d,
    0xe4, 0x1d, 0xde, 0x01, 0x84, 0x40, 0x1f, 0xe7, 0x70, 0x07, 0xfb, 0x0c, 0x03, 0xf8, 0x9a, 0xc0,
    0x42, 0x21, 0x80, 0x0c, 0xf9, 0x30, 0x06, 0xf7, 0x04, 0x01, 0xb2, 0xe0, 0x11, 0xb3, 0x34, 0x01,
    0x84, 0xcd, 0xf6, 0x00, 0x0b, 0xff, 0xf1, 0x02, 0x44, 0xcf, 0xe8, 0xd0, 0x23, 0x3f, 0xf1, 0x7f,
    0x77, 0xfb, 0xc3, 0xb7, 0x7f, 0x48, 0x07, 0xff, 0x12, 0xfb, 0xb5, 0x00, 0x7d, 0x5d, 0xcb, 0x00,
    0xff, 0xea, 0x4e, 0x62, 0x00, 0x3e, 0x9f, 0xee, 0x7d, 0x80, 0x78, 0x8b, 0x84, 0x03, 0x45, 0x57,
    0xef, 0x00, 0x67, 0xff, 0xe3, 0x0c, 0x75, 0x5f, 0xd1, 0x80, 0x23, 0x3f, 0xf1, 0x7f, 0xff, 0xe0,
    0xec, 0xca, 0x2b, 0x32, 0xe0, 0x0f, 0x1f, 0x80, 0x7c, 0xab, 0x69, 0xaa, 0xc0, 0x1b, 0x32, 0x71,
    0xcc, 0x80, 0x34, 0xcc, 0x07, 0x33, 0x00, 0x78, 0xce, 0x80, 0x0f, 0xdf, 0x34, 0x70, 0x01, 0xc3,
    0x6e, 0xe1, 0xa4, 0x60, 0x0d, 0x45, 0x60, 0x01, 0xec, 0x00, 0xab, 0x39, 0xdf, 0x2e, 0xd0, 0x04,
    0x23, 0xf8, 0x01, 0x90, 0xcd, 0xfa, 0x30, 0x12, 0x2f, 0xf0, 0xee, 0x7f, 0xfe, 0xcc, 0x06, 0xee,
    0x9e, 0xdd, 0xc0, 0x1e, 0xc4, 0x00, 0xf9, 0xde, 0x3c, 0x77, 0xc0, 0x1d, 0xc8, 0xbe, 0x01, 0xe7,
    0x72, 0xa1, 0x99, 0x9d, 0xc0, 0x1a, 0x90, 0xeb, 0x28, 0x40, 0x27, 0xb0, 0x80, 0x03, 0x9d, 0x38,
    0x00, 0x72, 0x80, 0x34, 0x60, 0x04, 0xce, 0x00, 0xe1, 0x00, 0x3b, 0x80, 0x14, 0xef, 0x08, 0x9d,
    0xea, 0x00, 0xff, 0xe0, 0xf4, 0xbb, 0xfe, 0x9f, 0x12, 0x2f, 0xf0, 0xee, 0x67, 0xfb, 0x42, 0xbb,
    0xa7, 0xae, 0xea, 0x80, 0x25, 0x10, 0xb8, 0x53, 0x60, 0x0d, 0xac, 0xb1, 0xcd, 0x5c, 0x01, 0xaa,
    0x88, 0x54, 0x2f, 0x40, 0x18, 0x96, 0xe3, 0x26, 0x44, 0x01, 0xd0, 0x33, 0xc2, 0xe0, 0x1f, 0x6b,
    0x2f, 0x00, 0x71, 0x46, 0xd5, 0xcc, 0xb2, 0x08, 0x03, 0x76, 0x23, 0x6c, 0x00, 0x68, 0x6d, 0xee,
    0xd4, 0xd0, 0x00, 0xbf, 0xff, 0xd6, 0x1a, 0xa2, 0x3f, 0x97, 0x40, 0x22, 0xff, 0xdd, 0xff, 0xfe,
    0xe0, 0x9d, 0xdf, 0xd0, 0x01, 0x4f, 0x77, 0xa0, 0x03, 0x4f, 0x71, 0xe3, 0xb9, 0x00, 0x1f, 0xfc,
    0x43, 0xdd, 0x3c, 0x6e, 0x8c, 0x03, 0x1e, 0xe9, 0xe2, 0xe0, 0xc0, 0x3f, 0x9b, 0x88, 0x03, 0x4d,
    0xd9, 0x2e, 0xc1, 0x00, 0x1a, 0xe6, 0x5f, 0xe9, 0x94, 0x00, 0x5d, 0x55, 0xfb, 0xc0, 0x07, 0xdd,
    0xf8, 0xc3, 0xa1, 0x9b, 0xf4, 0x70, 0x12, 0x2f, 0xf0, 0xe7, 0xff, 0xfb, 0x03, 0xf7, 0x73, 0x63,
    0xf7, 0x00, 0x02, 0xab, 0xc9, 0x96, 0x01, 0x88, 0xb1, 0xe8, 0xfb, 0x80, 0x04, 0xbb, 0x84, 0x98,
    0x24, 0xe0, 0x16, 0x56, 0xeb, 0x8a, 0x9c, 0x03, 0xab, 0x80, 0xe9, 0x88, 0x03, 0x44, 0x58, 0xc7,
    0x04, 0x01, 0x35, 0x6c, 0xef, 0x1a, 0xdb, 0x00, 0x1e, 0x72, 0xd6, 0x77, 0x09, 0x80, 0x16, 0xae,
    0xeb, 0x26, 0xcc, 0x58, 0x00, 0x7f, 0xff, 0x08, 0x7c, 0xc4, 0x7e, 0x9f, 0x22, 0xff, 0xdf, 0xee,
    0xef, 0xdf, 0xe0, 0xfd, 0xf9, 0x0f, 0xf7, 0x67, 0x00, 0x65, 0xe5, 0x52, 0x48, 0x07, 0x5e, 0x39,
    0x66, 0xbd, 0x00, 0x6b, 0x35, 0x23, 0x32, 0xd8, 0x07, 0x24, 0x46, 0x40, 0x0e, 0x1a, 0x66, 0x7c,
    0xd0, 0x80, 0x68, 0xbe, 0xe0, 0x17, 0x48, 0x06, 0xc6, 0xdd, 0x1f, 0xee, 0x80, 0x33, 0xe1, 0x10,
    0xc8, 0x82, 0x01, 0x52, 0x80, 0x4a, 0x00, 0x3b, 0x00, 0x0f, 0x76, 0x3f, 0xee, 0x08, 0x7c, 0xc4,
    0x7e, 0x9f, 0x22, 0xff, 0xdf, 0xee, 0xef, 0xdf, 0xe0, 0xfd, 0xee, 0x25, 0xf7, 0x37, 0x80, 0x22,
    0xaa, 0x26, 0x55, 0x08, 0x02, 0x6a, 0x11, 0x03, 0x88, 0xa9, 0xc0, 0x0d, 0x79, 0x89, 0x96, 0x62,
    0xdc, 0x02, 0x6e, 0x00, 0xd2, 0xc0, 0x1c, 0xfb, 0xb8, 0x04, 0x03, 0x27, 0x71, 0x93, 0x13, 0xc0,
    0x32, 0x4f, 0x95, 0xf3, 0x48, 0x04, 0xfb, 0x12, 0xe7, 0x5b, 0x2e, 0x00, 0xdf, 0x56, 0x33, 0x32,
    0xe6, 0x00, 0x03, 0xdd, 0x07, 0xf7, 0x42, 0x1f, 0x31, 0x1f, 0xa7, 0xc0, 0x12, 0x2f, 0xf0, 0xdf,
    0x4c, 0xfe, 0xeb, 0x09, 0xdd, 0x80, 0x77, 0x69, 0x00, 0x8c, 0x03, 0xc6, 0x01, 0x8b, 0xc0, 0x37,
    0xe8, 0x07, 0x1f, 0x00, 0x38, 0xc0, 0x38, 0x8c, 0x1c, 0x40, 0x74, 0x03, 0x60, 0x08, 0x00, 0x58,
    0xc0, 0x23, 0xee, 0x7d, 0x6a, 0xab, 0x0c, 0x00, 0x66, 0xf1, 0x22, 0x07, 0x70, 0x03, 0x24, 0xe2,
    0x88, 0x2a, 0x18, 0x03, 0x1d, 0xb1, 0xb9, 0x91, 0xfc, 0x02, 0x11, 0xdb, 0x82, 0x23, 0x0b, 0x86,
    0x6f, 0xd3, 0x60, 0x00, 0xf3, 0x30, 0x03, 0xff, 0x7f, 0x00, 0x7f, 0xf5, 0xc5, 0x13, 0x19, 0x22,
    0x61, 0x00, 0x2c, 0x46, 0x47, 0x88, 0xca, 0x00, 0x4c, 0xcc, 0xeb, 0x99, 0x90, 0x03, 0xff, 0xda,
    0x51, 0x1c, 0xa9, 0x11, 0xc4, 0x1f, 0xfd, 0x76, 0xff, 0xe0, 0x08, 0xee, 0xfe, 0x90, 0x0a, 0x70,
    0x23, 0xff, 0x58, 0x50, 0x04, 0x25, 0xb7, 0x22, 0x26, 0xba, 0x30, 0x0e, 0x3c, 0x3d, 0xd6, 0x61,
    0x00, 0x31, 0x23, 0xd2, 0xa3, 0xac, 0xb9, 0x88, 0x27, 0xfe, 0xea, 0x9f, 0xee, 0x7f, 0x8d, 0x36,
    0xe1, 0x02, 0xec, 0x2b, 0x39, 0xc6, 0x00, 0x7a, 0xa9, 0x55, 0x55, 0x30, 0x06, 0x4e, 0xe9, 0xdd,
    0xdd, 0x28, 0x06, 0x34, 0x48, 0x88, 0x89, 0x18, 0x00, 0x59, 0xb8, 0xcc, 0xcd, 0xc2, 0x7f, 0xfc,
    0x44, 0xff, 0xe3, 0x00, 0xe7, 0x40, 0x0f, 0xfd, 0x2e, 0x01, 0xf0, 0xcc, 0xd4, 0x35, 0x33, 0xe1,
    0x0f, 0xf9, 0x1b, 0xff, 0xe0, 0x16, 0x61, 0x9a, 0x59, 0x9c, 0x6c, 0xd0, 0x80, 0x06, 0xe4, 0x02,
    0x13, 0x00, 0xe1, 0xd2, 0x42, 0x28, 0xf8, 0x88, 0x20, 0x3a, 0x2e, 0x11, 0xdc, 0x46, 0xee, 0x30,
    0x12, 0xc0, 0x02, 0xb3, 0x0f, 0x19, 0x87, 0x03, 0x91, 0x00, 0xff, 0xe8, 0x89, 0x9c, 0x5c, 0x67,
    0x00, 0x72, 0xff, 0xce, 0x9f, 0xf1, 0x00, 0x12, 0x93, 0x33, 0xf1, 0x00, 0x00, 0x29, 0x80, 0x61,
    0xa0, 0x0f, 0x62, 0x80, 0x1c, 0x0d, 0xc0, 0x3f, 0xd0, 0x01, 0x85, 0x00, 0x99, 0x7d, 0x80, 0x31,
    0xc7, 0xc8, 0x37, 0x89, 0x78, 0x01, 0x20, 0x42, 0x80, 0x09, 0x29, 0xb0, 0xc1, 0x1a, 0x50, 0xe0,
    0x1e, 0x5c, 0x0c, 0x50, 0x08, 0x40, 0x39, 0x28, 0x03, 0xfe, 0xcc, 0x08, 0x06, 0x48, 0x60, 0x28,
    0x71, 0x81, 0x00, 0xcd, 0xd6, 0x0c, 0x39, 0x68, 0x01, 0x16, 0x92, 0xb3, 0x12, 0x48, 0x02, 0x15,
    0x22, 0x8e, 0xc8, 0x03, 0xd1, 0xdd, 0xbd, 0x50, 0x00, 0x22, 0x00, 0x2a, 0x10, 0x0f, 0xb0, 0xc0,
    0x08, 0xc2, 0x01, 0xff, 0x73, 0xbf, 0x84, 0x4a, 0x5a, 0xa6, 0x87, 0xff, 0xa0, 0x0b, 0xdd, 0xdf,
    0xcd, 0x31, 0x18, 0x00, 0x74, 0xb5, 0x21, 0x98, 0x40, 0x0c, 0x20, 0x18, 0xf5, 0x3a, 0x94, 0x04,
    0x03, 0xf8, 0xf5, 0xc0, 0xc4, 0x03, 0x73, 0x20, 0x00, 0x69, 0xc0, 0xc0, 0x9d, 0x5f, 0x0a, 0x33,
    0xc1, 0x44, 0x00, 0xfb, 0x1f, 0x42, 0x28, 0xd8, 0x26, 0x60, 0x2d, 0x28, 0x83, 0xca, 0x00, 0x58,
    0x40, 0x1f, 0xc9, 0xdc, 0x7a, 0x00, 0xfe, 0x4f, 0xf7, 0x18, 0x00, 0x00, 0x22, 0x80, 0x64, 0x80,
    0x0f, 0x1e, 0x80, 0x66, 0x60, 0x07, 0xf2, 0x2a, 0x9d, 0x57, 0x10, 0xa7, 0x12, 0x77, 0xc4, 0x07,
    0xfe, 0x62, 0xf4, 0x7f, 0x9a, 0xa2, 0xd5, 0x64, 0x3b, 0xa5, 0xb3, 0x0f, 0x11, 0xe0, 0x0f, 0xe7,
    0xff, 0xac, 0x03, 0xf1, 0x47, 0x72, 0x0c, 0x03, 0x0b, 0xa8, 0x3a, 0x80, 0x04, 0x40, 0x2d, 0x6f,
    0xce, 0x80, 0x60, 0x0f, 0xf0, 0x3e, 0xd7, 0xc9, 0xcd, 0x80, 0x44, 0x20, 0xd6, 0xc2, 0x2a, 0x66,
    0x00, 0x05, 0xc8, 0x03, 0xa0, 0x68, 0x13, 0xf9, 0x90, 0x03, 0xa6, 0x84, 0x13, 0xfd, 0x60, 0x00,
    0x00, 0x84, 0x00, 0xa8, 0x01, 0xfd, 0x4a, 0x1b, 0x80, 0x0d, 0x30, 0x0c, 0x2a, 0x80, 0x18, 0x8c,
    0xc0, 0x19, 0xc0, 0x3d, 0x6a, 0x01, 0x86, 0xd3, 0x44, 0x00, 0x6e, 0xe8, 0x00, 0xa1, 0xa9, 0x28,
    0x07, 0xa7, 0x51, 0xc0, 0xd2, 0x82, 0x3c, 0x09, 0x5c, 0x76, 0xc4, 0xf0, 0xc8, 0x8c, 0x27, 0x44,
    0x43, 0xd1, 0x02, 0xff, 0xce, 0xdf, 0xf9, 0x40, 0x07, 0xbb, 0x99, 0x9b, 0xb9, 0x00, 0x3f, 0xf8,
    0x64, 0xcd, 0xc6, 0x66, 0x6e, 0x20, 0xff, 0xe2, 0x27, 0xff, 0x08, 0x02, 0x33, 0xe2, 0x00, 0x95,
    0x40, 0x05, 0xfd, 0x8e, 0xe5, 0x16, 0x01, 0x68, 0x01, 0xe1, 0x2d, 0x2e, 0x00, 0x40, 0x39, 0x71,
    0x94, 0xbd, 0x40, 0x3c, 0x38, 0x83, 0x8e, 0xb8, 0x01, 0xe1, 0x96, 0xb9, 0x5a, 0x93, 0x40, 0x0e,
    0x57, 0x70, 0x06, 0x18, 0x3e, 0xf0, 0x07, 0x70, 0x43, 0x39, 0x80, 0xbc, 0xd0, 0x01, 0x64, 0x22,
    0x40, 0xc1, 0x2d, 0xb3, 0x00, 0xb7, 0x32, 0x64, 0xcc, 0xa8, 0x03, 0x66, 0xed, 0x2f, 0xbb, 0x58,
    0x00, 0x95, 0x7b, 0x49, 0x57, 0x88, 0x73, 0x38, 0xcb, 0x33, 0x84, 0x00, 0x40, 0x80, 0x74, 0x1c,
    0x08, 0x04, 0xc0, 0x1e, 0x37, 0xdd, 0x00, 0x72, 0x55, 0x65, 0x8f, 0x03, 0x25, 0x07, 0x77, 0x76,
    0x54, 0xe8, 0x26, 0xf1, 0xc0, 0x22, 0x9c, 0xb9, 0x04, 0x49, 0x43, 0x67, 0x63, 0x88, 0x22, 0x39,
    0x00, 0xf0, 0xbf, 0x87, 0xfa, 0xec, 0x01, 0xe1, 0x32, 0x02, 0x23, 0x28, 0x06, 0x54, 0x79, 0xd2,
    0x65, 0x72, 0x00, 0x20, 0x48, 0xd5, 0xf6, 0xb8, 0x58, 0x01, 0x66, 0x34, 0xb3, 0xfb, 0x92, 0x22,
    0x43, 0x5d, 0x60, 0x28, 0xeb, 0xaa, 0x4d, 0x1b, 0x00, 0x65, 0x40, 0x8a, 0x76, 0x49, 0x40, 0x0f,
    0xa5, 0x80, 0x77, 0xc4, 0x00, 0xa1, 0x00, 0x25, 0x60, 0x0e, 0x45, 0x4c, 0x52, 0x02, 0xe0, 0x0e,
    0x3c, 0x13, 0xc1, 0x00, 0xfc, 0xd0, 0xfd, 0x03, 0xd0, 0xfd, 0xe0, 0x04, 0xdc, 0x69, 0xc8, 0xe8,
    0x7e, 0x00, 0x93, 0xdf, 0x38, 0x68, 0x3f, 0xc0, 0x1c, 0x62, 0x0b, 0x65, 0x64, 0x01, 0xec, 0x5f,
    0x99, 0x2e, 0xa8, 0x80, 0x80, 0x59, 0xcb, 0x7c, 0xec, 0x50, 0x60, 0x20, 0x73, 0x27, 0xe9, 0x83,
    0x0b, 0x93, 0x00, 0x16, 0xe9, 0x8f, 0x72, 0x95, 0x54, 0xca, 0xe2, 0x88, 0x1d, 0x40, 0x79, 0x00,
    0x16, 0xf8, 0x07, 0xa6, 0x84, 0x01, 0x6f, 0x80, 0x15, 0xa8, 0x6a, 0x00, 0x45, 0xc8, 0x00, 0x99,
    0x40, 0x32, 0xb8, 0x06, 0x46, 0xdf, 0x66, 0xdf, 0x6c, 0xa0, 0x01, 0x13, 0x88, 0xf8, 0x04, 0x02,
    0x57, 0x57, 0xee, 0xc0, 0xce, 0xa0, 0x1c, 0xb5, 0x58, 0xc0, 0x3f, 0x27, 0xfe, 0x50, 0x0f, 0xd5,
    0x99, 0xa8, 0x03, 0x2e, 0xe9, 0xe3, 0x77, 0x4a, 0x6e, 0x95, 0x5b, 0x85, 0x5b, 0x71, 0xb4, 0x7f,
    0xaa, 0x0b, 0x8b, 0xb1, 0x5d, 0x18, 0xbe, 0xe2, 0x73, 0x2b, 0xdd, 0x38, 0xee, 0xab, 0xf4, 0x8f,
    0x58, 0x1d, 0xc4, 0x6e, 0xe0, 0x05, 0x98, 0x14, 0xce, 0x22, 0x4c, 0xe5, 0x00, 0x00, 0xa0, 0xc0,
    0x02, 0x45, 0x84, 0x00, 0x8a, 0x96, 0xa5, 0x5f, 0xfa, 0x80, 0x19, 0x81, 0x2c, 0x10, 0x9d, 0xd4,
    0x80, 0x51, 0x2d, 0xd2, 0x60, 0x01, 0x32, 0x00, 0x2f, 0x71, 0x6b, 0xa8, 0x02, 0x9c, 0xf0, 0x5d,
    0x4e, 0xc2, 0xa0, 0xc4, 0xff, 0x08, 0x00, 0x58, 0xa2, 0x84, 0x1b, 0xf7, 0x2c, 0x01, 0xc1, 0x8f,
    0x4e, 0x0c, 0x11, 0xe8, 0x00, 0xcc, 0x2c, 0xe3, 0x06, 0x39, 0x57, 0x01, 0xd5, 0x17, 0xea, 0x00,
    0x17, 0xe2, 0x80, 0x5d, 0xc2, 0xce, 0xb0, 0x03, 0x92, 0x00, 0x05, 0x10, 0xe6, 0x86, 0x03, 0xac,
    0x90, 0x01, 0xfd, 0x09, 0x3e, 0x68, 0x01, 0x52, 0x00, 0x2b, 0x20, 0x0a, 0xd0, 0x00, 0x32, 0x00,
    0x15, 0x7c, 0x40, 0x17, 0x90, 0x02, 0x88, 0xb7, 0x28, 0x07, 0xff, 0x0c, 0xed, 0xee, 0x80, 0x48,
    0xb0, 0x80, 0x0b, 0xd5, 0x5c, 0x03, 0x99, 0x98, 0x00, 0x28, 0x5c, 0x81, 0x95, 0x5b, 0xd8, 0x03,
    0x97, 0xb7, 0x7d, 0xec, 0x01, 0x9b, 0x8a, 0x33, 0x39, 0x80, 0x05, 0x1f, 0x41, 0x59, 0x3b, 0x3a,
    0x29, 0xc1, 0x4e, 0x78, 0xf5, 0xeb, 0x42, 0x26, 0xab, 0x49, 0x98, 0xd2, 0x24, 0xcc, 0x04, 0x80,
    0x03, 0xa0, 0x88, 0x29, 0xbb, 0x80, 0x3d, 0xf2, 0xa7, 0x17, 0x1e, 0x01, 0xc2, 0xa0, 0xb6, 0x35,
    0xaa, 0x00, 0x00, 0x31, 0x80, 0x65, 0x70, 0x0f, 0x63, 0x01, 0xaa, 0xa7, 0x95, 0x48, 0x01, 0xe4,
    0xed, 0x65, 0xdc, 0x90, 0x15, 0x6d, 0x40, 0xc8, 0xc4, 0x8b, 0x00, 0x17, 0x89, 0xe0, 0x4e, 0x43,
    0x67, 0x80, 0x0e, 0x9f, 0xa0, 0x27, 0x1a, 0x33, 0xc0, 0x3f, 0x63, 0xa7, 0xbd, 0x00, 0x7c, 0x9a,
    0x06, 0xa2, 0x10, 0x01, 0xc8, 0x6c, 0x62, 0xca, 0x4c, 0x00, 0x26, 0xbf, 0x00, 0x43, 0x05, 0x4c,
    0x02, 0xe2, 0xed, 0x83, 0xbb, 0x05, 0x20, 0x09, 0x3e, 0x4c, 0x1a, 0xa5, 0xc7, 0x6f, 0x9c, 0x44,
    0x00, 0x4a, 0xf2, 0x23, 0xee, 0xa1, 0x80, 0x32, 0x61, 0x00, 0xee, 0xe3, 0x00, 0x31, 0x80, 0x15,
    0x80, 0x3f, 0x6b, 0x80, 0x24, 0x48, 0xb8, 0x40, 0x39, 0x0a, 0xfb, 0xb8, 0x85, 0x5f, 0x12, 0x5b,
    0xff, 0xb0, 0xcb, 0xc4, 0xfd, 0xda, 0x67, 0x60, 0x81, 0xd3, 0x7d, 0xd0, 0x5d, 0x54, 0x20, 0x1f,
    0xd7, 0x55, 0x08, 0x07, 0xed, 0x99, 0xd8, 0x20, 0x1b, 0x6e, 0x3b, 0xbd, 0x20, 0x52, 0xa7, 0x03,
    0x15, 0x10, 0xa9, 0x30, 0x61, 0xca, 0x30, 0x11, 0x00, 0x04, 0x02, 0x48, 0x21, 0x42, 0x3f, 0xdd,
    0x79, 0xb1, 0x00, 0x45, 0xe1, 0x84, 0x66, 0x2c, 0x77, 0x00, 0x39, 0x00, 0x67, 0x50, 0x0f, 0x63,
    0x02, 0xdd, 0xaa, 0xee, 0x70, 0x0f, 0x27, 0x97, 0xe1, 0xf3, 0x01, 0x2b, 0x61, 0x99, 0xd0, 0x44,
    0xcc, 0x20, 0x1f, 0x33, 0x2d, 0xc3, 0x44, 0x16, 0x20, 0x07, 0x4b, 0xed, 0x66, 0x7e, 0x90, 0x0f,
    0x0a, 0x5d, 0xe4, 0x10, 0x0f, 0x8a, 0x23, 0x10, 0x07, 0x88, 0x0f, 0xff, 0x18, 0x04, 0x4d, 0x52,
    0x55, 0x3b, 0xfe, 0xa1, 0x05, 0xc4, 0xdb, 0x16, 0x38, 0xc3, 0x70, 0x02, 0x7c, 0x98, 0x0d, 0xb8,
    0x80, 0x56, 0x82, 0x20, 0x03, 0xe6, 0xc8, 0x22, 0x31, 0x54, 0x01, 0x9b, 0x5c, 0x00, 0x79, 0x90,
    0x80, 0x00, 0x31, 0x80, 0x20, 0x80, 0x03, 0x42, 0x00, 0xc6, 0x00, 0x7c, 0x00, 0x18, 0xc4, 0x03,
    0xa2, 0xd3, 0x31, 0x2b, 0x82, 0xa3, 0x88, 0x51, 0xd4, 0xbd, 0x86, 0x5e, 0xcb, 0x81, 0x39, 0x6f,
    0x98, 0x03, 0xa7, 0x98, 0x09, 0xcb, 0x7c, 0xc0, 0x07, 0xd3, 0x96, 0xf9, 0x80, 0x0f, 0x57, 0x7f,
    0x6f, 0xfb, 0x80, 0x2c, 0xa2, 0xc9, 0x9d, 0xd2, 0x52, 0x8b, 0x80, 0x33, 0x39, 0x01, 0x83, 0x71,
    0x8c, 0x2a, 0xb2, 0x82, 0x49, 0x80, 0x6d, 0xdc, 0xc0, 0x1f, 0xb7, 0x73, 0x00, 0x78, 0x72, 0x67,
    0x6c, 0x80, 0x00, 0x39, 0x00, 0x19, 0x00, 0x08, 0xe0, 0x16, 0x08, 0x00, 0xa4, 0x01, 0x04, 0x01,
    0xe9, 0xf1, 0xbc, 0x2e, 0x81, 0x56, 0x43, 0x5f, 0xf6, 0x56, 0xe8, 0x8f, 0xcf, 0x14, 0x1a, 0x40,
    0x12, 0x40, 0x54, 0xb0, 0xc0, 0x78, 0x03, 0xee, 0x01, 0xe7, 0xdd, 0x5d, 0xbb, 0xc0, 0x3d, 0x7f,
    0x1f, 0xe8, 0xfa, 0x00, 0x9c, 0x45, 0x95, 0x5b, 0x04, 0x09, 0xaa, 0xc0, 0x6a, 0xb0, 0x82, 0x62,
    0x6d, 0x00, 0x2e, 0xf0, 0x82, 0x7c, 0x98, 0x05, 0xdd, 0x80, 0x21, 0x00, 0xff, 0xe2, 0x0f, 0xb3,
    0x6e, 0x10, 0x00, 0x40, 0x07, 0x39, 0x00, 0x79, 0x45, 0x5d, 0xe9, 0xb7, 0x78, 0x40, 0x30, 0x8e,
    0x3e, 0x11, 0x80, 0x94, 0xdd, 0xd9, 0x91, 0xe6, 0x40, 0x22, 0xf0, 0xc6, 0x65, 0xb7, 0x97, 0x66,
    0x00, 0xe8, 0xed, 0xc4, 0x84, 0x8c, 0x84, 0x03, 0xc7, 0x48, 0xbd, 0xa2, 0x1e, 0x01, 0xcf, 0xfe,
    0x02, 0xef, 0xf6, 0x90, 0x05, 0x1f, 0xbc, 0xc2, 0x2d, 0x0e, 0x33, 0x51, 0x8c, 0x05, 0xc6, 0xa0,
    0x2a, 0x85, 0xf7, 0xef, 0x7c, 0x10, 0xee, 0xbc, 0xc1, 0x1c, 0x4b, 0xe8, 0x5d, 0xc3, 0x1e, 0xa0,
    0x18, 0x4c, 0x4f, 0x89, 0xdd, 0xdc, 0x30, 0x0e, 0x1e, 0xb5, 0x10, 0x3b, 0x30, 0x01, 0x22, 0xff,
    0x80, 0x13, 0xd1, 0x1f, 0xe1, 0x00, 0x50, 0x11, 0x03, 0xea, 0x0c, 0xa0, 0x40, 0x26, 0x00, 0x8c,
    0x00, 0x75, 0x40, 0x0c, 0xa0, 0x03, 0x0d, 0xf4, 0xf5, 0x00, 0x84, 0x80, 0x21, 0xd9, 0x1c, 0xd0,
    0x0c, 0xa0, 0x03, 0xe0, 0xd4, 0x60, 0x08, 0x44, 0x01, 0xc8, 0xb5, 0x43, 0x00, 0x19, 0x8a, 0x30,
    0xca, 0x38, 0x7b, 0x82, 0x0c, 0xce, 0x05, 0x83, 0x82, 0x03, 0xc1, 0x02, 0x3b, 0xcd, 0xd3, 0x4e,
    0x64, 0xa0, 0x8a, 0x31, 0xbb, 0x2d, 0xee, 0xca, 0x00, 0xe9, 0xaa, 0xc1, 0xb5, 0x58, 0x80, 0x00,
    0xf3, 0x30, 0x03, 0xff, 0x7f, 0x00, 0x7f, 0xf5, 0x85, 0x57, 0x88, 0x8a, 0xbc, 0x25, 0xdd, 0xcc,
    0xfd, 0xdc, 0x47, 0x77, 0xc8, 0xb7, 0x7c, 0x60, 0x1f, 0xfe, 0xd5, 0xbb, 0xc8, 0xb7, 0x79, 0x80,
    0x0f, 0xdd, 0xa2, 0x1d, 0xd9, 0x40, 0x00, 0xf3, 0xb0, 0x07, 0xd3, 0x3d, 0x75, 0x33, 0xc0, 0x0c,
    0xce, 0x76, 0xcc, 0xe0, 0x02, 0x00, 0x61, 0x00, 0xe7, 0x00, 0xb3, 0x31, 0x9b, 0x33, 0x30, 0x00,
    0x77, 0x7f, 0xca, 0x01, 0x4f, 0x6e, 0xa2, 0x1b, 0xb5, 0x98, 0x06, 0x99, 0x92, 0xe6, 0x61, 0x00,
    0xc6, 0xc8, 0x82, 0xe4, 0x48, 0x03, 0x08, 0xbf, 0xb8, 0x07, 0xdd, 0x08, 0x04, 0x87, 0x55, 0xfc,
    0x60, 0x09, 0xa0, 0x0f, 0xca, 0x20, 0xa0, 0xc0, 0x1f, 0xf2, 0xe8, 0x07, 0xfe, 0x00, 0xf3, 0xb0,
    0x07, 0xcc, 0xdd, 0x98, 0x66, 0xe1, 0x17, 0xff, 0x3b, 0x7f, 0xf0, 0x0c, 0xcf, 0x2a, 0x4c, 0xf0,
    0x80, 0x2f, 0xba, 0x76, 0xee, 0xb0, 0x03, 0x5f, 0x77, 0xec, 0x00, 0xab, 0xbb, 0xfd, 0x40, 0x01,
    0xbe, 0xcd, 0xee, 0x57, 0xf5, 0x88, 0x00, 0xd8, 0x2a, 0x80, 0x0a, 0x00, 0x31, 0x80, 0x20, 0xc0,
    0xfc, 0x03, 0x8e, 0x00, 0x31, 0xab, 0x80, 0x7a, 0x48, 0x05, 0xb6, 0x04, 0x02, 0x51, 0x27, 0x32,
    0xfd, 0xd3, 0x00, 0x4d, 0x39, 0xee, 0x25, 0xf6, 0x60, 0x1a, 0x37, 0x69, 0x00, 0x00, 0xa4, 0x40,
    0x24, 0x80, 0x0f, 0x13, 0x08, 0x04, 0x46, 0x01, 0xe7, 0x18, 0x88, 0x40, 0x3f, 0x62, 0x77, 0xb8,
    0x83, 0x88, 0x07, 0x3c, 0xb2, 0x10, 0x00, 0xf4, 0x03, 0x28, 0xa8, 0x22, 0x00, 0x08, 0xd4, 0x01,
    0x43, 0x68, 0x67, 0x80, 0x54, 0xcc, 0x01, 0xa9, 0x64, 0x57, 0x00, 0xdf, 0xa0, 0x2e, 0x17, 0x4e,
    0x20, 0x18, 0xec, 0x03, 0x10, 0xf0, 0x07, 0xf8, 0xa5, 0xe6, 0x05, 0x74, 0x03, 0x93, 0x16, 0x30,
    0xfe, 0x05, 0x9a, 0x33, 0x54, 0x40, 0x0a, 0xf3, 0x7b, 0x32, 0x13, 0xe6, 0x00, 0xc4, 0xd3, 0x55,
    0x10, 0x00, 0xf4, 0xa0, 0x07, 0xd1, 0x1c, 0x53, 0x11, 0xc0, 0x0e, 0xeb, 0xdb, 0x6d, 0xbf, 0xba,
    0x00, 0x33, 0xfa, 0x83, 0x30, 0x13, 0x9d, 0x80, 0x28, 0x00, 0xf0, 0x85, 0x08, 0x01, 0xd6, 0x00,
    0x3d, 0x05, 0x60, 0x03, 0xd1, 0x32, 0x20, 0x31, 0x84, 0xc8, 0x00, 0x82, 0x0e, 0x6a, 0xdc, 0xe8,
    0x06, 0x01, 0x0d, 0x4b, 0x80, 0x8a, 0xe0, 0x03, 0x3f, 0xeb, 0x9b, 0x38, 0x03, 0x80, 0x32, 0x7b,
    0xc1, 0xe6, 0x62, 0x00, 0xc6, 0x09, 0x0a, 0xce, 0xd2, 0x82, 0x00, 0x2e, 0xff, 0xd7, 0x6f, 0xfd,
    0xc6, 0x5f, 0xd6, 0xe4, 0x00, 0x27, 0xbe, 0xf3, 0x02, 0x2f, 0xfc, 0x00, 0x99, 0xec, 0xf9, 0x9e,
    0x00, 0x5f, 0xe6, 0x46, 0x99, 0x97, 0xd8, 0x05, 0xbc, 0x66, 0x9d, 0x33, 0x76, 0x80, 0x72, 0xf7,
    0x79, 0x40, 0x3c, 0xdb, 0xbe, 0x60, 0x0f, 0x19, 0xfe, 0x00, 0xee, 0x2f, 0xae, 0xec, 0x5c, 0x01,
    0x9e, 0x1c, 0xf7, 0x76, 0x38, 0x04, 0x53, 0xc4, 0xa6, 0x62, 0xad, 0x00, 0x86, 0x7f, 0x74, 0xb8,
    0x50, 0xb4, 0x01, 0x0d, 0xb1, 0x33, 0xb4, 0x0f, 0x18, 0x80, 0x13, 0x75, 0x3b, 0xdd, 0x4f, 0xfd,
    0xc8, 0x8c, 0xdb, 0x84, 0x00, 0x2c, 0xe7, 0x7a, 0x00, 0x00, 0xe9, 0x20, 0x0f, 0xe5, 0x42, 0x00,
    0xfc, 0x30, 0xd1, 0x1c, 0x40, 0x15, 0xb1, 0x80, 0x67, 0x60, 0x04, 0xbd, 0x44, 0x6c, 0x14, 0x1a,
    0x4e, 0x20, 0x0d, 0xf2, 0x10, 0xde, 0x1d, 0x22, 0x0a, 0xa6, 0x09, 0xc2, 0x3c, 0x3c, 0x4b, 0x81,
    0x00, 0xe1, 0xa5, 0xb4, 0x60, 0x0f, 0x89, 0x52, 0x80, 0x3e, 0x7c, 0x4b, 0x00, 0xe1, 0x6d, 0xaa,
    0x48, 0x07, 0x0f, 0xd5, 0xea, 0x00, 0x78, 0x7f, 0x18, 0x03, 0xf0, 0x00, 0xa4, 0x80, 0x25, 0x70,
    0x0f, 0x0b, 0x90, 0x04, 0x5a, 0x01, 0xe7, 0x09, 0x98, 0x80, 0x3f, 0x6b, 0xff, 0x98, 0x40, 0x3e,
    0x35, 0x86, 0x40, 0x30, 0x63, 0x00, 0xd0, 0xc2, 0x08, 0x80, 0x00, 0xea, 0x00, 0x0d, 0xff, 0x4f,
    0x70, 0x00, 0xf5, 0x46, 0x03, 0xc7, 0x8d, 0x46, 0x00, 0x93, 0x61, 0x00, 0x25, 0x46, 0x10, 0x0c,
    0x78, 0x80, 0x12, 0xa5, 0x80, 0x78, 0x80, 0x24, 0xbb, 0x10, 0x07, 0xf3, 0xdc, 0xa8, 0x07, 0xf1,
    0x5d, 0x9c, 0x03, 0xfc, 0x58, 0x80, 0x1c, 0xd6, 0x01, 0x80, 0x00, 0xc3, 0x46, 0x01, 0xfc, 0x3a,
    0x97, 0x10, 0x70, 0x0e, 0x5c, 0x48, 0xee, 0x2e, 0x80, 0x45, 0x93, 0x56, 0xcc, 0xf1, 0xb0, 0x08,
    0xa3, 0x13, 0xa3, 0x0f, 0x44, 0x03, 0x20, 0x3b, 0x2c, 0x83, 0x80, 0x65, 0xae, 0xfe, 0xcf, 0x5c,
    0x99, 0x40, 0x86, 0x62, 0xc7, 0x4e, 0xbf, 0x09, 0x05, 0x59, 0x95, 0x35, 0x0a, 0xa0, 0x5e, 0x00,
    0xbb, 0x34, 0x30, 0xde, 0xf4, 0x80, 0x2a, 0x60, 0x77, 0x66, 0x46, 0x01, 0x09, 0xb5, 0x78, 0xdd,
    0x88, 0x02, 0xbe, 0xe7, 0xe7, 0xda, 0x00, 0x75, 0x7e, 0xcb, 0x08, 0x07, 0xc0, 0x00, 0xf4, 0x98,
    0x07, 0xc6, 0x7c, 0x1e, 0x67, 0xc2, 0x5f, 0xf7, 0x7a, 0x87, 0x7f, 0xe3, 0x2c, 0xc4, 0x8e, 0x62,
    0xdb, 0x33, 0x10, 0x05, 0x32, 0x01, 0xa7, 0x99, 0x98, 0x02, 0x70, 0x50, 0x87, 0xac, 0xc1, 0xf0,
    0x01, 0x21, 0xc1, 0x5a, 0x28, 0x15, 0xec, 0x12, 0x98, 0x16, 0xd6, 0xb7, 0xdd, 0xc6, 0x0d, 0x78,
    0x0d, 0xb6, 0xa5, 0x13, 0x00, 0x02, 0x50, 0x01, 0x98, 0x67, 0xbe, 0xc8, 0x03, 0xfc, 0x66, 0x10,
    0x0f, 0xc7, 0x53, 0x55, 0x8c, 0x03, 0x9b, 0xb7, 0x48, 0x8f, 0x3d, 0x40, 0x02, 0xd3, 0x6b, 0x80,
    0x43, 0x3e, 0x80, 0x00, 0xa4, 0x40, 0x27, 0x20, 0x0f, 0x32, 0x3b, 0x08, 0xa4, 0xc0, 0x39, 0x2e,
    0x86, 0x0d, 0xc2, 0xea, 0xa0, 0x29, 0xa6, 0x04, 0x3b, 0xb7, 0x74, 0x80, 0x58, 0x39, 0x57, 0x0e,
    0xce, 0xe4, 0x00, 0x87, 0x81, 0x07, 0xf3, 0xa7, 0x40, 0x21, 0xd0, 0x72, 0x52, 0x0a, 0xa1, 0x80,
    0x43, 0x80, 0x27, 0xde, 0x01, 0x84, 0x00, 0x36, 0x55, 0x01, 0xc1, 0xe2, 0x00, 0x30, 0x06, 0x4e,
    0x43, 0xa8, 0x2d, 0x31, 0x88, 0x0b, 0x1d, 0x37, 0x01, 0xdd, 0xcc, 0xe0, 0x01, 0x9a, 0xd2, 0x05,
    0x61, 0x03, 0x20, 0x2f, 0x1c, 0x30, 0x0c, 0xfd, 0x54, 0x02, 0xe8, 0x10, 0x0e, 0x6e, 0xd3, 0x00,
    0x00, 0xf3, 0x30, 0x03, 0xff, 0x7f, 0x00, 0x7f, 0xf3, 0x8f, 0x80, 0x3c, 0x37, 0x7c, 0x97, 0x7e,
    0x20, 0xee, 0xe1, 0x2e, 0xee, 0x31, 0x55, 0xc2, 0x22, 0x05, 0x5c, 0x20, 0x1d, 0xaf, 0x52, 0x01,
    0xfc, 0x4d, 0x6c, 0x4a, 0x01, 0xfb, 0x98, 0x86, 0xec, 0x40, 0x1c, 0x34, 0x10, 0x00, 0x57, 0xf2,
    0x00, 0x93, 0x1b, 0x44, 0x02, 0x97, 0xc6, 0x02, 0xaa, 0x60, 0x80, 0x75, 0x45, 0x91, 0x39, 0xc0,
    0x3f, 0x36, 0x90, 0x06, 0xaa, 0xff, 0x28, 0x01, 0x73, 0x33, 0x06, 0x66, 0x60, 0x01, 0xb3, 0x76,
    0xb3, 0x63, 0x00, 0xff, 0xe2, 0x33, 0x7b, 0x99, 0xb8, 0x45, 0x99, 0xc6, 0xf9, 0x9c, 0x03, 0x55,
    0xa4, 0x42, 0x2a, 0xb0, 0x80, 0x74, 0xbc, 0xc0, 0x07, 0xf3, 0x24, 0x33, 0xb0, 0x07, 0xcf, 0x14,
    0x22, 0xe8, 0x70, 0x0c, 0x77, 0x5a, 0x80, 0x03, 0xda, 0xb4, 0x02, 0xd3, 0xc3, 0x00, 0xc7, 0x87,
    0x46, 0x5d, 0x02, 0x01, 0xe1, 0x8e, 0x30, 0x00, 0xf3, 0x30, 0x03, 0xff, 0x7f, 0x00, 0x7f, 0xf0,
    0x7c, 0x03, 0xe1, 0x1e, 0x20, 0x11, 0xe0, 0x2e, 0xee, 0x48, 0xee, 0xe3, 0x2f, 0xfd, 0xc0, 0x0d,
    0xff, 0xc6, 0x01, 0xca, 0x4c, 0xa0, 0x1f, 0xed, 0x4a, 0x91, 0x00, 0xfc, 0x4d, 0x66, 0xac, 0x01,
    0xfb, 0x8c, 0x82, 0x24, 0xc0, 0x38, 0x68, 0x1e, 0xc4, 0xe7, 0x4c, 0x02, 0x4c, 0x6d, 0xb1, 0xd1,
    0x76, 0xd6, 0x03, 0xaa, 0x60, 0x85, 0x31, 0x04, 0x5c, 0x21, 0xf3, 0x80, 0x6a, 0x30, 0x02, 0xf2,
    0x00, 0x00, 0xf3, 0xb0, 0x07, 0xfe, 0xee, 0x00, 0x7c, 0x33, 0x39, 0x11, 0x33, 0x8c, 0x02, 0xff,
    0xc2, 0xff, 0xf8, 0x40, 0x02, 0xcd, 0x97, 0x19, 0xb1, 0x00, 0x7c, 0x60, 0x1f, 0x0d, 0x57, 0x25,
    0xd5, 0x70, 0x86, 0x66, 0xd1, 0x16, 0x67, 0x00, 0xb3, 0x60, 0x20, 0x56, 0x6c, 0x20, 0x18, 0xa6,
    0x21, 0xc2, 0x01, 0xf2, 0x63, 0xaa, 0x93, 0x08, 0x03, 0x1c, 0xdc, 0xc8, 0x01, 0x35, 0x92, 0x60,
    0x7a, 0x1a, 0xe0, 0x19, 0xf0, 0x35, 0x0f, 0xa4, 0x80, 0x3c, 0x53, 0xc8, 0x00, 0xf3, 0xa8, 0x07,
    0xfe, 0xe2, 0x00, 0xfd, 0x39, 0x93, 0xce, 0x65, 0x40, 0x18, 0xaf, 0xfc, 0x8f, 0xfe, 0xa7, 0x00,
    0xe2, 0x33, 0xb8, 0xcc, 0x40, 0x1f, 0xfc, 0x51, 0x37, 0x23, 0x32, 0x81, 0x98, 0x80, 0xc4, 0xb8,
    0x6b, 0xb8, 0x71, 0xdc, 0xb0, 0xe5, 0x3d, 0xdd, 0x64, 0x71, 0xbb, 0x90, 0x03, 0x14, 0x46, 0x10,
    0x0f, 0x8b, 0xdd, 0x51, 0x70, 0x80, 0x31, 0x46, 0x54, 0x80, 0x22, 0xb2, 0x08, 0x0b, 0x07, 0x1c,
    0x03, 0x3e, 0x0e, 0x29, 0x74, 0x90, 0x07, 0x8a, 0x79, 0x40, 0x00, 0x98, 0x81, 0xd4, 0x03, 0xf0,
    0xc8, 0x03, 0x88, 0x03, 0xf3, 0x93, 0xa9, 0x6a, 0xae, 0x00, 0xd6, 0x3d, 0xc5, 0x7e, 0xec, 0x20,
    0x07, 0x1c, 0xbb, 0x3d, 0x5d, 0xe1, 0x00, 0x67, 0x80, 0x46, 0x20, 0x1e, 0x2c, 0x47, 0x7d, 0x8e,
    0xfc, 0x41, 0xdd, 0xc4, 0xbd, 0xdc, 0x05, 0x33, 0xbc, 0xd3, 0xe6, 0x71, 0x00, 0x62, 0x89, 0x88,
    0x10, 0x07, 0xc7, 0xee, 0xa7, 0x3e, 0x60, 0x18, 0xa7, 0x6a, 0x40, 0x0f, 0x5b, 0x24, 0x05, 0x81,
    0x8e, 0x01, 0x9f, 0x0f, 0x10, 0xba, 0x48, 0x03, 0xc5, 0x5c, 0x80, 0x00, 0xf2, 0xb8, 0x07, 0xc8,
    0xef, 0xbb, 0x1d, 0xf2, 0x00, 0x7b, 0xd0, 0x80, 0x30, 0x80, 0x11, 0xdc, 0xc6, 0x64, 0xd2, 0x77,
    0x28, 0x00, 0x9a, 0x7c, 0xf3, 0x7f, 0xb5, 0xc4, 0x06, 0xb4, 0x6a, 0xcc, 0xcd, 0x17, 0x8a, 0x24,
    0x60, 0x7f, 0x11, 0xe6, 0xf2, 0x3b, 0x99, 0xf5, 0xd9, 0x6e, 0xc6, 0x00, 0xee, 0x4c, 0xbb, 0x80,
    0x1f, 0xdf, 0x76, 0xf0, 0x0f, 0xf2, 0x2a, 0xac, 0x03, 0xfd, 0xc4, 0x4f, 0xa0, 0x08, 0xc0, 0x34,
    0xc3, 0xbc, 0xbb, 0xa5, 0x60, 0x0c, 0xa2, 0x01, 0x1f, 0xe7, 0x18, 0x00, 0x00, 0xa0, 0xc0, 0x3f,
    0x86, 0x64, 0xb3, 0x25, 0xee, 0xed, 0x01, 0xdd, 0x0e, 0xe9, 0xfb, 0x4b, 0xb0, 0xc0, 0x05, 0xa3,
    0x9a, 0x20, 0xcc, 0x00, 0x18, 0x01, 0x74, 0x73, 0x48, 0x3f, 0xc0, 0x22, 0x01, 0xad, 0x1c, 0xd4,
    0x57, 0x40, 0x67, 0x00, 0x55, 0x07, 0x2b, 0x23, 0x8e, 0x64, 0x60, 0x26, 0x6a, 0x43, 0x08, 0x32,
    0xd8, 0x80, 0x0a, 0xa8, 0xd9, 0x53, 0x55, 0x42, 0x25, 0x13, 0xff, 0xdc, 0x6d, 0xdf, 0xf8, 0xca,
    0xaa, 0xb7, 0x99, 0x3d, 0xd5, 0x44, 0x00, 0x27, 0xf4, 0x77, 0x27, 0xc1, 0x80, 0x0f, 0xbf, 0xdb,
    0x00, 0x08, 0xd1, 0xef, 0x33, 0x7e, 0xc1, 0x80, 0x63, 0x9d, 0xe3, 0x00, 0xe1, 0xa1, 0x00, 0xf9,
    0x9b, 0x43, 0xb9, 0x9b, 0x84, 0x3b, 0xaa, 0x45, 0xea, 0xbe, 0xe8, 0x01, 0x10, 0xe1, 0xf8, 0x86,
    0x8f, 0xc4, 0x04, 0x06, 0xa4, 0xff, 0x75, 0x83, 0x78, 0x60, 0x7f, 0xb0, 0xb3, 0x3d, 0xd3, 0xc8,
    0x7e, 0xe2, 0xe6, 0x7c, 0x2b, 0xa8, 0x02, 0x00, 0x1e, 0xee, 0x70, 0x0f, 0x9a, 0xef, 0x94, 0x02,
    0x2d, 0xd4, 0x2e, 0x7f, 0xec, 0xdd, 0x11, 0x37, 0x54, 0x75, 0xbb, 0x34, 0xee, 0x88, 0x00, 0xf5,
    0x42, 0x67, 0x80, 0xb5, 0x00, 0xdc, 0xfe, 0x23, 0x6f, 0xd4, 0x08, 0x05, 0x32, 0x87, 0x73, 0x2a,
    0x2e, 0x88, 0x00, 0x00, 0xe4, 0xb0, 0x0f, 0xfd, 0xa4, 0x01, 0xff, 0x9f, 0x40, 0x3e, 0x16, 0x6a,
    0x04, 0x99, 0xbc, 0x27, 0xbb, 0x31, 0xee, 0xd1, 0x7b, 0xa3, 0x2b, 0xb4, 0x0f, 0x5d, 0xc7, 0x17,
    0x62, 0x00, 0xa9, 0x48, 0x00, 0x64, 0x80, 0x1c, 0x4d, 0xc0, 0x14, 0xa8, 0x80, 0x79, 0x6a, 0x86,
    0x88, 0x80, 0x0f, 0x15, 0x7e, 0xea, 0xdc, 0x80, 0x3f, 0xbc, 0x19, 0xf1, 0x00, 0x31, 0xb5, 0xf1,
    0xec, 0xfa, 0x5d, 0x88, 0x07, 0xb7, 0x36, 0xcc, 0x06, 0x34, 0x2c, 0x07, 0x6d, 0xc8, 0x03, 0x8a,
    0xe4, 0x00, 0x00, 0x3a, 0x00, 0x73, 0x98, 0x07, 0x60, 0x04, 0x4a, 0x1a, 0xe0, 0x1c, 0xcc, 0x00,
    0x3f, 0x80, 0x79, 0x34, 0xbf, 0x50, 0x03, 0x65, 0x70, 0x24, 0x27, 0xb0, 0x01, 0xa5, 0x0f, 0xc0,
    0x22, 0x32, 0x73, 0x82, 0xe5, 0xf5, 0x00, 0xb7, 0x40, 0x49, 0x48, 0xe2, 0x01, 0xc8, 0xe6, 0x46,
    0x40, 0x18, 0x4c, 0x00, 0xff, 0x28, 0x01, 0xc5, 0x62, 0x00, 0x9b, 0x5e, 0x00, 0xe3, 0xdf, 0x00,
    0xb9, 0x21, 0x40, 0x2a, 0x57, 0xb5, 0x06, 0x64, 0xe8, 0x89, 0x88, 0x46, 0x31, 0x3b, 0xd2, 0x34,
    0x57, 0xff, 0xc2, 0x87, 0xa6, 0x01, 0x0d, 0xef, 0x75, 0x40, 0x00, 0x32, 0x80, 0x7f, 0xec, 0x00,
    0x92, 0xef, 0xa4, 0x02, 0x66, 0x00, 0x17, 0xff, 0x2f, 0x83, 0x69, 0xee, 0xb0, 0x51, 0x2e, 0x76,
    0x07, 0x93, 0xf9, 0x00, 0xd2, 0x12, 0x00, 0x13, 0x51, 0x13, 0x00, 0x45, 0xe0, 0x1b, 0x70, 0x33,
    0x73, 0x25, 0x8c, 0xc2, 0x82, 0x08, 0x22, 0x3f, 0xe2, 0xaf, 0xf2, 0x05, 0xd4, 0x89, 0x9e, 0x72,
    0x33, 0x08, 0x2e, 0x33, 0x80, 0x7f, 0xca, 0x6f, 0x40, 0x1f, 0xcf, 0x5d, 0xa4, 0x01, 0xf9, 0x6f,
    0xc8, 0x60, 0x27, 0x55, 0xc0, 0x25, 0xc2, 0x00, 0xd1, 0xfc, 0x40, 0x10, 0x00, 0xac, 0x03, 0xfe,
    0x26, 0x00, 0x89, 0x13, 0x18, 0x01, 0xdc, 0x01, 0x54, 0xff, 0xa3, 0x57, 0x6d, 0x37, 0x50, 0x15,
    0x76, 0xe0, 0x5c, 0x2b, 0xc5, 0x00, 0xfc, 0x24, 0x82, 0x2e, 0x00, 0xf9, 0x08, 0x41, 0x14, 0x03,
    0xec, 0x60, 0x23, 0x30, 0x07, 0xd4, 0xd7, 0x67, 0x00, 0xfc, 0x58, 0x4d, 0x80, 0x1f, 0xc2, 0xa7,
    0x66, 0x1c, 0x89, 0x00, 0x0b, 0x5b, 0x25, 0x81, 0x3f, 0xda, 0x05, 0x97, 0x40, 0xeb, 0xd1, 0x76,
    0xa6, 0x2e, 0x70, 0x0c, 0xca, 0x00, 0x18, 0x00, 0x2b, 0x80, 0x7f, 0xd8, 0x01, 0x2b, 0xbf, 0x20,
    0x00, 0x88, 0x01, 0x7f, 0xec, 0xd4, 0xd4, 0xbd, 0x95, 0x88, 0xda, 0x09, 0xc3, 0xf6, 0x01, 0xfc,
    0xca, 0x3d, 0xc0, 0x0f, 0xd9, 0x80, 0x33, 0x2f, 0xfe, 0x90, 0x02, 0x08, 0x95, 0x6e, 0xed, 0x20,
    0x09, 0xba, 0x51, 0x01, 0x1c, 0x01, 0x26, 0x28, 0x08, 0x07, 0xf4, 0xa8, 0xd8, 0x07, 0xe8, 0x5a,
    0xa4, 0xe7, 0x76, 0x80, 0x43, 0xc1, 0x03, 0xdf, 0xfd, 0x00, 0x96, 0x20, 0x10, 0x8f, 0x34, 0x80,
    0x00, 0x32, 0x80, 0x4a, 0xc0, 0x1f, 0x60, 0x06, 0xf0, 0x0f, 0xcc, 0xe0, 0x12, 0x64, 0x46, 0x25,
    0xd3, 0xfd, 0x55, 0x16, 0x20, 0xf3, 0x02, 0x49, 0xe3, 0x9c, 0x41, 0x9f, 0x50, 0xc8, 0x49, 0x04,
    0x45, 0x4c, 0x20, 0x06, 0x90, 0x06, 0x60, 0x15, 0x4f, 0x0a, 0x00, 0xf0, 0x09, 0x1c, 0xcc, 0x20,
    0x8a, 0x00, 0xee, 0x00, 0x23, 0xa5, 0x41, 0x14, 0x40, 0x08, 0x80, 0x03, 0x42, 0xf0, 0x76, 0x80,
    0x42, 0xa8, 0x00, 0xd3, 0x82, 0x96, 0x00, 0xde, 0xc0, 0xcb, 0xd6, 0x46, 0x01, 0xc8, 0x47, 0x7e,
    0x4a, 0x00, 0x5e, 0x66, 0x00, 0x47, 0xa4, 0x01, 0x97, 0xf4, 0x80, 0x20, 0x00, 0x31, 0x80, 0x61,
    0xa0, 0x0f, 0x6b, 0x80, 0x63, 0x40, 0x0f, 0x32, 0x80, 0x19, 0x8a, 0x0c, 0xd0, 0x26, 0x96, 0x6a,
    0x7f, 0xb8, 0x7f, 0xe0, 0x48, 0x4c, 0x17, 0x99, 0x58, 0xcc, 0xc0, 0x02, 0x31, 0x21, 0x22, 0x08,
    0x11, 0x42, 0x1b, 0x82, 0x09, 0xfe, 0xd1, 0xcf, 0xf2, 0x02, 0x3a, 0x2b, 0x6e, 0x94, 0x1f, 0x74,
    0xa1, 0x7b, 0x38, 0x00, 0x47, 0x15, 0x30, 0x09, 0x68, 0xfc, 0x06, 0x60, 0x23, 0xc4, 0x02, 0xe5,
    0x52, 0x6d, 0x30, 0x22, 0x2c, 0x01, 0x0f, 0x79, 0xcc, 0xe0, 0x14, 0x0a, 0x25, 0xe2, 0x2b, 0xa0,
    0x0e, 0xb4, 0x46, 0x10, 0x00, 0x40, 0x05, 0xe0, 0x18, 0x00, 0xf3, 0xa8, 0x07, 0xd5, 0x77, 0xaa,
    0x2e, 0xf5, 0x00, 0x22, 0x67, 0x3a, 0xcc, 0xe8, 0x00, 0x14, 0x77, 0x48, 0xbd, 0xd4, 0x10, 0x09,
    0xcf, 0xfc, 0x8b, 0xfe, 0xb1, 0x31, 0x29, 0x9e, 0x74, 0x99, 0x63, 0x49, 0x1d, 0x7e, 0x64, 0xcc,
    0xcc, 0x13, 0x51, 0x80, 0x76, 0xbe, 0x00, 0x3f, 0xc0, 0x02, 0xaf, 0xcc, 0x2b, 0xe6, 0x6e, 0xa2,
    0x39, 0x97, 0xa4, 0x42, 0x79, 0xca, 0x64, 0x62, 0x66, 0xf0, 0xe6, 0x0f, 0x78, 0x33, 0x08, 0x05,
    0x5a, 0x35, 0xa8, 0x68, 0x01, 0x0e, 0x6e, 0xa0, 0x2b, 0xb9, 0x9d, 0xc6, 0x01, 0xdd, 0xae, 0x54,
    0x05, 0x6b, 0xd8, 0x00, 0x00, 0x49, 0x00, 0x61, 0xa0, 0x0f, 0x21, 0x80, 0x63, 0x40, 0x0f, 0x18,
    0x81, 0xd5, 0x24, 0x6a, 0xa4, 0x6d, 0x1d, 0xd3, 0x7f, 0xb4, 0x7f, 0xe6, 0x7b, 0x5c, 0x61, 0x55,
    0x38, 0x2a, 0xc4, 0x3d, 0xa2, 0xcc, 0xee, 0x78, 0xf7, 0x40, 0x03, 0x30, 0x19, 0x0f, 0xe0, 0xff,
    0x84, 0x00, 0xac, 0x8a, 0x00, 0x13, 0x01, 0x10, 0x05, 0x3f, 0xd8, 0x01, 0xfe, 0x78, 0x52, 0x00,
    0xff, 0xb4, 0xec, 0xc0, 0x31, 0xe0, 0x80, 0x19, 0x76, 0x02, 0xc0, 0x23, 0xff, 0x01, 0xdf, 0x8b,
    0x1a, 0x00, 0x63, 0x10, 0x3d, 0x20, 0x0e, 0x1f, 0x00, 0xc0, 0x00, 0x32, 0x00, 0x64, 0x70, 0x0f,
    0x60, 0x07, 0x40, 0x80, 0x79, 0xd8, 0x02, 0x51, 0x64, 0x50, 0x02, 0xe9, 0x7e, 0xa8, 0xc4, 0x83,
    0x41, 0x02, 0x4a, 0x63, 0x84, 0xa2, 0x04, 0x12, 0x00, 0x4c, 0xc2, 0x23, 0x76, 0xfc, 0xe2, 0x44,
    0x06, 0xe0, 0x2b, 0xe7, 0x7e, 0xe5, 0xd3, 0x82, 0x39, 0x90, 0xb4, 0x4c, 0xe2, 0x30, 0xbe, 0x84,
    0x0d, 0x3f, 0xf8, 0x30, 0x00, 0xbc, 0x80, 0x16, 0xb3, 0x58, 0x01, 0xad, 0x15, 0x80, 0x3f, 0x99,
    0x6b, 0xc8, 0x35, 0xde, 0xc0, 0x01, 0xd7, 0x89, 0x20, 0x0f, 0xfc, 0x60, 0x03, 0xc2, 0x00, 0xa6,
    0xa2, 0x2a, 0xb0, 0x00, 0x3a, 0x00, 0x7f, 0xed, 0x00, 0xab, 0xff, 0x8c, 0x02, 0x66, 0x00, 0x55,
    0xff, 0x10, 0x01, 0x34, 0xff, 0x50, 0x03, 0xf2, 0x49, 0xfb, 0x38, 0x74, 0x44, 0x60, 0x10, 0xa9,
    0x30, 0x81, 0x77, 0x40, 0x1b, 0x7c, 0x0c, 0x83, 0x19, 0xa3, 0x00, 0x91, 0x4d, 0x40, 0x3f, 0xcb,
    0xf4, 0x60, 0x0a, 0xff, 0x88, 0x02, 0x9b, 0x6c, 0x00, 0x57, 0xfc, 0x40, 0x1c, 0x52, 0x20, 0x1f,
    0xcb, 0x3f, 0x48, 0xd8, 0xab, 0x1a, 0x10, 0xc6, 0x92, 0xfb, 0x1f, 0xfc, 0x9a, 0xc3, 0xa6, 0x05,
    0x55, 0xf9, 0x00, 0x00, 0xe1, 0x24, 0x57, 0xa4, 0x00, 0x87, 0x77, 0x7c, 0x68, 0xf2, 0x80, 0x43,
    0xbb, 0x62, 0xdc, 0x32, 0x08, 0x00, 0xb7, 0x79, 0xa7, 0x77, 0x88, 0x9b, 0xb5, 0x0a, 0x20, 0x2b,
    0x37, 0x44, 0x00, 0x5c, 0xdd, 0x16, 0xe7, 0x63, 0x08, 0x1e, 0xf7, 0xd2, 0x90, 0x8a, 0x7b, 0x3c,
    0xca, 0x64, 0x27, 0x58, 0x84, 0x41, 0x8d, 0x25, 0x8e, 0xe6, 0x1d, 0x77, 0x33, 0xfb, 0xd5, 0x33,
    0x08, 0x7b, 0x98, 0x80, 0xcc, 0x90, 0x00, 0x24, 0x39, 0x0f, 0x54, 0x10, 0x0e, 0x1b, 0x95, 0x7b,
    0x38, 0x82, 0x00, 0x59, 0xd9, 0xdc, 0xdc, 0xde, 0xf8, 0xb0, 0x06, 0xf6, 0xd3, 0x90, 0x00, 0x9f,
    0x2c, 0x00, 0x00, 0x3a, 0x00, 0x66, 0x50, 0x0f, 0x60, 0x04, 0x66, 0x08, 0x33, 0x08, 0x04, 0xcc,
    0x00, 0x74, 0x6b, 0x47, 0x30, 0x26, 0x97, 0xe8, 0x84, 0xdd, 0xca, 0x00, 0x48, 0x4f, 0x30, 0x07,
    0x66, 0x4c, 0x01, 0x11, 0x98, 0x04, 0x23, 0xba, 0x70, 0x0b, 0x74, 0x44, 0x00, 0x0b, 0x34, 0x60,
    0x12, 0x21, 0x54, 0x00, 0xe8, 0x9e, 0x02, 0x00, 0x25, 0x6e, 0x00, 0x27, 0x82, 0xbb, 0x80, 0x0a,
    0x24, 0x40, 0x04, 0x4f, 0x71, 0x00, 0x08, 0xca, 0x80, 0x34, 0x2c, 0x98, 0x01, 0xdd, 0x84, 0x27,
    0x58, 0xfb, 0x70, 0x27, 0x7e, 0x32, 0xa0, 0x0f, 0x53, 0xc2, 0x33, 0x61, 0x00, 0x13, 0xa0, 0xc0,
    0x05, 0x44, 0x00, 0x32, 0x80, 0x44, 0x6a, 0xf4, 0x80, 0x16, 0x00, 0x59, 0x35, 0x1f, 0x28, 0x01,
    0x33, 0x80, 0x51, 0x29, 0xc6, 0x00, 0x3d, 0x3f, 0xd4, 0x0e, 0xd7, 0x8d, 0xd2, 0x1c, 0x9e, 0x30,
    0x03, 0xb7, 0xcf, 0x74, 0x80, 0x4a, 0x2c, 0xc0, 0x47, 0x57, 0x71, 0xb0, 0x66, 0x04, 0xc4, 0xb4,
    0x1a, 0xeb, 0x48, 0x10, 0x55, 0x47, 0x7a, 0x0a, 0xd5, 0x68, 0x17, 0x51, 0x81, 0x9c, 0x23, 0x61,
    0x00, 0x17, 0x4f, 0x80, 0x23, 0x38, 0x03, 0xa9, 0x51, 0xc0, 0xcf, 0x00, 0x67, 0x4b, 0xf5, 0x02,
    0x2c, 0x20, 0x03, 0xbf, 0x12, 0x20, 0x1e, 0xec, 0xc0, 0x03, 0xc2, 0x00, 0xa2, 0xa6, 0x6d, 0x60,
    0x00, 0x50, 0x80, 0x15, 0x7c, 0x40, 0x12, 0x08, 0x00, 0x8b, 0xa1, 0xc0, 0x04, 0x40, 0x08, 0x7b,
    0xb0, 0x04, 0xde, 0x7b, 0x60, 0xf7, 0x79, 0x80, 0x0f, 0x4f, 0xce, 0x3b, 0xdd, 0x98, 0x40, 0x7b,
    0x5d, 0x8a, 0x67, 0xa0, 0x44, 0x0a, 0x84, 0x49, 0xf2, 0xc8, 0x22, 0x41, 0x08, 0xdf, 0xa5, 0xed,
    0x8c, 0xd3, 0x80, 0x06, 0x11, 0x11, 0x79, 0x0b, 0x9e, 0x46, 0x3a, 0x60, 0x20, 0x0c, 0x95, 0xd9,
    0x00, 0x85, 0xc6, 0x80, 0x3f, 0xd2, 0xda, 0x22, 0x00, 0xcd, 0x5c, 0x0a, 0x56, 0x36, 0x38, 0x20,
    0x07, 0xc6, 0x05, 0xb1, 0x00, 0x88, 0x16, 0x84, 0x40, 0x00, 0x00, 0x41, 0x80, 0x11, 0xc0, 0x2b,
    0x00, 0xc8, 0x20, 0x47, 0x86, 0x64, 0x41, 0x88, 0x00, 0x88, 0x09, 0x6d, 0x32, 0xe0, 0x93, 0x4d,
    0x1d, 0xd3, 0xcb, 0xdd, 0xc1, 0x44, 0x90, 0xbe, 0x62, 0x09, 0x55, 0x00, 0x62, 0xd3, 0x00, 0x92,
    0xee, 0x00, 0xda, 0x64, 0x40, 0x17, 0xdf, 0xd2, 0x00, 0x91, 0x56, 0x04, 0xdf, 0x2d, 0xd0, 0x04,
    0xb7, 0xb8, 0xfb, 0xaf, 0x2d, 0xd8, 0xc2, 0xcd, 0x1d, 0xd9, 0xc6, 0x03, 0x98, 0x30, 0x01, 0x97,
    0x09, 0xf4, 0x12, 0x58, 0x05, 0x0d, 0x96, 0xf9, 0x08, 0x10, 0x7a, 0x68, 0x8e, 0x17, 0x1d, 0x50,
    0x0a, 0x68, 0x53, 0x08, 0x00, 0xe6, 0x05, 0xe0, 0x06, 0x20, 0x00, 0x58, 0x80, 0x0c, 0xfe, 0x00,
    0x94, 0x40, 0xb6, 0x21, 0x9f, 0x10, 0x00, 0x09, 0x80, 0x45, 0x76, 0x1d, 0xbb, 0x02, 0x61, 0x66,
    0x18, 0xf7, 0x43, 0x9b, 0x00, 0xb4, 0xdc, 0x20, 0x7b, 0xa1, 0xcd, 0x80, 0x1e, 0xf2, 0x37, 0x2c,
    0xc0, 0xe6, 0x20, 0x00, 0xaa, 0x23, 0x12, 0xdd, 0x0f, 0xec, 0x00, 0x99, 0x3a, 0x01, 0x44, 0x06,
    0x21, 0x22, 0x26, 0xde, 0xc3, 0xbc, 0xc5, 0x66, 0x1c, 0x01, 0x28, 0x87, 0x5d, 0x27, 0x2f, 0x60,
    0x10, 0x00, 0x94, 0x9f, 0x68, 0x5c, 0x28, 0x04, 0xc9, 0x9b, 0x68, 0x43, 0x02, 0xa4, 0x09, 0x7e,
    0x2d, 0xe5, 0x06, 0xb9, 0xc8, 0x09, 0x84, 0x00, 0x30, 0x08, 0x77, 0x20, 0x00, 0x00, 0x41, 0x00,
    0x1c, 0x40, 0x0a, 0xa0, 0x0c, 0xa6, 0x00, 0x1b, 0x01, 0x86, 0x00, 0xe1, 0x06, 0xe7, 0x8a, 0x0b,
    0x81, 0x4d, 0x2d, 0xa2, 0xd0, 0xe1, 0x4d, 0xd0, 0x24, 0x37, 0x08, 0xbc, 0xf1, 0xd7, 0xcc, 0x43,
    0x7d, 0xc9, 0x24, 0xf9, 0x11, 0x9e, 0x00, 0x35, 0x2e, 0xa8, 0x3f, 0x45, 0xa4, 0x40, 0x29, 0xf9,
    0xd5, 0x0e, 0x12, 0xa5, 0x10, 0x2b, 0x28, 0xad, 0x47, 0x09, 0x52, 0x00, 0x1b, 0x30, 0x16, 0x31,
    0x84, 0x3f, 0x80, 0x09, 0x99, 0x46, 0x84, 0x41, 0x48, 0x10, 0x04, 0xb5, 0x97, 0xc0, 0x80, 0x33,
    0x16, 0x28, 0x74, 0x19, 0x08, 0x01, 0x9f, 0x41, 0x28, 0x00, 0x8a, 0x1a, 0x32, 0xe0, 0xc2, 0x00,
    0x50, 0x80, 0x66, 0x60, 0x07, 0x90, 0x45, 0x55, 0xae, 0xaa, 0x20, 0x22, 0x00, 0xc4, 0x48, 0x88,
    0x88, 0x9b, 0x0f, 0x6d, 0x7b, 0x88, 0xbd, 0xcb, 0x07, 0x97, 0x90, 0x64, 0x4f, 0x50, 0x0f, 0x68,
    0x09, 0x25, 0xde, 0x36, 0x00, 0x22, 0x08, 0x80, 0x51, 0x19, 0x40, 0x02, 0x03, 0x9a, 0x71, 0x97,
    0x63, 0x85, 0x00, 0x0c, 0xb8, 0x56, 0xcd, 0x51, 0xb2, 0x90, 0x70, 0x81, 0x27, 0xaf, 0xfd, 0x7f,
    0xca, 0x00, 0x71, 0x87, 0x8c, 0xcd, 0x3a, 0x21, 0x2d, 0xbc, 0x0d, 0x11, 0xac, 0x00, 0x85, 0x62,
    0xe0, 0xb5, 0x5c, 0x00, 0x4b, 0x10, 0x02, 0xfd, 0xde, 0xc8, 0x00, 0x00, 0x5e, 0x67, 0xeb, 0x10,
    0x0a, 0x3f, 0xfc, 0xa7, 0xc2, 0x01, 0x19, 0xf0, 0xca, 0xe2, 0x80, 0x7e, 0x5c, 0xdc, 0x30, 0x0f,
    0xe2, 0x77, 0x00, 0x71, 0x44, 0x76, 0x2c, 0x47, 0x18, 0x07, 0xff, 0x08, 0xa2, 0x3b, 0x16, 0x23,
    0x8c, 0x03, 0xff, 0xad, 0xe0, 0x1f, 0xe2, 0xee, 0x36, 0x00, 0x7f, 0x16, 0x7f, 0x28, 0x07, 0x80,
    0x00, 0xf5, 0x18, 0x07, 0xc8, 0xab, 0x83, 0xd5, 0x72, 0x00, 0x27, 0xbb, 0x0b, 0xf7, 0x69, 0x00,
    0xa2, 0xef, 0xf4, 0x00, 0x4a, 0x51, 0x77, 0xe7, 0x15, 0x00, 0x40, 0xdf, 0xfe, 0x05, 0x42, 0x80,
    0x0c, 0x68, 0x86, 0xf0, 0xf3, 0x00, 0xc6, 0x7d, 0x01, 0x04, 0x67, 0x00, 0x3f, 0xf9, 0x17, 0xff,
    0x80, 0x19, 0x9c, 0xcc, 0xcc, 0xe0, 0x0f, 0xfe, 0x48, 0x80, 0x7f, 0xd7, 0xcf, 0xa0, 0x1f, 0xea,
    0xfe, 0x50, 0x0f, 0x00, 0xe8, 0x30, 0x0f, 0xf8, 0x5c, 0x40, 0x3e, 0x2e, 0xeb, 0xc3, 0x3b, 0xbc,
    0x44, 0xff, 0x8e, 0xbf, 0xfe, 0x20, 0x11, 0x38, 0xa2, 0x7c, 0x01, 0x8a, 0x3c, 0x33, 0x34, 0x59,
    0x00, 0x07, 0xd4, 0xc6, 0x66, 0xe1, 0xc3, 0x02, 0xd0, 0x10, 0x0c, 0xd9, 0x82, 0x00, 0x32, 0x58,
    0x1d, 0xde, 0x5b, 0xb9, 0x11, 0x00, 0x02, 0xff, 0x91, 0x7f, 0xe6, 0x00, 0xc2, 0x89, 0x78, 0xa2,
    0x44, 0x01, 0xff, 0xc8, 0x8d, 0x8d, 0x00, 0xf3, 0x58, 0x02, 0x73, 0xdc, 0x03, 0x00, 0xf0, 0x9a,
    0xbc, 0x98, 0x04, 0x5b, 0xbb, 0xfd, 0x81, 0xa4, 0x01, 0x16, 0xee, 0x6b, 0x97, 0x41, 0x00, 0x16,
    0xef, 0x34, 0xee, 0xf1, 0x96, 0x65, 0x00, 0xa8, 0x11, 0x99, 0x18, 0x08, 0x44, 0xf9, 0xef, 0xcc,
    0x18, 0x81, 0x4f, 0x9c, 0x0f, 0x88, 0xa0, 0x72, 0x88, 0xff, 0xc5, 0xd3, 0xb9, 0xb5, 0xbf, 0x84,
    0x2c, 0x31, 0x54, 0xe6, 0x67, 0xa8, 0xb0, 0x15, 0x57, 0x40, 0x95, 0xd5, 0x44, 0x7d, 0xdc, 0xaf,
    0xdd, 0xc6, 0x28, 0x9d, 0xc4, 0x89, 0xc2, 0x01, 0xab, 0x67, 0x40, 0x3f, 0xd7, 0x9c, 0xa0, 0x1e,
    0x00, 0x21, 0x80, 0x28, 0x80, 0x04, 0xe0, 0x1d, 0xc2, 0x1b, 0x00, 0x08, 0x00, 0xcc, 0x61, 0x0f,
    0xee, 0xe9, 0x40, 0x60, 0x05, 0xf2, 0x8f, 0x82, 0xf8, 0xb7, 0xc8, 0x05, 0x71, 0x1f, 0xa4, 0x02,
    0x83, 0xbd, 0xdd, 0xdf, 0x43, 0x40, 0x05, 0x1b, 0xdd, 0xa0, 0x9e, 0x81, 0x40, 0x3e, 0x8e, 0xe4,
    0x00, 0x62, 0xdd, 0xe6, 0x5f, 0xdd, 0xc6, 0x5f, 0xfc, 0xee, 0xff, 0xe3, 0x02, 0x2e, 0x11, 0x11,
    0x70, 0x07, 0xc2, 0x01, 0xfe, 0x1d, 0xe7, 0xc0, 0x0f, 0xe1, 0xcf, 0xe4, 0x00, 0xf0, 0x00, 0xfc,
    0x72, 0x01, 0x8b, 0x33, 0x30, 0x00, 0x9c, 0xc0, 0x22, 0xee, 0x79, 0x0e, 0xeb, 0x03, 0xb7, 0x4c,
    0x04, 0x4b, 0x66, 0x7f, 0x8e, 0xbf, 0xe7, 0x00, 0x12, 0xc8, 0x92, 0xba, 0x0a, 0x90, 0x80, 0x19,
    0x82, 0x0b, 0x38, 0xbe, 0x40, 0x1e, 0x54, 0xe5, 0xfa, 0x55, 0x00, 0x05, 0xa1, 0x3c, 0x2e, 0x81,
    0x65, 0xec, 0x13, 0x15, 0x29, 0x11, 0x85, 0x49, 0x32, 0x05, 0xad, 0x00, 0x1c, 0x4c, 0x25, 0x50,
    0x80, 0x3c, 0x78, 0x8f, 0x46, 0x40, 0x18, 0x40, 0x25, 0xdc, 0xc7, 0xdc, 0x00, 0xed, 0x98, 0x67,
    0x4d, 0x91, 0x31, 0x08, 0x73, 0xa0, 0x32, 0xd0, 0x02, 0x1c, 0x20, 0x00, 0xfe, 0x25, 0x96, 0x00,
    0x5e, 0x64, 0x97, 0x9d, 0x3b, 0x8e, 0x00, 0xad, 0x81, 0x4a, 0xe3, 0x89, 0x41, 0x00, 0x08, 0xbe,
    0x00, 0x1d, 0x07, 0x4c, 0x01, 0x94, 0x14, 0x70, 0x7f, 0x09, 0xc0, 0x31, 0x18, 0x0d, 0xc3, 0x2c,
    0x38, 0x07, 0x14, 0x22, 0x26, 0xa4, 0x71, 0x40, 0x5e, 0x9f, 0x83, 0x0a, 0xf7, 0x02, 0x00, 0xbd,
    0x15, 0x96, 0xf2, 0xd3, 0x22, 0x02, 0x71, 0xc0, 0x01, 0xe7, 0x00, 0x0f, 0x38, 0x80, 0x72, 0x3a,
    0x80, 0x06, 0x78, 0x03, 0x8a, 0x7c, 0x03, 0x23, 0xa8, 0x4d, 0x71, 0x71, 0xc4, 0x38, 0x01, 0x4a,
    0x13, 0xac, 0x06, 0x11, 0xee, 0x00, 0x10, 0x00, 0x0a, 0xb9, 0x1b, 0x11, 0x9c, 0x20, 0x01, 0xe2,
    0x40, 0xeb, 0x34, 0x46, 0x90, 0x00, 0x43, 0x21, 0x26, 0x17, 0x30, 0x02, 0x01, 0x0f, 0xf8, 0xbe,
    0x5b, 0xfc, 0x06, 0x01, 0x1e, 0x19, 0x85, 0x9c, 0xcc, 0x02, 0x00, 0xb3, 0x4c, 0xb1, 0x14, 0xe5,
    0x8d, 0x80, 0x17, 0x36, 0xb6, 0xa9, 0xb5, 0xba, 0x40, 0x01, 0x1c, 0xee, 0xec, 0xe6, 0x33, 0x00,
    0x30, 0x63, 0x31, 0xb6, 0xd4, 0xe3, 0x80, 0x51, 0x1d, 0x54, 0x3d, 0x88, 0x88, 0xfb, 0xb8, 0x87,
    0xbb, 0x80, 0x59, 0xbb, 0xd9, 0xbc, 0x40, 0x19, 0x72, 0xf4, 0x03, 0xfc, 0xbb, 0x8e, 0x01, 0xe0,
    0x00, 0xea, 0x30, 0x0f, 0xf1, 0x48, 0x07, 0x56, 0xee, 0x55, 0x6e, 0xea, 0x6b, 0xff, 0xdb, 0xff,
    0x50, 0x81, 0x20, 0x11, 0x7c, 0x18, 0x96, 0xc0, 0x18, 0x8d, 0x6c, 0x03, 0xcb, 0x59, 0x60, 0x1d,
    0x95, 0xdc, 0xcf, 0x80, 0x0e, 0x2f, 0xf5, 0xb0, 0x80, 0x7b, 0x94, 0x40, 0x31, 0x88, 0x07, 0xfa,
    0x98, 0x00, 0xdc, 0x89, 0xca, 0xe6, 0x00, 0x80, 0xf8, 0x8d, 0xd2, 0x80, 0x00, 0xf5, 0x18, 0x07,
    0xc8, 0xab, 0x82, 0x15, 0x72, 0x00, 0x27, 0xbb, 0x08, 0x77, 0x6a, 0x00, 0xa2, 0xef, 0xa7, 0x26,
    0x00, 0x24, 0x11, 0x23, 0xd6, 0xe6, 0xb0, 0xb8, 0x02, 0x7b, 0x3f, 0x53, 0xfa, 0x90, 0xa4, 0x02,
    0xcd, 0xb9, 0x02, 0x00, 0xc2, 0x01, 0xc4, 0xa0, 0xf3, 0x59, 0xde, 0x44, 0xcd, 0xff, 0x50, 0xff,
    0xbb, 0xfd, 0xc4, 0x7f, 0xf6, 0xf8, 0xc3, 0x21, 0x88, 0x80, 0x4c, 0x80, 0x3f, 0xbc, 0x03, 0xc2,
    0x23, 0x22, 0x94, 0xc0, 0x3c, 0x4d, 0xd9, 0x94, 0x40, 0x00, 0x00, 0xe8, 0x20, 0x0f, 0x22, 0x71,
    0xc2, 0x27, 0x05, 0xff, 0xe0, 0x1f, 0xfd, 0x60, 0x0a, 0xbb, 0xfd, 0x40, 0x03, 0x0a, 0xaf, 0xc0,
    0x61, 0x83, 0xff, 0x00, 0xff, 0xc3, 0x80, 0x12, 0xad, 0xa4, 0xab, 0x00, 0x4e, 0xfd, 0x8a, 0xef,
    0xc1, 0xff, 0xce, 0x1f, 0xfc, 0x11, 0x1d, 0x6b, 0x11, 0xc0, 0x1f, 0xfc, 0x7f, 0x00, 0xff, 0x77,
    0xb6, 0x00, 0x7f, 0x77, 0xf2, 0x80, 0x78, 0x00, 0xf4, 0x98, 0x07, 0xc2, 0x3e, 0x81, 0x1e, 0x00,
    0x67, 0xfe, 0x65, 0xff, 0xda, 0x01, 0x6f, 0x77, 0x66, 0xf5, 0x00, 0x48, 0x20, 0x1c, 0xb4, 0x0e,
    0xa0, 0x3a, 0xc8, 0x9d, 0xc4, 0x8f, 0xa2, 0x7f, 0xff, 0x23, 0x7f, 0xc6, 0x57, 0x5f, 0x77, 0xa9,
    0x2e, 0xe2, 0x00, 0x1c, 0xa8, 0x07, 0xfc, 0x5d, 0x64, 0x01, 0xff, 0x1c, 0xb8, 0x07, 0xfe, 0x75,
    0x00, 0x78, 0x07, 0xfd, 0xde, 0xda, 0x01, 0xfe, 0xef, 0xe4, 0x00, 0xc0, 0x00, 0xe1, 0xa1, 0x00,
    0xf8, 0x8b, 0x1b, 0x49, 0x17, 0x00, 0x23, 0x3f, 0xe1, 0x5f, 0xfb, 0x24, 0x02, 0xbd, 0xd7, 0xde,
    0xee, 0x80, 0x0b, 0x44, 0x01, 0x7e, 0x01, 0x8b, 0x00, 0x06, 0x08, 0xad, 0xe8, 0x98, 0x0c, 0x01,
    0xff, 0x51, 0xef, 0xfa, 0xe3, 0xfc, 0x21, 0x76, 0xe2, 0xdb, 0xb4, 0x0e, 0xdd, 0x84, 0x00, 0x36,
    0xc6, 0x00, 0xf9, 0x10, 0x0e, 0x1d, 0x3f, 0xcb, 0x77, 0x00, 0x7c, 0x71, 0x24, 0xcb, 0x04, 0x01,
    0xc4, 0xf9, 0x31, 0xba, 0x2d, 0x91, 0x00, 0x46, 0x6c, 0xeb, 0x01, 0xd6, 0x2b, 0x80, 0x23, 0xa9,
    0x40, 0x38, 0xf1, 0x80, 0x00, 0xf5, 0x90, 0x07, 0xc4, 0x5c, 0x30, 0x45, 0xc0, 0x0f, 0xfe, 0x77,
    0x7f, 0xee, 0x00, 0xbb, 0x77, 0xf4, 0x80, 0x42, 0x11, 0x55, 0xe8, 0x00, 0xd8, 0x79, 0xff, 0xec,
    0x4c, 0x00, 0x08, 0x95, 0x13, 0xca, 0x22, 0x03, 0xff, 0xbb, 0x9f, 0xee, 0xff, 0xc6, 0x6e, 0xe9,
    0xdb, 0xb8, 0x39, 0xdd, 0x18, 0x06, 0x2f, 0x00, 0xff, 0x89, 0x10, 0x01, 0xe8, 0x30, 0x02, 0xfc,
    0x90, 0x00, 0xd8, 0x44, 0x8e, 0x5d, 0xc9, 0x70, 0x09, 0x67, 0x30, 0xe8, 0x5f, 0x68, 0x01, 0xa3,
    0x76, 0xb0, 0x00, 0xe6, 0x60, 0x07, 0x33, 0x76, 0x5b, 0x37, 0x47, 0xfe, 0x34, 0xff, 0xb2, 0x02,
    0xea, 0xbf, 0x48, 0x78, 0xec, 0x47, 0xb0, 0x7c, 0x40, 0xee, 0xfc, 0x20, 0x20, 0x03, 0x88, 0xf0,
    0x07, 0xbb, 0xbd, 0x06, 0x01, 0x88, 0xbf, 0x00, 0x6e, 0xef, 0x44, 0x80, 0x47, 0x55, 0xf0, 0x06,
    0x37, 0x7f, 0x60, 0x07, 0xfc, 0x20, 0x11, 0xfb, 0xbf, 0xae, 0x80, 0x00, 0xea, 0x30, 0x0e, 0x22,
    0xe0, 0x82, 0x2e, 0xef, 0xee, 0x99, 0xfb, 0xaf, 0xe0, 0x9c, 0xca, 0x65, 0x99, 0x48, 0x2b, 0x80,
    0x5b, 0xa0, 0x09, 0xda, 0x59, 0xde, 0x43, 0x77, 0x96, 0x83, 0xb4, 0x03, 0xdb, 0x40, 0x17, 0xbb,
    0x90, 0xdd, 0xdc, 0x01, 0xbe, 0x20, 0x88, 0x88, 0x70, 0x06, 0x2d, 0xd3, 0xb6, 0xe8, 0x80, 0x36,
    0xaa, 0x8c, 0x95, 0x58, 0x01, 0xbe, 0x20, 0x88, 0x88, 0x70, 0x06, 0x3f, 0xf5, 0xdb, 0xfc, 0x60,
    0x15, 0x4b, 0xbf, 0xa7, 0x40, 0x00, 0xf5, 0x18, 0x07, 0xc4, 0x67, 0x82, 0x0c, 0xf1, 0x00, 0x3f,
    0xbf, 0xe6, 0x7f, 0xfb, 0xbc, 0x02, 0xec, 0xcf, 0xdc, 0x01, 0x30, 0x3b, 0xff, 0x30, 0x02, 0xcf,
    0xba, 0xbb, 0x77, 0x4b, 0x60, 0x1a, 0xa6, 0x48, 0x89, 0x98, 0x40, 0x3b, 0x04, 0x00, 0x24, 0x50,
    0x80, 0x63, 0x11, 0x00, 0x1f, 0xfe, 0x80, 0x0d, 0x62, 0x80, 0x06, 0xdd, 0xa4, 0x02, 0x15, 0x89,
    0x30, 0x0f, 0xe8, 0x67, 0x8d, 0x52, 0x32, 0x2c, 0x26, 0x92, 0x0b, 0x8a, 0x3f, 0xfc, 0x47, 0xa4,
    0x00, 0x28, 0xbc, 0xdd, 0xc6, 0x00, 0xe9, 0x40, 0x0f, 0x11, 0x70, 0x41, 0x17, 0x04, 0xff, 0x74,
    0xa1, 0xdd, 0x7f, 0x00, 0x23, 0xbf, 0x31, 0x7b, 0x98, 0x80, 0x01, 0xb3, 0x39, 0xc2, 0x00, 0x26,
    0x40, 0x81, 0x4f, 0xf0, 0x80, 0x80, 0x0e, 0x00, 0x11, 0x61, 0x06, 0x20, 0x1f, 0x56, 0x50, 0x39,
    0x00, 0x7a, 0x65, 0xc3, 0x32, 0x19, 0x9e, 0x1c, 0xcd, 0xc7, 0x7f, 0x99, 0x85, 0x56, 0x7a, 0x85,
    0xbf, 0x65, 0x50, 0x00, 0xe7, 0x29, 0xcf, 0x7f, 0xac, 0x82, 0x78, 0x71, 0xc0, 0x25, 0xdc, 0x90,
    0x9d, 0x82, 0x00, 0xf3, 0xd8, 0x00, 0x00, 0xf4, 0x20, 0x07, 0xca, 0xcd, 0x8a, 0x19, 0xb2, 0x80,
    0x2f, 0xfb, 0xa2, 0x4e, 0xeb, 0x2c, 0x02, 0xb8, 0x88, 0x7e, 0x22, 0x90, 0x0a, 0xed, 0x99, 0x3d,
    0x66, 0x53, 0x60, 0x05, 0x8d, 0xd9, 0xd7, 0x76, 0xb5, 0x00, 0x92, 0xee, 0x44, 0x5d, 0xce, 0x01,
    0x9e, 0x66, 0x64, 0x99, 0x90, 0x00, 0x2e, 0xa8, 0x92, 0x92, 0x24, 0xae, 0x20, 0x1d, 0x84, 0x9c,
    0x01, 0xc2, 0xef, 0x0a, 0xfd, 0xa2, 0x1d, 0xe1, 0x01, 0x5c, 0xdc, 0x35, 0x8d, 0x93, 0x00, 0x0e,
    0x74, 0xd9, 0x00, 0x17, 0xc7, 0xf8, 0x87, 0x6d, 0x40, 0x38, 0x63, 0x3c, 0x80, 0x00, 0xf4, 0xa0,
    0x07, 0xce, 0xfc, 0x52, 0xef, 0xc0, 0x09, 0xf0, 0x06, 0x9d, 0x00, 0x5f, 0x20, 0x15, 0x39, 0x26,
    0xa2, 0x4b, 0x40, 0x16, 0x13, 0xd2, 0x65, 0x53, 0x2c, 0xb0, 0x00, 0x37, 0x8c, 0xc8, 0x81, 0x2c,
    0x81, 0x00, 0x5d, 0x73, 0x7f, 0xe3, 0xa0, 0x0e, 0x35, 0x27, 0xa5, 0x46, 0x94, 0x10, 0x01, 0xce,
    0x6e, 0x5c, 0x4d, 0x95, 0xf6, 0x19, 0x77, 0x9b, 0xe4, 0xcb, 0xc0, 0xba, 0x0c, 0x5c, 0xc2, 0x2a,
    0xb4, 0x00, 0xa0, 0x07, 0x1a, 0x26, 0x50, 0x0f, 0xd9, 0xbb, 0xb0, 0x03, 0xed, 0xb9, 0x9d, 0x58,
    0x01, 0x00, 0xf4, 0xa0, 0x07, 0xd1, 0x1c, 0x53, 0x11, 0xc0, 0x07, 0xff, 0xd9, 0x5f, 0xf9, 0xc4,
    0x05, 0x08, 0xbf, 0x20, 0x80, 0x39, 0xb3, 0x15, 0xd9, 0x8f, 0xc5, 0xe1, 0x00, 0x2c, 0x1b, 0x5c,
    0xd3, 0xd3, 0x00, 0x64, 0xc6, 0xe8, 0x99, 0x06, 0x20, 0x06, 0x14, 0xb1, 0x1a, 0x73, 0x1c, 0x01,
    0x96, 0x5d, 0x84, 0x0c, 0x4e, 0x80, 0x36, 0x77, 0x4c, 0xce, 0xeb, 0x40, 0x36, 0x77, 0x4c, 0xce,
    0xeb, 0x40, 0x02, 0x67, 0xc4, 0x43, 0x3e, 0x13, 0x88, 0xe1, 0x14, 0x47, 0x18, 0x00, 0xf4, 0x98,
    0x07, 0xca, 0xcd, 0x8b, 0xd9, 0xb2, 0x80, 0x23, 0xfb, 0xa2, 0x5e, 0xeb, 0xe0, 0x02, 0xdc, 0xc8,
    0xcd, 0x99, 0x68, 0x05, 0x8d, 0xbb, 0x33, 0x37, 0x67, 0xc0, 0x00, 0xbf, 0x74, 0xee, 0xee, 0x94,
    0x40, 0x21, 0x22, 0x84, 0x08, 0xa3, 0x00, 0x0d, 0x77, 0xfc, 0xed, 0xff, 0xa8, 0x45, 0x33, 0xc8,
    0xf3, 0x3c, 0x20, 0x6d, 0xdd, 0x3a, 0x77, 0x48, 0x60, 0x19, 0xf7, 0x5d, 0xcd, 0xd2, 0xf8, 0x07,
    0x32, 0x27, 0x88, 0x03, 0xc3, 0xbb, 0xe6, 0x00, 0xe4, 0xc9, 0x9f, 0x6c, 0x80, 0x00, 0x00, 0xe7,
    0x50, 0x0e, 0x67, 0x7d, 0xb0, 0xef, 0x9a, 0xf8, 0x02, 0x34, 0x00, 0xba, 0xc2, 0xbc, 0xdc, 0x79,
    0xcb, 0xa8, 0x38, 0xee, 0x40, 0x21, 0x8a, 0x2e, 0x33, 0x5b, 0x42, 0x5d, 0x82, 0xd4, 0xc1, 0x93,
    0x7a, 0xa9, 0x96, 0x86, 0x01, 0x0f, 0x77, 0x84, 0x03, 0x0e, 0xef, 0x98, 0x03, 0x09, 0x17, 0x9c,
    0x03, 0x84, 0x7c, 0x01, 0xcc, 0xdf, 0x80, 0x3f, 0xa3, 0x50, 0xc0, 0x0b, 0x40, 0x1a, 0x33, 0x90,
    0x00, 0x00, 0xf5, 0x18, 0x07, 0xcc, 0xef, 0xde, 0xef, 0xc0, 0x0a, 0xf0, 0x0a, 0xac, 0x02, 0xf9,
    0x00, 0xad, 0x13, 0xf5, 0x00, 0x52, 0x31, 0x16, 0x7c, 0x44, 0x76, 0x00, 0x52, 0xad, 0x63, 0xcb,
    0xb7, 0xba, 0x80, 0x12, 0xb3, 0xbc, 0x14, 0x1e, 0x88, 0x03, 0x7e, 0xd4, 0x3c, 0x5c, 0xfa, 0x00,
    0x4a, 0x17, 0xdc, 0xa3, 0xc3, 0x20, 0x0d, 0x19, 0x18, 0x38, 0x41, 0x1e, 0x01, 0xa6, 0x4d, 0x9f,
    0xe5, 0x05, 0x6a, 0x10, 0x04, 0xf7, 0xfa, 0x8d, 0x0c, 0x28, 0x30, 0xc3, 0x7e, 0x87, 0x7d, 0x10,
    0x00, 0xa9, 0x20, 0x41, 0x02, 0xcf, 0x90, 0x0c, 0x82, 0x00, 0xf4, 0xa8, 0x07, 0xcc, 0xef, 0x8a,
    0x1d, 0xf3, 0x00, 0x2f, 0x80, 0x2c, 0xa0, 0x0b, 0xac, 0x02, 0xa7, 0xe3, 0x77, 0x08, 0x3d, 0x00,
    0x58, 0x54, 0x68, 0x6a, 0xfb, 0x83, 0x80, 0x05, 0xc2, 0xa1, 0xe8, 0x3a, 0xa6, 0x10, 0x01, 0xe6,
    0x0b, 0x2e, 0x3c, 0xda, 0x88, 0x00, 0x68, 0xdf, 0x6c, 0xb3, 0xce, 0xa2, 0x00, 0x4b, 0x96, 0xf9,
    0x96, 0xbc, 0x63, 0x89, 0xce, 0x8e, 0xff, 0xed, 0x1e, 0xd3, 0x36, 0xb0, 0x23, 0x36, 0x50, 0x3a,
    0x20, 0x0c, 0xe8, 0x9c, 0x01, 0xfb, 0xfb, 0xb6, 0x80, 0x7d, 0x95, 0x5d, 0x7e, 0x01, 0x00, 0xf4,
    0xa0, 0x07, 0xcc, 0xef, 0x96, 0x1d, 0xf8, 0x01, 0x5e, 0x23, 0x55, 0x04, 0x6f, 0xa0, 0x03, 0x58,
    0x01, 0x13, 0xd8, 0xe0, 0x0a, 0x2b, 0x3e, 0xeb, 0x3f, 0xa1, 0x84, 0x01, 0x0e, 0xb9, 0x90, 0x7e,
    0x64, 0x20, 0xcc, 0x20, 0x7c, 0xc0, 0xf6, 0x61, 0x01, 0x21, 0x40, 0x1d, 0x7d, 0xbd, 0xc7, 0x10,
    0x5d, 0xd0, 0x05, 0xe2, 0x39, 0xc0, 0x02, 0x60, 0x19, 0x26, 0x70, 0x80, 0x7e, 0xaa, 0xe6, 0x00,
    0xfd, 0xb3, 0x39, 0x80, 0x3f, 0x16, 0x66, 0x10, 0x0c, 0xd2, 0x11, 0x05, 0x5d, 0xaa, 0x00, 0x00,
    0xf3, 0xa8, 0x07, 0xd3, 0x55, 0xae, 0x2a, 0xb4, 0x80, 0x1f, 0xbb, 0x5d, 0x77, 0x5e, 0xc0, 0x02,
    0x0d, 0xda, 0xed, 0xbb, 0x01, 0x80, 0x31, 0xb7, 0x5e, 0x6d, 0x9b, 0xa7, 0xc0, 0x08, 0x9c, 0xee,
    0x76, 0x7c, 0x48, 0x00, 0x27, 0x9b, 0xa9, 0x54, 0xfc, 0x87, 0x31, 0x38, 0x75, 0x1f, 0x88, 0xb0,
    0xee, 0x0c, 0xae, 0x37, 0x7a, 0xac, 0xbe, 0xc8, 0x01, 0x78, 0x01, 0x59, 0x00, 0x7e, 0x34, 0x48,
    0x03, 0xfc, 0xb1, 0x13, 0x88, 0x07, 0xd7, 0xf5, 0x5a, 0x34, 0x88, 0x01, 0x8c, 0xc0, 0x1a, 0xf3,
    0x84, 0x00, 0x00, 0xf4, 0xa0, 0x07, 0xd1, 0x1c, 0xb1, 0x1e, 0x00, 0x37, 0xf7, 0x06, 0xa9, 0xdd,
    0x7b, 0x00, 0x4a, 0xcc, 0x1a, 0x56, 0xc5, 0x50, 0x05, 0xaa, 0x57, 0x6e, 0xbc, 0x26, 0x66, 0x80,
    0x54, 0x4e, 0x08, 0xb5, 0x21, 0x2e, 0x03, 0xd2, 0x00, 0xec, 0xf6, 0x5f, 0xe9, 0x20, 0xbd, 0xe0,
    0x36, 0xec, 0xaf, 0x3e, 0x23, 0xde, 0xfc, 0xe9, 0x96, 0xf2, 0x81, 0x81, 0x5f, 0x90, 0x03, 0x74,
    0x20, 0x76, 0x01, 0x8d, 0xc0, 0x3e, 0x60, 0x0e, 0xe8, 0x82, 0x1c, 0x42, 0x80, 0x3b, 0xb7, 0xfd,
    0x79, 0xfe, 0x00, 0xf2, 0xbb, 0xfd, 0x38, 0x00, 0x00, 0xea, 0x40, 0x0e, 0x89, 0x9c, 0xf3, 0x3e,
    0x5f, 0xdd, 0xa6, 0x5b, 0xb7, 0xb8, 0x2f, 0xff, 0xe4, 0x0d, 0x3e, 0xef, 0xc5, 0xc0, 0x0a, 0x22,
    0xf5, 0x80, 0x7f, 0xbc, 0x03, 0xac, 0xcf, 0xb2, 0x80, 0x2d, 0x88, 0xa6, 0x51, 0x17, 0x08, 0x1e,
    0xe6, 0x12, 0xb3, 0x21, 0x00, 0xaa, 0xec, 0x95, 0x77, 0x00, 0x68, 0x99, 0x3a, 0xcc, 0xc0, 0x1a,
    0x62, 0x00, 0x51, 0x10, 0x05, 0x95, 0x5f, 0xb8, 0x40, 0x00, 0xf4, 0x30, 0x07, 0xd5, 0x77, 0x96,
    0x2e, 0xf5, 0x00, 0x13, 0xe3, 0x75, 0xdb, 0xac, 0x8f, 0x40, 0x01, 0x1a, 0x56, 0xa2, 0x36, 0xd0,
    0xc8, 0x01, 0x88, 0x6c, 0x26, 0x61, 0x63, 0x4c, 0x00, 0x97, 0x9d, 0xdd, 0xc7, 0x77, 0x30, 0x06,
    0x7b, 0x45, 0xbb, 0x2a, 0x5a, 0x00, 0x0b, 0x73, 0x0e, 0xd9, 0x86, 0x7c, 0xc6, 0x99, 0x6e, 0xa0,
    0xeb, 0xb7, 0x0e, 0x37, 0x46, 0x03, 0x10, 0xf0, 0xad, 0xaf, 0x9a, 0x20, 0x3f, 0x2c, 0x15, 0x9c,
    0xc1, 0x66, 0xe1, 0x9b, 0x28, 0xe7, 0x75, 0x02, 0x20, 0x7e, 0x30, 0x20, 0x2a, 0xcc, 0xde, 0x80,
    0x1f, 0xc2, 0xb3, 0xe8, 0x01, 0x00, 0xf4, 0xb0, 0x07, 0xd7, 0x99, 0x92, 0x33, 0x38, 0x41, 0x7a,
    0x7b, 0xad, 0xff, 0xc4, 0x00, 0x92, 0xb2, 0x49, 0x9e, 0xc9, 0x10, 0xe0, 0x09, 0x0c, 0xf8, 0x1c,
    0x00, 0x6a, 0x01, 0x55, 0x70, 0x06, 0xef, 0x00, 0x25, 0x57, 0x30, 0x04, 0x96, 0x09, 0xa4, 0x5e,
    0xb0, 0x09, 0x44, 0x68, 0x8f, 0x28, 0x1d, 0xc0, 0x3f, 0x7c, 0x5d, 0xbe, 0x68, 0x01, 0xb8, 0x24,
    0x9c, 0xfb, 0xef, 0x68, 0x06, 0xc0, 0x1c, 0x95, 0x18, 0x60, 0x1e, 0x4d, 0x9f, 0xed, 0x09, 0xd1,
    0x00, 0xbd, 0x36, 0xdc, 0x49, 0xef, 0x44, 0x00, 0xf4, 0x20, 0x07, 0xd3, 0x3c, 0x93, 0x3e, 0x00,
    0x36, 0xf8, 0xec, 0xae, 0xed, 0x8c, 0x00, 0x74, 0xd3, 0x39, 0x73, 0x2d, 0x50, 0x04, 0xd9, 0xc7,
    0x7d, 0xa6, 0xfb, 0x58, 0x16, 0xed, 0x09, 0x0c, 0xe5, 0x74, 0x20, 0x5b, 0x84, 0xb4, 0xa9, 0xd2,
    0xea, 0x01, 0x8a, 0xa3, 0xb7, 0x59, 0x65, 0x90, 0x44, 0xc3, 0x83, 0xcc, 0xc1, 0x96, 0x06, 0x5b,
    0x99, 0xba, 0x33, 0x21, 0x81, 0x00, 0x38, 0x9c, 0xf3, 0xc9, 0x03, 0x00, 0x47, 0x85, 0x60, 0x1a,
    0xfb, 0xd8, 0x01, 0x32, 0xa3, 0xdb, 0xd0, 0x03, 0xef, 0x00, 0x29, 0x40, 0xb7, 0x9c, 0x02, 0x38,
    0x00, 0x00, 0xf5, 0x10, 0x07, 0xcf, 0x11, 0x9b, 0xa2, 0x33, 0x80, 0x2b, 0xb7, 0x69, 0x96, 0xed,
    0xd4, 0x00, 0x47, 0x8c, 0xc7, 0x4e, 0x62, 0xd5, 0xc1, 0x17, 0x48, 0x00, 0xe0, 0x10, 0xfb, 0x22,
    0x33, 0x87, 0xb8, 0xed, 0xdc, 0x1c, 0xc2, 0x00, 0x50, 0x22, 0xdc, 0x11, 0x41, 0x00, 0x64, 0xa0,
    0x0f, 0x6d, 0x00, 0x70, 0xff, 0xf9, 0xc0, 0x3f, 0xf9, 0x03, 0xdd, 0xe7, 0x00, 0xe7, 0x9d, 0xb4,
    0x45, 0xe6, 0x28, 0x02, 0x9c, 0xec, 0xd3, 0x36, 0x7f, 0x7b, 0x80, 0x23, 0x6d, 0x84, 0x02, 0x49,
    0xd6, 0x00, 0x00, 0xf5, 0x18, 0x07, 0xa6, 0x79, 0xfa, 0x67, 0x81, 0xf3, 0x75, 0xf1, 0x3b, 0xb6,
    0x38, 0x13, 0xe7, 0xe8, 0x8b, 0x32, 0x62, 0x0c, 0x63, 0xab, 0x47, 0xbb, 0x1b, 0xe0, 0x04, 0xbb,
    0x8a, 0xdf, 0xe5, 0x00, 0xe5, 0xee, 0x3b, 0x77, 0x14, 0x03, 0x38, 0xe7, 0x44, 0x61, 0x70, 0x08,
    0xf4, 0x6f, 0x77, 0x91, 0x00, 0x77, 0x92, 0x22, 0x00, 0x78, 0xe1, 0x97, 0x70, 0xc3, 0x52, 0xd5,
    0x10, 0x22, 0x2d, 0x75, 0x73, 0x7a, 0x5f, 0x16, 0x20, 0x03, 0x40, 0xdb, 0x3b, 0x47, 0x8a, 0x80,
    0x11, 0x40, 0xcc, 0x22, 0xad, 0xd0, 0x80, 0x00, 0xf3, 0xb0, 0x07, 0xe2, 0x2d, 0xbc, 0x45, 0x84,
    0x00, 0x3f, 0xf9, 0x1b, 0xff, 0x10, 0x00, 0x77, 0x73, 0xce, 0xee, 0x30, 0x14, 0x4e, 0x2d, 0x44,
    0xe1, 0x2f, 0xfe, 0x01, 0xfb, 0xff, 0x88, 0xee, 0xfe, 0xa0, 0xab, 0xb1, 0x84, 0x47, 0xe0, 0x88,
    0x80, 0x1f, 0xe0, 0xff, 0xdc, 0x1d, 0xfe, 0x00, 0x3b, 0x94, 0x1d, 0xe6, 0x06, 0x77, 0x00, 0x6f,
    0x95, 0x00, 0xff, 0x8a, 0x80, 0x02, 0x60, 0x20, 0x1f, 0x22, 0xab, 0xb1, 0x40, 0x30, 0x00, 0x0b,
    0x00, 0x78, 0xe4, 0x03, 0x0d, 0x30, 0x07, 0x94, 0x00, 0x4c, 0xc4, 0xc6, 0x40, 0x0f, 0x87, 0xfc,
    0x27, 0x58, 0xcd, 0x58, 0xb1, 0x1c, 0xcd, 0x05, 0x3f, 0xf1, 0x9b, 0xd8, 0x21, 0xc1, 0x14, 0x66,
    0x68, 0x29, 0x40, 0x9a, 0x5c, 0xc0, 0x52, 0x00, 0x78, 0x7e, 0xdd, 0x43, 0xa0, 0x03, 0xe2, 0x60,
    0x30, 0x40, 0x40, 0x0f, 0x0a, 0x95, 0x80, 0x3d, 0x40, 0x3d, 0x69, 0xae, 0x80, 0x62, 0x01, 0x86,
    0xc6, 0x46, 0x54, 0x04, 0x98, 0x02, 0x22, 0x50, 0x01, 0x04, 0x17, 0x6e, 0xc0, 0x00, 0x00, 0x95,
    0x80, 0x38, 0x64, 0x02, 0x13, 0xe1, 0x31, 0x00, 0x8d, 0x00, 0x25, 0xe1, 0xde, 0x60, 0x0f, 0xe6,
    0x99, 0x38, 0x44, 0x56, 0x70, 0x60, 0x06, 0xaa, 0x30, 0x7f, 0xc2, 0x1e, 0x01, 0x36, 0xe9, 0x81,
    0xd9, 0xe8, 0xdc, 0xc0, 0x0d, 0x98, 0x60, 0x4a, 0x00, 0xe1, 0x36, 0xcc, 0x30, 0x20, 0x28, 0x06,
    0x2d, 0x1e, 0xa4, 0x00, 0x7c, 0x80, 0x63, 0xaa, 0x6a, 0xb0, 0x01, 0x3c, 0x03, 0xd3, 0x94, 0x01,
    0x8c, 0x03, 0x1e, 0x85, 0x88, 0x07, 0xf1, 0x4c, 0x8f, 0x18, 0xc0, 0xb7, 0x1c, 0x00, 0x28, 0x07,
    0xde, 0x80, 0x59, 0xf4, 0x00, 0x02, 0x02, 0x90, 0x08, 0xe4, 0x03, 0xbc, 0x44, 0xa0, 0x02, 0xe5,
    0x99, 0x38, 0x07, 0xc9, 0xf5, 0xf4, 0x7e, 0x01, 0xe9, 0xfe, 0x3f, 0x46, 0x90, 0x0a, 0xbc, 0x22,
    0x7c, 0x12, 0xb8, 0x40, 0x1d, 0x12, 0x02, 0x55, 0x65, 0x0e, 0x01, 0x19, 0x98, 0x1b, 0x73, 0x14,
    0x78, 0x00, 0x5b, 0xb7, 0x87, 0x39, 0xd4, 0xea, 0xc9, 0xa0, 0x6c, 0x86, 0x63, 0xbf, 0xc2, 0xfe,
    0x22, 0x05, 0x60, 0x40, 0xb7, 0x6c, 0x26, 0x20, 0x61, 0x00, 0x99, 0x60, 0x03, 0x84, 0x08, 0x03,
    0x46, 0x80, 0x80, 0x48, 0xa0, 0x1c, 0x22, 0xfa, 0xc0, 0x02, 0xc0, 0x1e, 0x80, 0x4b, 0xfa, 0xa0,
    0x00, 0x00, 0xf3, 0x28, 0x07, 0xd5, 0x5d, 0x71, 0x55, 0xa0, 0x01, 0x13, 0x39, 0xd2, 0x67, 0x50,
    0x00, 0xba, 0x26, 0x4e, 0xb3, 0x28, 0xd2, 0x00, 0xc7, 0xba, 0x67, 0xdd, 0x18, 0x07, 0xb5, 0x10,
    0x24, 0x88, 0xc0, 0x0e, 0x7e, 0x88, 0x3a, 0x47, 0x4a, 0x80, 0x4b, 0x9b, 0xb3, 0x33, 0x18, 0x84,
    0x80, 0x38, 0xcd, 0xde, 0x69, 0x9e, 0x80, 0xb1, 0x76, 0x88, 0xa6, 0x41, 0xd1, 0x6a, 0xad, 0xd3,
    0x56, 0xee, 0x0d, 0xd9, 0x40, 0x2a, 0xc9, 0x00, 0xff, 0x86, 0xec, 0x39, 0x82, 0x00, 0xfe, 0x21,
    0xdd, 0x80, 0x30, 0x02, 0x23, 0x9b, 0x88, 0x80, 0x2b, 0x00, 0xb9, 0x35, 0xfa, 0xdc, 0x02, 0x40,
    0x0b, 0xe8, 0x00, 0xa6, 0xc0, 0x1e, 0x48, 0x04, 0x81, 0x28, 0x00, 0xf2, 0xc3, 0xef, 0x56, 0x7f,
    0xe0, 0xf5, 0x13, 0xc4, 0x2a, 0x57, 0xff, 0x83, 0xd4, 0x2b, 0x32, 0x39, 0x3a, 0x20, 0x0e, 0x88,
    0x6b, 0xec, 0x16, 0xd8, 0x07, 0x0a, 0xfb, 0xaa, 0x85, 0x9c, 0x40, 0x33, 0x89, 0x80, 0x88, 0x06,
    0x00, 0x39, 0x1f, 0xd9, 0x88, 0x60, 0xc2, 0x01, 0x14, 0xdc, 0x2e, 0x42, 0x80, 0x04, 0x03, 0x7f,
    0xed, 0xb6, 0x1d, 0xf4, 0x00, 0x13, 0x21, 0x00, 0x61, 0xcf, 0xb0, 0x00, 0x03, 0x10, 0x0a, 0x08,
    0x01, 0x06, 0x01, 0x2e, 0x12, 0xb9, 0xcb, 0xc3, 0x23, 0x88, 0x34, 0x23, 0x1f, 0xed, 0x65, 0x19,
    0x84, 0x4a, 0x0a, 0x7f, 0xde, 0x9b, 0xab, 0x40, 0x3d, 0xeb, 0x00, 0x84, 0x60, 0x0c, 0x51, 0x80,
    0x1f, 0xfc, 0x1f, 0x20, 0x01, 0x77, 0x5e, 0x01, 0xa8, 0xb6, 0xcf, 0xc0, 0xc0, 0x10, 0xa4, 0x3b,
    0x4f, 0x5d, 0xcc, 0xfb, 0xde, 0xd0, 0x3f, 0x88, 0x4f, 0x09, 0x10, 0x04, 0x40, 0x66, 0xdd, 0x18,
    0x6e, 0xe6, 0x2d, 0xd0, 0x0a, 0xaa, 0x14, 0xd5, 0x61, 0xd5, 0x50, 0x80, 0x47, 0xe4, 0x13, 0xa8,
    0xc0, 0x1f, 0x12, 0x04, 0xe7, 0x18, 0x04, 0x00, 0xf2, 0x28, 0x07, 0xfe, 0xcc, 0x00, 0x7f, 0xf2,
    0x84, 0x80, 0x3c, 0x60, 0x1c, 0x9e, 0x01, 0xee, 0x60, 0x0d, 0x88, 0x01, 0xe8, 0x80, 0x06, 0x7d,
    0x00, 0xf2, 0x93, 0x00, 0x14, 0xd0, 0x03, 0xea, 0xb0, 0x04, 0x58, 0x07, 0xe7, 0x34, 0x40, 0xb0,
    0x07, 0xe1, 0x4c, 0x4c, 0x00, 0xff, 0x44, 0x00, 0x3f, 0xf1, 0x00, 0x61, 0xee, 0x3e, 0x00, 0x7f,
    0x0f, 0xfc, 0xa0, 0x1e, 0x00, 0xf4, 0x20, 0x07, 0xfe, 0x31, 0x00, 0xfe, 0x61, 0x00, 0xe6, 0x00,
    0xe4, 0xb1, 0x00, 0xed, 0x60, 0x0d, 0xf6, 0x01, 0xe9, 0x82, 0x00, 0x2b, 0x30, 0x03, 0xc4, 0xd0,
    0x03, 0x12, 0x01, 0xfa, 0x50, 0x87, 0x90, 0x03, 0xe4, 0x3f, 0x20, 0x30, 0x0c, 0x42, 0x07, 0x42,
    0x20, 0x0f, 0xa5, 0x17, 0x6c, 0xc0, 0x3f, 0x2e, 0x4e, 0xa8, 0x06, 0x13, 0x6a, 0xe9, 0xac, 0x30,
    0x0c, 0xbd, 0xcc, 0xdc, 0xc3, 0x00, 0x79, 0x7f, 0x69, 0xc8, 0x03, 0xf0, 0x02, 0x00, 0x9d, 0x80,
    0x24, 0x01, 0xf4, 0x00, 0x77, 0x00, 0x09, 0x42, 0x29, 0xa1, 0x00, 0xc3, 0x36, 0x20, 0x8e, 0xa0,
    0x19, 0x15, 0x40, 0x74, 0x7d, 0x48, 0x8a, 0xf2, 0xa4, 0x66, 0x7f, 0xd1, 0x3f, 0xf3, 0x08, 0x3a,
    0xb8, 0x8e, 0x75, 0x60, 0x0d, 0x71, 0xba, 0x8b, 0x00, 0xfa, 0xa6, 0x54, 0x01, 0xfb, 0x8c, 0xdc,
    0x01, 0xf9, 0x62, 0x07, 0xe0, 0x1e, 0xc9, 0xbb, 0x98, 0x03, 0xca, 0x80, 0x15, 0x72, 0x32, 0x50,
    0x07, 0xaf, 0xf8, 0xc0, 0x00, 0xe1, 0xa0, 0x25, 0x00, 0xfe, 0x34, 0x00, 0x75, 0x90, 0x07, 0xf8,
    0xaf, 0x7c, 0x40, 0x9d, 0xf5, 0x03, 0xbc, 0x2a, 0xc4, 0x1f, 0xf8, 0x83, 0xff, 0x07, 0x81, 0x44,
    0x6c, 0x51, 0xb8, 0x8c, 0x40, 0x1d, 0xc6, 0xae, 0x01, 0xfe, 0x5c, 0x00, 0xff, 0x90, 0xd0, 0x03,
    0xfe, 0x89, 0x00, 0xf3, 0x98, 0x05, 0x60, 0xe0, 0x1e, 0xc7, 0x04, 0xc7, 0xd0, 0x08, 0xcc, 0x46,
    0xac, 0x75, 0x78, 0x20, 0x09, 0xbe, 0xfe, 0x62, 0x3e, 0x70, 0x0c, 0xb9, 0xbb, 0x40, 0x00, 0x00,
    0xa0, 0xc0, 0x34, 0x90, 0x06, 0x11, 0x7c, 0x88, 0x80, 0x0a, 0xd8, 0x20, 0x7f, 0xe9, 0x4f, 0xf1,
    0x00, 0x1e, 0x6c, 0x0f, 0xbb, 0xc6, 0x42, 0xee, 0xf1, 0x07, 0xed, 0xd7, 0x44, 0x38, 0xa7, 0xa5,
    0x40, 0x13, 0xba, 0x80, 0x9c, 0x1c, 0xc9, 0x00, 0x1a, 0xcc, 0xc0, 0x01, 0x1f, 0x80, 0x64, 0xcc,
    0x6e, 0x60, 0x19, 0xc0, 0x38, 0x7f, 0x0f, 0xd8, 0x33, 0x40, 0x39, 0x04, 0x01, 0x96, 0x0a, 0xa0,
    0x0e, 0xba, 0x00, 0x28, 0xab, 0x10, 0x01, 0x18, 0x68, 0x80, 0x29, 0x88, 0x01, 0x89, 0x08, 0x9d,
    0xd1, 0xc1, 0x14, 0x61, 0x5b, 0xa5, 0x00, 0x3f, 0x30, 0x4b, 0x80, 0x1f, 0x2c, 0x80, 0x00, 0x08,
    0xff, 0x80, 0x34, 0xf7, 0xff, 0xdc, 0x20, 0x19, 0xbb, 0xbe, 0x00, 0xff, 0xeb, 0x24, 0xcf, 0xc0,
    0x1e, 0x6f, 0xf9, 0x43, 0xfd, 0x22, 0x01, 0x16, 0x33, 0x56, 0x6c, 0xd0, 0x06, 0x62, 0x00, 0x99,
    0x08, 0x03, 0x84, 0xd0, 0x02, 0x16, 0x90, 0x0e, 0x73, 0x10, 0x0d, 0x0f, 0x20, 0x1a, 0xe8, 0x03,
    0xdc, 0xb8, 0x80, 0x82, 0xc0, 0x1e, 0x2d, 0x4a, 0x24, 0xc0, 0x0f, 0xc3, 0x1c, 0x40, 0x00, 0xff,
    0xe1, 0xee, 0xfe, 0xec, 0x00, 0xdf, 0xbb, 0xea, 0x00, 0xe5, 0x5f, 0x8c, 0x03, 0xb7, 0x33, 0xdd,
    0x60, 0x1b, 0xea, 0xbe, 0x43, 0x00, 0x1f, 0x44, 0x7d, 0xf0, 0x02, 0x2b, 0x98, 0x8d, 0x37, 0x20,
    0x02, 0x30, 0x8f, 0x99, 0x7c, 0x01, 0x88, 0x22, 0x80, 0x22, 0xa9, 0x20, 0x01, 0x30, 0xbc, 0x00,
    0x6b, 0x33, 0x00, 0x1e, 0x28, 0x2a, 0x01, 0x08, 0xbb, 0x80, 0x7a, 0xf0, 0x00, 0x98, 0x77, 0xa7,
    0x55, 0x0d, 0x40, 0x06, 0x20, 0x16, 0x63, 0x84, 0x00, 0xff, 0xe2, 0x7f, 0x77, 0xef, 0x50, 0x0d,
    0xfd, 0xdf, 0x20, 0x07, 0x4c, 0x47, 0xcc, 0x01, 0xdf, 0xdd, 0x11, 0xf7, 0x2d, 0xc0, 0x33, 0x36,
    0xd2, 0x66, 0x88, 0x03, 0x7f, 0x75, 0x2d, 0xdd, 0x88, 0x04, 0x3b, 0xb4, 0xb7, 0x76, 0x20, 0x22,
    0x02, 0xb3, 0x34, 0x99, 0xa1, 0x00, 0x33, 0x02, 0x3f, 0x88, 0xfb, 0x92, 0x60, 0x0c, 0xc0, 0x02,
    0xe2, 0x38, 0x40, 0x02, 0xea, 0x00, 0x45, 0x5e, 0x00, 0x91, 0x48, 0x01, 0x99, 0xe1, 0x00, 0x2d,
    0x80, 0x3e, 0xa6, 0x7b, 0x88, 0x00, 0x00, 0x08, 0xff, 0x80, 0x2e, 0xff, 0xfd, 0xca, 0x01, 0x7f,
    0x77, 0xc8, 0x01, 0x91, 0x57, 0xe7, 0x00, 0xdf, 0xfb, 0xa7, 0xfc, 0xc2, 0x01, 0x55, 0x6d, 0x6a,
    0xa9, 0x00, 0x40, 0x66, 0x6d, 0x79, 0x99, 0x40, 0xc4, 0x1f, 0x30, 0x4d, 0x98, 0x3d, 0x01, 0x20,
    0x02, 0xab, 0xc5, 0x54, 0x40, 0x05, 0x60, 0x1d, 0xd4, 0x26, 0xe9, 0x80, 0x19, 0xa0, 0x3b, 0xa8,
    0x4d, 0xd3, 0x00, 0xa2, 0x80, 0x15, 0x5e, 0xca, 0xa2, 0x04, 0x41, 0x00, 0xe6, 0x01, 0x73, 0x0c,
    0x0b, 0x40, 0x3d, 0x33, 0xed, 0x90, 0x00, 0x08, 0xff, 0x80, 0x37, 0x66, 0x7e, 0xf6, 0x00, 0xdb,
    0xbf, 0x90, 0x03, 0xb3, 0x3f, 0x20, 0x07, 0x77, 0x7e, 0xc7, 0x00, 0x08, 0x77, 0xfb, 0x3f, 0xfa,
    0x80, 0x36, 0x61, 0x99, 0xba, 0x55, 0x6d, 0x80, 0x0c, 0x4b, 0x18, 0x66, 0x8d, 0xec, 0x40, 0x0c,
    0x47, 0x57, 0x85, 0xb5, 0xd8, 0x80, 0x02, 0x63, 0xfe, 0xd7, 0xc9, 0x97, 0xa0, 0x03, 0x34, 0xf7,
    0x67, 0x2d, 0xd8, 0x00, 0x28, 0x83, 0x77, 0x87, 0x9d, 0xe3, 0x15, 0x50, 0x4c, 0xe1, 0xc9, 0x9c,
    0x49, 0x67, 0x77, 0xfe, 0x30, 0x00, 0x08, 0xff, 0xc0, 0x17, 0x6e, 0xfe, 0xf6, 0x00, 0xd9, 0x9f,
    0x9c, 0x03, 0xae, 0xff, 0x20, 0x07, 0x44, 0x30, 0xa2, 0x05, 0x9c, 0xc0, 0x01, 0x00, 0x2e, 0x92,
    0xad, 0xca, 0xa0, 0x0c, 0xe2, 0x0e, 0x22, 0x03, 0x12, 0x00, 0x18, 0xa3, 0xe2, 0xbb, 0x97, 0x1d,
    0x80, 0x0c, 0x59, 0xd0, 0x9d, 0xc4, 0xbd, 0xd2, 0x01, 0x36, 0x5b, 0xee, 0x1e, 0x70, 0xf2, 0x06,
    0x68, 0x06, 0x2a, 0xcf, 0x83, 0x01, 0x45, 0x02, 0x23, 0x57, 0xd0, 0x90, 0x82, 0x29, 0x05, 0x07,
    0x72, 0x1f, 0xb3, 0xcd, 0x6c, 0x01, 0xb7, 0x08, 0x00, 0x3a, 0xe3, 0x01, 0x33, 0xff, 0x08, 0x00,
    0xb6, 0x67, 0xf7, 0x30, 0x04, 0x73, 0x3f, 0x9c, 0x03, 0x1c, 0xca, 0x27, 0xe2, 0x64, 0x04, 0x01,
    0x1d, 0x11, 0xd0, 0x16, 0xec, 0x60, 0x1a, 0x4a, 0x64, 0xfe, 0x23, 0x10, 0x04, 0x37, 0x3a, 0x6c,
    0x23, 0x50, 0x80, 0x1d, 0xc3, 0xbf, 0x67, 0xff, 0x00, 0x62, 0x0e, 0x13, 0x03, 0x11, 0x80, 0x37,
    0x9e, 0x08, 0x0c, 0x3f, 0x72, 0xd8, 0x00, 0xba, 0x20, 0x33, 0x6e, 0x83, 0x42, 0x04, 0x44, 0x00,
    0x1f, 0xf1, 0x7c, 0x71, 0x03, 0xb8, 0x40, 0x05, 0x98, 0x28, 0x98, 0xc2, 0x59, 0x00, 0x78, 0x5e,
    0x4a, 0x3d, 0xe1, 0x00, 0x00, 0x19, 0xff, 0x88, 0x0b, 0x6e, 0xff, 0x45, 0x80, 0x7f, 0xf0, 0xce,
    0xcc, 0x73, 0xfd, 0xa4, 0x16, 0x01, 0x1c, 0x0e, 0xf8, 0x69, 0x51, 0x00, 0x49, 0xe1, 0x80, 0x0d,
    0x0d, 0x20, 0x11, 0x1a, 0xe4, 0x60, 0xf6, 0x2a, 0x03, 0xb8, 0xc2, 0x93, 0x38, 0xb0, 0x48, 0x04,
    0x4a, 0x45, 0x21, 0x19, 0x1f, 0x06, 0x9e, 0x32, 0x10, 0x91, 0xf4, 0x08, 0x1e, 0x60, 0x3c, 0x43,
    0xcc, 0x98, 0x44, 0xa8, 0x1c, 0x7e, 0x00, 0x45, 0x22, 0x2a, 0x0b, 0xd6, 0x0c, 0x1e, 0xfd, 0x5a,
    0x50, 0x34, 0xc3, 0x2a, 0x1e, 0x69, 0x80, 0x00, 0xe5, 0x50, 0x07, 0xfb, 0x74, 0x01, 0xff, 0xc5,
    0x68, 0x00, 0xfc, 0xec, 0x22, 0x00, 0xfd, 0xdc, 0x00, 0xff, 0xf9, 0x08, 0xe0, 0x11, 0x80, 0x26,
    0xee, 0x99, 0xfb, 0xa6, 0x07, 0xff, 0xfe, 0x60, 0x0f, 0xfa, 0x20, 0x00, 0xeb, 0x30, 0x0f, 0x92,
    0xaa, 0x49, 0xaa, 0x84, 0x02, 0x33, 0x44, 0x36, 0x22, 0x73, 0x00, 0xc9, 0x33, 0xe2, 0x00, 0xe4,
    0xaa, 0xf1, 0x00, 0x72, 0x5d, 0xf9, 0xc0, 0x39, 0xbf, 0xfe, 0x75, 0x10, 0x03, 0xee, 0xff, 0x18,
    0x04, 0x23, 0xfb, 0x88, 0x56, 0x3c, 0x37, 0x59, 0xba, 0x1c, 0x0b, 0x74, 0x23, 0x44, 0x5a, 0x23,
    0xc8, 0x01, 0xd5, 0xef, 0x54, 0x10, 0x06, 0xf0, 0x44, 0x26, 0x3a, 0x64, 0xd1, 0x8e, 0x80, 0x46,
    0x7e, 0x99, 0x6e, 0x88, 0x00, 0x02, 0x30, 0x09, 0x98, 0x01, 0x19, 0x00, 0x12, 0x40, 0x2e, 0xe0,
    0x05, 0x2a, 0x01, 0x3d, 0x54, 0xaa, 0xaa, 0x9c, 0x02, 0x48, 0xee, 0x7c, 0xc8, 0xbf, 0xa5, 0x40,
    0x0d, 0xc8, 0x8e, 0x74, 0x57, 0x44, 0x10, 0x27, 0xad, 0x51, 0x61, 0x4b, 0x3b, 0x9e, 0x6d, 0x85,
    0xfe, 0x2c, 0xd6, 0xcd, 0xe2, 0x32, 0x37, 0x55, 0x39, 0xad, 0x25, 0x1b, 0x00, 0x4b, 0xba, 0x40,
    0x83, 0xe3, 0x34, 0x80, 0x4b, 0xba, 0x47, 0x50, 0x44, 0x09, 0x00, 0x61, 0x10, 0x04, 0x82, 0xf0,
    0x01, 0x93, 0xfc, 0x80, 0x95, 0xd0, 0x8c, 0x01, 0x27, 0x71, 0x5a, 0x68, 0xc7, 0xac, 0xc1, 0x28,
    0x01, 0x4b, 0xa8, 0x00, 0x3d, 0x30, 0x00, 0xff, 0xe1, 0xe2, 0x80, 0x09, 0x40, 0x29, 0x70, 0x0f,
    0x3f, 0x00, 0x7f, 0xf8, 0xc4, 0x03, 0xfe, 0x10, 0x0f, 0xfc, 0x6c, 0x01, 0xfe, 0x21, 0x20, 0x0f,
    0xf2, 0x20, 0x03, 0xfc, 0x37, 0xa0, 0x10, 0x88, 0x03, 0x90, 0x58, 0x02, 0x4a, 0x00, 0xe5, 0xd0,
    0x0f, 0xe8, 0x60, 0x00, 0x94, 0xc0, 0x04, 0x20, 0x04, 0x40, 0x05, 0xec, 0x00, 0x84, 0x00, 0x66,
    0x00, 0x3f, 0xf8, 0x42, 0x20, 0x0f, 0x08, 0x06, 0x66, 0x06, 0xd8, 0x00, 0xb4, 0x03, 0x62, 0x0e,
    0xb1, 0x01, 0x33, 0x00, 0x04, 0xc6, 0x02, 0xaa, 0x00, 0x75, 0x00, 0x1a, 0xc1, 0x9f, 0x08, 0x00,
    0x96, 0x00, 0x46, 0x12, 0x22, 0x28, 0x04, 0xe0, 0x19, 0x0c, 0x40, 0x3f, 0xd3, 0x40, 0x1f, 0xe8,
    0x06, 0x00, 0xfe, 0x14, 0xe0, 0x0d, 0x08, 0x00, 0xf0, 0x1c, 0x20, 0x0c, 0x42, 0x00, 0x78, 0x01,
    0x33, 0xff, 0x10, 0x01, 0xb7, 0x7f, 0xd4, 0x00, 0x7e, 0xec, 0xed, 0xdd, 0xa0, 0x03, 0xff, 0xfe,
    0x01, 0xff, 0xcc, 0x4f, 0xfe, 0x67, 0xff, 0xe5, 0x4e, 0xef, 0xfc, 0xa0, 0x00, 0xe9, 0x20, 0x0f,
    0xf8, 0x58, 0xc0, 0x3f, 0x19, 0xce, 0x24, 0x67, 0xe0, 0x1f, 0xfa, 0x0f, 0xff, 0xe0, 0x1c, 0xc9,
    0x63, 0x33, 0xe0, 0x0c, 0x28, 0x80, 0x0f, 0xf9, 0xca, 0x62, 0x3c, 0xa0, 0x1a, 0xeb, 0xfc, 0x0d,
    0xff, 0x00, 0x65, 0x17, 0x7a, 0x81, 0xde, 0x50, 0x00, 0xc4, 0x00, 0x3f, 0xeb, 0x44, 0x00, 0x7f,
    0x99, 0x90, 0x6a, 0xb2, 0x02, 0xae, 0x16, 0xd1, 0xbe, 0xeb, 0x57, 0xbb, 0x10, 0x00, 0x91, 0x40,
    0x33, 0x30, 0x03, 0xcd, 0x64, 0x00, 0x18, 0x50, 0x0c, 0xfd, 0x83, 0x9d, 0xcf, 0x1d, 0xe9, 0x00,
    0x3f, 0xfb, 0xbc, 0x37, 0xfb, 0xfd, 0x20, 0x15, 0xd5, 0x34, 0x62, 0xaa, 0xb0, 0x0d, 0x31, 0x06,
    0x58, 0x8d, 0x20, 0x01, 0x8b, 0xb9, 0x06, 0xef, 0xa0, 0x43, 0xba, 0x32, 0xde, 0xef, 0x00, 0xb3,
    0x11, 0x54, 0x23, 0xe7, 0x10, 0x01, 0x7b, 0x0f, 0xec, 0xff, 0xc0, 0x12, 0x62, 0x44, 0x52, 0x71,
    0x10, 0x81, 0xd4, 0x7b, 0xbd, 0x46, 0xef, 0x84, 0xfd, 0x87, 0xfe, 0x16, 0xff, 0xc0, 0x1e, 0xef,
    0xe9, 0x00, 0x0e, 0x67, 0xe6, 0x00, 0xc4, 0x5f, 0xbc, 0x03, 0xff, 0x8a, 0xab, 0xfb, 0x40, 0x34,
    0x77, 0xff, 0x98, 0x03, 0xa2, 0xab, 0xd1, 0x80, 0x1f, 0xf2, 0x28, 0x07, 0xff, 0x05, 0xc8, 0x03,
    0xfe, 0xa6, 0x06, 0xa4, 0x33, 0xe4, 0x73, 0x50, 0x83, 0x8f, 0xfe, 0x8d, 0xa1, 0x9d, 0xdf, 0xe7,
    0x00, 0x5f, 0xff, 0xe4, 0xf0, 0x01, 0x29, 0x91, 0x78, 0x40, 0x34, 0x98, 0x07, 0xfe, 0x62, 0x2f,
    0x08, 0x07, 0x4f, 0xff, 0x9c, 0x03, 0xbf, 0x77, 0xd7, 0xa0, 0x1f, 0xf2, 0xa8, 0x03, 0xff, 0x83,
    0x66, 0x01, 0xff, 0x28, 0x81, 0x5a, 0xaf, 0xd4, 0x44, 0x0e, 0x0f, 0xee, 0xef, 0x3e, 0x00, 0x00,
    0xe1, 0xb1, 0x00, 0xff, 0x84, 0x52, 0x01, 0xe3, 0xbb, 0xe6, 0x65, 0xdf, 0x19, 0x77, 0x73, 0xa7,
    0x77, 0x10, 0xaa, 0xf1, 0x6a, 0xaf, 0x08, 0x02, 0xf3, 0x27, 0xac, 0xcc, 0x20, 0x12, 0xcc, 0x41,
    0x11, 0x11, 0x18, 0x07, 0x3a, 0x20, 0xf9, 0x12, 0x00, 0xff, 0xed, 0x94, 0xc8, 0x04, 0x02, 0x93,
    0x00, 0xc7, 0xfe, 0xc0, 0x0c, 0xe2, 0x01, 0x85, 0x98, 0x60, 0x1f, 0xa1, 0x80, 0x3c, 0x00, 0xe6,
    0x50, 0x0f, 0xfd, 0x60, 0x1f, 0x86, 0x66, 0xa2, 0xf9, 0x9f, 0x10, 0x7f, 0xce, 0xb9, 0xff, 0xe3,
    0x16, 0x61, 0x1d, 0xb5, 0x2b, 0x36, 0x10, 0x00, 0xcc, 0x08, 0x08, 0x07, 0xea, 0x29, 0xee, 0x16,
    0x77, 0x3d, 0x80, 0x6c, 0x07, 0x7b, 0x85, 0x9d, 0xc5, 0x00, 0x28, 0xd1, 0x80, 0x7f, 0x92, 0x84,
    0x03, 0xff, 0x90, 0x68, 0xc0, 0x1c, 0xc0, 0x1c, 0x9c, 0x8e, 0x01, 0xac, 0x80, 0x33, 0xd4, 0x08,
    0x07, 0xef, 0x30, 0x0e, 0x00, 0x2b, 0x00, 0x7f, 0x08, 0x8f, 0xa7, 0xba, 0xfe, 0xe9, 0x2d, 0x40,
    0x13, 0xdc, 0xa4, 0xee, 0x90, 0x03, 0x0a, 0xab, 0x1d, 0x54, 0x80, 0x1c, 0x77, 0x86, 0x39, 0xde,
    0x01, 0xe2, 0x9f, 0x69, 0xf0, 0x0c, 0x20, 0x1f, 0xfc, 0x1f, 0x00, 0xfe, 0xc7, 0xd2, 0x00, 0xfe,
    0x63, 0x76, 0x00, 0xff, 0x18, 0x18, 0x07, 0x35, 0x18, 0x03, 0xe8, 0x0b, 0x40, 0x26, 0xe8, 0x05,
    0x77, 0x00, 0x04, 0x03, 0xe5, 0xb0, 0x0e, 0x4a, 0x00, 0xc0, 0x00, 0x1a, 0x88, 0x06, 0x19, 0x40,
    0x0e, 0xdd, 0x63, 0x9c, 0x60, 0xa0, 0x06, 0x38, 0xf5, 0x8d, 0x7a, 0x90, 0x0c, 0x97, 0xde, 0xad,
    0xd9, 0xdf, 0x20, 0x13, 0xee, 0xb8, 0x7c, 0x86, 0xeb, 0x08, 0x0b, 0xeb, 0xf0, 0xeb, 0xba, 0x89,
    0xe2, 0x26, 0x63, 0xc3, 0x30, 0x39, 0x9c, 0x40, 0x02, 0xd5, 0x53, 0x93, 0xbe, 0x10, 0x02, 0x60,
    0x10, 0x07, 0xa0, 0x00, 0x73, 0x45, 0x4e, 0xe0, 0x77, 0x84, 0x00, 0x7a, 0x80, 0x1f, 0xfc, 0x89,
    0xb0, 0x10, 0x0d, 0x04, 0x01, 0xae, 0x3c, 0x03, 0x90, 0x40, 0x1a, 0x04, 0x62, 0x00, 0x02, 0xa0,
    0x0f, 0xf9, 0x4c, 0x07, 0xba, 0xfe, 0xe9, 0x66, 0x96, 0x8b, 0xba, 0x2c, 0xee, 0x2a, 0x44, 0x05,
    0x8d, 0x54, 0x68, 0xaa, 0x00, 0x22, 0x08, 0x2a, 0x70, 0x33, 0x16, 0x00, 0xaa, 0x20, 0x02, 0xa4,
    0xe2, 0x40, 0x2f, 0x9e, 0x40, 0x0f, 0xec, 0x44, 0x10, 0x07, 0xf7, 0x86, 0x20, 0x07, 0xf3, 0x3e,
    0x00, 0x7f, 0x88, 0x9e, 0x01, 0xcd, 0xca, 0x00, 0xf9, 0x32, 0x96, 0x00, 0x37, 0x58, 0x26, 0xdd,
    0x94, 0x03, 0xf4, 0x88, 0x07, 0xb0, 0x80, 0x20, 0x00, 0xf1, 0xc8, 0x07, 0xc4, 0xab, 0xcc, 0xea,
    0xb8, 0x81, 0xe3, 0x32, 0xf6, 0xec, 0xcc, 0x20, 0x06, 0x99, 0x1e, 0xcc, 0xa1, 0x26, 0x46, 0x01,
    0x4d, 0xa4, 0x5d, 0xa8, 0xae, 0xc4, 0x01, 0x5c, 0xad, 0x4c, 0xbc, 0x66, 0x44, 0x00, 0x12, 0x20,
    0x7a, 0xab, 0x00, 0x88, 0x01, 0xef, 0xf6, 0xdf, 0x40, 0x06, 0x22, 0x0b, 0x98, 0x80, 0x04, 0x4e,
    0x60, 0x0e, 0xf0, 0x81, 0x10, 0x00, 0x45, 0x88, 0x00, 0x53, 0x01, 0x66, 0x63, 0x34, 0x40, 0x01,
    0x25, 0x00, 0xf1, 0x32, 0x88, 0x23, 0x88, 0x48, 0x06, 0x31, 0xa7, 0x05, 0x90, 0x17, 0x00, 0x3d,
    0x8b, 0xb0, 0x80, 0x00, 0xa8, 0x00, 0xca, 0x00, 0xa0, 0x08, 0x51, 0x0a, 0xa4, 0xcc, 0x22, 0x15,
    0x48, 0x25, 0xba, 0x0c, 0xd6, 0x5d, 0xd0, 0x66, 0x91, 0xcc, 0x82, 0x64, 0x97, 0x32, 0x09, 0x91,
    0x80, 0x47, 0xba, 0x5a, 0xdd, 0x10, 0x06, 0x44, 0x44, 0xcf, 0xc8, 0x80, 0x05, 0x6e, 0xe8, 0x86,
    0xee, 0xa0, 0x0a, 0x26, 0x64, 0xb9, 0x9a, 0x00, 0x29, 0x4e, 0xdd, 0x34, 0xee, 0xba, 0x64, 0x00,
    0x70, 0x4d, 0xd3, 0x4e, 0xe9, 0x81, 0xc0, 0x3f, 0xf9, 0x67, 0x8d, 0xa0, 0x19, 0x6c, 0x03, 0x1e,
    0xf2, 0x80, 0x70, 0x80, 0x25, 0x80, 0x40, 0x30, 0x00, 0xa8, 0x09, 0x9b, 0xc0, 0x1c, 0x80, 0x1f,
    0x40, 0x80, 0x04, 0x02, 0x2c, 0xce, 0x10, 0x0b, 0x48, 0x02, 0x88, 0xe1, 0x00, 0x84, 0xc0, 0x0d,
    0xdd, 0xc6, 0x01, 0x84, 0x08, 0x2a, 0xba, 0xdc, 0x4d, 0x80, 0x0f, 0x42, 0x2b, 0xf1, 0x14, 0x18,
    0xf8, 0x00, 0x58, 0xcc, 0x3c, 0x66, 0x20, 0x24, 0x23, 0x4c, 0x9e, 0x1c, 0xea, 0xe2, 0x00, 0x33,
    0x00, 0x0b, 0x4f, 0xf4, 0x60, 0x1b, 0xb4, 0x03, 0xfe, 0x44, 0x38, 0x07, 0xac, 0xcc, 0x00, 0x8a,
    0x10, 0x7a, 0x00, 0xab, 0x84, 0x01, 0x88, 0x00, 0x12, 0x0b, 0x41, 0x00, 0x80, 0x00, 0x1b, 0x80,
    0x44, 0x5c, 0x20, 0x13, 0x70, 0x01, 0x32, 0x67, 0x58, 0x00, 0x4c, 0x04, 0x40, 0x53, 0x3a, 0xc0,
    0x7e, 0xdf, 0xdc, 0x0a, 0x23, 0x10, 0x01, 0x61, 0xe0, 0x00, 0x5d, 0xd8, 0x40, 0x3f, 0x0e, 0x66,
    0x10, 0x0f, 0x71, 0x8e, 0xee, 0x61, 0x00, 0xe1, 0xa7, 0x8e, 0xcc, 0x8c, 0x03, 0xbd, 0x36, 0x42,
    0x78, 0x08, 0x02, 0x3b, 0x30, 0x02, 0x05, 0xec, 0x00, 0xc0, 0x1e, 0x28, 0x05, 0x4b, 0xe2, 0x00,
    0x30, 0x00, 0x81, 0xfc, 0xc6, 0xdc, 0x08, 0x07, 0x9c, 0xb2, 0x4f, 0x08, 0xc0, 0x09, 0x00, 0x0c,
    0xb5, 0x00, 0x15, 0x10, 0x00, 0xa0, 0x1c, 0x44, 0xe1, 0x00, 0x18, 0x44, 0xc3, 0x46, 0x6a, 0x16,
    0x21, 0x02, 0xdd, 0x0e, 0x97, 0x70, 0xb4, 0x7b, 0x48, 0x99, 0x07, 0x85, 0xba, 0x2c, 0x1d, 0xa0,
    0x03, 0x4f, 0x80, 0x37, 0x40, 0x02, 0xab, 0x00, 0x7c, 0x3a, 0x4c, 0x42, 0x52, 0x72, 0xc8, 0x1f,
    0xf7, 0x69, 0x8d, 0xd6, 0x74, 0x80, 0x57, 0x33, 0x2d, 0xcc, 0xe0, 0x0a, 0x27, 0xb7, 0x4d, 0x3b,
    0xb4, 0xc0, 0x01, 0x82, 0x77, 0x4d, 0x3b, 0xab, 0x37, 0x00, 0xff, 0xe5, 0x94, 0xd1, 0x80, 0x6a,
    0x50, 0x0c, 0x5b, 0x12, 0x01, 0x88, 0x80, 0x09, 0x60, 0x44, 0x00, 0x40, 0x03, 0x50, 0x02, 0xb8,
    0x01, 0x50, 0x00, 0x36, 0x60, 0x5c, 0x05, 0x0e, 0x0f, 0x65, 0x32, 0xb4, 0x98, 0x1a, 0x8b, 0xe9,
    0xfc, 0x98, 0xcf, 0x9f, 0x50, 0x43, 0xff, 0xf6, 0xa0, 0x49, 0x7e, 0xc4, 0x6c, 0x33, 0x5a, 0x88,
    0x6d, 0x56, 0xc0, 0x16, 0x00, 0x57, 0x60, 0x26, 0x74, 0x00, 0x4f, 0x79, 0x83, 0x1c, 0xc5, 0xc0,
    0x02, 0x83, 0xb8, 0x43, 0xdd, 0x38, 0x80, 0x2d, 0x99, 0x8e, 0xcd, 0x00, 0x7f, 0x99, 0x80, 0x21,
    0x64, 0x01, 0xc3, 0xd4, 0x00, 0x61, 0x00, 0x25, 0x03, 0xc2, 0x80, 0x00, 0x1b, 0x80, 0x7f, 0xe7,
    0xd0, 0x06, 0x6e, 0xf9, 0x00, 0x47, 0xb7, 0xff, 0xb1, 0x07, 0xe1, 0x72, 0x57, 0xe2, 0x2e, 0x80,
    0x02, 0xca, 0x48, 0x01, 0xea, 0xa9, 0x00, 0xfe, 0x4b, 0xba, 0x40, 0x3f, 0x26, 0x4c, 0xdd, 0x00,
    0x1f, 0x5f, 0x77, 0x69, 0x00, 0x79, 0xbb, 0x4b, 0x74, 0x20, 0x1d, 0x1e, 0x15, 0x21, 0x32, 0x30,
    0x18, 0x00, 0x63, 0x87, 0x68, 0x6e, 0x8c, 0x00, 0x60, 0x1c, 0x4c, 0x0c, 0xc0, 0x0f, 0xee, 0x94,
    0x99, 0x18, 0x04, 0x96, 0x00, 0xfa, 0xae, 0xf2, 0x07, 0xcc, 0xff, 0x30, 0x01, 0x7e, 0x3f, 0xcc,
    0xbf, 0xe8, 0xf4, 0x00, 0x13, 0x71, 0x9c, 0x26, 0x6f, 0x42, 0x00, 0x91, 0x04, 0x01, 0x89, 0x58,
    0x03, 0x0b, 0xd0, 0x06, 0xb9, 0x10, 0x0e, 0xba, 0x00, 0xda, 0xc0, 0x12, 0x6e, 0xbf, 0xda, 0xed,
    0xb3, 0x9b, 0xa4, 0x5e, 0xee, 0x47, 0xee, 0xe5, 0x13, 0x3f, 0x09, 0x9f, 0x08, 0x07, 0xff, 0x92,
    0x24, 0x03, 0xc0, 0x00, 0x92, 0x00, 0x3f, 0xf7, 0x00, 0x8f, 0xe0, 0x08, 0xd5, 0xbf, 0xdd, 0xff,
    0xac, 0x00, 0x3d, 0x3d, 0xd1, 0xd7, 0x75, 0x40, 0x0a, 0x76, 0x00, 0xff, 0x09, 0xdf, 0x76, 0x3a,
    0xee, 0x94, 0x06, 0x04, 0x59, 0xfe, 0x2b, 0xff, 0x94, 0x03, 0x88, 0x47, 0xe0, 0x00, 0x91, 0x00,
    0x8a, 0x11, 0x11, 0x61, 0x5f, 0xf1, 0x7f, 0xc5, 0x7f, 0xf9, 0x11, 0xbb, 0xe3, 0xad, 0xdc, 0xa0,
    0x1f, 0xfd, 0x7d, 0x40, 0x0e, 0x00, 0xf3, 0xb0, 0x07, 0xe3, 0x44, 0xb7, 0x11, 0x23, 0x00, 0xd5,
    0xdd, 0x3b, 0xbb, 0xaa, 0x00, 0xd3, 0x55, 0x22, 0xd5, 0x52, 0x00, 0x3b, 0xbe, 0x45, 0xbb, 0xe4,
    0x28, 0x81, 0x8c, 0x77, 0x20, 0x89, 0x10, 0x51, 0x33, 0x52, 0x11, 0x98, 0x92, 0x8c, 0xc2, 0x05,
    0x9c, 0x1b, 0x99, 0x1f, 0xe1, 0x80, 0x0b, 0xb9, 0x9c, 0xcb, 0xf9, 0xdc, 0x20, 0x01, 0x88, 0xe0,
    0x00, 0x8e, 0x20, 0x04, 0xc4, 0x67, 0x48, 0x8d, 0x20, 0x0a, 0xbb, 0xc8, 0xb7, 0x7a, 0x80, 0x3f,
    0xf9, 0x31, 0x20, 0x1e, 0x00, 0x0b, 0x00, 0x24, 0xc0, 0x98, 0x03, 0x98, 0x40, 0x04, 0xe1, 0x64,
    0x62, 0x00, 0x2c, 0x6b, 0x20, 0x14, 0x06, 0xe3, 0x00, 0x78, 0x56, 0x91, 0x0e, 0x17, 0x60, 0x80,
    0x12, 0x46, 0x65, 0xee, 0x63, 0x56, 0xb0, 0x00, 0xd3, 0xfd, 0x04, 0x74, 0x9c, 0x76, 0x00, 0x1b,
    0xb7, 0x53, 0xac, 0x40, 0x27, 0x80, 0xf3, 0x05, 0xfb, 0x03, 0x38, 0xd3, 0x23, 0x29, 0xe1, 0x89,
    0x93, 0x0c, 0xae, 0xc9, 0x09, 0x80, 0x10, 0xcd, 0x68, 0xec, 0x86, 0x20, 0x0e, 0x8e, 0xc0, 0x25,
    0xad, 0x25, 0x30, 0x57, 0x69, 0xf4, 0xb0, 0x3b, 0x2f, 0x62, 0x8e, 0x10, 0xaf, 0xf5, 0xf9, 0x63,
    0x21, 0x69, 0x80, 0x26, 0xd0, 0x0a, 0xbb, 0x04, 0x00, 0xf1, 0x48, 0x07, 0xfe, 0x24, 0x50, 0x0f,
    0x0e, 0xef, 0x1d, 0xee, 0xe3, 0x00, 0x1f, 0xfe, 0xdc, 0xff, 0xc6, 0x01, 0x11, 0x47, 0xa2, 0x45,
    0x80, 0x3e, 0x43, 0x30, 0x07, 0x8c, 0x03, 0x75, 0x80, 0x7f, 0xc6, 0xae, 0x0a, 0x60, 0x19, 0x88,
    0x01, 0x2c, 0x20, 0x0e, 0x10, 0x08, 0x98, 0x0d, 0x24, 0x00, 0xaf, 0x00, 0x17, 0xe8, 0x44, 0x88,
    0x09, 0xe3, 0x18, 0x01, 0xd1, 0x92, 0xf7, 0xfe, 0xc4, 0xf0, 0x35, 0x34, 0x98, 0xff, 0x76, 0x55,
    0x00, 0x4e, 0xc0, 0x99, 0x08, 0x03, 0x0e, 0x08, 0x00, 0xf2, 0x38, 0x07, 0xfe, 0x69, 0x30, 0x0f,
    0x37, 0xfe, 0xd1, 0xcf, 0xfc, 0xa0, 0x05, 0xff, 0xd9, 0x3f, 0xf9, 0x40, 0x3e, 0x4f, 0x00, 0xfc,
    0x48, 0x96, 0x9a, 0x26, 0x00, 0xc9, 0xff, 0x23, 0xff, 0xe1, 0x00, 0x1b, 0x5d, 0xc0, 0x0b, 0xbc,
    0x21, 0xc2, 0x01, 0x29, 0x33, 0x80, 0x71, 0x70, 0x05, 0x33, 0x8c, 0x03, 0x3a, 0x80, 0x25, 0xd4,
    0xaf, 0x4c, 0x00, 0x46, 0x61, 0xa5, 0xa0, 0x02, 0xc6, 0xb0, 0x3b, 0x83, 0x4f, 0x44, 0x02, 0x6a,
    0xa1, 0xac, 0x86, 0x48, 0x80, 0x72, 0x61, 0x80, 0x00, 0xf1, 0x48, 0x07, 0xc4, 0xab, 0x9d, 0xd0,
    0xab, 0x88, 0x1e, 0x33, 0x33, 0x8e, 0x66, 0x10, 0x03, 0x4c, 0xa2, 0xeb, 0x7c, 0x42, 0x4c, 0x03,
    0x66, 0x3a, 0x27, 0x3b, 0x44, 0x03, 0xdd, 0x96, 0x98, 0xc8, 0x20, 0x10, 0x80, 0x70, 0xf0, 0x07,
    0xf6, 0xf7, 0x19, 0xfb, 0x98, 0x00, 0x23, 0x00, 0x6f, 0x73, 0x0b, 0xb9, 0x80, 0x0e, 0xe0, 0x06,
    0x43, 0x03, 0x00, 0xca, 0x60, 0x1b, 0x1a, 0xa8, 0x0e, 0x82, 0x4a, 0x03, 0x1b, 0xaa, 0x57, 0x5d,
    0x04, 0x40, 0x9b, 0x76, 0xad, 0x0e, 0xc3, 0x22, 0xd0, 0x1d, 0xa8, 0x01, 0xcc, 0xdb, 0x80, 0x00,
    0xf1, 0xc0, 0x07, 0xe1, 0x1c, 0x4c, 0x82, 0x38, 0x00, 0x9d, 0xff, 0x82, 0xbf, 0xf1, 0x80, 0x0f,
    0xbb, 0x4e, 0x77, 0x63, 0x00, 0xfa, 0x84, 0x03, 0xff, 0x83, 0xbd, 0xd5, 0x80, 0x7f, 0x57, 0xfd,
    0x40, 0x01, 0x70, 0x11, 0x80, 0x38, 0x40, 0x06, 0x21, 0xff, 0x1d, 0x7f, 0xb8, 0x80, 0x1c, 0x40,
    0x0c, 0xee, 0xe1, 0x00, 0x93, 0x40, 0x3f, 0xe2, 0x34, 0x00, 0x5c, 0x47, 0x08, 0x01, 0xd4, 0x40,
    0xfb, 0xbc, 0x46, 0x0b, 0x40, 0x0d, 0x76, 0x6e, 0xd1, 0x00, 0x00, 0xf1, 0xd0, 0x07, 0xc2, 0x67,
    0x9d, 0x18, 0xcf, 0x08, 0x3e, 0xc4, 0x5e, 0xbb, 0x11, 0x88, 0x00, 0x97, 0x63, 0xdb, 0xbb, 0xca,
    0xcc, 0x03, 0x0b, 0x20, 0x04, 0x24, 0x01, 0xe9, 0x44, 0x5d, 0xd2, 0xb6, 0x60, 0x11, 0xb9, 0x27,
    0xfd, 0x65, 0xe4, 0x00, 0x3e, 0x40, 0x2c, 0x54, 0x27, 0x41, 0x01, 0x0e, 0xc0, 0x07, 0xd8, 0x07,
    0xbf, 0x8c, 0x02, 0x77, 0x18, 0x07, 0x19, 0x00, 0x77, 0x10, 0x06, 0x15, 0x70, 0x0e, 0x31, 0x00,
    0xca, 0xa2, 0x00, 0xe4, 0xeb, 0xc0, 0x02, 0x58, 0x01, 0xa4, 0x00, 0x9f, 0xe7, 0x00, 0x00, 0xf1,
    0x50, 0x07, 0xc2, 0xcd, 0x91, 0x10, 0xcd, 0x88, 0x16, 0x3f, 0xf3, 0x8f, 0xe7, 0xf8, 0x40, 0x05,
    0x32, 0x0f, 0x99, 0x53, 0xcc, 0x8c, 0x02, 0xac, 0x7b, 0xcc, 0x71, 0x66, 0x04, 0x02, 0xbd, 0x7a,
    0xdd, 0x49, 0x6e, 0x84, 0x02, 0x11, 0x06, 0xb3, 0x30, 0x04, 0x40, 0x13, 0x80, 0x37, 0x04, 0x5d,
    0x00, 0x18, 0x85, 0xef, 0xf7, 0x77, 0x50, 0x05, 0xc4, 0xb0, 0xbd, 0x32, 0x86, 0x20, 0x08, 0xf4,
    0x8e, 0xa1, 0x5f, 0x96, 0x00, 0x02, 0xa8, 0x02, 0x0f, 0x14, 0xda, 0x20, 0x05, 0x51, 0xf6, 0xf6,
    0x6f, 0x6f, 0xe7, 0x1a, 0x59, 0x76, 0x53, 0x10, 0xb5, 0x6f, 0x98, 0x00, 0xf0, 0xd0, 0x80, 0x78,
    0x91, 0x32, 0xb4, 0x22, 0x61, 0x04, 0x9f, 0xfc, 0xe5, 0xff, 0x88, 0x00, 0x97, 0x5d, 0x7b, 0xd7,
    0x10, 0xb3, 0x00, 0xc9, 0xe1, 0xc4, 0x12, 0xc0, 0x1e, 0xf0, 0x0c, 0x28, 0x20, 0x10, 0x82, 0x39,
    0xc8, 0x02, 0xde, 0x14, 0x03, 0x4c, 0xc2, 0x2c, 0x09, 0xd9, 0x20, 0xee, 0x7b, 0x9d, 0x81, 0x49,
    0x97, 0x10, 0x11, 0x1e, 0x22, 0x44, 0x44, 0x4e, 0x00, 0x57, 0x5b, 0xb9, 0x6a, 0xee, 0x50, 0x33,
    0x88, 0xb0, 0xf1, 0x16, 0x15, 0x5a, 0x67, 0x11, 0x26, 0x72, 0xb4, 0x25, 0xdf, 0xf9, 0x00, 0x00,
    0xf1, 0x48, 0x07, 0xc7, 0x11, 0xa9, 0xa6, 0x23, 0x10, 0x32, 0x77, 0x67, 0x1e, 0xec, 0x01, 0x31,
    0x00, 0x46, 0x60, 0x0c, 0x40, 0x1f, 0xfc, 0x54, 0xcc, 0x99, 0x99, 0x92, 0x00, 0x61, 0x4b, 0xb2,
    0xaa, 0xec, 0xc2, 0x00, 0x33, 0x00, 0xdd, 0x95, 0x57, 0x62, 0x00, 0x84, 0x40, 0x31, 0x04, 0x44,
    0x40, 0x80, 0x2e, 0xe0, 0xbd, 0xd9, 0x55, 0x76, 0x51, 0x00, 0x29, 0x3f, 0x74, 0xee, 0xee, 0x94,
    0xc8, 0x8a, 0x01, 0xff, 0x3b, 0x85, 0xdf, 0x66, 0x1d, 0xf1, 0xac, 0x80, 0x73, 0xb8, 0x03, 0x80,
    0x00, 0xf0, 0xd8, 0x80, 0x78, 0xdd, 0xf3, 0x32, 0xdd, 0xf1, 0x02, 0xd8, 0x06, 0xad, 0x00, 0xf9,
    0x48, 0x00, 0x4e, 0xc8, 0x3c, 0x44, 0x00, 0xc3, 0x41, 0x1b, 0xf5, 0xa8, 0x01, 0x94, 0xd9, 0x63,
    0x29, 0x50, 0x40, 0x31, 0xd9, 0xa9, 0xc6, 0xac, 0x30, 0x00, 0x41, 0xa0, 0x7c, 0x38, 0x5f, 0x8c,
    0x01, 0xfc, 0x6a, 0x38, 0x6d, 0x84, 0xca, 0x00, 0x21, 0x39, 0x57, 0x55, 0x79, 0x2a, 0x84, 0x19,
    0x54, 0xee, 0x1d, 0xd0, 0x9e, 0xe8, 0x08, 0x86, 0xc0, 0xf3, 0x95, 0x33, 0x85, 0x91, 0x15, 0xf9,
    0xfd, 0xcc, 0xcc, 0x88, 0xa4, 0xc2, 0x16, 0xac, 0xdd, 0xc8, 0x00, 0xf1, 0xd8, 0x07, 0xc7, 0x11,
    0xad, 0x2a, 0x23, 0x10, 0x32, 0x77, 0x62, 0x3e, 0xec, 0x01, 0x32, 0x08, 0xc0, 0x62, 0x33, 0x10,
    0x04, 0x67, 0x84, 0x8c, 0xd2, 0x20, 0x1a, 0xfb, 0xa2, 0x4e, 0xe0, 0xd2, 0x80, 0x51, 0x19, 0x6a,
    0x20, 0x30, 0x80, 0x66, 0x7e, 0xe9, 0x6f, 0xb8, 0x24, 0x20, 0x23, 0x26, 0x61, 0x55, 0x98, 0x75,
    0x00, 0x77, 0x13, 0xec, 0x9d, 0x9f, 0x01, 0x40, 0x0a, 0xa0, 0x20, 0x91, 0x8c, 0x79, 0x10, 0x22,
    0x06, 0xfc, 0x5b, 0x1d, 0xe6, 0x28, 0xdd, 0xc7, 0x95, 0x38, 0xac, 0x0f, 0xbe, 0x4b, 0x20, 0x21,
    0x7d, 0xc3, 0x00, 0x94, 0x40, 0x00, 0xf2, 0x58, 0x07, 0xc8, 0xef, 0xb1, 0x25, 0xdf, 0x10, 0x66,
    0x88, 0xbb, 0x93, 0xe0, 0x01, 0x10, 0x05, 0xbc, 0xc8, 0xfe, 0xe3, 0xec, 0xc2, 0x00, 0xbd, 0x81,
    0x00, 0x73, 0x88, 0x82, 0x01, 0x21, 0x80, 0x34, 0x53, 0x7b, 0x14, 0x00, 0x3d, 0xef, 0xf1, 0x43,
    0x52, 0xe8, 0x02, 0x03, 0x39, 0xd6, 0xac, 0x9b, 0xe0, 0x03, 0x30, 0x20, 0x68, 0x5d, 0x7a, 0xa0,
    0x00, 0x58, 0x00, 0xe2, 0x00, 0x36, 0x61, 0x00, 0x14, 0x80, 0x14, 0x40, 0x18, 0x40, 0x06, 0x42,
    0x09, 0x74, 0x00, 0xa4, 0x17, 0x06, 0xb0, 0x01, 0x85, 0xda, 0x4a, 0x2b, 0x15, 0x4e, 0x18, 0x00,
    0xbc, 0xd8, 0x01, 0xb5, 0x00, 0xfd, 0x42, 0x01, 0x87, 0x75, 0xd0, 0x93, 0x24, 0x89, 0x91, 0x00,
    0xe6, 0x0e, 0xdb, 0x74, 0x19, 0xa4, 0xc0, 0x01, 0x77, 0xa3, 0xb8, 0x1d, 0xc6, 0xf2, 0x01, 0xb8,
    0x58, 0x88, 0xfe, 0x1b, 0x48, 0x34, 0xbe, 0x56, 0x64, 0x51, 0x2a, 0x40, 0x0f, 0xe5, 0xf6, 0xaa,
    0x17, 0xd7, 0xa0, 0x02, 0xc0, 0x89, 0x3b, 0xa2, 0xfd, 0xd3, 0x80, 0x4e, 0x88, 0x8c, 0xc1, 0x76,
    0x61, 0xc0, 0x15, 0x0a, 0xad, 0xd8, 0xbf, 0x76, 0x10, 0x22, 0x3b, 0x6e, 0xc5, 0xfb, 0xb0, 0x84,
    0x3c, 0xe5, 0x32, 0x50, 0x99, 0xc2, 0x69, 0x4b, 0xdf, 0xdc, 0xcf, 0xfc, 0x47, 0x82, 0x00, 0x58,
    0xab, 0xcc, 0xc6, 0x00, 0x99, 0x80, 0x19, 0x5c, 0x03, 0xdf, 0xc0, 0x18, 0xb4, 0x03, 0xff, 0x8a,
    0x28, 0x83, 0x24, 0x4d, 0xcc, 0x88, 0x12, 0x88, 0x22, 0x22, 0x33, 0x94, 0x41, 0x4f, 0x30, 0xed,
    0x99, 0xa5, 0x33, 0x08, 0x01, 0xff, 0xf0, 0x23, 0x3d, 0xc0, 0x1f, 0x93, 0xbb, 0x38, 0x07, 0xe6,
    0xdd, 0xd2, 0x01, 0xf4, 0x48, 0x06, 0x7a, 0x00, 0x80, 0x00, 0xf8, 0x6c, 0x1c, 0x80, 0x3f, 0xc8,
    0x22, 0xf3, 0x00, 0x11, 0x7c, 0x04, 0x96, 0xc2, 0x7f, 0xfe, 0xe0, 0xef, 0xb8, 0x23, 0xdd, 0xf8,
    0xbb, 0x76, 0x30, 0x0f, 0xc2, 0xc0, 0x1d, 0x7f, 0xfc, 0xec, 0x40, 0x1d, 0x7f, 0x87, 0xfe, 0x72,
    0xe0, 0x0f, 0xfd, 0xaa, 0x01, 0xff, 0x90, 0xc8, 0x0c, 0x40, 0x30, 0xa3, 0xc8, 0xa2, 0x82, 0x30,
    0xbd, 0x71, 0xf8, 0x68, 0x7c, 0x96, 0x90, 0xf6, 0x77, 0x2d, 0xd0, 0x12, 0x75, 0xd0, 0x25, 0x8c,
    0x03, 0xcf, 0xda, 0x20, 0x13, 0x3e, 0x20, 0x0a, 0x5f, 0xff, 0x75, 0x80, 0x05, 0x99, 0x99, 0xa8,
    0x03, 0xff, 0x88, 0x3d, 0xda, 0x00, 0x38, 0x89, 0xdd, 0x7c, 0x80, 0x65, 0x60, 0x0f, 0xef, 0x4c,
    0xcd, 0x00, 0x1a, 0xf7, 0xfe, 0x51, 0x00, 0xc4, 0x67, 0x83, 0x80, 0x3f, 0x88, 0x80, 0x1e, 0x10,
    0x25, 0x70, 0x0f, 0x6f, 0xea, 0x10, 0x07, 0xb3, 0xfd, 0x40, 0x10, 0xe8, 0x00, 0x99, 0x00, 0x32,
    0x40, 0x07, 0x14, 0x80, 0x6f, 0xe0, 0x09, 0x27, 0x4e, 0xa6, 0x54, 0x9f, 0x24, 0x0d, 0x98, 0xbf,
    0x32, 0xfa, 0xc4, 0x60, 0x25, 0x5c, 0x46, 0xab, 0x08, 0x05, 0x19, 0x93, 0x33, 0x32, 0x20, 0x09,
    0x27, 0xfc, 0xee, 0xff, 0xb5, 0x40, 0x4d, 0xc4, 0x60, 0x11, 0xc0, 0x02, 0x27, 0xfc, 0xee, 0xff,
    0xd8, 0x07, 0xba, 0xc1, 0x13, 0x6e, 0xd2, 0x20, 0x12, 0xfa, 0x30, 0x06, 0x36, 0x06, 0xc8, 0xa8,
    0x00, 0xa6, 0xa7, 0xc3, 0xeb, 0x50, 0x03, 0x57, 0xd2, 0x84, 0xb0, 0x05, 0x32, 0x03, 0x54, 0x00,
    0x04, 0x4e, 0x22, 0x22, 0x63, 0x0c, 0xee, 0xa5, 0x11, 0xdd, 0x44, 0x02, 0x2a, 0xa7, 0x06, 0xaa,
    0xa4, 0x00, 0x93, 0x33, 0x81, 0x4c, 0xdc, 0x00, 0x32, 0xff, 0x5a, 0x32, 0x7f, 0xb7, 0xc3, 0xf1,
    0x9a, 0x20, 0x66, 0xc8, 0x03, 0x59, 0x93, 0x12, 0xe6, 0x56, 0x1b, 0x1d, 0xc6, 0x07, 0x8e, 0xe4,
    0x30, 0x03, 0xb8, 0xc0, 0x66, 0xff, 0x2b, 0x88, 0x25, 0xc6, 0xa0, 0x94, 0xff, 0x43, 0x8b, 0xdc,
    0xf0, 0x32, 0x57, 0x81, 0x08, 0x7c, 0x6a, 0x81, 0x0f, 0xec, 0x81, 0x0c, 0x0f, 0x63, 0x02, 0xa6,
    0x61, 0xec, 0x00, 0x5d, 0xc8, 0x00, 0x0e, 0xeb, 0x8c, 0x02, 0x28, 0x40, 0x48, 0xb8, 0x40, 0xbf,
    0xec, 0x08, 0xf9, 0x9d, 0x40, 0x5b, 0xaf, 0x00, 0xaa, 0x67, 0x50, 0x07, 0xeb, 0x88, 0xc8, 0x00,
    0xde, 0xc1, 0x00, 0x27, 0x76, 0x70, 0x0b, 0xfb, 0x00, 0x07, 0x99, 0x98, 0x00, 0x60, 0x12, 0x11,
    0x37, 0x70, 0x88, 0x01, 0x9b, 0x66, 0x87, 0x1d, 0x99, 0x10, 0x7e, 0x4b, 0xb8, 0x6e, 0x06, 0x7c,
    0x4c, 0x04, 0x40, 0xe0, 0x12, 0x8d, 0x6c, 0x80, 0x61, 0x10, 0x06, 0x94, 0xe1, 0x00, 0xd8, 0x40,
    0x2d, 0x8f, 0x91, 0x01, 0x0a, 0xe7, 0xb3, 0x1f, 0xe5, 0x2c, 0x22, 0x05, 0x7f, 0x19, 0xba, 0x08,
    0x00, 0x34, 0x60, 0x00, 0xf8, 0x64, 0x40, 0x31, 0x77, 0x5e, 0x41, 0x26, 0x26, 0x20, 0x02, 0xee,
    0x88, 0x0d, 0x6c, 0x1b, 0x44, 0x03, 0xcd, 0xaf, 0x15, 0xc5, 0x00, 0x0a, 0xcc, 0x13, 0xb7, 0xf8,
    0x2b, 0x8c, 0x41, 0x3f, 0xd8, 0x58, 0x20, 0xca, 0x92, 0x22, 0x33, 0xc1, 0x5b, 0xa2, 0xdf, 0x90,
    0x23, 0xbb, 0x94, 0xe7, 0xca, 0x7c, 0x00, 0x55, 0xfe, 0x60, 0x36, 0xc1, 0x6d, 0x00, 0x0a, 0x24,
    0x6d, 0x22, 0x20, 0x10, 0xf0, 0x0c, 0x22, 0x27, 0x76, 0x8b, 0xa0, 0x80, 0x65, 0x33, 0x2b, 0x60,
    0xc0, 0xc8, 0x01, 0x3a, 0xa8, 0xbf, 0xe0, 0xae, 0x96, 0x50, 0x4e, 0xe3, 0x32, 0xa6, 0x1d, 0x96,
    0x94, 0x00, 0xe7, 0x60, 0x08, 0x80, 0x78, 0x80, 0x1d, 0xc0, 0x01, 0x69, 0x0c, 0xc8, 0x03, 0xd6,
    0xc4, 0x0c, 0xa8, 0x01, 0x8d, 0xe0, 0x00, 0x34, 0xa0, 0x1d, 0x42, 0x03, 0x91, 0xb8, 0xed, 0x9f,
    0x18, 0x43, 0x11, 0xaa, 0x91, 0x11, 0x00, 0x11, 0x3f, 0x80, 0x27, 0xbb, 0xfc, 0x20, 0x04, 0xff,
    0xfc, 0x20, 0x03, 0x44, 0xfc, 0x00, 0x38, 0x8f, 0xe1, 0x00, 0xff, 0xe0, 0x9c, 0x47, 0xf6, 0x90,
    0x00, 0xff, 0x8d, 0x00, 0xb7, 0x7e, 0x00, 0x1e, 0x80, 0x0b, 0x12, 0xb2, 0xdb, 0x01, 0xf6, 0x90,
    0x00, 0x20, 0x22, 0x31, 0x15, 0x66, 0x10, 0x03, 0xfd, 0x76, 0x21, 0x80, 0x24, 0x2f, 0x4d, 0x64,
    0x00, 0x0e, 0xf8, 0x37, 0x32, 0xf2, 0x17, 0x1a, 0x65, 0xb8, 0x25, 0x3c, 0xd4, 0xa5, 0x2c, 0xc9,
    0xc0, 0x30, 0x88, 0x03, 0x36, 0x20, 0x52, 0x00, 0x15, 0x40, 0x18, 0x44, 0x10, 0xc8, 0x08, 0x42,
    0x01, 0xe9, 0x4d, 0x00, 0x45, 0x00, 0x72, 0x61, 0x68, 0x82, 0x03, 0x00, 0x64, 0x9a, 0xb1, 0x00,
    0x26, 0x80, 0x49, 0x69, 0xac, 0x01, 0x80, 0x02, 0x44, 0xe3, 0x00, 0x8c, 0xc0, 0x05, 0xf3, 0x3b,
    0x3c, 0x00, 0x7a, 0xe0, 0x13, 0x6e, 0xc6, 0x00, 0x4d, 0xb4, 0x00, 0x92, 0x22, 0xe0, 0x69, 0xd5,
    0x00, 0x8c, 0x6f, 0xeb, 0x6d, 0xb0, 0xc6, 0x00, 0x70, 0x00, 0x42, 0x1e, 0x42, 0x2d, 0xf0, 0x06,
    0xeb, 0x2b, 0x37, 0x46, 0x99, 0x6e, 0x02, 0x77, 0xdd, 0x47, 0xbc, 0xc9, 0xc0, 0x33, 0xd5, 0x56,
    0x0d, 0x88, 0x0c, 0x40, 0x47, 0x7d, 0x59, 0xa0, 0x20, 0xd6, 0x60, 0xc3, 0x43, 0x2c, 0xc0, 0x03,
    0x5f, 0x88, 0x77, 0x00, 0x2a, 0x82, 0xaa, 0x79, 0x00, 0x25, 0xf4, 0xcc, 0xd5, 0xc5, 0xa4, 0x01,
    0x29, 0x66, 0x88, 0x1e, 0x40, 0x80, 0x40, 0x00, 0xa0, 0x80, 0xd1, 0x30, 0x07, 0x3a, 0x18, 0x7c,
    0x7f, 0xac, 0x03, 0x45, 0x68, 0x80, 0x3e, 0xe8, 0x03, 0x11, 0xe2, 0xa0, 0x10, 0x80, 0x78, 0xac,
    0x25, 0xe5, 0x48, 0x04, 0x21, 0xc8, 0x07, 0x52, 0x8a, 0x80, 0x2b, 0xe1, 0x01, 0xa2, 0x1a, 0x28,
    0x99, 0xb7, 0xd0, 0x9c, 0x58, 0x04, 0x89, 0xff, 0x0b, 0x18, 0x35, 0x00, 0x0a, 0x55, 0x19, 0x84,
    0xe2, 0x01, 0xe2, 0x9e, 0x29, 0x18, 0x00, 0xfc, 0xeb, 0xa9, 0x40, 0x1f, 0x92, 0x9d, 0x8e, 0x94,
    0x40, 0x3b, 0xa3, 0x7e, 0x7f, 0x27, 0xc8, 0x01, 0x32, 0xfc, 0x71, 0x01, 0x7c, 0xf2, 0x00, 0xa0,
    0x80, 0x26, 0x60, 0x07, 0xa0, 0xc8, 0x02, 0x1e, 0x00, 0xe9, 0x4a, 0x07, 0xaa, 0x96, 0xaa, 0x03,
    0x2d, 0x43, 0xcd, 0xe7, 0x77, 0x6b, 0x01, 0xd9, 0xd8, 0x81, 0xa6, 0x92, 0x7d, 0x80, 0x07, 0x98,
    0x80, 0xd3, 0x89, 0x39, 0x40, 0x74, 0xf8, 0x01, 0x30, 0x61, 0xd0, 0xc0, 0x8c, 0xc0, 0x03, 0xc8,
    0x55, 0x20, 0x10, 0x16, 0x80, 0x21, 0x57, 0x50, 0x89, 0x00, 0xf0, 0x99, 0x44, 0x4c, 0xe0, 0x1e,
    0x45, 0x03, 0x77, 0x48, 0x07, 0xdd, 0xa7, 0x4d, 0x37, 0x04, 0x01, 0x84, 0x0b, 0xb7, 0x1b, 0x07,
    0x08, 0x01, 0x0d, 0x69, 0xae, 0x00, 0x29, 0xe2, 0x00, 0xa0, 0xc0, 0x05, 0x20, 0x1f, 0x3a, 0x10,
    0x00, 0x95, 0x80, 0x3a, 0x2b, 0x44, 0x75, 0x70, 0x8c, 0x04, 0x78, 0xaa, 0xff, 0xa1, 0xbf, 0xe1,
    0x2b, 0x09, 0x1e, 0xe9, 0x99, 0xdd, 0x08, 0x02, 0x9d, 0x00, 0x3f, 0x86, 0xd0, 0x80, 0x3f, 0xc8,
    0x0e, 0x00, 0x8e, 0xe3, 0xbb, 0xb9, 0x00, 0xb6, 0x01, 0x4f, 0xf9, 0x9f, 0xfd, 0x20, 0x1e, 0x11,
    0xc0, 0x23, 0x00, 0x7f, 0xf1, 0xc9, 0x56, 0x32, 0x55, 0x88, 0x03, 0x3f, 0xfc, 0x21, 0xff, 0x30,
    0x02, 0x64, 0xb5, 0x5f, 0x90, 0x00, 0x9c, 0xc0, 0x25, 0x60, 0x0f, 0x35, 0x10, 0x05, 0xbc, 0x01,
    0xd1, 0x7e, 0x31, 0xdc, 0x77, 0x77, 0x28, 0x08, 0xf1, 0x92, 0x3b, 0x8e, 0xee, 0xe5, 0x01, 0x58,
    0x48, 0x99, 0xc2, 0x23, 0x38, 0x40, 0x14, 0xe1, 0x11, 0x11, 0x3b, 0x90, 0x83, 0x6a, 0x6b, 0x77,
    0xcb, 0x56, 0xae, 0x12, 0x07, 0x55, 0xcb, 0x54, 0x46, 0xb1, 0x02, 0xec, 0xee, 0x9d, 0xdc, 0xc0,
    0x18, 0x52, 0xc5, 0x10, 0x5a, 0x84, 0x01, 0xee, 0xb1, 0x00, 0xff, 0x8e, 0x00, 0x3f, 0xf8, 0x2c,
    0xce, 0x63, 0x00, 0xcf, 0x00, 0x19, 0xff, 0x90, 0x00, 0x00, 0x9c, 0xc4, 0x8b, 0xc0, 0x19, 0xe8,
    0x9f, 0x3b, 0xb6, 0x98, 0x02, 0x2b, 0xc4, 0x1f, 0x33, 0x10, 0x00, 0x8f, 0x19, 0x01, 0x62, 0x31,
    0x80, 0x0a, 0xc2, 0x40, 0x0f, 0xbb, 0x8c, 0x03, 0x53, 0xa0, 0x12, 0xae, 0x00, 0x86, 0xd4, 0xc0,
    0x0d, 0xdd, 0x88, 0x00, 0xe3, 0x20, 0x13, 0x71, 0x67, 0x71, 0xc1, 0xa8, 0x03, 0xd7, 0x47, 0x86,
    0x01, 0xfc, 0xcc, 0xf9, 0x70, 0x0f, 0xe1, 0x81, 0x60, 0x0f, 0x85, 0x63, 0x11, 0x71, 0x40, 0x3d,
    0x8f, 0xfe, 0x28, 0xb8, 0x30, 0x03, 0x40, 0x5d, 0x9c, 0xc0, 0x0b, 0xa6, 0x00, 0x9c, 0xc0, 0x28,
    0x30, 0x0f, 0x35, 0x11, 0xa2, 0x78, 0x80, 0x11, 0x7e, 0x2b, 0xba, 0x1c, 0xd9, 0x40, 0x23, 0xc6,
    0x55, 0x55, 0x07, 0x29, 0xf8, 0x4a, 0xc2, 0x4e, 0x22, 0x2b, 0x87, 0x54, 0x01, 0xd4, 0x6a, 0xa9,
    0x66, 0x9e, 0xd4, 0x68, 0x84, 0x23, 0x74, 0xb1, 0xac, 0x60, 0xe3, 0x20, 0x08, 0xdd, 0x2c, 0x6e,
    0x90, 0x1a, 0x80, 0x2a, 0xdd, 0x2c, 0x6e, 0xa4, 0x03, 0xd7, 0x98, 0x59, 0xcc, 0x40, 0x07, 0x3f,
    0x74, 0x95, 0xdd, 0x20, 0x06, 0x7e, 0xe9, 0x2b, 0xba, 0x40, 0x0f, 0xfe, 0x23, 0x48, 0x06, 0xa4,
    0x00, 0xc0, 0x00, 0xa4, 0x80, 0x07, 0x00, 0x1f, 0x41, 0x90, 0x17, 0x68, 0x11, 0x00, 0x29, 0x3b,
    0x02, 0xf8, 0x54, 0xf7, 0x00, 0x11, 0xd3, 0x33, 0x0e, 0x76, 0x25, 0x00, 0x05, 0x45, 0x29, 0x9a,
    0x0b, 0xa5, 0x60, 0x10, 0xf3, 0x05, 0xe2, 0xfc, 0xfa, 0x40, 0x16, 0x1f, 0x80, 0x21, 0x3b, 0x2b,
    0x54, 0x85, 0x58, 0x0a, 0x40, 0x84, 0xd1, 0x1e, 0x47, 0x00, 0x14, 0x41, 0xb4, 0xb6, 0xc8, 0x03,
    0xa4, 0xad, 0x18, 0x53, 0x80, 0x3d, 0x14, 0x93, 0xb5, 0xa4, 0x01, 0xe1, 0x27, 0x94, 0x5f, 0x61,
    0x00, 0xea, 0xfe, 0xfa, 0xb8, 0xcf, 0x50, 0x04, 0xb5, 0xec, 0x90, 0x01, 0x2b, 0x94, 0x00, 0xa4,
    0x80, 0x26, 0x60, 0x07, 0xa4, 0xc8, 0x02, 0xe1, 0x00, 0xc3, 0x45, 0x41, 0x3d, 0xc6, 0x9e, 0xe5,
    0x02, 0x9d, 0xbb, 0x4f, 0x71, 0xa7, 0xb9, 0x40, 0x92, 0x74, 0x80, 0x1b, 0xc0, 0x38, 0xb6, 0x93,
    0xba, 0x67, 0xee, 0x98, 0xfc, 0xc1, 0xbb, 0xa8, 0x6e, 0xe9, 0x96, 0x14, 0x00, 0xd0, 0x01, 0xf3,
    0x28, 0x05, 0xde, 0x00, 0x6e, 0xe6, 0x00, 0x78, 0xf8, 0x00, 0xdd, 0xcc, 0x00, 0xe1, 0x54, 0x30,
    0x0f, 0xf4, 0xbf, 0x73, 0x4c, 0x46, 0x00, 0xde, 0xb6, 0x7e, 0x6d, 0x9f, 0xe6, 0x00, 0x4c, 0xb4,
    0x80, 0xa3, 0x37, 0xb8, 0xc0, 0x00, 0xa4, 0x81, 0xc4, 0x02, 0x73, 0x00, 0xa4, 0xc8, 0x3a, 0x40,
    0x03, 0x22, 0x03, 0x45, 0x40, 0x0b, 0x61, 0x09, 0x72, 0x05, 0x3b, 0x76, 0x7a, 0x38, 0x82, 0x04,
    0x12, 0x49, 0xd3, 0x8f, 0xd1, 0xa5, 0xf7, 0x98, 0x16, 0xd0, 0xb3, 0xbb, 0xd9, 0xde, 0x13, 0xf3,
    0x00, 0x14, 0x80, 0x7c, 0xb0, 0xa0, 0x07, 0x20, 0x02, 0x66, 0x28, 0x19, 0x40, 0x22, 0x20, 0x01,
    0x7f, 0xd2, 0x01, 0xed, 0x50, 0x00, 0x99, 0xc0, 0x1c, 0x28, 0xee, 0x00, 0xff, 0x32, 0x55, 0x24,
    0x4c, 0x88, 0x20, 0x17, 0xd4, 0x0e, 0x58, 0x7f, 0xca, 0x00, 0x99, 0x69, 0x00, 0xbd, 0xe6, 0xe9,
    0x00, 0x00, 0xa0, 0xc5, 0x57, 0xc4, 0x01, 0x3a, 0x12, 0xc1, 0x16, 0x94, 0x00, 0x4d, 0xe8, 0x80,
    0x04, 0x70, 0x04, 0x66, 0xd5, 0x40, 0x01, 0x9e, 0x70, 0x01, 0xd1, 0xcb, 0x80, 0x08, 0xb3, 0x80,
    0x43, 0xc8, 0x6b, 0x04, 0x5a, 0x50, 0x07, 0x48, 0x4a, 0xbb, 0xbd, 0x22, 0xca, 0xc0, 0x53, 0x3c,
    0xdd, 0x22, 0xf3, 0xe0, 0x91, 0x1c, 0x7d, 0x06, 0x01, 0x9b, 0x8f, 0xba, 0x3c, 0xe2, 0x00, 0xc4,
    0x84, 0x68, 0x81, 0x34, 0x10, 0x0f, 0x55, 0x88, 0x07, 0xfc, 0x39, 0x38, 0x4c, 0x01, 0x9a, 0x40,
    0x34, 0xf7, 0x08, 0x00, 0x00, 0xa4, 0x80, 0xe0, 0x00, 0xac, 0x01, 0xa4, 0xc8, 0x10, 0x40, 0x1e,
    0x01, 0x0d, 0x15, 0x00, 0x2f, 0xc0, 0x08, 0xa0, 0x05, 0x3b, 0x76, 0x41, 0xb5, 0x73, 0xe2, 0x04,
    0x93, 0xa5, 0x99, 0x7e, 0x4f, 0xdf, 0x88, 0x16, 0xd2, 0xa9, 0x08, 0x64, 0x9a, 0x88, 0xfc, 0xc1,
    0xa0, 0xc3, 0x78, 0x00, 0xe6, 0xb0, 0xa0, 0x03, 0xe0, 0x0f, 0x99, 0x40, 0x27, 0x60, 0x03, 0xf7,
    0x28, 0x03, 0xd8, 0xc0, 0x07, 0xee, 0x50, 0x07, 0x94, 0x58, 0x03, 0xfc, 0xc3, 0xd7, 0xc6, 0x01,
    0xf7, 0xd7, 0x96, 0x13, 0xf7, 0x48, 0x00, 0x99, 0x61, 0x80, 0xce, 0xf7, 0x48, 0x00, 0x2a, 0x82,
    0x80, 0x3f, 0x8e, 0x1c, 0x9d, 0x13, 0x55, 0x44, 0x4e, 0x82, 0xa1, 0x98, 0xf2, 0x0e, 0x61, 0x68,
    0x6c, 0x6d, 0x49, 0xb3, 0x32, 0x38, 0x22, 0xc5, 0x50, 0xce, 0x23, 0x00, 0xe7, 0x46, 0x9f, 0x48,
    0xf1, 0x00, 0xc9, 0x20, 0x0c, 0xd7, 0xbd, 0x20, 0x0c, 0x54, 0x21, 0x08, 0x1e, 0xe6, 0x01, 0x99,
    0x00, 0x3f, 0xf8, 0xfe, 0xe6, 0x00, 0x70, 0x0f, 0xc4, 0x9a, 0x18, 0x44, 0x00, 0x8d, 0x29, 0xef,
    0x40, 0x19, 0xc2, 0x01, 0x14, 0xff, 0x64, 0xe8, 0x07, 0xbc, 0x50, 0x40, 0x24, 0x80, 0x08, 0x00,
    0xa4, 0x81, 0x94, 0x03, 0xf4, 0x99, 0x0c, 0x6a, 0xaf, 0x08, 0xa8, 0xa8, 0x24, 0x83, 0x77, 0x8d,
    0x4e, 0xde, 0x99, 0x80, 0x1d, 0x64, 0x92, 0x75, 0x34, 0x97, 0x78, 0x98, 0x00, 0x5b, 0x46, 0x83,
    0x11, 0x9c, 0x00, 0x7e, 0x60, 0x10, 0xc4, 0x67, 0x00, 0x2c, 0x28, 0x04, 0xdd, 0x17, 0x62, 0x60,
    0x65, 0x00, 0xda, 0x46, 0x01, 0x08, 0x07, 0x9e, 0xcf, 0x30, 0x0a, 0x60, 0x1c, 0x9b, 0xe9, 0xe6,
    0xbe, 0x20, 0x1c, 0x94, 0x40, 0xb2, 0xec, 0x01, 0xe6, 0xe8, 0xfc, 0xfd, 0x8e, 0x40, 0x04, 0xb3,
    0x3a, 0xdc, 0x85, 0xf3, 0x90, 0x00, 0xe1, 0x00, 0xff, 0xc3, 0x90, 0x01, 0xff, 0x0e, 0x1d, 0x88,
    0x07, 0xf8, 0x6c, 0xb0, 0x40, 0x3f, 0x59, 0x84, 0xc0, 0x80, 0x80, 0x45, 0x20, 0xc0, 0x12, 0x81,
    0x60, 0x04, 0xe4, 0x01, 0xf1, 0x0a, 0x80, 0x34, 0xc0, 0x3f, 0x57, 0x00, 0x0f, 0x40, 0x3f, 0x3a,
    0x08, 0x91, 0xc0, 0x3c, 0x38, 0x26, 0xe4, 0xa4, 0x01, 0xe3, 0x10, 0x84, 0x3a, 0x00, 0x0a, 0x11,
    0x54, 0xe0, 0x84, 0x01, 0xa6, 0xff, 0xe3, 0x90, 0x08, 0x00, 0xc6, 0xc0, 0x1f, 0xfc, 0x1a, 0xa0,
    0x80, 0x0e, 0xc0, 0x3c, 0x7a, 0x78, 0x61, 0x06, 0x01, 0xe4, 0x39, 0xb1, 0x56, 0x90, 0x0c, 0xc1,
    0xc8, 0x0c, 0x17, 0x22, 0x01, 0x15, 0x80, 0x61, 0xe6, 0x29, 0x00, 0x95, 0xc0, 0x35, 0x34, 0x3b,
    0x90, 0x01, 0x7e, 0x00, 0x1b, 0x0a, 0x01, 0x98, 0x03, 0x25, 0x00, 0x48, 0xd8, 0x04, 0xc4, 0x63,
    0x40, 0x89, 0x50, 0x04, 0xe1, 0x2c, 0x4d, 0x52, 0x78, 0x01, 0xa0, 0x1d, 0x53, 0x0b, 0x1f, 0x84,
    0x64, 0x21, 0x00, 0x27, 0xc0, 0xf3, 0x77, 0x55, 0x60, 0x10, 0x00, 0xf4, 0x18, 0x07, 0xc6, 0x7c,
    0x10, 0x67, 0xc0, 0x3f, 0xdb, 0xfe, 0x47, 0xff, 0xe0, 0x1c, 0x92, 0xcc, 0xfe, 0x00, 0xff, 0xe3,
    0x0b, 0x37, 0xe2, 0x00, 0x99, 0x3f, 0xff, 0x08, 0x04, 0x53, 0x31, 0x5c, 0xce, 0x30, 0x09, 0x05,
    0xc3, 0xbc, 0x40, 0x60, 0x02, 0x38, 0x39, 0x05, 0x53, 0x00, 0x9b, 0x00, 0x26, 0x80, 0x34, 0x38,
    0x57, 0xd8, 0x13, 0xb0, 0x01, 0x0c, 0xe6, 0x62, 0x09, 0x96, 0x01, 0x4f, 0xc4, 0x5b, 0x01, 0x86,
    0x00, 0x32, 0x80, 0x67, 0x20, 0x0f, 0x71, 0x80, 0x61, 0xf0, 0x0f, 0xb8, 0x80, 0x26, 0x52, 0x00,
    0xd8, 0x03, 0x35, 0xbb, 0x2f, 0xee, 0x98, 0x5c, 0x3d, 0xe5, 0x5f, 0xff, 0x9d, 0x0c, 0x01, 0xe5,
    0xe6, 0x45, 0xc2, 0x18, 0x00, 0x31, 0x00, 0xfc, 0xa8, 0x01, 0xff, 0xf1, 0x4b, 0xbe, 0x10, 0x0f,
    0x37, 0x44, 0x70, 0x80, 0x25, 0xc0, 0x02, 0x67, 0xe0, 0x00, 0x3a, 0x80, 0x6a, 0x20, 0x0f, 0x71,
    0x80, 0x67, 0x10, 0x0f, 0xbc, 0x96, 0x20, 0x75, 0x10, 0x20, 0x06, 0x01, 0xc0, 0xff, 0x80, 0x7d,
    0x5c, 0x05, 0xc3, 0x19, 0x5d, 0xc7, 0x6e, 0xc0, 0x04, 0x30, 0x07, 0x88, 0x00, 0xc4, 0x03, 0xb0,
    0x00, 0x2a, 0xb0, 0x22, 0xbe, 0x9a, 0xa0, 0x01, 0xbf, 0xdc, 0x37, 0xec, 0x4c, 0x01, 0x92, 0xa9,
    0xc4, 0x75, 0x52, 0x80, 0x7d, 0x30, 0x8e, 0x01, 0xfc, 0xe0, 0xb1, 0x28, 0x01, 0xf3, 0xd7, 0x01,
    0x5d, 0x30, 0x07, 0x45, 0xf9, 0x00, 0x16, 0xec, 0xa0, 0x08, 0x78, 0xc2, 0x00, 0xcb, 0xaa, 0x00,
    0xf5, 0xb8, 0x07, 0xf8, 0x6c, 0x69, 0xc0, 0x3f, 0x26, 0x1d, 0xe6, 0xe1, 0x80, 0x64, 0xa9, 0x9b,
    0x5a, 0xa7, 0xad, 0x41, 0x27, 0x74, 0x83, 0xbc, 0x2b, 0xba, 0x92, 0x4d, 0x0d, 0xdb, 0x13, 0x37,
    0x1f, 0x08, 0x00, 0xd9, 0x9e, 0x64, 0x10, 0x0c, 0x23, 0x4a, 0x8c, 0x0c, 0x00, 0x61, 0x42, 0x7b,
    0x95, 0xea, 0x35, 0x00, 0x93, 0xc6, 0xcf, 0xad, 0x40, 0xac, 0x80, 0x1f, 0xa0, 0x11, 0xe1, 0x11,
    0xa2, 0x40, 0x91, 0xc0, 0x8c, 0xc2, 0x6b, 0xac, 0xc3, 0x36, 0x89, 0xbc, 0x7f, 0xd9, 0x21, 0x86,
    0x00, 0x8e, 0x40, 0x3f, 0xf5, 0x19, 0xff, 0x00, 0x44, 0xe3, 0xfb, 0x11, 0xd2, 0x01, 0x4b, 0x5f,
    0x9d, 0x57, 0x80, 0x10, 0xf2, 0x00, 0x2d, 0xde, 0x30, 0x00, 0xf0, 0x80, 0x0b, 0x33, 0x8c, 0x01,
    0x24, 0x01, 0x17, 0x77, 0x40, 0x07, 0xc5, 0xdd, 0xd0, 0x01, 0xe1, 0x32, 0x00, 0x09, 0x00, 0x43,
    0xa7, 0xa5, 0x78, 0xa0, 0x58, 0x20, 0x07, 0x70, 0x04, 0xba, 0x60, 0xc9, 0x20, 0x0b, 0xe0, 0x00,
    0x81, 0xb2, 0x44, 0xb0, 0x85, 0xa1, 0xb7, 0xf7, 0x53, 0x67, 0x00, 0x00, 0xa1, 0x00, 0x3f, 0xc4,
    0x6c, 0x04, 0x3d, 0xdd, 0x40, 0x5d, 0xa7, 0x1f, 0x76, 0x4e, 0xe2, 0x60, 0x16, 0x87, 0xe3, 0xe2,
    0xa1, 0x11, 0x1c, 0x00, 0xc6, 0x06, 0xee, 0x09, 0x97, 0x40, 0x80, 0x1e, 0xff, 0x6c, 0x41, 0x94,
    0x58, 0x03, 0x10, 0x2d, 0x9a, 0xe3, 0xb5, 0x90, 0x0e, 0x44, 0xdc, 0x8f, 0xcc, 0xac, 0xf1, 0x07,
    0x71, 0x08, 0x7f, 0x50, 0x01, 0x3e, 0x80, 0x38, 0x7c, 0x3f, 0x90, 0x0b, 0xa2, 0x00, 0x41, 0x30,
    0x01, 0x5c, 0xb3, 0xb4, 0x00, 0xcc, 0x03, 0x88, 0x05, 0x4d, 0x6c, 0x61, 0x6a, 0x1b, 0x1d, 0xcf,
    0x74, 0x1b, 0x10, 0x00, 0x2b, 0x80, 0x61, 0x90, 0x0f, 0x1f, 0x00, 0x64, 0x50, 0x0f, 0x8d, 0x01,
    0x11, 0xec, 0x89, 0x00, 0x30, 0x01, 0x23, 0x70, 0xcc, 0x88, 0x58, 0x00, 0x40, 0xd5, 0xc3, 0x73,
    0x2d, 0x00, 0x1b, 0x00, 0x29, 0x00, 0x3f, 0x3e, 0x80, 0x08, 0x80, 0x1f, 0x91, 0x80, 0x3b, 0xbf,
    0xee, 0x00, 0xfe, 0xef, 0xfb, 0x80, 0x3f, 0xfb, 0x37, 0x33, 0x58, 0x07, 0xf6, 0x7f, 0xd8, 0x01,
    0x9e, 0x00, 0x1a, 0xcd, 0xde, 0x00, 0x00, 0x11, 0x7f, 0x80, 0x36, 0xf7, 0x59, 0xfd, 0xd7, 0x80,
    0x76, 0x64, 0xd5, 0x98, 0xf0, 0x0f, 0x3b, 0x30, 0xf1, 0x99, 0x60, 0x1f, 0x08, 0x80, 0x02, 0x20,
    0x0f, 0x9d, 0xe3, 0xc7, 0x75, 0x80, 0x7a, 0xee, 0x5a, 0xbb, 0x78, 0x07, 0x64, 0x43, 0xab, 0xa2,
    0x1f, 0xe0, 0x0c, 0xe6, 0xcc, 0xb9, 0x23, 0x06, 0x00, 0x8a, 0x82, 0x8b, 0x0a, 0x80, 0x14, 0x40,
    0x05, 0x70, 0x0d, 0x16, 0xcd, 0x40, 0x0c, 0xd8, 0x0a, 0x91, 0x5a, 0x72, 0xa4, 0x3a, 0x41, 0x31,
    0xdd, 0x0b, 0x8e, 0x90, 0x00, 0xd2, 0x80, 0x1f, 0xf3, 0x33, 0xee, 0xe7, 0x00, 0xf2, 0xc5, 0xc4,
    0x4c, 0x40, 0x1c, 0xf4, 0x86, 0x88, 0x93, 0x27, 0x30, 0x00, 0xf5, 0x60, 0x8d, 0x90, 0x38, 0x80,
    0x01, 0x97, 0x00, 0xff, 0xe7, 0xb8, 0x07, 0xff, 0x04, 0xc4, 0x6d, 0x11, 0xb1, 0x00, 0x21, 0x24,
    0x16, 0x7f, 0x77, 0x34, 0x08, 0x01, 0xb9, 0xb4, 0x75, 0x54, 0x4a, 0x32, 0x03, 0x32, 0x07, 0x10,
    0xe4, 0x5e, 0x86, 0x10, 0x83, 0x47, 0xcc, 0x76, 0x5f, 0x15, 0x08, 0x00, 0x3a, 0x80, 0x04, 0x0e,
    0x00, 0x3d, 0xc4, 0x00, 0xb5, 0x63, 0x00, 0xe1, 0x0e, 0x30, 0x47, 0x00, 0xfb, 0x40, 0x1e, 0x63,
    0xd0, 0xb9, 0x8b, 0x02, 0x70, 0xe7, 0x86, 0xfa, 0x2f, 0xf4, 0x03, 0x98, 0x02, 0x56, 0xcc, 0x9c,
    0xce, 0x00, 0x60, 0x00, 0xb4, 0x80, 0x3e, 0x54, 0x00, 0x9f, 0x75, 0x69, 0xba, 0x80, 0x0f, 0x27,
    0xfa, 0x0f, 0xfd, 0x20, 0x1f, 0x11, 0x0d, 0xc8, 0x82, 0x01, 0xff, 0xc7, 0x26, 0x6b, 0x19, 0xb1,
    0x00, 0x61, 0xff, 0x81, 0x3f, 0xe1, 0x00, 0x43, 0x1c, 0xcf, 0xe3, 0x00, 0xf4, 0xb8, 0x07, 0xe2,
    0x77, 0xdc, 0xef, 0x10, 0x06, 0x6b, 0x11, 0x47, 0x88, 0xa9, 0x80, 0x38, 0x47, 0xe0, 0x0f, 0x84,
    0xcf, 0xc0, 0x1f, 0x0e, 0xef, 0x8c, 0x03, 0xc3, 0x55, 0xe2, 0x00, 0xf1, 0x4c, 0xf8, 0x80, 0x39,
    0x76, 0x64, 0xdf, 0x32, 0xd5, 0x00, 0x8a, 0x1e, 0x8e, 0x60, 0x8c, 0xb0, 0x40, 0x14, 0x22, 0x20,
    0x5a, 0x52, 0x74, 0x80, 0x26, 0xa0, 0x72, 0x16, 0x55, 0x64, 0x38, 0x95, 0x12, 0x3f, 0xe6, 0x57,
    0x23, 0xe2, 0x00, 0x95, 0x81, 0x90, 0x03, 0xf0, 0xc2, 0x8c, 0x63, 0xbe, 0x61, 0x00, 0x5b, 0x9d,
    0xa7, 0x80, 0x5d, 0x62, 0x12, 0xa4, 0xcc, 0xa7, 0x2d, 0x70, 0x80, 0x42, 0x70, 0x7d, 0x94, 0x00,
    0x20, 0xa8, 0x25, 0xf8, 0x0a, 0xa2, 0x00, 0x0a, 0xa4, 0x00, 0xe1, 0x99, 0x00, 0x43, 0x30, 0x01,
    0xc3, 0xe9, 0x50, 0x40, 0x9c, 0x01, 0x2d, 0x01, 0x67, 0xfa, 0x00, 0x48, 0x00, 0x32, 0xf6, 0x1f,
    0x60, 0x01, 0xf2, 0x00, 0x31, 0x00, 0x47, 0x0e, 0x12, 0xd6, 0x03, 0x34, 0x0e, 0x44, 0x47, 0x45,
    0xa7, 0x10, 0xb3, 0x46, 0xff, 0xd1, 0x02, 0xd1, 0x02, 0x2f, 0xfc, 0x00, 0xee, 0xdb, 0xdc, 0xde,
    0xec, 0x21, 0x9b, 0xae, 0x1d, 0xe0, 0xdd, 0xb0, 0x40, 0x7b, 0x78, 0x77, 0x83, 0x75, 0xc2, 0x01,
    0x0e, 0x68, 0xe6, 0x86, 0x60, 0x03, 0xcf, 0x20, 0xec, 0x0e, 0xe0, 0x0c, 0x30, 0x3e, 0x02, 0x20,
    0x11, 0x48, 0x80, 0xb8, 0x88, 0x00, 0x22, 0x01, 0x19, 0xc8, 0xc0, 0x31, 0x58, 0x40, 0x07, 0x13,
    0x93, 0x14, 0x36, 0x33, 0x82, 0x39, 0x00, 0xd9, 0xf0, 0x56, 0x81, 0x96, 0x98, 0x0d, 0x39, 0x01,
    0x0b, 0x87, 0x35, 0x69, 0x06, 0x48, 0x6d, 0xe6, 0x4e, 0x69, 0x66, 0x00, 0xec, 0x11, 0x68, 0x07,
    0x9e, 0x22, 0x30, 0x01, 0x44, 0x60, 0x00, 0xf7, 0x40, 0x1b, 0xbb, 0x00, 0x14, 0x03, 0xfc, 0xa0,
    0x07, 0xee, 0x80, 0x37, 0x74, 0xe0, 0x07, 0xbb, 0x80, 0x35, 0xdc, 0xe2, 0x28, 0x8c, 0x01, 0xa6,
    0x71, 0x8d, 0xde, 0x20, 0x01, 0x55, 0x62, 0x00, 0x08, 0x3e, 0x5b, 0x68, 0x21, 0x80, 0x43, 0xe5,
    0x47, 0x74, 0xa0, 0x3e, 0x01, 0x32, 0x10, 0x00, 0x78, 0xd0, 0x1a, 0x00, 0x66, 0x00, 0x0e, 0x42,
    0x9d, 0xb0, 0xc4, 0x3a, 0x41, 0x73, 0xdd, 0x0d, 0x16, 0x10, 0x00, 0x50, 0x80, 0x68, 0x30, 0x0f,
    0x38, 0x1d, 0x54, 0xdf, 0x55, 0x00, 0x69, 0x28, 0x88, 0xaa, 0x22, 0x01, 0xb0, 0x03, 0xcf, 0x70,
    0xaf, 0xb8, 0xa0, 0x42, 0x16, 0x31, 0xfe, 0x2a, 0xff, 0x20, 0xae, 0x81, 0x05, 0x54, 0xbd, 0x55,
    0x29, 0xa0, 0x01, 0xf8, 0x03, 0xd4, 0x8a, 0x60, 0x16, 0x7d, 0x56, 0x26, 0x00, 0xfa, 0xa2, 0x32,
    0x80, 0x7e, 0x8a, 0xac, 0xa0, 0x1f, 0xa7, 0x77, 0x28, 0x07, 0xe9, 0xcc, 0xc8, 0x01, 0xff, 0x2e,
    0xa3, 0x80, 0x58, 0x21, 0x48, 0x00, 0x5c, 0xe2, 0x00, 0x00, 0x42, 0x00, 0x67, 0x40, 0x0f, 0x10,
    0x81, 0x15, 0xfe, 0x22, 0x80, 0x31, 0x24, 0x77, 0x11, 0xfb, 0xa2, 0x1b, 0x00, 0x7d, 0x6e, 0xfb,
    0x08, 0x82, 0x04, 0xe5, 0xdf, 0xfc, 0xc0, 0xba, 0x00, 0xa1, 0x2e, 0xec, 0xe0, 0x03, 0x40, 0x03,
    0x08, 0x07, 0xe5, 0x30, 0x0c, 0x7d, 0xcf, 0xe7, 0x00, 0xf8, 0xb7, 0xed, 0x3b, 0x18, 0x03, 0xc3,
    0xa6, 0x00, 0x1f, 0x20, 0x0f, 0x43, 0x10, 0x00, 0x6e, 0x00, 0x39, 0x11, 0x20, 0x19, 0x9c, 0x80,
    0x32, 0x60, 0x6d, 0x98, 0x03, 0x08, 0x01, 0x68, 0x02, 0x2c, 0xe8, 0x00, 0x08, 0x00, 0x00, 0x9d,
    0x00, 0x3f, 0xf6, 0x88, 0x03, 0x37, 0x6e, 0xa0, 0x2a, 0xa3, 0xcd, 0x30, 0x7e, 0xea, 0xc0, 0x07,
    0xde, 0x49, 0xc8, 0x1f, 0x98, 0x80, 0x00, 0xa6, 0x82, 0x31, 0x07, 0xe6, 0x20, 0x02, 0x34, 0x54,
    0xf5, 0x09, 0xbb, 0x48, 0x00, 0xfb, 0xc3, 0x7d, 0x82, 0x26, 0x54, 0x00, 0x29, 0x30, 0x01, 0x18,
    0x55, 0x5a, 0x00, 0x14, 0x0e, 0x71, 0x99, 0x6e, 0x63, 0xa4, 0x00, 0x72, 0x9c, 0x3d, 0x2a, 0x8b,
    0x62, 0x00, 0xae, 0x13, 0x07, 0xb3, 0x55, 0x4c, 0x80, 0x9d, 0x84, 0x0c, 0x94, 0x38, 0x99, 0x84,
    0x4d, 0x10, 0x7f, 0xee, 0x85, 0xc7, 0x48, 0x00, 0xf2, 0xc8, 0x07, 0xf8, 0xab, 0x8e, 0x8c, 0x03,
    0xc9, 0x58, 0x7f, 0xc5, 0xb6, 0xc2, 0x07, 0xdd, 0x57, 0x19, 0xbf, 0x63, 0xfc, 0x66, 0xe1, 0xff,
    0x67, 0x39, 0x09, 0xaf, 0x18, 0x01, 0x7b, 0x9a, 0xa1, 0xec, 0x06, 0x01, 0xc2, 0x20, 0x0f, 0xf8,
    0x77, 0x58, 0x00, 0x30, 0x0f, 0x86, 0x60, 0x1c, 0x25, 0xa8, 0x80, 0x35, 0x01, 0xc8, 0x38, 0x14,
    0xf0, 0x06, 0x93, 0xb5, 0xae, 0x82, 0x7e, 0x20, 0x04, 0xa1, 0x80, 0x8a, 0x62, 0x42, 0xe4, 0x01,
    0xd0, 0x19, 0x5d, 0xd3, 0xab, 0x60, 0x80, 0x00, 0xf3, 0xb0, 0x07, 0xc9, 0x77, 0xaa, 0x2e, 0xf2,
    0x00, 0x16, 0x61, 0xa7, 0xf2, 0x57, 0xe5, 0x40, 0x0c, 0xa8, 0x76, 0xaa, 0xb0, 0x35, 0x60, 0x00,
    0x8d, 0x1e, 0x22, 0xf8, 0x11, 0x80, 0x0c, 0x77, 0xbb, 0xeb, 0x06, 0x00, 0xcd, 0x11, 0xe7, 0x10,
    0x0e, 0x74, 0x4f, 0x30, 0x07, 0x87, 0xff, 0xc0, 0x1e, 0x7e, 0xcc, 0x2f, 0x5d, 0xa1, 0x00, 0x37,
    0x84, 0x3f, 0x53, 0x88, 0x70, 0x80, 0x21, 0xcc, 0x00, 0x7a, 0x9e, 0xd5, 0x60, 0x15, 0x82, 0x6e,
    0xb3, 0x98, 0x9f, 0xc0, 0x00, 0x09, 0x9f, 0xe1, 0x00, 0xcf, 0xe8, 0x88, 0xf4, 0x47, 0xb8, 0x07,
    0x0e, 0xe9, 0xc7, 0x74, 0x20, 0x1e, 0x78, 0x82, 0x22, 0x20, 0xe0, 0x1c, 0x41, 0x10, 0x44, 0x44,
    0x00, 0x80, 0x24, 0xe0, 0x0f, 0xdc, 0x80, 0x02, 0x08, 0x89, 0x11, 0xc5, 0x00, 0x40, 0x11, 0xac,
    0xc9, 0x5f, 0xd9, 0x4c, 0x03, 0x9a, 0x62, 0xfa, 0xfb, 0x50, 0xc0, 0x09, 0xc0, 0xa5, 0xf8, 0x61,
    0x34, 0xa0, 0x01, 0x92, 0x91, 0x98, 0x93, 0x1a, 0x40, 0x07, 0xc0, 0x80, 0x82, 0x5c, 0xac, 0xd0,
    0x8a, 0xd8, 0x97, 0xfb, 0x9e, 0xca, 0x90, 0x00, 0x00, 0xc2, 0x46, 0x8a, 0xf3, 0x20, 0x09, 0x33,
    0xb6, 0x73, 0x48, 0x45, 0xa0, 0x12, 0x61, 0x45, 0xa6, 0x3b, 0x95, 0x80, 0x27, 0x7b, 0xdc, 0x7d,
    0xf5, 0x95, 0xc0, 0x14, 0x3d, 0xc0, 0x42, 0x24, 0xf0, 0x48, 0x04, 0x98, 0x61, 0xa8, 0xee, 0xe3,
    0x00, 0xb6, 0xf8, 0x34, 0x79, 0x2f, 0xa7, 0x00, 0x06, 0x67, 0x44, 0x4d, 0xfd, 0x2d, 0x88, 0x00,
    0xe8, 0x60, 0x33, 0xb8, 0x88, 0x63, 0x00, 0x97, 0x12, 0x48, 0x81, 0x04, 0x01, 0xab, 0xfd, 0x54,
    0x22, 0x55, 0x18, 0x03, 0x55, 0x00, 0x5e, 0x64, 0xc6, 0x40, 0x10, 0xe7, 0x73, 0x3b, 0xb7, 0xf7,
    0x34, 0x45, 0xbd, 0x92, 0x80, 0x05, 0x9c, 0xec, 0x10, 0x00, 0xfd, 0x63, 0x26, 0x01, 0x0a, 0xaf,
    0xcf, 0xdc, 0x51, 0x02, 0x8d, 0xde, 0x3c, 0xf5, 0xd3, 0x00, 0x37, 0x00, 0x5c, 0xf9, 0x1f, 0x64,
    0x0e, 0x09, 0x77, 0x26, 0x79, 0x49, 0x00, 0x04, 0x4b, 0xf1, 0xea, 0x88, 0x99, 0x08, 0x03, 0x75,
    0xf5, 0x74, 0x04, 0x00, 0x74, 0x20, 0x44, 0x05, 0x5d, 0x04, 0x83, 0x16, 0xb1, 0x81, 0xc6, 0xd7,
    0x18, 0x65, 0xe2, 0x29, 0xe9, 0x1b, 0x0f, 0x14, 0x8b, 0xc6, 0x88, 0x2f, 0x36, 0x06, 0xd9, 0x92,
    0xd2, 0x80, 0x26, 0x00, 0x21, 0xf3, 0x7f, 0x88, 0x00, 0xd2, 0x3b, 0x6e, 0xbf, 0x63, 0xd2, 0x40,
    0x00, 0x0d, 0x10, 0x00, 0x64, 0x00, 0x40, 0x10, 0xd6, 0x9e, 0x11, 0xbb, 0x5f, 0x18, 0x0e, 0x36,
    0xd0, 0xf0, 0x05, 0x38, 0xa0, 0x37, 0x1d, 0x1f, 0x62, 0x06, 0xed, 0x60, 0x01, 0x9d, 0xa9, 0xe3,
    0x9c, 0xc7, 0xc8, 0x07, 0xe2, 0xa9, 0x8e, 0x00, 0xcb, 0x54, 0xc0, 0x01, 0xde, 0x83, 0x00, 0x45,
    0x76, 0xd0, 0x0a, 0xb1, 0xec, 0x02, 0x38, 0xd0, 0x01, 0x84, 0xbc, 0x20, 0x01, 0x30, 0x45, 0xc2,
    0xbb, 0xa1, 0x2e, 0x00, 0x26, 0x14, 0x25, 0x49, 0x33, 0x82, 0x01, 0x4d, 0x00, 0x81, 0x60, 0xfa,
    0xf5, 0x01, 0xd1, 0x10, 0x77, 0x59, 0xae, 0x88, 0x80, 0x00, 0x49, 0x00, 0x11, 0x3c, 0x20, 0x12,
    0x88, 0x1c, 0x9f, 0xf1, 0xca, 0x80, 0x65, 0x6f, 0x0d, 0x66, 0x69, 0xc2, 0x85, 0x87, 0x85, 0xa4,
    0x3c, 0xc1, 0xc2, 0x08, 0x83, 0xf8, 0xcd, 0x01, 0xf0, 0xea, 0x2b, 0xa0, 0xba, 0x40, 0x1e, 0x50,
    0x14, 0x00, 0x2f, 0xec, 0x46, 0x02, 0x05, 0x30, 0x0d, 0x71, 0x19, 0xc0, 0x3f, 0x36, 0xee, 0x10,
    0x0f, 0xc6, 0x7c, 0xe0, 0x1f, 0x0a, 0xff, 0xe6, 0x30, 0x0f, 0x53, 0x15, 0xd3, 0xaa, 0x00, 0x74,
    0xf7, 0xc8, 0x0e, 0x7e, 0x10, 0x03, 0x4e, 0x31, 0x40, 0x33, 0xe9, 0x00, 0x00, 0xa1, 0x00, 0x33,
    0xa8, 0x06, 0x9a, 0x58, 0xa3, 0x8a, 0xa4, 0xd3, 0x80, 0x3c, 0x00, 0xe0, 0x5a, 0x01, 0x88, 0x00,
    0x5e, 0xc7, 0xe6, 0x3c, 0xeb, 0xc2, 0x00, 0x23, 0x71, 0x31, 0x23, 0x13, 0x38, 0x00, 0xde, 0xe7,
    0xf5, 0xfc, 0x01, 0x38, 0x05, 0x71, 0x35, 0x5a, 0x33, 0x00, 0x19, 0xea, 0xbe, 0xd0, 0x0e, 0xd1,
    0x1f, 0xc0, 0x1d, 0x76, 0xeb, 0x3e, 0xbb, 0x4f, 0x80, 0x43, 0xe5, 0x27, 0x16, 0x04, 0x49, 0x40,
    0x04, 0xa8, 0x04, 0x78, 0x6d, 0x10, 0x90, 0x0a, 0x05, 0x7b, 0x73, 0x6a, 0x8a, 0xa1, 0x00, 0xf4,
    0x20, 0x07, 0xfe, 0x29, 0xbb, 0xc2, 0x00, 0x15, 0x5c, 0xc9, 0xdd, 0x90, 0x00, 0xb0, 0x67, 0x00,
    0x0c, 0x89, 0xf2, 0x01, 0x31, 0x7f, 0x84, 0xbf, 0x83, 0x90, 0x03, 0x24, 0xca, 0xc0, 0x2e, 0xe1,
    0x00, 0x62, 0x88, 0x71, 0x88, 0xd9, 0x40, 0x18, 0x53, 0x30, 0xbf, 0x9f, 0x40, 0x10, 0x88, 0x04,
    0x60, 0x00, 0xf8, 0x06, 0x22, 0x0b, 0xe7, 0x0f, 0x60, 0xa0, 0x05, 0xba, 0x79, 0x08, 0x7f, 0x9a,
    0x00, 0x85, 0x1a, 0x05, 0xca, 0xd1, 0x9c, 0x28, 0x15, 0x11, 0x04, 0xf9, 0x8e, 0xb7, 0x82, 0x22,
    0x53, 0xa8, 0x4e, 0xe6, 0x34, 0xc2, 0x08, 0x00, 0xf2, 0x58, 0x07, 0xcb, 0x55, 0xb9, 0x2e, 0xab,
    0x18, 0x11, 0xcf, 0x9c, 0xa4, 0x0f, 0x4c, 0x88, 0x01, 0xc7, 0xd8, 0xac, 0xa1, 0xca, 0xc2, 0x01,
    0x3a, 0x3c, 0x29, 0x10, 0xc8, 0x40, 0x2b, 0xb0, 0xc9, 0x1e, 0xaa, 0xb4, 0x03, 0x26, 0x85, 0xa0,
    0x04, 0xe0, 0x20, 0x0f, 0xf0, 0x80, 0x59, 0x48, 0x74, 0xe0, 0x01, 0x20, 0x0d, 0x74, 0x22, 0xab,
    0x10, 0x21, 0x0f, 0x1a, 0x52, 0xb8, 0xb9, 0x10, 0x55, 0x25, 0x2c, 0xcb, 0xe8, 0xfc, 0x80, 0xc8,
    0x23, 0xc0, 0x24, 0x8e, 0x9e, 0x05, 0xb2, 0xb4, 0x66, 0x6e, 0xb9, 0x52, 0xc9, 0x9c, 0xdc, 0x0b,
    0x76, 0xe9, 0x07, 0x20, 0x00, 0x19, 0xe1, 0x00, 0x85, 0x4c, 0x00, 0x5c, 0x88, 0x87, 0x75, 0xed,
    0x10, 0x07, 0x7f, 0x80, 0x0f, 0xed, 0x60, 0x40, 0x1f, 0x8e, 0x87, 0x3c, 0x40, 0x21, 0xdd, 0x10,
    0x15, 0xb4, 0xe9, 0x80, 0x04, 0x04, 0x40, 0x2f, 0x4f, 0xfd, 0xc1, 0x14, 0xb7, 0xc9, 0xea, 0xc7,
    0x8f, 0xc8, 0x0c, 0xb4, 0x39, 0x78, 0x63, 0x00, 0x3c, 0x43, 0xe6, 0x82, 0x36, 0xbe, 0xc1, 0x34,
    0x83, 0x03, 0xf4, 0x48, 0x57, 0x20, 0xd8, 0x80, 0xa1, 0xe8, 0xe8, 0x51, 0xc3, 0x90, 0x07, 0xa0,
    0x41, 0x86, 0x1f, 0x9f, 0xa8, 0x86, 0x54, 0x2f, 0xea, 0x92, 0xa8, 0x7a, 0x40, 0x00, 0xf9, 0x20,
    0xd8, 0x03, 0xfc, 0x26, 0x5f, 0x84, 0x00, 0x16, 0x6e, 0xc6, 0x7f, 0x65, 0x20, 0x28, 0xcc, 0xc4,
    0x79, 0x80, 0xd1, 0x00, 0x1d, 0x56, 0x90, 0xaa, 0x45, 0x18, 0x00, 0xe2, 0x24, 0x31, 0x10, 0x7a,
    0x00, 0x6f, 0xf2, 0x18, 0x88, 0x90, 0x10, 0x02, 0x37, 0x72, 0x88, 0x2a, 0xa2, 0xc0, 0x27, 0x10,
    0x01, 0x80, 0x0e, 0xc5, 0x80, 0x22, 0x60, 0x00, 0x98, 0x69, 0x70, 0x20, 0x86, 0x6c, 0xea, 0xb9,
    0xd8, 0xb0, 0x6a, 0x0a, 0x22, 0x73, 0x93, 0x62, 0xe0, 0xd5, 0x94, 0x8c, 0x04, 0xeb, 0x59, 0x6b,
    0x5c, 0xd3, 0x40, 0x23, 0xc3, 0x00, 0x3f, 0x58, 0x00, 0x00, 0xc2, 0x8c, 0x32, 0x06, 0x01, 0x9e,
    0x73, 0xfc, 0x26, 0xc1, 0x12, 0x01, 0xb2, 0x8a, 0xdc, 0xc0, 0x14, 0xb0, 0x00, 0x75, 0x50, 0x04,
    0x20, 0x22, 0xdc, 0x02, 0x99, 0x41, 0x4c, 0xc1, 0x73, 0x1a, 0x47, 0xfe, 0x33, 0x7f, 0xc4, 0x4f,
    0xf8, 0xc5, 0x99, 0x62, 0xcd, 0x3f, 0x37, 0x90, 0x80, 0x4e, 0x31, 0x6a, 0x5c, 0xa8, 0x80, 0x3b,
    0xeb, 0x3f, 0xf2, 0x6a, 0xdf, 0x00, 0x07, 0x75, 0x84, 0xe8, 0x22, 0x28, 0x32, 0x02, 0x63, 0x00,
    0xcd, 0x44, 0x20, 0xae, 0x01, 0x38, 0x16, 0x5e, 0xcc, 0x8b, 0x88, 0x17, 0xa9, 0x4a, 0xb4, 0xd2,
    0x75, 0x10, 0x0b, 0x9f, 0x20, 0xc0, 0x13, 0xf6, 0x08, 0x00, 0xf8, 0xe4, 0x60, 0x80, 0x3f, 0xc8,
    0x3d, 0xea, 0x00, 0x88, 0xf5, 0x1c, 0x72, 0x78, 0x80, 0x7e, 0x10, 0x00, 0x90, 0x02, 0x73, 0x35,
    0x40, 0x4c, 0x65, 0x08, 0x2d, 0x77, 0x22, 0xc4, 0x46, 0x12, 0xc0, 0x12, 0xd5, 0x40, 0x02, 0x74,
    0x04, 0x00, 0xfe, 0x6d, 0x8b, 0x00, 0xc9, 0xba, 0x80, 0x06, 0x30, 0xb0, 0x04, 0x9f, 0xba, 0xe8,
    0x02, 0x19, 0x03, 0x10, 0x14, 0x7a, 0xdf, 0x49, 0x12, 0x0b, 0x71, 0xe9, 0xec, 0xeb, 0xab, 0xb4,
    0x11, 0x90, 0xf6, 0xcb, 0x04, 0x53, 0x2b, 0x6b, 0x20, 0x08, 0x04, 0x7a, 0x80, 0x08, 0xed, 0x00,
    0x13, 0x07, 0x20, 0x36, 0x19, 0x05, 0x00, 0x1f, 0x0f, 0xa8, 0x48, 0x83, 0x87, 0x30, 0x13, 0xa6,
    0x79, 0x3b, 0x08, 0x82, 0x60, 0x40, 0xb4, 0xfe, 0x90, 0x80, 0x44, 0x74, 0x00, 0x6d, 0x0b, 0xd3,
    0x9a, 0x1f, 0xf4, 0x20, 0x00, 0xfc, 0x0c, 0x0f, 0xce, 0xba, 0x14, 0x03, 0xee, 0x56, 0x13, 0x80,
    0x08, 0xfc, 0x0c, 0x02, 0x2d, 0x99, 0x00, 0x24, 0xb4, 0x4b, 0x50, 0x35, 0x59, 0x40, 0x8c, 0xda,
    0x26, 0x67, 0x06, 0x2f, 0x00, 0x37, 0x73, 0x0b, 0xb9, 0xa3, 0xe2, 0x07, 0x29, 0x54, 0xf5, 0xaa,
    0xb2, 0xe6, 0x13, 0x80, 0x3c, 0x5d, 0x0e, 0xe0, 0x95, 0x00, 0x92, 0x80, 0xb5, 0x40, 0x17, 0xe4,
    0x05, 0x52, 0x12, 0xa8, 0xc6, 0x41, 0x40, 0x28, 0x39, 0x5c, 0xc5, 0x8b, 0x84, 0xb0, 0x04, 0x40,
    0x01, 0xe0, 0x00, 0x87, 0x40, 0x85, 0x1d, 0xa7, 0x86, 0x00, 0x88, 0xa8, 0x01, 0xb7, 0x5f, 0x76,
    0xca, 0x1f, 0xe9, 0x40, 0x7d, 0x86, 0xd4, 0x0f, 0x3a, 0xe9, 0x50, 0x06, 0xca, 0x6a, 0xf2, 0xb0,
    0x9c, 0x00, 0x59, 0x29, 0x8a, 0x00, 0x22, 0x4c, 0x80, 0x2c, 0x94, 0xc6, 0x00, 0x6d, 0x32, 0x80,
    0x37, 0x25, 0x73, 0x98, 0x18, 0xbc, 0x00, 0xfd, 0xca, 0x4e, 0xe6, 0x0f, 0x80, 0x0e, 0x5f, 0xb9,
    0x49, 0xdc, 0xfc, 0xb8, 0x82, 0x70, 0x07, 0x87, 0xe1, 0xd9, 0xe1, 0x40, 0x25, 0xa0, 0x1c, 0x50,
    0x1c, 0xe2, 0x00, 0xf4, 0x08, 0x07, 0xfe, 0x18, 0x00, 0xf8, 0x73, 0x32, 0x36, 0x66, 0x20, 0x08,
    0xb7, 0x6c, 0xed, 0xd8, 0x44, 0x01, 0xff, 0xc4, 0x31, 0xaa, 0xfc, 0xc2, 0x01, 0x0d, 0xde, 0x2d,
    0xbb, 0x88, 0x00, 0x26, 0x7c, 0xa2, 0x67, 0x10, 0x01, 0x99, 0x73, 0x28, 0x3a, 0x99, 0x90, 0x01,
    0xa7, 0x15, 0x43, 0x30, 0x5d, 0x51, 0x80, 0x09, 0x80, 0x05, 0x6e, 0xac, 0x20, 0x08, 0xc9, 0x52,
    0xa3, 0x49, 0xef, 0x24, 0xc0, 0x16, 0x9f, 0x9a, 0x60, 0x06, 0xf1, 0xf1, 0x00, 0xf3, 0x20, 0x07,
    0xca, 0xbb, 0x21, 0x57, 0x10, 0x0d, 0x6e, 0xc4, 0x9b, 0xb4, 0x20, 0x05, 0x11, 0xf9, 0xc0, 0x36,
    0xef, 0xe4, 0x30, 0x31, 0xdd, 0xcf, 0x3b, 0xae, 0x50, 0x08, 0x8c, 0xed, 0xe3, 0x38, 0x80, 0x4d,
    0x26, 0x59, 0x80, 0x99, 0xac, 0x19, 0xaa, 0xb0, 0xab, 0xbd, 0x20, 0x44, 0x00, 0x20, 0xee, 0xef,
    0x00, 0x67, 0x80, 0x26, 0x33, 0x2f, 0x20, 0x15, 0x41, 0xa7, 0x60, 0x09, 0x18, 0x11, 0x07, 0x85,
    0x60, 0x0b, 0xda, 0x90, 0x5a, 0x1d, 0x80, 0x0a, 0xf7, 0x46, 0x00, 0x00, 0xe3, 0x20, 0x0c, 0x8a,
    0x00, 0x48, 0xbe, 0xe2, 0x1c, 0x5f, 0x46, 0x80, 0x34, 0x7f, 0xda, 0xd6, 0x71, 0xf9, 0x00, 0x10,
    0x82, 0xa0, 0x81, 0x98, 0x40, 0x39, 0x3f, 0xd4, 0x40, 0x1f, 0xd5, 0x76, 0x20, 0x03, 0xff, 0xe6,
    0x00, 0x08, 0xc0, 0x13, 0xfd, 0x9f, 0xb0, 0x1c, 0xe6, 0x04, 0x03, 0xfd, 0x7b, 0xb1, 0x97, 0x00,
    0x79, 0x84, 0x03, 0x39, 0x00, 0x78, 0x98, 0x02, 0x33, 0x20, 0x07, 0x19, 0x88, 0x02, 0x97, 0x00,
    0xf2, 0xa8, 0x02, 0x27, 0x80, 0x0f, 0x34, 0x00, 0x45, 0xa2, 0x00, 0x4d, 0x00, 0x00, 0xf8, 0x4d,
    0x65, 0x80, 0x23, 0x9a, 0xbd, 0xef, 0xfb, 0x94, 0x02, 0x2c, 0xe8, 0xf6, 0x66, 0x53, 0x98, 0x04,
    0x2a, 0x86, 0x40, 0x1f, 0xc9, 0x99, 0x95, 0xb3, 0x33, 0x00, 0x17, 0xff, 0x22, 0x3f, 0xf2, 0x00,
    0x04, 0xcf, 0x09, 0x19, 0xe2, 0x02, 0x88, 0xe3, 0x48, 0x8e, 0x30, 0x0f, 0x38, 0x07, 0xc5, 0x11,
    0xc8, 0x88, 0x8e, 0x30, 0x0f, 0xfe, 0x9a, 0xff, 0x36, 0x00, 0x7f, 0x2f, 0x7f, 0x20, 0x07, 0x80,
    0x00, 0xfd, 0x28, 0x01, 0xff, 0x88, 0x80, 0x1f, 0xfc, 0x61, 0xee, 0xf9, 0x23, 0xba, 0x21, 0xcc,
    0xea, 0x11, 0x4e, 0x64, 0x40, 0x45, 0xde, 0xca, 0x24, 0x50, 0x07, 0xa5, 0xe0, 0x03, 0xfd, 0x09,
    0xc2, 0x01, 0xfd, 0x2d, 0xe4, 0x01, 0xf8, 0xad, 0x30, 0x80, 0x3f, 0x1e, 0x0e, 0x10, 0x07, 0xf1,
    0xed, 0x08, 0x09, 0x1b, 0x18, 0x07, 0x18, 0x04, 0x79, 0xcc, 0x80, 0x18, 0x00, 0x15, 0x00, 0x7f,
    0xe1, 0x70, 0x19, 0x9f, 0x90, 0x03, 0xdd, 0xd0, 0xb7, 0x71, 0xd7, 0xb4, 0xba, 0x9d, 0xea, 0x17,
    0x71, 0xaf, 0xd1, 0x7d, 0x00, 0x7f, 0x0b, 0x80, 0x88, 0x03, 0xff, 0x34, 0x80, 0x7e, 0x39, 0xe2,
    0xfc, 0x00, 0xfc, 0x22, 0xb2, 0x95, 0x00, 0xfc, 0x50, 0xa0, 0x1f, 0xfc, 0xf7, 0x10, 0x08, 0x44,
    0xc0, 0x1d, 0x74, 0x80, 0x15, 0xf5, 0x38, 0x06, 0xbe, 0x80, 0x0a, 0xbf, 0xa4, 0x02, 0x00, 0xac,
    0x03, 0x11, 0x00, 0x3e, 0x40, 0x0d, 0x74, 0x01, 0xff, 0x97, 0x40, 0x3b, 0xb8, 0x1d, 0x40, 0x26,
    0xe0, 0x1d, 0xfe, 0x0f, 0xa0, 0x52, 0x20, 0x07, 0x08, 0x80, 0x40, 0x18, 0x80, 0x1f, 0xca, 0xe0,
    0x98, 0x12, 0x20, 0x01, 0x8c, 0x0f, 0x21, 0x34, 0x03, 0x60, 0x00, 0x84, 0x05, 0x2a, 0x18, 0x87,
    0x50, 0x05, 0x08, 0x01, 0x7d, 0x80, 0x10, 0x14, 0x03, 0xc4, 0xaa, 0x13, 0x56, 0xe0, 0x0f, 0x58,
    0x66, 0x23, 0x30, 0x82, 0x11, 0xc8, 0x15, 0x7f, 0xb7, 0x2e, 0xe3, 0x00, 0x24, 0x00, 0x4c, 0xc1,
    0x30, 0x0e, 0x12, 0x00, 0x87, 0x8b, 0x90, 0x03, 0xf8, 0x44, 0x7d, 0x22, 0x0b, 0xd6, 0xbc, 0xa0,
    0x64, 0x6d, 0x52, 0x2b, 0xf0, 0xbe, 0x1b, 0x49, 0xfe, 0xef, 0x00, 0x09, 0x80, 0xa7, 0xe8, 0xe5,
    0x51, 0x84, 0x02, 0x17, 0x52, 0x20, 0x10, 0xe9, 0x01, 0xcc, 0x2f, 0xb8, 0x01, 0x5e, 0x10, 0xc0,
    0x1d, 0x49, 0x06, 0x00, 0x38, 0x4b, 0x00, 0x1b, 0x90, 0x07, 0x79, 0x70, 0x90, 0x80, 0x7d, 0x12,
    0x4a, 0x0b, 0x20, 0x03, 0x00, 0x2e, 0x9f, 0xcc, 0x35, 0xe0, 0x6c, 0x60, 0x34, 0x58, 0xa4, 0x40,
    0x50, 0x37, 0x98, 0x0d, 0x40, 0x26, 0xed, 0x00, 0x00, 0x33, 0x00, 0x32, 0xb8, 0x07, 0xbb, 0x80,
    0x18, 0xf8, 0x03, 0xf9, 0xa2, 0x1a, 0x91, 0x10, 0x27, 0x3b, 0xb8, 0x3b, 0x82, 0x2e, 0xe8, 0x13,
    0xdd, 0xde, 0xcd, 0x62, 0xb3, 0x40, 0x01, 0x00, 0x09, 0xbb, 0xb1, 0x5d, 0xc8, 0x01, 0x85, 0x9e,
    0x7b, 0x6c, 0x28, 0xc0, 0xe5, 0x9f, 0xd5, 0xf9, 0xdc, 0xa6, 0xc0, 0x0e, 0x76, 0x91, 0xb9, 0x20,
    0x99, 0x08, 0x1b, 0x88, 0x04, 0x51, 0xd4, 0x0e, 0x01, 0xfc, 0x84, 0xb0, 0x01, 0xf8, 0xa7, 0x26,
    0x36, 0x08, 0x07, 0x5b, 0x53, 0x03, 0x1d, 0xd8, 0x38, 0x63, 0x9c, 0xa9, 0xd2, 0x40, 0x02, 0x9e,
    0x30, 0x00, 0x3a, 0x80, 0x7f, 0xee, 0x20, 0x5f, 0xff, 0x60, 0x07, 0xc9, 0xf6, 0x9f, 0x60, 0x04,
    0xe6, 0x9c, 0x00, 0xfe, 0x4f, 0x69, 0xd0, 0x0f, 0xf0, 0x80, 0x04, 0x03, 0xff, 0x73, 0x83, 0x47,
    0x34, 0x70, 0x00, 0xe5, 0xd3, 0x8c, 0x3f, 0x6b, 0xcc, 0x02, 0xe5, 0xa9, 0x36, 0x77, 0xd7, 0x00,
    0x6e, 0x40, 0x1f, 0x89, 0x80, 0x3f, 0xf8, 0x35, 0x00, 0x1c, 0xca, 0xa4, 0x4c, 0xba, 0x16, 0xe6,
    0x06, 0xdd, 0xff, 0x95, 0x41, 0x5e, 0x80, 0x08, 0xbb, 0xe8, 0x00, 0x00, 0x2b, 0x80, 0x05, 0x13,
    0x00, 0x71, 0x70, 0x01, 0xe7, 0xfd, 0x62, 0x01, 0xfc, 0x97, 0x61, 0x00, 0x97, 0xa5, 0xb9, 0x7f,
    0x80, 0x3c, 0xbf, 0x2d, 0xe2, 0xea, 0x00, 0x38, 0x71, 0x01, 0x00, 0x0c, 0x51, 0x00, 0x3b, 0xc4,
    0x03, 0x1b, 0x56, 0xcc, 0xd5, 0xe8, 0x27, 0x32, 0x4e, 0x07, 0xff, 0xb9, 0x80, 0x2e, 0x67, 0x86,
    0x20, 0x66, 0x6b, 0x10, 0x1b, 0xf8, 0x05, 0xd0, 0x90, 0xd0, 0x01, 0xf8, 0xae, 0xcd, 0xc2, 0x01,
    0xf1, 0xc5, 0xb1, 0x73, 0x08, 0x0f, 0x4e, 0x4e, 0x86, 0x4e, 0x4e, 0xf9, 0x0f, 0x71, 0x63, 0xa0,
    0x80, 0x0b, 0x7e, 0x40, 0x00, 0x32, 0x80, 0x7f, 0xee, 0x20, 0x5e, 0xef, 0x80, 0x3e, 0x5f, 0xa2,
    0xfc, 0x10, 0x4e, 0x79, 0xe0, 0x11, 0x38, 0x09, 0x00, 0x13, 0xda, 0x7c, 0x13, 0x38, 0xb3, 0x00,
    0x10, 0x88, 0x04, 0x17, 0xa0, 0xbb, 0x80, 0x1d, 0xcc, 0x02, 0x4c, 0x04, 0x40, 0x01, 0xcb, 0x3f,
    0x82, 0x5c, 0x15, 0xd8, 0x02, 0xe4, 0x99, 0x01, 0x7e, 0x9f, 0xf8, 0x00, 0x6e, 0x40, 0x05, 0xc4,
    0x51, 0x44, 0x78, 0x07, 0xff, 0x14, 0x40, 0x3f, 0xf6, 0xb9, 0x80, 0x7f, 0xdb, 0xc8, 0x01, 0x8f,
    0x40, 0x30, 0x00, 0x23, 0x80, 0x7f, 0xe2, 0xd0, 0x1c, 0xcf, 0x20, 0x07, 0xc5, 0xff, 0x80, 0x41,
    0x7a, 0x17, 0x9c, 0x0c, 0xf3, 0x80, 0x17, 0xe1, 0x7d, 0xc0, 0x3f, 0x84, 0x00, 0x20, 0x3f, 0xf9,
    0x00, 0x38, 0x5d, 0x47, 0xff, 0x20, 0x00, 0xe6, 0xd7, 0xdc, 0x03, 0xfb, 0x95, 0x20, 0x80, 0xcf,
    0x38, 0x00, 0xdf, 0x80, 0x25, 0x88, 0xce, 0x20, 0x1e, 0x1b, 0xbf, 0x20, 0x07, 0x0b, 0xbf, 0xe2,
    0x0d, 0x8c, 0x0f, 0xff, 0xc2, 0x00, 0x33, 0x00, 0x33, 0xa0, 0x07, 0x87, 0x80, 0x3b, 0x80, 0x3f,
    0x84, 0xcc, 0x46, 0x78, 0x0f, 0xa1, 0xf9, 0x3f, 0xd2, 0xbf, 0xf1, 0x1f, 0xbb, 0xbd, 0x77, 0xb3,
    0x29, 0xc2, 0x01, 0xf0, 0x10, 0x48, 0x00, 0x0d, 0x00, 0x71, 0x30, 0x3b, 0x80, 0x0a, 0x60, 0x02,
    0x9a, 0x4f, 0x12, 0x31, 0x02, 0x50, 0x0b, 0x91, 0xa4, 0x40, 0x88, 0x1f, 0xe0, 0x01, 0x3f, 0x00,
    0x66, 0x50, 0x54, 0x00, 0xfe, 0xd3, 0x12, 0x20, 0x07, 0xce, 0xe0, 0x28, 0x37, 0x72, 0x05, 0xce,
    0x87, 0xfe, 0x15, 0xff, 0x00, 0x2b, 0xd4, 0x22, 0x3f, 0x20, 0x00, 0x42, 0x00, 0x8f, 0xe0, 0x01,
    0x08, 0x36, 0x7f, 0x66, 0x3f, 0x00, 0x39, 0xf6, 0x8f, 0x76, 0x16, 0xe5, 0xbe, 0x10, 0xc4, 0x00,
    0x3b, 0x9b, 0xd6, 0x3c, 0x49, 0xa8, 0x00, 0x42, 0x02, 0x06, 0x29, 0xf2, 0x48, 0xf5, 0xa0, 0x16,
    0xbe, 0x43, 0x83, 0x05, 0x3a, 0x52, 0x20, 0x27, 0xea, 0x91, 0xb8, 0xe1, 0xab, 0x2e, 0x69, 0xff,
    0x8b, 0x51, 0xc4, 0x03, 0x2a, 0xed, 0x00, 0xff, 0xe4, 0xc4, 0x6f, 0x01, 0xd4, 0x60, 0x0b, 0xff,
    0x00, 0x07, 0x38, 0xc0, 0xbd, 0xdf, 0x55, 0x00, 0x00, 0x3a, 0x00, 0x65, 0x20, 0x0f, 0x68, 0x80,
    0x62, 0x80, 0x0f, 0xe5, 0xaa, 0x62, 0xd5, 0x44, 0xdc, 0xb7, 0x9a, 0x7f, 0xd5, 0xff, 0x1b, 0x7a,
    0xde, 0x87, 0x2a, 0xb9, 0x15, 0x42, 0x02, 0x00, 0x10, 0x08, 0xd8, 0x40, 0x3d, 0xac, 0x22, 0x04,
    0x40, 0x06, 0x4a, 0x44, 0x01, 0x98, 0x33, 0x08, 0xa0, 0x16, 0xac, 0xb0, 0x8c, 0xa8, 0xd2, 0x00,
    0x47, 0x10, 0x02, 0xa9, 0xd0, 0x49, 0xd0, 0x03, 0x8c, 0xc3, 0x5c, 0x00, 0xdf, 0x00, 0xe9, 0xa5,
    0x3f, 0xde, 0xb5, 0x21, 0xe7, 0x70, 0xb3, 0xc7, 0xfb, 0xb5, 0x98, 0x3d, 0xa5, 0x62, 0x4e, 0x84,
    0x00, 0x84, 0x00, 0x3a, 0x80, 0x70, 0xa3, 0xa0, 0x05, 0xc6, 0x07, 0x37, 0xbf, 0xf3, 0x80, 0x78,
    0xb2, 0x20, 0xb7, 0x06, 0x0b, 0xcd, 0x1c, 0x0a, 0x62, 0x01, 0xcb, 0xed, 0x3e, 0x91, 0x0e, 0x68,
    0x89, 0x00, 0x40, 0x46, 0xff, 0x18, 0x7f, 0xce, 0x01, 0x73, 0xab, 0xbb, 0x59, 0xde, 0x33, 0x4b,
    0xaf, 0x81, 0x10, 0x5c, 0x88, 0x20, 0x0e, 0x4b, 0x83, 0xdf, 0x81, 0xfc, 0xb0, 0x37, 0x30, 0x08,
    0xb7, 0x75, 0x80, 0x7f, 0xf2, 0x8d, 0x9b, 0x60, 0x00, 0xb5, 0xd4, 0x02, 0xee, 0xc4, 0x00, 0x2c,
    0xe3, 0x02, 0xc8, 0x8d, 0x76, 0x00, 0x00, 0x3a, 0x80, 0x71, 0xc2, 0x88, 0x05, 0xc6, 0x01, 0xce,
    0x61, 0xa0, 0x1f, 0xf3, 0xaa, 0x1a, 0xf3, 0x46, 0xce, 0xed, 0x27, 0xaa, 0x0b, 0xeb, 0x39, 0x7f,
    0xf4, 0x17, 0xf8, 0x80, 0x4c, 0x44, 0x45, 0x9c, 0xc8, 0x82, 0x01, 0x73, 0x3e, 0x64, 0x82, 0x01,
    0x1c, 0xba, 0xf2, 0xf9, 0x7b, 0x80, 0x80, 0x5c, 0xb7, 0x04, 0x60, 0x62, 0x44, 0x00, 0x1b, 0x90,
    0x07, 0xcc, 0xc2, 0x00, 0xf8, 0x85, 0xe4, 0xf5, 0x1c, 0x00, 0x60, 0x0e, 0xf4, 0xfd, 0xc6, 0xd3,
    0x2e, 0x75, 0x0f, 0xdb, 0x84, 0x42, 0xb2, 0x17, 0x69, 0x80, 0x80, 0x75, 0xe0, 0x00, 0x00, 0xf4,
    0xd8, 0x07, 0xf9, 0x74, 0x4f, 0x14, 0x03, 0x8e, 0x36, 0xeb, 0x75, 0x76, 0xd9, 0x41, 0x38, 0xef,
    0x81, 0x33, 0x0c, 0x7f, 0xb8, 0x8e, 0xcb, 0xf7, 0x7d, 0xe5, 0x46, 0x01, 0x0f, 0xff, 0x84, 0x03,
    0x9a, 0xcc, 0xfc, 0xac, 0x01, 0xa3, 0x32, 0xbb, 0x66, 0x8b, 0x00, 0x45, 0xfd, 0xd3, 0x33, 0xbf,
    0x44, 0x80, 0x22, 0x2c, 0x22, 0x22, 0xc2, 0x03, 0x39, 0x99, 0x99, 0x99, 0xa0, 0x86, 0xab, 0x95,
    0x55, 0x5c, 0x40, 0x23, 0x3d, 0xae, 0x88, 0xf0, 0x07, 0x3c, 0x62, 0x80, 0x78, 0x00, 0x3a, 0x00,
    0x62, 0x80, 0x0f, 0x71, 0x00, 0x66, 0x40, 0x0f, 0xe3, 0xee, 0x51, 0xf7, 0x2c, 0x1b, 0x9a, 0x30,
    0xfb, 0x94, 0x7d, 0xcb, 0x06, 0xf6, 0x8d, 0x33, 0x88, 0x0c, 0xe1, 0x01, 0x00, 0x0c, 0x45, 0xaf,
    0xdb, 0x08, 0x01, 0x73, 0x5d, 0xf9, 0xed, 0x52, 0x9d, 0x02, 0x2a, 0xb9, 0x29, 0x03, 0x52, 0x9a,
    0xff, 0xdd, 0xc4, 0x6e, 0x64, 0x73, 0x00, 0x19, 0x7a, 0x23, 0x89, 0x08, 0x03, 0xce, 0xca, 0x01,
    0xff, 0xbd, 0x80, 0x38, 0x75, 0xd4, 0x02, 0x30, 0xe8, 0xf0, 0x00, 0xe7, 0x18, 0x06, 0x3f, 0xf3,
    0x00, 0x00, 0x00, 0x2b, 0x80, 0x24, 0x80, 0x3f, 0x1f, 0x00, 0x14, 0x40, 0xe3, 0x0c, 0x03, 0xf7,
    0xec, 0x7f, 0x8c, 0x17, 0xa1, 0xb9, 0x02, 0x76, 0xdc, 0xe0, 0xd7, 0xe5, 0xbd, 0x00, 0x8b, 0x1a,
    0x80, 0x04, 0x40, 0x21, 0x39, 0xdd, 0x7a, 0x98, 0x04, 0x4e, 0x8b, 0x79, 0x9a, 0x00, 0xe6, 0x17,
    0xdb, 0x37, 0x77, 0x60, 0x03, 0x99, 0xe0, 0x83, 0xf7, 0x6a, 0x00, 0x1b, 0xf0, 0x06, 0xeb, 0xba,
    0x00, 0x3f, 0xa2, 0x67, 0x00, 0x7f, 0x62, 0x25, 0xa0, 0x16, 0x47, 0x80, 0x61, 0x1c, 0x01, 0x6f,
    0xb0, 0x03, 0x61, 0xde, 0x9d, 0x00, 0x00, 0x19, 0x01, 0xb8, 0x04, 0xa8, 0x01, 0x9b, 0xc4, 0xa8,
    0xc0, 0x6d, 0xc0, 0x02, 0x6c, 0xd1, 0x2d, 0x9d, 0x38, 0x18, 0x97, 0xf9, 0xe3, 0x91, 0x1e, 0x8b,
    0xfe, 0x23, 0xcc, 0x49, 0xee, 0x63, 0xce, 0xf3, 0x06, 0x00, 0x5b, 0x0c, 0xdd, 0x4c, 0xae, 0x00,
    0x05, 0x51, 0x9b, 0x8b, 0x54, 0x5d, 0x3c, 0x30, 0xde, 0xe6, 0xe3, 0x56, 0x63, 0x6a, 0x84, 0x47,
    0x3d, 0xd9, 0xeb, 0x76, 0x16, 0x10, 0x8a, 0xbb, 0x92, 0xef, 0x54, 0x00, 0x2f, 0xbb, 0x3a, 0xf7,
    0x6b, 0x00, 0x1a, 0x26, 0x2e, 0x44, 0xc6, 0x01, 0xd7, 0x8c, 0x60, 0x1f, 0xea, 0xee, 0x20, 0x07,
    0x80, 0x00, 0x2b, 0x00, 0x63, 0x84, 0x30, 0x0c, 0x5c, 0x01, 0x98, 0x9e, 0x24, 0x03, 0xd1, 0x54,
    0x97, 0x91, 0x43, 0x6e, 0x87, 0xed, 0xee, 0x20, 0xf7, 0x24, 0x9b, 0xe1, 0xfd, 0xc4, 0x40, 0x01,
    0x1c, 0x02, 0x00, 0x14, 0x9c, 0x31, 0xcc, 0x50, 0x06, 0x27, 0xe5, 0x9e, 0x79, 0x90, 0x00, 0xe6,
    0x4f, 0xfe, 0x7d, 0xb4, 0xdd, 0x00, 0x1b, 0x9d, 0x60, 0x5b, 0x6d, 0x37, 0x40, 0x05, 0x7e, 0x00,
    0x96, 0xa5, 0xea, 0x80, 0x1f, 0x9e, 0x6d, 0xa6, 0x40, 0x1f, 0x88, 0xc8, 0x4c, 0xc0, 0x16, 0x4e,
    0x80, 0x61, 0x05, 0xb2, 0x00, 0x6f, 0xa8, 0x3c, 0x82, 0x52, 0xd6, 0x80, 0x00, 0x32, 0x00, 0x69,
    0x30, 0x0f, 0x71, 0x00, 0x4c, 0xbe, 0x20, 0x1f, 0xcb, 0x7b, 0x38, 0x60, 0x02, 0xe7, 0x8a, 0x89,
    0xf1, 0x59, 0xe9, 0x12, 0xf6, 0x8c, 0x14, 0xcf, 0xea, 0x80, 0x40, 0x11, 0x03, 0x4c, 0x72, 0xd7,
    0x2c, 0xa8, 0x05, 0xc9, 0x77, 0x24, 0x5d, 0xa8, 0x0a, 0x59, 0x06, 0x22, 0x5a, 0x88, 0x48, 0x03,
    0x92, 0x94, 0x2e, 0xcd, 0x97, 0x63, 0x02, 0x72, 0x00, 0x31, 0xf5, 0xe7, 0x30, 0x07, 0xe2, 0x66,
    0xc0, 0x1c, 0x20, 0x11, 0x33, 0x60, 0x0d, 0xae, 0xa0, 0x07, 0xee, 0xc2, 0x01, 0x6f, 0x18, 0x2e,
    0x44, 0x6f, 0x00, 0x00, 0x41, 0x80, 0x61, 0x35, 0x85, 0x00, 0x8d, 0xc2, 0xb7, 0x69, 0xde, 0x70,
    0x0f, 0x45, 0xed, 0xfc, 0x05, 0x83, 0xf2, 0x55, 0x9d, 0x89, 0xf8, 0x55, 0x83, 0xfa, 0x5d, 0x33,
    0xb1, 0x94, 0x82, 0x88, 0x08, 0x08, 0xa3, 0x40, 0x1f, 0xd7, 0x44, 0x01, 0x6b, 0x9b, 0xbf, 0x90,
    0x12, 0xd0, 0x89, 0x1b, 0xbd, 0xd4, 0x6f, 0xc9, 0xea, 0x8b, 0x5b, 0xa9, 0x33, 0x01, 0xa8, 0x06,
    0x9a, 0x42, 0x9e, 0x00, 0xfc, 0x3d, 0x59, 0x06, 0x01, 0xf1, 0x37, 0x91, 0x39, 0x40, 0x05, 0xaa,
    0xcb, 0x98, 0x8c, 0xc6, 0xf7, 0x0c, 0xbf, 0x89, 0x7a, 0x90, 0x00, 0xd7, 0xe6, 0x00, 0x2b, 0x00,
    0x46, 0xe1, 0x40, 0x1c, 0x5c, 0x01, 0x3e, 0x02, 0x80, 0x7e, 0x25, 0xc0, 0x09, 0x94, 0x8f, 0xa5,
    0xf9, 0xb0, 0xc0, 0x2f, 0xc1, 0x3f, 0x96, 0xf4, 0x9f, 0x00, 0xa6, 0x46, 0x02, 0x02, 0x22, 0x7d,
    0x00, 0x9d, 0xc2, 0x01, 0x13, 0x30, 0x0c, 0x03, 0xc5, 0x34, 0x9e, 0xaf, 0xc0, 0x13, 0xb8, 0x45,
    0xc8, 0xd2, 0xf1, 0xc0, 0x14, 0x39, 0x99, 0xf8, 0x00, 0x5c, 0x60, 0x17, 0x80, 0x7c, 0x8d, 0xa0,
    0x13, 0xb8, 0xc0, 0x3f, 0xf8, 0x79, 0x3a, 0x01, 0xff, 0x67, 0x28, 0x04, 0x94, 0x1a, 0x01, 0x00,
    0x41, 0x80, 0x11, 0x80, 0x16, 0x01, 0xc6, 0xe0, 0x02, 0xe0, 0x02, 0x80, 0x7c, 0x5b, 0x0d, 0xa8,
    0x01, 0x9b, 0x92, 0xa9, 0xb0, 0xda, 0x80, 0x19, 0xbd, 0x2a, 0x44, 0x78, 0x04, 0x02, 0x10, 0x03,
    0xd6, 0x15, 0x30, 0x68, 0x80, 0x6e, 0xe5, 0xf6, 0xdb, 0x84, 0xe1, 0xae, 0xa0, 0x58, 0x1f, 0x00,
    0x4b, 0x2c, 0xce, 0x4e, 0x7d, 0x86, 0xd6, 0x00, 0x22, 0x99, 0x80, 0x09, 0xb0, 0xda, 0xc0, 0x1f,
    0xf0, 0x9a, 0x00, 0x7e, 0x9c, 0x84, 0x92, 0x00, 0xc5, 0x8a, 0xdb, 0xdc, 0xda, 0x60, 0x0c, 0x5d,
    0xc2, 0x42, 0x00, 0xd8, 0x01, 0x00, 0x3a, 0x00, 0x78, 0xd8, 0xc0, 0x2d, 0x10, 0x8a, 0xbd, 0xe8,
    0xf7, 0x00, 0xf5, 0xcc, 0xaf, 0xae, 0x70, 0x5b, 0x96, 0xf2, 0xd4, 0xb1, 0x41, 0x14, 0x5b, 0xd6,
    0xf6, 0xa8, 0x19, 0xa1, 0xf0, 0x00, 0x10, 0x00, 0x92, 0x82, 0xf2, 0x02, 0x80, 0x6f, 0x80, 0x90,
    0x6c, 0x4b, 0x00, 0x2e, 0x28, 0x5e, 0x6e, 0xa1, 0x37, 0x63, 0x68, 0x5f, 0x3d, 0xcb, 0x21, 0x7c,
    0xc1, 0x99, 0x00, 0x21, 0x2b, 0x85, 0x67, 0x10, 0x0f, 0x26, 0xc9, 0x07, 0x5b, 0x00, 0x73, 0x4e,
    0xa0, 0x00, 0xbe, 0x98, 0x75, 0x1d, 0xb0, 0xc0, 0x31, 0x6b, 0x0e, 0x71, 0x00, 0x80, 0x16, 0x80,
    0x02, 0x00, 0x00, 0x42, 0x00, 0x7f, 0xe2, 0x10, 0xde, 0xef, 0x80, 0x3e, 0xef, 0xee, 0x7f, 0x00,
    0x13, 0x96, 0xea, 0x83, 0x86, 0x98, 0x52, 0x09, 0xeb, 0x74, 0xd4, 0xa6, 0x91, 0xea, 0x00, 0x10,
    0x0a, 0x8e, 0x0c, 0xcb, 0x50, 0x01, 0xb1, 0xea, 0x01, 0x2c, 0x1e, 0x80, 0xa9, 0x08, 0xff, 0xb9,
    0x2d, 0xdd, 0x10, 0x6a, 0xf2, 0x7f, 0xa4, 0x01, 0x3f, 0xe2, 0x23, 0x88, 0x00, 0x4a, 0x99, 0x94,
    0xa2, 0x01, 0xe5, 0xee, 0x78, 0x74, 0xa0, 0x07, 0x3c, 0x71, 0x80, 0x0f, 0xa9, 0x03, 0x51, 0xdb,
    0x0c, 0x03, 0x1f, 0xa0, 0x6f, 0x10, 0x88, 0x00, 0xf0, 0x00, 0x10, 0x00, 0x49, 0x00, 0x68, 0x10,
    0x0f, 0x10, 0x81, 0xa2, 0x0e, 0xd1, 0x20, 0x0f, 0x2f, 0x70, 0x43, 0xb9, 0xa0, 0xdc, 0x9b, 0x2d,
    0xe1, 0x54, 0x3d, 0x90, 0x6f, 0x3a, 0x90, 0x51, 0x11, 0x23, 0x00, 0x42, 0xee, 0x2d, 0xd3, 0x7f,
    0x83, 0x35, 0x00, 0x24, 0x6d, 0xd7, 0x16, 0xee, 0x44, 0x52, 0xd9, 0xc4, 0x3c, 0x22, 0x32, 0x06,
    0x97, 0xae, 0x88, 0x4e, 0x89, 0xeb, 0x23, 0xb8, 0x09, 0x1e, 0x55, 0x6e, 0x52, 0x00, 0xf4, 0x76,
    0x5b, 0x28, 0x06, 0x70, 0x00, 0xa6, 0x08, 0x24, 0x08, 0x0e, 0x91, 0x13, 0xb9, 0xfe, 0xbf, 0x1d,
    0x01, 0xce, 0x14, 0xec, 0x82, 0x01, 0x9c, 0x00, 0x00, 0x41, 0x80, 0x66, 0x40, 0x0f, 0x1b, 0x80,
    0x8c, 0x10, 0x23, 0x00, 0x04, 0x04, 0x33, 0x2b, 0x1c, 0xc7, 0xab, 0x7a, 0x5d, 0x06, 0x65, 0xbf,
    0xa8, 0x0d, 0xc9, 0x54, 0x80, 0xd7, 0x1f, 0x58, 0x40, 0x0e, 0x7d, 0x46, 0x1f, 0x84, 0x10, 0x08,
    0x92, 0xa9, 0x00, 0x02, 0xce, 0x02, 0x76, 0x83, 0xad, 0xbb, 0xd5, 0xc0, 0x9c, 0x34, 0xe7, 0x10,
    0x30, 0x88, 0x20, 0x34, 0xb8, 0x00, 0x4c, 0xdc, 0x26, 0x62, 0x00, 0xff, 0xe3, 0x8a, 0x25, 0xe2,
    0x89, 0x11, 0x39, 0x98, 0x5d, 0xd1, 0x8f, 0x74, 0xe0, 0x00, 0x3a, 0x00, 0x06, 0x01, 0xc4, 0x03,
    0xb4, 0x80, 0x0e, 0x41, 0xd2, 0x01, 0xfd, 0x5a, 0x9e, 0x89, 0x03, 0x7a, 0xcf, 0x29, 0xe7, 0xd8,
    0x7f, 0x85, 0xbd, 0x67, 0xe0, 0x2a, 0xd2, 0xae, 0xc2, 0x01, 0xad, 0x01, 0x9d, 0x71, 0xd8, 0x03,
    0x71, 0xc0, 0x78, 0x07, 0x8e, 0x51, 0x78, 0x42, 0x5d, 0x71, 0xd8, 0x1f, 0x96, 0xdc, 0x01, 0x74,
    0x95, 0x49, 0x04, 0x71, 0x00, 0xdd, 0xc6, 0x4e, 0xa0, 0x0f, 0xca, 0x85, 0xc8, 0x60, 0x1f, 0xb3,
    0x0f, 0x79, 0x84, 0x1e, 0x45, 0x00, 0xbb, 0x99, 0xfd, 0xc5, 0x1f, 0xe3, 0x00, 0x69, 0x91, 0x70,
    0x80, 0x00, 0x41, 0x80, 0x56, 0x00, 0x65, 0x00, 0xc6, 0xe0, 0x01, 0x40, 0x07, 0x10, 0x07, 0xd7,
    0x41, 0x76, 0x5a, 0xb4, 0x6e, 0x4a, 0xb8, 0xf0, 0x88, 0x22, 0x21, 0x5b, 0xd2, 0xa8, 0x6a, 0x06,
    0x61, 0xe3, 0x10, 0x10, 0x00, 0x92, 0x4a, 0xab, 0x49, 0x00, 0x31, 0xaa, 0x47, 0xf4, 0x67, 0xc0,
    0x25, 0x2d, 0x98, 0x24, 0xfb, 0xcc, 0x80, 0x2d, 0x28, 0x60, 0x57, 0xd6, 0x7b, 0x00, 0x23, 0xb8,
    0x03, 0xff, 0x8a, 0xaf, 0xac, 0xf6, 0x01, 0xf9, 0x63, 0x9e, 0x24, 0x00, 0x5c, 0xcc, 0x00, 0x3f,
    0x65, 0xf6, 0x80, 0x0b, 0xb4, 0x81, 0xa9, 0x9b, 0x3e, 0x00, 0x00, 0x41, 0x80, 0xaa, 0xf8, 0x80,
    0x23, 0x70, 0x58, 0x22, 0xd2, 0x80, 0x1f, 0x08, 0xf0, 0x04, 0xdc, 0x95, 0x80, 0x03, 0x3c, 0xe0,
    0x06, 0xf4, 0xbd, 0x01, 0xdd, 0xce, 0x01, 0x08, 0x08, 0x96, 0x73, 0x34, 0x20, 0x06, 0x36, 0xbf,
    0xff, 0x49, 0x1d, 0x2d, 0x84, 0x7c, 0x19, 0x44, 0x44, 0xfa, 0x50, 0xc1, 0x27, 0xe0, 0x11, 0x02,
    0x3b, 0x80, 0x0e, 0x20, 0x04, 0x99, 0x20, 0x07, 0xbc, 0x50, 0x16, 0xa8, 0xa0, 0x1c, 0x6f, 0xf1,
    0x80, 0x20, 0x11, 0x73, 0x33, 0xe4, 0xb4, 0xd3, 0x3b, 0x8c, 0x5d, 0xa5, 0x88, 0x03, 0x19, 0xbd,
    0xc6, 0x00, 0x50, 0x80, 0x4e, 0x60, 0x1f, 0x38, 0x04, 0x51, 0x0a, 0x80, 0x0f, 0xe9, 0x94, 0x18,
    0x06, 0x6e, 0x2f, 0x59, 0x60, 0x47, 0xf6, 0x40, 0x6f, 0x2c, 0x75, 0x11, 0x04, 0x87, 0xe0, 0x00,
    0x40, 0xcb, 0xd9, 0x78, 0x45, 0x80, 0x1c, 0xe6, 0x00, 0xbd, 0x6d, 0x00, 0x92, 0x8b, 0x04, 0x04,
    0x4e, 0x9d, 0xa0, 0x16, 0x15, 0x9b, 0x85, 0x5e, 0x3f, 0x08, 0x91, 0x80, 0x09, 0xe1, 0x2e, 0xd3,
    0xa4, 0x80, 0x19, 0x6e, 0xde, 0x6b, 0xf7, 0x65, 0x00, 0xe1, 0x69, 0xf9, 0x87, 0x10, 0x2e, 0x01,
    0x8c, 0xec, 0x32, 0xd0, 0xc5, 0x2f, 0xd0, 0x9d, 0x81, 0x00, 0x0b, 0xea, 0x80, 0x00, 0x3a, 0x01,
    0x19, 0xfc, 0x01, 0x68, 0x87, 0x44, 0xcf, 0x69, 0x00, 0x7a, 0x6b, 0xca, 0xa8, 0x46, 0xdc, 0xb7,
    0x93, 0x2b, 0x85, 0xbb, 0x28, 0xb7, 0xad, 0xea, 0x4c, 0xa9, 0x26, 0x50, 0x00, 0x10, 0x00, 0xaf,
    0xcd, 0x24, 0xfc, 0x80, 0x6f, 0x80, 0x79, 0xa7, 0x9a, 0x10, 0x5c, 0x50, 0xb0, 0x7a, 0xc6, 0xac,
    0x00, 0x34, 0x2f, 0x98, 0x0f, 0x0b, 0xf1, 0x00, 0x0d, 0x00, 0x26, 0xa0, 0x30, 0x07, 0xd0, 0x07,
    0x1c, 0x66, 0x15, 0xb3, 0x12, 0x80, 0x18, 0xa6, 0x64, 0x79, 0x99, 0x47, 0x51, 0xc4, 0xce, 0xe3,
    0x3c, 0x22, 0xce, 0x20, 0x0c, 0xf0, 0x01, 0x80, 0x00, 0x2b, 0x00, 0x71, 0x23, 0xa0, 0x04, 0x5c,
    0x15, 0x9b, 0xae, 0xe0, 0x07, 0xe9, 0xad, 0x4e, 0xa2, 0xe0, 0x6e, 0x87, 0xe1, 0xb1, 0x12, 0x07,
    0x78, 0x37, 0xc3, 0xf9, 0x51, 0x59, 0x20, 0x28, 0x00, 0x40, 0x03, 0x35, 0xdc, 0x9a, 0x5d, 0x00,
    0xc4, 0xf7, 0xba, 0x84, 0xee, 0x68, 0x1c, 0xc9, 0xfa, 0x26, 0x5c, 0x93, 0x31, 0xbf, 0x3a, 0xcf,
    0xe6, 0x09, 0xb3, 0x21, 0x47, 0xe0, 0x08, 0x97, 0x09, 0x5f, 0xc8, 0x03, 0x8f, 0xc0, 0x30, 0xb0,
    0x07, 0xc9, 0x1c, 0x91, 0x20, 0x16, 0x4e, 0x80, 0x1f, 0x7a, 0x37, 0x40, 0x16, 0xfa, 0x83, 0xd2,
    0xae, 0x7d, 0x00, 0x00, 0x49, 0x00, 0x1c, 0x91, 0xc0, 0x3c, 0xa2, 0x03, 0x2c, 0x12, 0x86, 0x60,
    0x0f, 0x41, 0xee, 0x87, 0x6a, 0xc1, 0x78, 0xf6, 0xdc, 0x03, 0xd8, 0x0b, 0xe7, 0xbf, 0x6d, 0x76,
    0x1b, 0xb2, 0x80, 0x04, 0x00, 0x8c, 0xc8, 0x80, 0xc4, 0x10, 0x03, 0x5a, 0x00, 0xe6, 0x03, 0x30,
    0x60, 0x74, 0x64, 0xe0, 0xc0, 0x09, 0x00, 0xec, 0x29, 0x2f, 0x6a, 0xab, 0x19, 0x80, 0x6c, 0x20,
    0x3b, 0x01, 0xb6, 0xf3, 0x21, 0x00, 0xe1, 0xd4, 0x15, 0xea, 0x70, 0x0f, 0x2a, 0x48, 0x11, 0x89,
    0x88, 0xb8, 0x88, 0xf3, 0xe2, 0x09, 0x9f, 0x40, 0x3f, 0xc2, 0xf8, 0x40, 0x04, 0xcd, 0x70, 0x00,
    0x50, 0x80, 0x42, 0xc0, 0x1f, 0x38, 0x11, 0x98, 0xad, 0x0c, 0xe1, 0x00, 0xc9, 0x11, 0x37, 0xc4,
    0x4a, 0x9c, 0x5e, 0x85, 0xf7, 0x05, 0xbf, 0x68, 0x8f, 0x2f, 0x34, 0x61, 0xa3, 0xe8, 0x61, 0x01,
    0x00, 0x43, 0xcb, 0x3e, 0x93, 0x08, 0x06, 0x60, 0x03, 0x68, 0x26, 0x92, 0x89, 0xd1, 0x6d, 0x9c,
    0x61, 0x4d, 0xa5, 0x80, 0x30, 0xad, 0x9f, 0x30, 0x17, 0x57, 0x20, 0x6c, 0x00, 0xd6, 0x2f, 0x0d,
    0xba, 0xa0, 0x07, 0x4d, 0x3a, 0x86, 0xdd, 0x50, 0x03, 0x8b, 0xbc, 0x01, 0x1b, 0x72, 0x65, 0xc2,
    0x29, 0x83, 0x07, 0xdf, 0x8d, 0x20, 0x00, 0x3a, 0x01, 0x22, 0x7c, 0x01, 0x68, 0x85, 0xf7, 0xfb,
    0x67, 0x28, 0x03, 0xee, 0xdc, 0xa7, 0x83, 0x05, 0xe5, 0xba, 0xef, 0xda, 0xe1, 0xb6, 0x05, 0xf5,
    0xbb, 0x26, 0x61, 0xdb, 0x31, 0xc0, 0x01, 0x00, 0x08, 0x08, 0x80, 0x02, 0x30, 0x06, 0xf8, 0xaf,
    0xf3, 0x33, 0xfd, 0xa2, 0x98, 0xa1, 0x75, 0xe5, 0xfc, 0x21, 0x42, 0xd0, 0xbe, 0x6c, 0x2a, 0x88,
    0x50, 0x50, 0x24, 0x00, 0x84, 0x51, 0xb9, 0x7e, 0x60, 0x1c, 0x5b, 0xfe, 0x66, 0x7f, 0xb0, 0xc0,
    0x31, 0xd5, 0x48, 0xf5, 0x51, 0x0f, 0x23, 0x89, 0x9d, 0xc6, 0x78, 0x45, 0xfc, 0x40, 0x19, 0xe0,
    0x03, 0x00, 0x49, 0x00, 0x06, 0xc4, 0x40, 0x1e, 0x50, 0x0a, 0x1e, 0xb7, 0x84, 0x03, 0xe6, 0x7a,
    0xd6, 0x57, 0x62, 0x4e, 0x3c, 0x88, 0x20, 0x61, 0x13, 0x80, 0x09, 0xe7, 0xb1, 0x3a, 0x03, 0x54,
    0x30, 0x20, 0x10, 0x10, 0x07, 0x85, 0xd9, 0xec, 0x03, 0x95, 0x40, 0x79, 0x47, 0xd5, 0x86, 0x6a,
    0x3d, 0x6f, 0xdd, 0x19, 0xef, 0x30, 0xc3, 0x83, 0x13, 0x36, 0x66, 0x60, 0x36, 0x00, 0x8c, 0x44,
    0x67, 0x80, 0x3e, 0x75, 0x9d, 0xcc, 0x6c, 0x00, 0x71, 0x00, 0x8b, 0xe2, 0x1a, 0x00, 0x1e, 0x03,
    0x75, 0x00, 0x62, 0xab, 0xc0, 0x03, 0xd8, 0x2b, 0x01, 0x90, 0xee, 0x9b, 0x00, 0x00, 0x50, 0x80,
    0x69, 0x30, 0x0f, 0x38, 0x07, 0x17, 0x66, 0x18, 0x03, 0xca, 0xb3, 0x2c, 0xc8, 0xc1, 0x78, 0xbd,
    0x2c, 0x88, 0x7e, 0x44, 0xb0, 0x5f, 0x2c, 0x40, 0x30, 0x06, 0xe8, 0xa4, 0x00, 0x20, 0x60, 0x06,
    0x43, 0xcf, 0x3d, 0x00, 0xcc, 0x60, 0x14, 0x76, 0xf7, 0x00, 0xe8, 0xb4, 0x41, 0xee, 0x50, 0x00,
    0x60, 0x0c, 0x2b, 0x33, 0x01, 0x2b, 0x47, 0x68, 0x1b, 0x00, 0x09, 0x9f, 0xcc, 0x32, 0xa8, 0x01,
    0xca, 0x70, 0x7e, 0x2a, 0xa4, 0x00, 0xed, 0xce, 0xc2, 0x83, 0xb8, 0x42, 0xe1, 0x20, 0x6c, 0xb0,
    0xff, 0x17, 0x31, 0x76, 0x1d, 0x94, 0x0b, 0x6a, 0x81, 0x10, 0x00, 0xf3, 0xb0, 0x07, 0xfe, 0xee,
    0x00, 0x7d, 0x33, 0xc8, 0x89, 0x9d, 0x00, 0x0f, 0xfe, 0x67, 0xff, 0xdc, 0x00, 0x66, 0xe2, 0x36,
    0x6e, 0x00, 0x13, 0x36, 0x23, 0x66, 0x8c, 0x02, 0x1f, 0x9c, 0xf2, 0x27, 0xfa, 0x50, 0x02, 0x39,
    0x53, 0x99, 0xde, 0x4c, 0x01, 0xd6, 0x8c, 0x00, 0x48, 0xe1, 0x00, 0xe1, 0xf8, 0x83, 0x55, 0x0c,
    0x03, 0xe2, 0x87, 0x99, 0x20, 0x07, 0x0a, 0xce, 0xd5, 0x26, 0xba, 0x54, 0x81, 0x3a, 0x47, 0xb1,
    0x5b, 0x68, 0x67, 0x0d, 0x3b, 0x20, 0xc0, 0x32, 0x46, 0x71, 0x80, 0x00, 0xfd, 0x06, 0x01, 0xd7,
    0x99, 0x80, 0x0c, 0x20, 0x1d, 0xf1, 0x11, 0x81, 0x98, 0x4c, 0xe1, 0x04, 0x4c, 0x00, 0xb0, 0xff,
    0x6f, 0x28, 0x07, 0x85, 0xab, 0x30, 0x52, 0x81, 0x39, 0x90, 0x49, 0xe0, 0x09, 0xa8, 0x00, 0xae,
    0x21, 0x67, 0xec, 0x28, 0x62, 0x01, 0x12, 0x25, 0x64, 0x8d, 0xf6, 0x01, 0xfe, 0xa9, 0x46, 0x00,
    0xf0, 0xb8, 0x81, 0x99, 0x04, 0x02, 0x7c, 0xbf, 0xe0, 0x04, 0x8a, 0x28, 0x00, 0x4d, 0x77, 0xe4,
    0xed, 0x76, 0xad, 0xc0, 0x73, 0x0c, 0x21, 0xe5, 0xa2, 0x9b, 0x68, 0x06, 0x01, 0xb2, 0x44, 0x00,
    0x78, 0x80, 0x00, 0xa8, 0x03, 0x33, 0x00, 0x3e, 0x15, 0x00, 0xb4, 0x03, 0x8d, 0xdc, 0x38, 0xec,
    0x0a, 0x45, 0x84, 0x01, 0x47, 0xc0, 0x04, 0x09, 0xfc, 0xc3, 0x9b, 0xb6, 0xbb, 0x9b, 0x8b, 0x74,
    0xb6, 0xc0, 0x17, 0xd5, 0x15, 0x08, 0x41, 0x5c, 0x03, 0x1f, 0xbf, 0x32, 0x20, 0xcc, 0x40, 0x13,
    0xda, 0x84, 0x43, 0xfd, 0x6a, 0x01, 0x84, 0x40, 0x01, 0x05, 0x46, 0xa0, 0x08, 0x4c, 0x80, 0xcc,
    0x00, 0x52, 0x20, 0x04, 0xc8, 0x00, 0x11, 0x03, 0xb0, 0xb0, 0x00, 0x6b, 0x80, 0x84, 0x53, 0x5f,
    0xd0, 0xe0, 0xe8, 0x8c, 0xc3, 0x51, 0xe1, 0x1e, 0xd2, 0x34, 0x86, 0x74, 0x5d, 0x08, 0x00, 0xf5,
    0x00, 0x00, 0xfc, 0xca, 0x01, 0x8f, 0x33, 0xc5, 0x80, 0x1c, 0x51, 0x0b, 0x08, 0x81, 0xa0, 0x91,
    0x42, 0x24, 0x41, 0x3a, 0x21, 0x42, 0x3b, 0x30, 0x80, 0xe6, 0x01, 0xbd, 0x73, 0x0b, 0x6a, 0x1a,
    0xe0, 0xb5, 0x45, 0x50, 0x01, 0x5c, 0x03, 0x8b, 0xc2, 0x14, 0xc8, 0xc8, 0x03, 0x9d, 0x69, 0xb2,
    0xa8, 0x80, 0x1f, 0xe6, 0x76, 0xa0, 0x0f, 0x96, 0x08, 0x54, 0x8c, 0x00, 0x4d, 0xf0, 0xbf, 0xe3,
    0x65, 0x25, 0x00, 0x3b, 0x6f, 0xf5, 0x34, 0xc6, 0xd5, 0xb0, 0x2d, 0x31, 0x00, 0x24, 0xf0, 0xd3,
    0x6d, 0x00, 0x3d, 0x16, 0x40, 0x03, 0xd4, 0x00, 0xa8, 0x80, 0x29, 0x20, 0x0f, 0x9c, 0x40, 0x27,
    0x30, 0x0f, 0xce, 0x00, 0x43, 0x23, 0x38, 0x5b, 0xb8, 0x55, 0xd5, 0xa1, 0xfe, 0xde, 0x76, 0xee,
    0x16, 0xf5, 0xb5, 0x66, 0x0a, 0x58, 0x03, 0xd0, 0x58, 0x00, 0x25, 0x00, 0x33, 0x9d, 0x42, 0xfa,
    0x8a, 0x10, 0x80, 0x2b, 0x98, 0x5b, 0xc9, 0x1f, 0xac, 0x03, 0x54, 0x40, 0x80, 0x1d, 0x68, 0xc0,
    0x1f, 0xe4, 0x37, 0x10, 0x0d, 0x6e, 0xe2, 0x01, 0xa5, 0x74, 0x00, 0xc3, 0xfe, 0x66, 0x60, 0x55,
    0xd3, 0x00, 0x2a, 0x22, 0xbb, 0xa8, 0x56, 0xad, 0x01, 0x84, 0x00, 0x7c, 0xc0, 0x12, 0x6a, 0x00,
    0x00, 0xa4, 0x40, 0x21, 0xa0, 0x0f, 0xd2, 0x01, 0x10, 0x80, 0x62, 0xbb, 0x2a, 0x5d, 0x89, 0x04,
    0xce, 0x13, 0xfc, 0x88, 0x67, 0x9e, 0x37, 0xf7, 0x14, 0x5a, 0x95, 0x54, 0xe6, 0xb9, 0x84, 0xb4,
    0x08, 0xb1, 0x14, 0x7d, 0x08, 0x81, 0x54, 0x08, 0x20, 0x2d, 0xf0, 0xc8, 0x81, 0x23, 0x04, 0xae,
    0xad, 0xf4, 0xcf, 0xe7, 0x40, 0x08, 0x60, 0x55, 0x40, 0x48, 0xd7, 0xc0, 0x1c, 0xc6, 0xe0, 0x12,
    0x02, 0x00, 0x6a, 0x5f, 0x93, 0x04, 0x70, 0x60, 0x00, 0xd0, 0xc9, 0x58, 0xb5, 0x53, 0xe1, 0xc0,
    0xca, 0xc0, 0x0b, 0x54, 0xc4, 0x2d, 0xa4, 0x28, 0x00, 0xd1, 0x84, 0x00, 0x3d, 0x40, 0x02, 0x33,
    0xc2, 0x10, 0x60, 0x1d, 0x31, 0x32, 0xd2, 0x06, 0x10, 0x0f, 0x7d, 0x50, 0xc1, 0x00, 0x4c, 0xe1,
    0x00, 0x74, 0xc8, 0xc3, 0x43, 0xfd, 0xbc, 0xe0, 0x0c, 0xdd, 0x1b, 0xbd, 0x98, 0x3e, 0x60, 0x01,
    0x22, 0x03, 0xc9, 0x40, 0x48, 0x80, 0x14, 0xe6, 0x09, 0xf8, 0x49, 0x10, 0x20, 0x14, 0xe6, 0x0b,
    0xc9, 0x17, 0xb4, 0x03, 0x63, 0x30, 0xc0, 0x15, 0x2a, 0xe0, 0x16, 0x88, 0xb9, 0x88, 0x0c, 0xc8,
    0x20, 0x12, 0x3b, 0x00, 0x88, 0x24, 0x51, 0x40, 0x28, 0x61, 0x84, 0x5b, 0x4e, 0xab, 0x70, 0x46,
    0x80, 0x07, 0xf0, 0xe1, 0x25, 0x51, 0x53, 0x00, 0x22, 0xba, 0x10, 0x02, 0x6a, 0x80, 0x00, 0xac,
    0x00, 0x46, 0x68, 0x00, 0xe4, 0x4c, 0x72, 0xaa, 0x20, 0x0e, 0xcd, 0x0d, 0x96, 0x66, 0x11, 0x61,
    0x08, 0x90, 0x96, 0x81, 0x45, 0xec, 0xc3, 0xb7, 0x70, 0x7c, 0xae, 0x87, 0xb1, 0x21, 0x99, 0xdc,
    0x92, 0xff, 0x31, 0x28, 0x3a, 0x80, 0x13, 0xe4, 0x7a, 0xc6, 0xfc, 0x8c, 0xc0, 0x70, 0x98, 0xcf,
    0x58, 0x8e, 0xa8, 0x00, 0x2a, 0xb5, 0x39, 0x32, 0x22, 0xc7, 0x00, 0x17, 0x31, 0x2f, 0x90, 0xc0,
    0x62, 0x80, 0x06, 0xee, 0x33, 0x36, 0xd1, 0x58, 0xa0, 0x00, 0x48, 0x5e, 0x01, 0x3d, 0xd7, 0x34,
    0x00, 0x07, 0x27, 0x41, 0xef, 0x50, 0xb5, 0x50, 0x07, 0x7d, 0x41, 0xf0, 0xc0, 0x07, 0xa8, 0x00,
    0xfc, 0x52, 0x01, 0xcf, 0xdd, 0x7a, 0x03, 0x90, 0x07, 0x3f, 0x74, 0x2a, 0x18, 0x60, 0x18, 0xaa,
    0xab, 0x1b, 0x64, 0x7f, 0xf9, 0xcf, 0x1f, 0xbd, 0x08, 0x0b, 0xbd, 0x29, 0xc5, 0x00, 0x44, 0x1d,
    0x80, 0x40, 0xce, 0x01, 0x19, 0x11, 0xc5, 0x1d, 0x44, 0xc8, 0x02, 0x36, 0x68, 0x72, 0xf5, 0x10,
    0x01, 0x8e, 0xa8, 0xe0, 0x46, 0xd3, 0xe0, 0x18, 0xae, 0xc9, 0xc4, 0x0a, 0x4a, 0x00, 0x3a, 0x2b,
    0xd6, 0x46, 0x15, 0x05, 0x00, 0x38, 0x44, 0x31, 0xa9, 0x75, 0x76, 0xd8, 0x12, 0x18, 0xc4, 0x01,
    0x89, 0x07, 0xb6, 0xa0, 0x1d, 0x0f, 0xb0, 0x00, 0x3d, 0x50, 0x03, 0x15, 0x70, 0x50, 0x26, 0x00,
    0xe4, 0x93, 0xe5, 0xf0, 0x4f, 0x00, 0xc2, 0x84, 0x27, 0x92, 0x3f, 0xe1, 0x18, 0x0a, 0x06, 0x54,
    0xa1, 0x11, 0x1f, 0xde, 0x87, 0x78, 0x06, 0xf0, 0xc5, 0xbc, 0x7a, 0x83, 0x5b, 0x0b, 0xf5, 0x42,
    0x50, 0x22, 0x01, 0xe5, 0x0e, 0x9c, 0x3c, 0xe1, 0x90, 0x81, 0x74, 0x43, 0x21, 0xfd, 0x11, 0x56,
    0x01, 0x6a, 0xbe, 0x97, 0x88, 0x33, 0x14, 0x02, 0x62, 0xb4, 0x7b, 0x00, 0x84, 0xc0, 0x23, 0xbf,
    0xf2, 0x90, 0x22, 0xa5, 0x80, 0x44, 0x63, 0x2a, 0x4d, 0x5d, 0x6d, 0x22, 0x7f, 0xec, 0x7d, 0x5a,
    0xc3, 0x1d, 0x25, 0x3d, 0x81, 0x00, 0x3e, 0x10, 0x00, 0x6d, 0x00, 0x00, 0x95, 0x80, 0x22, 0x80,
    0x0c, 0x59, 0x88, 0x86, 0x60, 0xa8, 0x8c, 0xe1, 0x28, 0x94, 0x44, 0xc1, 0xb0, 0xcf, 0x79, 0x04,
    0x18, 0x00, 0xe2, 0x8f, 0x68, 0x38, 0xc0, 0x18, 0xad, 0x81, 0xf9, 0x72, 0x84, 0x00, 0xdf, 0x20,
    0x07, 0x20, 0xa3, 0x50, 0x00, 0x63, 0xa5, 0x3a, 0x97, 0x0e, 0xba, 0x04, 0x3e, 0x4b, 0x9a, 0xb6,
    0x61, 0xf8, 0x00, 0x27, 0xd3, 0x5d, 0xeb, 0x3d, 0xcf, 0xd1, 0x05, 0xcb, 0xcc, 0x2a, 0x77, 0x5a,
    0xa0, 0x1a, 0x00, 0x24, 0x88, 0x90, 0x00, 0x24, 0x60, 0x44, 0x14, 0x88, 0x9c, 0x85, 0x66, 0x12,
    0x64, 0x44, 0x99, 0xe5, 0x00, 0xf5, 0x18, 0x07, 0xfe, 0x28, 0x00, 0xf0, 0xa2, 0x77, 0x3a, 0xa2,
    0x62, 0x27, 0xfa, 0xff, 0xda, 0xfd, 0x17, 0xfe, 0x63, 0xbb, 0x1f, 0x5d, 0xe9, 0x3b, 0xb2, 0x00,
    0x53, 0x20, 0x0d, 0x34, 0x01, 0xe5, 0x77, 0x00, 0x18, 0x18, 0x03, 0xe9, 0x91, 0x9a, 0x3c, 0x03,
    0xf1, 0x5e, 0xf4, 0x18, 0x07, 0xf0, 0x81, 0x18, 0x07, 0xe1, 0x9a, 0xba, 0xba, 0x20, 0x0c, 0x93,
    0xe7, 0x8a, 0xac, 0x0d, 0x94, 0x03, 0xa0, 0xda, 0x20, 0x01, 0x56, 0x04, 0x99, 0xba, 0x4c, 0x03,
    0xc7, 0x3a, 0x60, 0x00, 0x0d, 0x00, 0x78, 0xe0, 0x00, 0x50, 0x0e, 0x16, 0x2c, 0x80, 0xe6, 0x00,
    0x24, 0x30, 0x17, 0x15, 0x97, 0x00, 0xe6, 0x60, 0x3d, 0x01, 0xe0, 0x07, 0xb9, 0xc0, 0x90, 0x04,
    0x4e, 0x01, 0x96, 0xb4, 0xab, 0x1b, 0x14, 0x03, 0x97, 0x9c, 0x37, 0x9b, 0xe4, 0x80, 0x38, 0x50,
    0x7c, 0x40, 0xb0, 0x80, 0x21, 0x06, 0x53, 0xaa, 0x00, 0xa3, 0xfa, 0xf3, 0x8d, 0x50, 0x1b, 0xaf,
    0xfe, 0x25, 0xe6, 0x7a, 0x30, 0x02, 0xd7, 0x5c, 0x68, 0x04, 0xee, 0x00, 0xc2, 0x01, 0xf0, 0x80,
    0x7f, 0xf0, 0xc7, 0x00, 0x3c, 0x94, 0x00, 0x30, 0x03, 0x20, 0x06, 0x16, 0xa1, 0xf4, 0x5e, 0x27,
    0x27, 0xbf, 0xcf, 0x10, 0x6e, 0x00, 0x59, 0xc4, 0x3a, 0x94, 0x02, 0x20, 0xfa, 0x11, 0x18, 0x07,
    0x20, 0xa1, 0x72, 0x00, 0x8e, 0x00, 0x1e, 0x88, 0x6b, 0x8f, 0xfb, 0xbd, 0x81, 0xd8, 0x94, 0x48,
    0x7b, 0x81, 0xcc, 0x00, 0x85, 0x99, 0x10, 0x07, 0xd1, 0x84, 0x3c, 0x26, 0x01, 0xee, 0x70, 0x01,
    0xb3, 0x00, 0x3c, 0x29, 0xc0, 0x86, 0x40, 0x1c, 0xbf, 0xd9, 0x8e, 0xbc, 0x00, 0xe9, 0xaa, 0xe1,
    0x50, 0x0f, 0xfb, 0x40, 0x2d, 0x00, 0x00, 0xa4, 0x80, 0x38, 0x54, 0xc0, 0x51, 0x07, 0x08, 0x82,
    0x9b, 0xff, 0x30, 0x03, 0x7c, 0xcd, 0x1a, 0xcb, 0x3d, 0x4a, 0x03, 0x0d, 0x30, 0x50, 0x0e, 0x40,
    0x1e, 0x63, 0x74, 0x00, 0xfc, 0x9a, 0xfd, 0x6d, 0xa6, 0x9d, 0xcf, 0xe6, 0x4c, 0xc5, 0x53, 0x30,
    0x69, 0xd8, 0x5c, 0xc7, 0x76, 0xaa, 0x5d, 0x84, 0x40, 0x1c, 0x51, 0xc8, 0x8e, 0x83, 0x30, 0x07,
    0x0a, 0x17, 0x73, 0xdc, 0x78, 0x03, 0x8a, 0x98, 0x01, 0x3f, 0x86, 0x01, 0xc7, 0x21, 0xe0, 0x70,
    0xaa, 0x00, 0xe1, 0x46, 0x44, 0x03, 0xb0, 0x80, 0x7c, 0xf8, 0x60, 0x90, 0x00, 0x2c, 0x00, 0x30,
    0x41, 0x05, 0x00, 0xcc, 0xe1, 0xa3, 0xca, 0x58, 0x83, 0x3b, 0xe8, 0x00, 0x96, 0xd9, 0x5c, 0x22,
    0x6c, 0x98, 0x02, 0x9b, 0x21, 0xb8, 0x04, 0x03, 0xa8, 0x3a, 0x8f, 0x5c, 0x51, 0x21, 0x03, 0x10,
    0x22, 0x00, 0x1b, 0xab, 0x94, 0x2b, 0x66, 0xb2, 0x9d, 0xd4, 0xb0, 0x80, 0x0c, 0x72, 0xf7, 0x00,
    0xfa, 0x1b, 0x21, 0x01, 0xcc, 0x03, 0xad, 0xb2, 0x14, 0xcb, 0x80, 0x3a, 0xc3, 0xa4, 0x3f, 0xc6,
    0x01, 0xc4, 0x2e, 0x25, 0xa8, 0xa0, 0x1b, 0x26, 0x5d, 0x32, 0x44, 0x08, 0x06, 0x22, 0xf1, 0xc8,
    0x02, 0x88, 0x00, 0x00, 0xf3, 0xa8, 0x07, 0xfe, 0x18, 0x00, 0xf9, 0x57, 0x8c, 0x19, 0x57, 0x00,
    0x3f, 0xee, 0xaf, 0x7c, 0xff, 0xc2, 0x15, 0x57, 0x95, 0x57, 0xc2, 0x01, 0x88, 0x47, 0xe0, 0x0f,
    0x71, 0xff, 0xee, 0xb0, 0x0f, 0x1c, 0xf7, 0x68, 0x30, 0x0e, 0x15, 0x40, 0x0d, 0xe2, 0x01, 0xcc,
    0x44, 0x00, 0xc5, 0xc0, 0x18, 0xa6, 0x00, 0x39, 0x88, 0x02, 0x3c, 0x64, 0x01, 0x10, 0x19, 0x94,
    0x00, 0x5b, 0x30, 0x00, 0x3f, 0xed, 0x81, 0x00, 0x17, 0x38, 0x04, 0x5d, 0xd3, 0x80, 0x40, 0x00,
    0x23, 0x80, 0x74, 0x18, 0x07, 0x2c, 0x98, 0x04, 0x2e, 0xc0, 0x11, 0x3b, 0x2d, 0xb9, 0x84, 0x24,
    0x08, 0x05, 0xf2, 0x41, 0xe0, 0x8f, 0x4b, 0x40, 0x02, 0x80, 0xb8, 0x83, 0xd5, 0x06, 0x02, 0xc4,
    0x02, 0xb8, 0x7f, 0xb5, 0x10, 0xa2, 0x50, 0x00, 0xf0, 0x55, 0xab, 0xe2, 0x0c, 0xa0, 0x08, 0x9e,
    0xc4, 0x00, 0xd1, 0x44, 0x01, 0x11, 0x83, 0xb8, 0x02, 0x5f, 0x20, 0x09, 0x9c, 0x04, 0x40, 0x26,
    0x02, 0x01, 0xb3, 0x40, 0xcc, 0x0b, 0xb4, 0x40, 0x10, 0xba, 0x8e, 0x70, 0x27, 0x9e, 0x30, 0x01,
    0x18, 0xf1, 0x94, 0x00, 0x33, 0x40, 0x10, 0x00, 0x13, 0x80, 0x47, 0x00, 0x1f, 0x15, 0x10, 0x02,
    0xc0, 0x3c, 0x6e, 0xe1, 0xb7, 0x25, 0x56, 0x66, 0x40, 0xf9, 0x51, 0xfa, 0x6f, 0x98, 0xee, 0x29,
    0xc1, 0xdc, 0x4b, 0x71, 0x14, 0x6c, 0x20, 0x03, 0xb8, 0x7c, 0x92, 0xfa, 0xf8, 0x00, 0x87, 0xc7,
    0x08, 0x21, 0xdb, 0x40, 0x21, 0x13, 0x60, 0x49, 0xeb, 0xe0, 0x80, 0x44, 0x40, 0x0a, 0x8d, 0x7c,
    0x00, 0xe0, 0x06, 0x60, 0x19, 0xc0, 0x10, 0xf9, 0x80, 0x33, 0x00, 0x22, 0x00, 0x84, 0xb6, 0xc4,
    0x4e, 0xe0, 0xef, 0x00, 0x0b, 0x28, 0x5b, 0xab, 0xae, 0xba, 0x82, 0x6e, 0xe6, 0x44, 0x4a, 0x6f,
    0x10, 0x47, 0x66, 0x5c, 0x40, 0x00, 0xf4, 0x28, 0x07, 0xcc, 0xef, 0x8e, 0x1d, 0xf3, 0x00, 0x6e,
    0xa0, 0xca, 0x0b, 0xe0, 0x0c, 0xcf, 0x00, 0x4e, 0xe4, 0x28, 0x76, 0x00, 0x5e, 0xe1, 0xc6, 0xec,
    0x19, 0xb6, 0x00, 0x6e, 0xcf, 0xcb, 0x9f, 0xf6, 0x73, 0x00, 0xa8, 0x19, 0xdf, 0x06, 0x70, 0x28,
    0x92, 0x7f, 0x7e, 0x28, 0x77, 0x5e, 0x84, 0x79, 0x92, 0xbe, 0x67, 0xc6, 0x01, 0x91, 0xf7, 0x77,
    0x38, 0x07, 0x38, 0xf6, 0xee, 0x51, 0x00, 0x8a, 0x6b, 0xc0, 0x39, 0x54, 0x00, 0x5c, 0x1c, 0x20,
    0x04, 0xef, 0x21, 0x80, 0x17, 0xa0, 0x40, 0x29, 0xde, 0xa0, 0x08, 0x00, 0x14, 0x00, 0x45, 0x20,
    0x1f, 0x13, 0x10, 0x01, 0x40, 0x3c, 0x4e, 0xe4, 0x57, 0x1a, 0x7d, 0xdc, 0x61, 0xf2, 0x1f, 0xe8,
    0x6f, 0xcc, 0x44, 0x0c, 0xa0, 0xa6, 0x25, 0x21, 0x23, 0x38, 0x03, 0xa2, 0x9b, 0x7b, 0x0a, 0xec,
    0xa0, 0x1b, 0x37, 0x00, 0x17, 0xdc, 0x3c, 0x10, 0x00, 0xb1, 0x88, 0x04, 0xeb, 0xd0, 0x20, 0x03,
    0x10, 0x0e, 0x23, 0xe4, 0x00, 0x19, 0x00, 0x98, 0x06, 0x7b, 0x00, 0xae, 0xc0, 0x62, 0x01, 0x1e,
    0xb1, 0x00, 0xb2, 0x87, 0xf8, 0x0f, 0xbd, 0xdb, 0x85, 0x1c, 0xf5, 0x14, 0x89, 0x38, 0x70, 0xa6,
    0xb2, 0x3b, 0xa2, 0x26, 0x28, 0x05, 0x24, 0x00, 0x3a, 0x00, 0x48, 0xe0, 0x1f, 0x25, 0x10, 0x03,
    0x84, 0x03, 0x8d, 0xd0, 0xa9, 0xc9, 0x63, 0xbb, 0x20, 0x7c, 0xa8, 0x7c, 0x45, 0xfd, 0xd2, 0x1c,
    0x1d, 0xc5, 0x02, 0x58, 0x08, 0xc0, 0x1a, 0x9d, 0xd5, 0x01, 0xf9, 0xb0, 0x01, 0x1f, 0xf7, 0xb0,
    0x6a, 0x46, 0x48, 0x04, 0x2f, 0x86, 0x90, 0x42, 0x64, 0x40, 0x01, 0x10, 0x0c, 0x2f, 0xbd, 0x23,
    0xfc, 0x80, 0xcc, 0x00, 0x0c, 0xee, 0x09, 0x6e, 0x90, 0x33, 0x00, 0x3e, 0x00, 0x86, 0x68, 0x00,
    0x2c, 0x83, 0xa2, 0x29, 0x28, 0xbb, 0x30, 0x2b, 0x8e, 0x0a, 0x68, 0xd8, 0x0f, 0xd2, 0x22, 0x4b,
    0x6c, 0xb2, 0x00, 0x22, 0xc4, 0x8e, 0xeb, 0x43, 0x33, 0xac, 0x06, 0x3b, 0xcc, 0x3f, 0xd4, 0xff,
    0x00, 0x0f, 0x67, 0x00, 0x22, 0x90, 0x99, 0x80, 0x06, 0x22, 0x00, 0x62, 0x89, 0x80, 0x6c, 0x77,
    0x00, 0xa8, 0xe8, 0x91, 0x00, 0x11, 0xba, 0x02, 0x0e, 0x65, 0xee, 0x18, 0x4e, 0x63, 0xcf, 0xb0,
    0x2f, 0x30, 0x60, 0x22, 0x85, 0x00, 0x21, 0xd0, 0x07, 0xb2, 0x00, 0x1f, 0x40, 0x1d, 0xf5, 0x02,
    0x6a, 0xca, 0x00, 0x54, 0x4b, 0x37, 0x9e, 0xf8, 0x00, 0x24, 0x13, 0xac, 0x07, 0x10, 0x32, 0x6c,
    0xc2, 0xa0, 0x06, 0xd6, 0x00, 0x56, 0xd8, 0x80, 0x6c, 0xcf, 0xd1, 0xcd, 0x11, 0xe5, 0x20, 0x24,
    0x4f, 0x70, 0x07, 0xff, 0x29, 0xfb, 0xbd, 0x00, 0x06, 0xff, 0xf3, 0x80, 0x04, 0x7e, 0xf0, 0x0f,
    0xfe, 0x53, 0xff, 0xfa, 0x00, 0x0f, 0xdd, 0xe8, 0x30, 0x00, 0x0f, 0x77, 0xe3, 0x00, 0xc6, 0x1f,
    0xfe, 0x30, 0x0f, 0x84, 0x7c, 0x01, 0xf9, 0x13, 0xc0, 0x1f, 0x0f, 0xff, 0x8c, 0x03, 0xc3, 0x77,
    0xe3, 0x00, 0xff, 0xe4, 0x0c, 0x47, 0x8c, 0x03, 0x8e, 0x3f, 0xfd, 0x22, 0x01, 0x85, 0xdf, 0xf1,
    0x00, 0x06, 0x23, 0xff, 0x08, 0x7f, 0xff, 0xe0, 0x00, 0x09, 0x17, 0xe1, 0x00, 0xd9, 0xff, 0xfb,
    0x40, 0x3b, 0xf7, 0x7d, 0x20, 0x1e, 0x9a, 0xaf, 0x78, 0x07, 0xba, 0x67, 0xda, 0x01, 0xe3, 0x77,
    0xf0, 0x80, 0x72, 0x6f, 0xfa, 0x65, 0xfe, 0xc5, 0x00, 0xd3, 0x77, 0x25, 0x5d, 0xd2, 0x00, 0x13,
    0x3f, 0x71, 0x9f, 0x0a, 0xff, 0xf2, 0x3f, 0xff, 0x22, 0x33, 0x39, 0xe7, 0x33, 0x94, 0x03, 0xff,
    0xad, 0x0c, 0x01, 0xe0, 0x00, 0xfe, 0x38, 0x00, 0x44, 0xcc, 0xa0, 0x19, 0x8c, 0x00, 0xbd, 0xe7,
    0xa0, 0x1f, 0xca, 0xda, 0x19, 0xdd, 0x52, 0x73, 0x80, 0x76, 0xff, 0xd4, 0x7e, 0xc1, 0x71, 0x60,
    0x72, 0x22, 0x07, 0x11, 0x07, 0x71, 0x80, 0x91, 0x80, 0x3c, 0xad, 0xa0, 0x0f, 0x81, 0x00, 0xff,
    0x1b, 0xb0, 0x07, 0x53, 0xe8, 0x05, 0x2e, 0x01, 0xc3, 0xe5, 0x80, 0x1f, 0x96, 0x22, 0x40, 0x00,
    0x88, 0x80, 0x28, 0x10, 0x0e, 0xcf, 0xad, 0x00, 0x00, 0x19, 0xff, 0x10, 0x06, 0xe8, 0x99, 0xf4,
    0x70, 0x07, 0x7c, 0x47, 0xb8, 0x03, 0xdf, 0x11, 0xee, 0x00, 0xf7, 0xdd, 0xfb, 0x80, 0x39, 0xfe,
    0xa9, 0xb5, 0x57, 0x28, 0x04, 0x33, 0xd8, 0x25, 0xb6, 0x3d, 0x20, 0x13, 0xce, 0xd6, 0xf3, 0x00,
    0x80, 0x62, 0x3f, 0xd1, 0xf5, 0x59, 0xf5, 0x54, 0x43, 0x99, 0x11, 0x33, 0x21, 0x3c, 0xc0, 0x9c,
    0xca, 0x82, 0xe6, 0x66, 0xe9, 0x91, 0x80, 0x17, 0x60, 0x40, 0x3f, 0xa2, 0x14, 0xc0, 0x1f, 0xe8,
    0xd4, 0x00, 0xea, 0x40, 0x08, 0x00, 0xf1, 0x17, 0xb3, 0xba, 0xa0, 0xde, 0xed, 0xa3, 0x9f, 0x62,
    0x00, 0xdc, 0xc6, 0x80, 0x42, 0x20, 0x0f, 0xe7, 0x43, 0x00, 0xaa, 0xed, 0xa0, 0x0e, 0xe5, 0x80,
    0x51, 0x17, 0x80, 0x26, 0xa0, 0x02, 0x33, 0x88, 0x03, 0xc2, 0x0a, 0xb2, 0x00, 0x2e, 0x38, 0x14,
    0x73, 0x2f, 0x00, 0x0f, 0xef, 0x1b, 0xcc, 0xd6, 0x0f, 0x2e, 0xe5, 0xaa, 0x00, 0x75, 0x08, 0x02,
    0x5c, 0xc0, 0x3f, 0x2a, 0xac, 0x00, 0x9d, 0xe8, 0x01, 0x2e, 0x88, 0x01, 0x3f, 0xd6, 0x00, 0x09,
    0x17, 0xe1, 0x00, 0x9f, 0x3b, 0xbd, 0xf0, 0x01, 0x93, 0x33, 0xd4, 0x01, 0xc9, 0xbb, 0xe9, 0x00,
    0xe4, 0xdd, 0xf4, 0x80, 0x73, 0xcc, 0xfa, 0xc0, 0x32, 0x5b, 0xe6, 0xee, 0x8b, 0x00, 0x8e, 0x8f,
    0x73, 0x3a, 0x94, 0x0f, 0x16, 0xd0, 0xf8, 0x93, 0x8c, 0x89, 0xb7, 0x24, 0x4a, 0x67, 0x86, 0x11,
    0x17, 0xb1, 0xd5, 0x05, 0xdc, 0x80, 0xc4, 0x02, 0xdb, 0x48, 0x89, 0x80, 0x23, 0x50, 0x1f, 0xc4,
    0x2a, 0xd6, 0xcf, 0x51, 0x01, 0x92, 0x02, 0xf3, 0x4e, 0xfa, 0x00, 0x00, 0xd4, 0x40, 0x02, 0xb0,
    0x0f, 0x08, 0x9c, 0x47, 0x28, 0x88, 0x02, 0x6f, 0xf1, 0x6f, 0xfb, 0x47, 0xfd, 0x00, 0x06, 0xee,
    0x16, 0xf7, 0x30, 0x7b, 0x90, 0x02, 0x89, 0x1a, 0xa2, 0x1c, 0x11, 0x21, 0x3f, 0xf9, 0x77, 0xfd,
    0xcb, 0xff, 0x19, 0x5d, 0xaa, 0xbf, 0x5d, 0x88, 0x00, 0x7d, 0xbb, 0xee, 0x30, 0x0e, 0x2c, 0xcf,
    0x10, 0x07, 0x8a, 0xef, 0xc6, 0x01, 0xe1, 0x99, 0xf1, 0x80, 0x7c, 0xef, 0xe3, 0x00, 0xfb, 0x33,
    0xc0, 0x1e, 0x3f, 0x99, 0xf7, 0x98, 0x00, 0x00, 0x11, 0x9f, 0xe2, 0x00, 0xd1, 0xf3, 0x3e, 0xf8,
    0x00, 0xeb, 0x88, 0xf5, 0x80, 0x7a, 0xe2, 0x3d, 0x60, 0x1e, 0xab, 0xbf, 0x50, 0x07, 0x6d, 0xee,
    0xfa, 0x88, 0x03, 0x29, 0xee, 0x5a, 0x66, 0x50, 0x01, 0xb8, 0x37, 0x29, 0xb3, 0x31, 0x80, 0x29,
    0xf3, 0xb8, 0x8f, 0xdd, 0x8c, 0x07, 0x7e, 0xaa, 0x55, 0x55, 0x4e, 0x00, 0x17, 0x6d, 0xd9, 0x99,
    0xbb, 0x30, 0x04, 0x40, 0xef, 0x18, 0x3b, 0xc2, 0x40, 0x33, 0x3c, 0x43, 0x33, 0xc2, 0x00, 0xf8,
    0xa0, 0x03, 0x55, 0xda, 0x00, 0x21, 0x40, 0x0c, 0x9f, 0xa6, 0x0f, 0x14, 0x31, 0x06, 0x00, 0x22,
    0x80, 0x2b, 0xc4, 0x3c, 0x74, 0x03, 0xe6, 0xb1, 0x7d, 0x00, 0xaa, 0x00, 0x3f, 0xee, 0xd0, 0x0e,
    0x70, 0x0e, 0x45, 0x0b, 0x2c, 0xd4, 0xda, 0x47, 0x00, 0xd5, 0xd8, 0xe1, 0x1f, 0xcc, 0x11, 0x40,
    0x22, 0x07, 0x8f, 0x11, 0x83, 0xfb, 0x80, 0x0b, 0x77, 0x32, 0x80, 0x1d, 0xe5, 0x2c, 0x08, 0x0f,
    0xb5, 0x09, 0x00, 0x17, 0xd5, 0x04, 0x0f, 0x61, 0x00, 0x22, 0xd6, 0x00, 0xc7, 0xa8, 0x00, 0xf4,
    0x20, 0x07, 0xcb, 0x33, 0x9b, 0xe6, 0x72, 0x80, 0x1f, 0x76, 0xf0, 0xfd, 0xdc, 0xe0, 0x02, 0xee,
    0xa8, 0x3b, 0xb8, 0xc0, 0x29, 0x98, 0xae, 0x67, 0x84, 0x0e, 0xe2, 0x1e, 0x3d, 0x11, 0xd6, 0x65,
    0x10, 0xc2, 0xb8, 0x89, 0xb2, 0x20, 0x42, 0x6d, 0x07, 0xf1, 0x10, 0x43, 0x18, 0x8a, 0x6c, 0xd6,
    0x67, 0x51, 0x45, 0x11, 0x87, 0xb1, 0xd5, 0x6c, 0x6c, 0x23, 0x29, 0x10, 0x2c, 0xcc, 0x60, 0x30,
    0x20, 0x18, 0xc4, 0x78, 0x03, 0xf0, 0xee, 0xe2, 0x00, 0xfa, 0xea, 0x23, 0x5d, 0x00, 0x40, 0x00,
    0xf3, 0xa0, 0x07, 0x4d, 0x54, 0x41, 0x2c, 0x01, 0xcf, 0xfc, 0xe2, 0x83, 0x51, 0x19, 0x01, 0x10,
    0x21, 0xea, 0xa2, 0xff, 0x80, 0x39, 0x16, 0xdf, 0xdd, 0xe4, 0x0b, 0xa2, 0xd8, 0x10, 0xe8, 0x88,
    0x83, 0xfc, 0x72, 0xc0, 0x02, 0xee, 0x8c, 0x11, 0x44, 0x03, 0x63, 0x34, 0x20, 0x1f, 0xb1, 0xde,
    0x20, 0x67, 0x20, 0x0c, 0x7f, 0xf0, 0x03, 0xc2, 0x48, 0x02, 0xf8, 0x88, 0x9a, 0x1d, 0xc2, 0x01,
    0xfa, 0x00, 0x3f, 0xf8, 0xf6, 0x80, 0x18, 0x00, 0x11, 0x9f, 0xe2, 0x00, 0xd3, 0x15, 0x5e, 0xf8,
    0x00, 0xec, 0xdd, 0xf2, 0x00, 0x7b, 0x73, 0x3c, 0x60, 0x1e, 0x2d, 0xdf, 0x10, 0x07, 0x77, 0x91,
    0x7b, 0xb8, 0x00, 0x29, 0xce, 0xef, 0xdb, 0x24, 0x79, 0x8e, 0xfc, 0x05, 0xcc, 0xe3, 0x15, 0x54,
    0xa2, 0xfb, 0x22, 0x65, 0x10, 0x02, 0x09, 0x80, 0x13, 0x33, 0x20, 0x05, 0xe7, 0x60, 0x04, 0xdd,
    0xc8, 0x00, 0x77, 0x68, 0x6e, 0x84, 0xc8, 0xb0, 0x9d, 0x70, 0xd4, 0x98, 0x7f, 0xf1, 0x1e, 0x90,
    0x01, 0x22, 0xf3, 0x77, 0x18, 0x00, 0x1a, 0x27, 0xf0, 0x06, 0x88, 0x77, 0x7d, 0x60, 0x1d, 0x35,
    0x5e, 0xb0, 0x0f, 0x75, 0x57, 0xac, 0x03, 0x9b, 0x7b, 0xb6, 0xa7, 0xd8, 0x04, 0x66, 0x27, 0x7c,
    0x85, 0xca, 0x01, 0x4b, 0xd5, 0x79, 0x93, 0x14, 0x11, 0x16, 0x15, 0x5d, 0xe7, 0x12, 0x49, 0x84,
    0x15, 0x5d, 0xe0, 0xb8, 0x40, 0x40, 0x0a, 0xae, 0xf0, 0x0f, 0x9e, 0xab, 0xb1, 0x00, 0x32, 0xab,
    0x33, 0xed, 0x54, 0x00, 0x7f, 0x77, 0xfb, 0x40, 0x00, 0xf8, 0xa8, 0x03, 0x66, 0xec, 0x23, 0x33,
    0x88, 0xc0, 0x5f, 0xe3, 0x36, 0x62, 0x4b, 0x31, 0xa0, 0x03, 0x20, 0x3d, 0xd7, 0x96, 0xeb, 0x00,
    0x39, 0x19, 0x8a, 0x6c, 0xd1, 0x86, 0xe0, 0x97, 0xfb, 0x9f, 0x6f, 0xdc, 0x3f, 0xc2, 0xd3, 0x3b,
    0x9a, 0x50, 0x08, 0xc2, 0x37, 0x74, 0x2e, 0xa0, 0x06, 0xbe, 0xe6, 0x62, 0xd7, 0x10, 0x22, 0x44,
    0xd7, 0xc0, 0x4c, 0x04, 0x01, 0xf9, 0x42, 0xcc, 0x80, 0x0e, 0x96, 0x55, 0x00, 0x2f, 0x40, 0x39,
    0xc0, 0x38, 0x43, 0x6f, 0x00, 0x3f, 0x93, 0x3d, 0xc0, 0x00, 0x00, 0xf3, 0x28, 0x07, 0x55, 0xda,
    0x80, 0x63, 0xe2, 0x04, 0x00, 0x4f, 0xf2, 0x04, 0x3f, 0xf9, 0x8c, 0x02, 0x45, 0x06, 0x7d, 0x6c,
    0x72, 0x30, 0x0e, 0xb0, 0xe8, 0x53, 0x9d, 0x00, 0x5d, 0x07, 0x2d, 0x41, 0x55, 0x80, 0x5f, 0xe0,
    0x0f, 0xf9, 0x14, 0x00, 0xb9, 0xc5, 0x98, 0x00, 0xf1, 0xfb, 0xdd, 0x83, 0x3c, 0x01, 0x30, 0x00,
    0x16, 0x41, 0x71, 0x10, 0x03, 0xfd, 0x60, 0xa2, 0x40, 0x12, 0x22, 0x59, 0x8a, 0xab, 0xf0, 0x03,
    0x81, 0x99, 0xc0, 0x13, 0x2d, 0x30, 0x52, 0xe9, 0x40, 0x0a, 0x70, 0xc0, 0x03, 0xdd, 0x18, 0x00,
    0x95, 0x80, 0x33, 0x28, 0x07, 0x0b, 0x41, 0x08, 0x8a, 0x18, 0x44, 0x00, 0x6d, 0xf2, 0xdc, 0xc6,
    0x97, 0x6c, 0x80, 0x19, 0x67, 0x07, 0x3c, 0xb2, 0xd6, 0x00, 0x2a, 0x80, 0x0e, 0x1b, 0xb0, 0x00,
    0x99, 0x5d, 0xc0, 0xd4, 0x6c, 0xe8, 0xc4, 0x02, 0x2d, 0x09, 0x0f, 0x90, 0xd1, 0x10, 0x13, 0x9e,
    0xef, 0xe2, 0x72, 0x00, 0x08, 0xa2, 0x3c, 0x04, 0x01, 0xce, 0xab, 0xe6, 0x00, 0xf8, 0x8b, 0xce,
    0x01, 0xe7, 0x66, 0xf0, 0x07, 0xcd, 0x55, 0xe6, 0x00, 0xe4, 0xc9, 0x9f, 0x6b, 0x80, 0x00, 0x00,
    0x12, 0x27, 0xe2, 0x00, 0xd7, 0xc6, 0x7e, 0xeb, 0x00, 0xe6, 0xdd, 0xf3, 0x00, 0x7a, 0xe2, 0x3d,
    0x60, 0x1d, 0xfb, 0x10, 0xf9, 0x88, 0x6f, 0x80, 0x05, 0xc7, 0x76, 0x01, 0xdd, 0x85, 0xc4, 0x04,
    0x7a, 0xf0, 0x47, 0x80, 0x58, 0xaa, 0xbf, 0x13, 0x08, 0x04, 0xf9, 0x9e, 0x61, 0x00, 0xe5, 0xbb,
    0xf2, 0x00, 0x72, 0x56, 0x51, 0x9a, 0xb7, 0x14, 0x02, 0x4a, 0x84, 0x10, 0x00, 0x87, 0xd1, 0x00,
    0xff, 0xb0, 0x6d, 0x78, 0x1b, 0x72, 0x00, 0x6d, 0x40, 0xa7, 0x18, 0x02, 0x6a, 0x00, 0x00, 0xf8,
    0xa8, 0x03, 0x5e, 0x61, 0xce, 0x65, 0x09, 0x33, 0x0b, 0x75, 0x71, 0x55, 0x3c, 0xea, 0xa1, 0x02,
    0x30, 0x1f, 0xf4, 0x97, 0xfa, 0x40, 0x38, 0xe2, 0x12, 0x31, 0x0e, 0x13, 0xb9, 0x05, 0xdd, 0x63,
    0xee, 0xca, 0x71, 0x60, 0xde, 0x01, 0xd8, 0x80, 0x64, 0x00, 0xdf, 0xaa, 0x87, 0x40, 0x3e, 0xa8,
    0x89, 0x40, 0x07, 0x3c, 0x01, 0x45, 0xdd, 0x40, 0x16, 0x75, 0x00, 0x22, 0xee, 0xa0, 0x04, 0xaa,
    0x8c, 0x01, 0xf7, 0x75, 0x00, 0x1c, 0x03, 0xf5, 0xd7, 0x00, 0x7a, 0x8c, 0x01, 0x58, 0xc0, 0x00,
    0x50, 0x80, 0x7f, 0x91, 0x62, 0x64, 0xc7, 0x33, 0x94, 0x62, 0x44, 0xb5, 0x54, 0x59, 0x83, 0xd3,
    0x70, 0x20, 0x25, 0x02, 0x55, 0x68, 0x03, 0x05, 0xc0, 0x44, 0x01, 0xe2, 0x73, 0x00, 0x73, 0x02,
    0x55, 0x40, 0x31, 0x3d, 0x7d, 0x0f, 0x3d, 0xc9, 0xa0, 0xf9, 0x95, 0x69, 0xdf, 0x74, 0xe4, 0x2e,
    0x0d, 0x33, 0xe6, 0x60, 0x06, 0x14, 0x4f, 0x08, 0x07, 0x88, 0xbc, 0x20, 0x1c, 0x23, 0xf0, 0x07,
    0x8b, 0x77, 0xc2, 0x01, 0x93, 0xe6, 0x7d, 0x8a, 0x00, 0x00, 0xc4, 0x58, 0x48, 0xa0, 0xbc, 0xc2,
    0xcf, 0x4e, 0x3f, 0x73, 0x41, 0xb9, 0x4c, 0x22, 0xc1, 0xb3, 0x04, 0x00, 0x2e, 0x00, 0xff, 0xe1,
    0xfd, 0x03, 0x5d, 0x88, 0x0e, 0xac, 0x01, 0x9d, 0xa9, 0x10, 0xc0, 0x3e, 0x50, 0x0c, 0x31, 0x33,
    0x08, 0x27, 0x00, 0x33, 0x50, 0xf2, 0x50, 0x40, 0x3b, 0xe5, 0xb3, 0x99, 0x00, 0xdf, 0x00, 0x1f,
    0x30, 0x8b, 0x3c, 0x00, 0xf3, 0x50, 0xcd, 0xc1, 0x70, 0x40, 0x68, 0x81, 0x81, 0xa2, 0x21, 0x81,
    0x82, 0x00, 0x3d, 0x43, 0xbd, 0x46, 0x01, 0xa9, 0x02, 0xa4, 0x4b, 0x0c, 0x00, 0x11, 0x9f, 0xe2,
    0x00, 0xdd, 0x37, 0x7e, 0x8a, 0x00, 0xe1, 0x1f, 0x9c, 0x03, 0xdd, 0x77, 0xe5, 0x00, 0xe4, 0xf8,
    0x9e, 0x88, 0x8c, 0x08, 0x00, 0x20, 0x44, 0x00, 0x11, 0x58, 0xa2, 0x00, 0x1c, 0xc8, 0x9f, 0x3d,
    0xbf, 0x0c, 0x07, 0x22, 0x24, 0x59, 0x80, 0x5d, 0xc1, 0x16, 0x6c, 0xa9, 0x95, 0xe6, 0xff, 0x60,
    0x9e, 0x7d, 0x9b, 0x27, 0x5d, 0xa7, 0x80, 0x07, 0xfc, 0xa2, 0x3f, 0x00, 0x63, 0x00, 0x74, 0x47,
    0x70, 0x07, 0xd3, 0x55, 0xd2, 0x01, 0xea, 0xdb, 0xbe, 0xcd, 0x00, 0x00, 0xf0, 0x9a, 0x34, 0x20,
    0x55, 0x4f, 0x39, 0x51, 0xa3, 0xee, 0x09, 0xdb, 0xa8, 0x7b, 0x1d, 0x7b, 0x70, 0x02, 0x18, 0x08,
    0x0e, 0x0a, 0xb2, 0x00, 0x74, 0xb7, 0x5c, 0x41, 0xf4, 0x01, 0x50, 0x13, 0xa1, 0xbb, 0xc0, 0x0e,
    0xb1, 0xde, 0x0d, 0xde, 0x40, 0x43, 0x1d, 0xb3, 0xff, 0xda, 0x80, 0x1d, 0x85, 0x11, 0x69, 0x80,
    0x23, 0x80, 0x0e, 0x59, 0x5e, 0x86, 0x00, 0xec, 0xe8, 0x4d, 0xb8, 0x84, 0x80, 0x25, 0x98, 0x0d,
    0x06, 0xec, 0x0e, 0x20, 0xe0, 0x33, 0xb1, 0xfb, 0xd3, 0xde, 0x80, 0x01, 0xd3, 0xbd, 0x70, 0x4b,
    0xf4, 0x00, 0xf9, 0x1c, 0x03, 0x55, 0xda, 0x44, 0x88, 0x12, 0x45, 0x02, 0x7f, 0x2a, 0xbb, 0x90,
    0x5d, 0xd0, 0x01, 0x1c, 0x13, 0x83, 0x31, 0xc5, 0x80, 0x1e, 0x21, 0x20, 0x56, 0x00, 0xaa, 0x42,
    0xb8, 0xb3, 0xa1, 0xb9, 0x83, 0xf4, 0x2b, 0xbf, 0xb9, 0xfd, 0xc6, 0x05, 0x40, 0x05, 0xee, 0xee,
    0x80, 0x0f, 0xbb, 0x76, 0x90, 0x09, 0xe8, 0x02, 0x8a, 0xaa, 0xc0, 0x2f, 0x0a, 0x00, 0x74, 0x44,
    0x80, 0x06, 0x88, 0x30, 0x03, 0x51, 0x22, 0x00, 0x40, 0x07, 0x0f, 0x74, 0x20, 0x1f, 0x54, 0xc4,
    0x57, 0x20, 0x00, 0x1a, 0x27, 0xe3, 0x00, 0xdf, 0x84, 0x5e, 0xd9, 0x00, 0xf0, 0x8f, 0x8c, 0x03,
    0x90, 0x7b, 0xbc, 0x7a, 0x01, 0x21, 0x91, 0x7e, 0xc4, 0x00, 0x61, 0x9e, 0x70, 0x33, 0xd8, 0x00,
    0x6c, 0xff, 0x72, 0x9f, 0x7f, 0xb1, 0xc0, 0x10, 0xe0, 0x03, 0x1f, 0x30, 0x03, 0xc8, 0x01, 0x9c,
    0x02, 0xe2, 0x30, 0x03, 0x30, 0x02, 0x2f, 0xf6, 0xf6, 0xf7, 0xf8, 0x80, 0x07, 0x7a, 0x68, 0x83,
    0x39, 0x0f, 0x2c, 0xcd, 0x74, 0x4f, 0xd7, 0x50, 0x03, 0x36, 0x60, 0x0b, 0x47, 0x9b, 0xb5, 0x29,
    0x7a, 0x00, 0x55, 0xb9, 0x76, 0xa9, 0x94, 0x62, 0x00, 0x00, 0xc6, 0x88, 0x32, 0x44, 0x82, 0xf3,
    0x0a, 0xac, 0xc7, 0xbe, 0x62, 0x81, 0xb9, 0x08, 0xaa, 0x07, 0x3a, 0x00, 0x8b, 0x81, 0x32, 0xc0,
    0xbe, 0xc0, 0x3d, 0x5b, 0x80, 0xf1, 0x80, 0x03, 0xbb, 0x04, 0x79, 0x76, 0xe2, 0xe8, 0x1c, 0x28,
    0x14, 0x6a, 0xbc, 0xba, 0x08, 0x1f, 0x04, 0x1f, 0x93, 0x09, 0x10, 0x40, 0x2c, 0x50, 0xee, 0x2a,
    0x71, 0x01, 0xce, 0xe6, 0x06, 0xec, 0x93, 0x6e, 0x00, 0xce, 0x51, 0x15, 0xd9, 0x26, 0xdc, 0x21,
    0x54, 0x40, 0x3f, 0xe5, 0xbf, 0x31, 0x60, 0x0c, 0x39, 0x83, 0xfc, 0xc1, 0x00, 0x77, 0x44, 0x78,
    0xc0, 0x00, 0x89, 0xc0, 0x10, 0x20, 0x1e, 0x6b, 0x00, 0x29, 0x80, 0x7f, 0xf0, 0xe7, 0xb9, 0x67,
    0xdc, 0x2d, 0xee, 0x50, 0x47, 0xd1, 0xff, 0x8b, 0x3e, 0x00, 0x06, 0x22, 0x01, 0x10, 0x08, 0x8c,
    0x03, 0xff, 0x85, 0x7d, 0x47, 0xdc, 0x2c, 0xeb, 0x00, 0x4e, 0x59, 0xe6, 0x0a, 0xb2, 0x00, 0x04,
    0x41, 0x02, 0x20, 0x31, 0x18, 0x07, 0xff, 0x0a, 0x32, 0x4b, 0x30, 0x5d, 0x90, 0x00, 0x5f, 0xed,
    0xff, 0x67, 0xfa, 0x82, 0x24, 0xcf, 0xf3, 0xd8, 0x00, 0xff, 0xe1, 0x0f, 0x77, 0xbf, 0xbb, 0x84,
    0x5d, 0xdd, 0x2d, 0xdd, 0xc2, 0x00, 0xbd, 0xda, 0x5f, 0x77, 0x18, 0x04, 0xfd, 0xba, 0x97, 0xdd,
    0x84, 0x03, 0xa6, 0x6b, 0x49, 0x98, 0x80, 0x3b, 0x37, 0x4a, 0xdb, 0xb1, 0x80, 0x70, 0x8c, 0x60,
    0x23, 0x00, 0x75, 0xe6, 0xe9, 0xc3, 0x76, 0x51, 0x00, 0x95, 0xb2, 0x8e, 0x62, 0x31, 0x00, 0x45,
    0xd5, 0xec, 0x40, 0x1f, 0x92, 0x81, 0x99, 0x2c, 0x84, 0x20, 0x01, 0xe8, 0xec, 0xbf, 0xfa, 0x3f,
    0xbd, 0x47, 0xf1, 0xc8, 0x05, 0xa7, 0x37, 0xf9, 0x40, 0x00, 0xf3, 0xb0, 0x07, 0xe8, 0xbb, 0xaa,
    0xef, 0x30, 0x00, 0x53, 0x3f, 0xe6, 0x4f, 0xf0, 0xe2, 0x08, 0x19, 0xf3, 0x91, 0x98, 0x44, 0x66,
    0x17, 0xed, 0xd8, 0x5f, 0x74, 0xc6, 0xe4, 0x03, 0x53, 0x33, 0xac, 0xcb, 0xac, 0x40, 0x07, 0x77,
    0x98, 0xae, 0xf1, 0x81, 0x41, 0x16, 0x17, 0x22, 0xd0, 0x44, 0x89, 0xff, 0xa2, 0x7f, 0xee, 0x82,
    0x02, 0x59, 0xdd, 0xf7, 0x69, 0x00, 0x61, 0x1f, 0x9c, 0x03, 0xcf, 0x77, 0xe4, 0x00, 0xf3, 0xcc,
    0xf9, 0x40, 0x39, 0xf2, 0xef, 0xd9, 0x00, 0x00, 0x00, 0x1c, 0x80, 0x6a, 0x30, 0x0c, 0x64, 0xa0,
    0x07, 0x13, 0x00, 0x17, 0x6b, 0x47, 0x6d, 0x36, 0xf2, 0x01, 0xf2, 0xeb, 0x56, 0xaf, 0x90, 0x04,
    0x64, 0xa0, 0x05, 0x22, 0x00, 0x46, 0xb8, 0x66, 0xdd, 0x62, 0x88, 0x1c, 0x90, 0x8b, 0x37, 0xc4,
    0xa9, 0x85, 0x7b, 0xbf, 0x19, 0x03, 0x25, 0x57, 0x88, 0x80, 0x11, 0xdd, 0xf9, 0x80, 0x31, 0xe6,
    0x78, 0x40, 0x31, 0x9f, 0xc0, 0x1c, 0x62, 0x3e, 0x00, 0xcb, 0xec, 0xde, 0xd7, 0x00, 0x00, 0x9d,
    0x40, 0x33, 0x28, 0x06, 0x68, 0xbe, 0x82, 0x58, 0xae, 0x86, 0x00, 0x2e, 0xb9, 0x69, 0xb6, 0xb9,
    0x6a, 0x80, 0xa1, 0x39, 0x92, 0xa8, 0x9c, 0xc9, 0x04, 0x04, 0x0c, 0x05, 0xc0, 0x06, 0x80, 0x20,
    0x2d, 0xca, 0xdc, 0x6f, 0x8e, 0xda, 0xc2, 0x2a, 0x5b, 0xd1, 0x3c, 0xc4, 0x40, 0x30, 0xc3, 0x67,
    0x74, 0xbe, 0x17, 0x98, 0xf9, 0x21, 0x73, 0x6d, 0xdb, 0x37, 0x4c, 0x6a, 0x20, 0x13, 0xcc, 0xf9,
    0xc0, 0x3c, 0xd9, 0x9e, 0x60, 0x0f, 0x84, 0x7c, 0xe0, 0x1e, 0x6c, 0xcf, 0x08, 0x07, 0x3e, 0x4c,
    0xfb, 0x18, 0x00, 0x00, 0x12, 0xaf, 0xe3, 0x00, 0xd5, 0xe6, 0x7e, 0xfa, 0x00, 0xe6, 0xff, 0xf3,
    0x00, 0x79, 0x2e, 0xfc, 0x80, 0x1d, 0xe9, 0x33, 0xe4, 0x10, 0x01, 0x30, 0xd6, 0xef, 0xab, 0x98,
    0x83, 0xa7, 0xb9, 0xb5, 0xdd, 0xe0, 0x28, 0x00, 0xc8, 0x02, 0x3b, 0xc8, 0x02, 0xbb, 0x10, 0x6a,
    0x6e, 0x8f, 0xc0, 0x37, 0xf9, 0x01, 0x58, 0x59, 0xe4, 0x03, 0x66, 0x14, 0x86, 0x63, 0xe4, 0x40,
    0xe8, 0x37, 0x4a, 0xc4, 0xa0, 0x0d, 0x20, 0x2e, 0xdd, 0xa9, 0x7f, 0xb3, 0x03, 0xe6, 0x28, 0x40,
    0x06, 0x8c, 0x91, 0x14, 0x69, 0x80, 0x00, 0xf3, 0x38, 0x07, 0xfc, 0xf5, 0x90, 0x01, 0xf9, 0x72,
    0xe2, 0x07, 0xac, 0x01, 0x14, 0x6f, 0xd2, 0x65, 0x9d, 0xfe, 0xc9, 0x9b, 0xdc, 0x74, 0xcf, 0x69,
    0x27, 0x90, 0xb8, 0xc1, 0x56, 0x6c, 0x8c, 0x13, 0x08, 0x06, 0xf7, 0x00, 0x2f, 0x80, 0x78, 0xa3,
    0x75, 0x9b, 0x9d, 0x04, 0x01, 0xa7, 0x0c, 0xfe, 0x90, 0x0e, 0xad, 0xbb, 0xd8, 0xe0, 0x1f, 0x4c,
    0x46, 0xf0, 0x0f, 0xd1, 0x33, 0xc0, 0x1f, 0xba, 0xef, 0x40, 0x07, 0xd9, 0x53, 0x3a, 0xb8, 0x02,
    0x00, 0xff, 0xe1, 0x17, 0xff, 0xe7, 0x00, 0x87, 0xff, 0xcc, 0x01, 0xff, 0xc4, 0x1a, 0xaf, 0x20,
    0x07, 0x7f, 0xf9, 0x80, 0x30, 0xaa, 0xf8, 0x80, 0x26, 0x34, 0x4f, 0x10, 0x04, 0x41, 0xff, 0xe5,
    0x00, 0xb2, 0xef, 0xe7, 0x00, 0x12, 0x38, 0x07, 0xf4, 0xb0, 0x80, 0x61, 0x03, 0x05, 0x08, 0x00,
    0xcf, 0xde, 0xe8, 0xb6, 0x01, 0xcf, 0xdf, 0xa6, 0x00, 0xe7, 0x40, 0x0f, 0xfd, 0x2e, 0x01, 0xf1,
    0x77, 0x61, 0xde, 0xef, 0x11, 0x3f, 0xe3, 0xaf, 0xff, 0x88, 0x04, 0x4e, 0x60, 0x89, 0xc4, 0x20,
    0x11, 0x41, 0xe6, 0x74, 0xd8, 0x04, 0x5e, 0x49, 0x33, 0xc8, 0x01, 0x16, 0x55, 0x1f, 0x77, 0x98,
    0x02, 0x2a, 0x70, 0x7d, 0xde, 0x60, 0x0c, 0x80, 0x04, 0x99, 0xe4, 0x00, 0xf9, 0xb3, 0x39, 0x80,
    0x3e, 0x25, 0x5e, 0x20, 0x0f, 0xfa, 0xb9, 0xb0, 0x03, 0x9e, 0x00, 0x2b, 0xfe, 0x40, 0x00, 0x04,
    0xff, 0xc8, 0x7f, 0xfa, 0x80, 0x09, 0xfe, 0x40, 0x01, 0xff, 0xa8, 0x03, 0xff, 0x88, 0xbb, 0xa5,
    0x00, 0x1e, 0xea, 0x00, 0x25, 0xcc, 0x28, 0x00, 0xf3, 0x16, 0x01, 0x84, 0x40, 0x18, 0x44, 0x60,
    0x12, 0xd5, 0x14, 0x1c, 0xaa, 0x92, 0x00, 0x25, 0xee, 0x10, 0x0a, 0xf7, 0x10, 0x00, 0x38, 0x88,
    0x70, 0x23, 0x44, 0x68, 0x03, 0x0c, 0x03, 0x66, 0x00, 0x30, 0xaa, 0x84, 0x9c, 0x95, 0x00, 0x06,
    0x08, 0xe2, 0x5c, 0xff, 0x20, 0x7f, 0x18, 0xb2, 0x07, 0x97, 0x2e, 0x07, 0xfc, 0xc0, 0x02, 0x44,
    0x88, 0x4c, 0xf8, 0x80, 0x0b, 0x3f, 0x36, 0x5b, 0xff, 0x77, 0x00, 0x2a, 0xbb, 0x00, 0x0b, 0x32,
    0x90, 0x0f, 0xf8, 0x50, 0xdc, 0x02, 0x8f, 0x90, 0x0e, 0xdf, 0xf0, 0x05, 0x1f, 0x20, 0x01, 0x76,
    0xef, 0x21, 0x00, 0xf8, 0xeb, 0xbf, 0xd0, 0x21, 0xf7, 0x34, 0x00, 0x2a, 0xe8, 0xd4, 0x00, 0x0a,
    0xfa, 0x80, 0x4b, 0x43, 0xde, 0x00, 0x3d, 0x6f, 0x00, 0x89, 0x29, 0xd4, 0x00, 0xec, 0x01, 0xea,
    0x4b, 0x00, 0x10, 0x10, 0x07, 0x1f, 0x3c, 0xb0, 0x3a, 0x06, 0x47, 0x80, 0x3e, 0x21, 0xb6, 0xaa,
    0x90, 0xdf, 0x63, 0xdc, 0x50, 0x3d, 0x50, 0x00, 0xa4, 0x40, 0x02, 0x89, 0x8c, 0x09, 0x10, 0x50,
    0x89, 0x4e, 0x63, 0xa0, 0x07, 0x68, 0x43, 0x74, 0x03, 0xfe, 0x30, 0x01, 0xc9, 0xc4, 0xcc, 0x6e,
    0x66, 0xe0, 0x0f, 0x88, 0x9c, 0xfb, 0xac, 0x00, 0x84, 0xa7, 0x65, 0x96, 0x6e, 0xda, 0x01, 0x13,
    0x7e, 0x5e, 0xb2, 0x95, 0xe8, 0x80, 0x0b, 0x41, 0x53, 0xb8, 0x88, 0x13, 0x80, 0x01, 0xee, 0xeb,
    0x9d, 0xd0, 0x8c, 0x00, 0x2b, 0xaa, 0x95, 0x55, 0x55, 0x98, 0x04, 0xb3, 0x32, 0x22, 0x66, 0x50,
    0x08, 0x5a, 0xee, 0x45, 0xbb, 0x98, 0x40, 0xf7, 0x79, 0x53, 0x77, 0x8c, 0x00, 0xa1, 0x00, 0x21,
    0x1f, 0x19, 0xfd, 0xd9, 0x98, 0xa2, 0x0b, 0x51, 0x00, 0x2d, 0xd7, 0x01, 0xcc, 0x96, 0xa6, 0x84,
    0x03, 0xdf, 0x23, 0xbd, 0x60, 0x77, 0x6f, 0x00, 0xa2, 0x2a, 0x00, 0x1c, 0x42, 0x40, 0x29, 0xbb,
    0x68, 0x08, 0x19, 0x98, 0x02, 0xea, 0xa6, 0x00, 0x4c, 0xcb, 0x00, 0x2e, 0xf4, 0x76, 0x30, 0x77,
    0x04, 0x0b, 0x35, 0x8f, 0x4b, 0x56, 0x21, 0x40, 0xdd, 0xc6, 0x4e, 0xe2, 0xe0, 0x06, 0x4a, 0xa3,
    0xcd, 0x78, 0xa0, 0x07, 0xfa, 0x7c, 0x01, 0x9a, 0xe0, 0x15, 0xa8, 0x61, 0x80, 0x37, 0xe8, 0x01,
    0x80, 0x02, 0xa0, 0x08, 0xf0, 0x01, 0x40, 0x18, 0x41, 0x9f, 0x98, 0xe4, 0xf2, 0xdd, 0x3c, 0x30,
    0x7e, 0xe8, 0x13, 0x0b, 0x30, 0xf0, 0xc0, 0x1e, 0x33, 0x55, 0x10, 0x02, 0xcd, 0xd0, 0x04, 0x73,
    0x27, 0x00, 0xbb, 0x3c, 0x02, 0x3a, 0xa3, 0x00, 0x44, 0x24, 0x01, 0xb7, 0x4e, 0x00, 0x38, 0x99,
    0x01, 0x28, 0x33, 0x07, 0x88, 0x73, 0x1e, 0x0f, 0xeb, 0x10, 0x13, 0x42, 0x55, 0x30, 0x2d, 0xbc,
    0x78, 0xd9, 0xb8, 0x07, 0x3b, 0x8d, 0x05, 0xbf, 0x00, 0x02, 0x07, 0x54, 0x00, 0x49, 0x3b, 0x83,
    0x3d, 0x0f, 0x44, 0x00, 0x49, 0xa2, 0x1b, 0xd6, 0x00, 0xf3, 0x30, 0x03, 0xff, 0x77, 0x00, 0x3f,
    0xf9, 0x2a, 0xbc, 0x44, 0x55, 0xe0, 0x1e, 0xed, 0x2a, 0xae, 0xee, 0x11, 0x5d, 0xe4, 0x00, 0x65,
    0xde, 0x10, 0x0c, 0x6c, 0xaa, 0x93, 0x00, 0xf8, 0x7a, 0x08, 0x97, 0xc2, 0x01, 0xc3, 0x48, 0xc0,
    0x05, 0x56, 0x88, 0x04, 0x3a, 0x12, 0x01, 0xa1, 0xb4, 0x81, 0x31, 0xac, 0x03, 0xd4, 0xb8, 0x8b,
    0x14, 0x01, 0xfa, 0x6d, 0x45, 0x40, 0x3f, 0xca, 0x20, 0x1e, 0x99, 0x00, 0x78, 0x00, 0xf3, 0x30,
    0x03, 0xff, 0x7f, 0x00, 0x7c, 0x2e, 0xf9, 0x4d, 0xdf, 0x10, 0x05, 0xdd, 0x81, 0xfb, 0xb0, 0x04,
    0x33, 0x39, 0x52, 0x67, 0x10, 0x07, 0xff, 0x0c, 0xbf, 0xf9, 0x9f, 0xff, 0x8c, 0xbf, 0xf3, 0x00,
    0x1f, 0xff, 0x18, 0x06, 0x65, 0x66, 0x23, 0x00, 0x7d, 0x17, 0xc0, 0x3d, 0x6e, 0x01, 0x8a, 0xd3,
    0xc8, 0x00, 0x5f, 0x76, 0x20, 0x3c, 0x2c, 0x20, 0x0c, 0x58, 0x5a, 0x87, 0x92, 0x01, 0xfa, 0x75,
    0x00, 0x80, 0x34, 0x48, 0x06, 0x20, 0x00, 0xf3, 0xb0, 0x07, 0xfe, 0xee, 0x00, 0x78, 0x59, 0xb8,
    0x8d, 0x9b, 0x84, 0x33, 0x39, 0x99, 0x99, 0xc6, 0x35, 0x5c, 0x8b, 0x55, 0xc4, 0x01, 0xff, 0xc3,
    0x5e, 0xec, 0xed, 0xdd, 0x98, 0x00, 0x99, 0x93, 0x88, 0x9f, 0x32, 0x70, 0x00, 0x91, 0x11, 0x59,
    0x8a, 0x84, 0x41, 0x00, 0xcf, 0x7c, 0x03, 0xd7, 0x00, 0x18, 0xae, 0xde, 0x40, 0x02, 0xc4, 0xc3,
    0x03, 0xd2, 0xc2, 0x00, 0xc3, 0x89, 0x88, 0x7b, 0x20, 0x1f, 0xa3, 0x90, 0x08, 0x03, 0x44, 0x80,
    0x61, 0x00, 0x00, 0xf3, 0x30, 0x03, 0xff, 0x77, 0x00, 0x3f, 0xf9, 0x03, 0x99, 0xcc, 0xcc, 0xce,
    0x11, 0x44, 0x52, 0x4a, 0xa2, 0x88, 0xc2, 0x08, 0x91, 0x39, 0x99, 0x09, 0x12, 0x00, 0xc5, 0x36,
    0x00, 0x98, 0x20, 0x0f, 0x74, 0x90, 0x00, 0xda, 0x40, 0x3a, 0x9d, 0xc0, 0x1a, 0x1e, 0x80, 0x03,
    0x6c, 0x71, 0x04, 0x44, 0x41, 0x1e, 0xc8, 0xc7, 0x78, 0x03, 0xdd, 0x82, 0x05, 0x42, 0xd1, 0x04,
    0x44, 0x41, 0x86, 0x88, 0x03, 0xff, 0x91, 0x32, 0x00, 0xf0, 0x00, 0x9d, 0x00, 0x0a, 0xa0, 0x0f,
    0xda, 0x40, 0x02, 0xc0, 0x0f, 0xfe, 0x39, 0xdd, 0x92, 0xae, 0x40, 0x3e, 0x2f, 0xe0, 0x5f, 0xd0,
    0x0f, 0x85, 0x04, 0x48, 0xc8, 0x01, 0xfd, 0xe4, 0xfe, 0x20, 0x1f, 0x8d, 0xdd, 0x8a, 0xc0, 0x1f,
    0xbe, 0x00, 0x10, 0xe0, 0x1f, 0x3b, 0x90, 0x03, 0xf9, 0x8d, 0x68, 0x03, 0xfd, 0x8c, 0x42, 0x01,
    0xc2, 0xa6, 0x73, 0xb8, 0x03, 0xe7, 0x58, 0x8a, 0x88, 0x02, 0xb7, 0x00, 0x0c, 0xdd, 0xce, 0x00,
    0x00, 0xac, 0x40, 0x3f, 0xf2, 0x80, 0x5d, 0xda, 0x80, 0x3f, 0x87, 0xb9, 0x00, 0x11, 0xdd, 0x87,
    0x6c, 0x80, 0x3e, 0x2f, 0xd0, 0x8f, 0x30, 0x0f, 0x85, 0x04, 0x1d, 0x04, 0x03, 0xfa, 0xc3, 0x88,
    0x44, 0x01, 0xf2, 0xa8, 0x6f, 0x88, 0xc0, 0x3e, 0x8b, 0x07, 0xa7, 0x60, 0x0f, 0x3a, 0x10, 0x01,
    0x8c, 0xc0, 0x18, 0x51, 0xa0, 0x03, 0x56, 0x00, 0x63, 0xe1, 0x10, 0x04, 0xc2, 0x80, 0x03, 0x11,
    0x18, 0x07, 0x57, 0x80, 0x4e, 0xdb, 0x80, 0x17, 0x8e, 0x18, 0x04, 0x5b, 0xca, 0x00, 0xa4, 0xc0,
    0x38, 0x6c, 0x03, 0x94, 0x03, 0xc6, 0x80, 0x1f, 0xfc, 0x42, 0xbb, 0x17, 0xda, 0xdd, 0xdc, 0x16,
    0xa7, 0xfc, 0x37, 0xef, 0xff, 0x38, 0x7b, 0x8a, 0x18, 0x53, 0x12, 0x21, 0xd4, 0x10, 0x80, 0x14,
    0x2b, 0xc2, 0x00, 0xf6, 0x00, 0xc8, 0xe5, 0x6a, 0xa0, 0x87, 0xa0, 0x0d, 0x3e, 0x00, 0x94, 0x65,
    0xa0, 0x0c, 0xee, 0x40, 0x0a, 0x21, 0xc2, 0x01, 0x96, 0xc0, 0x30, 0xe9, 0x80, 0x71, 0x08, 0x06,
    0x93, 0x00, 0x08, 0x80, 0x3f, 0xcd, 0xf8, 0x80, 0x1d, 0xa6, 0x01, 0x37, 0x72, 0x80, 0x00, 0x00,
    0xa4, 0xc0, 0x38, 0x6c, 0x03, 0x94, 0x03, 0xe4, 0x00, 0xff, 0xe2, 0x1d, 0xd8, 0xbe, 0xdf, 0x32,
    0xd0, 0xc6, 0x2f, 0xf0, 0xd7, 0xaf, 0xfd, 0x01, 0x08, 0x28, 0x20, 0x68, 0x42, 0x66, 0x50, 0x42,
    0x00, 0x70, 0xd9, 0x84, 0x38, 0x07, 0x90, 0x0a, 0x74, 0xa2, 0x48, 0x03, 0xa3, 0xc1, 0x2c, 0xc9,
    0xe8, 0x03, 0x3b, 0x20, 0x01, 0x44, 0x2e, 0xc0, 0x19, 0xac, 0x03, 0xc4, 0x60, 0x18, 0x44, 0x01,
    0xf8, 0xc0, 0x3f, 0xe5, 0xfd, 0x40, 0x0e, 0xd3, 0x00, 0x97, 0x7a, 0xc0, 0x00, 0x00, 0xf3, 0x30,
    0x03, 0xe4, 0x4e, 0xcc, 0x22, 0x70, 0x03, 0xbf, 0xf3, 0xbb, 0xff, 0x80, 0x15, 0x77, 0x95, 0x57,
    0x7c, 0x01, 0x5d, 0xe5, 0x55, 0xde, 0x00, 0xc9, 0x11, 0x3a, 0x44, 0x48, 0x01, 0xc4, 0x66, 0x21,
    0x33, 0x10, 0x07, 0xae, 0xa8, 0xaa, 0xaa, 0x58, 0x07, 0x5f, 0x70, 0xc8, 0x81, 0xdc, 0xb0, 0x0c,
    0x88, 0x34, 0x55, 0x39, 0xa2, 0x00, 0x31, 0x5d, 0xbc, 0x89, 0x97, 0x62, 0x00, 0x14, 0xe6, 0x44,
    0x00, 0x1c, 0xca, 0x88, 0xfb, 0xdc, 0x03, 0xcf, 0x84, 0x62, 0xe2, 0x01, 0x4c, 0x80, 0x22, 0x81,
    0x00, 0xc3, 0x44, 0x01, 0xff, 0x5a, 0x2b, 0xbc, 0xa0, 0x1c, 0x34, 0xb2, 0x01, 0x4e, 0x80, 0x65,
    0xc3, 0x7b, 0x56, 0xc4, 0x80, 0x0c, 0x73, 0x28, 0xbc, 0xf3, 0xa0, 0x0e, 0x64, 0x38, 0x94, 0x43,
    0x4a, 0x08, 0x01, 0x33, 0xbf, 0xd9, 0xdc, 0xce, 0x8e, 0xd3, 0x58, 0xfc, 0x72, 0xcc, 0x13, 0xe7,
    0x70, 0xc5, 0x33, 0xba, 0x66, 0x77, 0x58, 0x60, 0x16, 0xfc, 0x73, 0x33, 0xa3, 0xb4, 0x03, 0x0d,
    0x08, 0x06, 0xfb, 0x10, 0x09, 0x33, 0x0e, 0x01, 0xa4, 0xa8, 0x02, 0x69, 0x70, 0xb6, 0xd0, 0x04,
    0xe8, 0x80, 0x09, 0x00, 0x15, 0xca, 0x01, 0x30, 0x80, 0x00, 0xf3, 0x30, 0x03, 0xe1, 0x1e, 0xff,
    0x08, 0xf0, 0x02, 0x7f, 0xf3, 0x33, 0xff, 0x40, 0x02, 0x32, 0x7b, 0x8e, 0xee, 0xe4, 0xdc, 0x80,
    0x45, 0x48, 0x01, 0x86, 0x5c, 0x03, 0xab, 0x80, 0x34, 0xb9, 0x00, 0x0a, 0x21, 0xc7, 0x08, 0x88,
    0x20, 0x88, 0x11, 0xff, 0xbb, 0x86, 0x7b, 0x7b, 0xfc, 0x02, 0xef, 0x23, 0x2a, 0x99, 0x1d, 0xe2,
    0x00, 0x93, 0x78, 0x89, 0xda, 0x80, 0x1d, 0x15, 0xa6, 0x00, 0x3d, 0xa8, 0x00, 0x1e, 0x9e, 0x18,
    0x06, 0x3c, 0x4d, 0x33, 0x4d, 0x90, 0x07, 0x8b, 0x20, 0x81, 0x00, 0x34, 0xc8, 0x03, 0x28, 0x80,
    0x00, 0x0d, 0x00, 0x7f, 0xe3, 0x40, 0x49, 0x9f, 0x90, 0x03, 0x9f, 0xfe, 0x25, 0xff, 0x39, 0xdf,
    0x0d, 0xd3, 0x31, 0xd7, 0xd9, 0x86, 0x5e, 0x83, 0xf4, 0x00, 0x83, 0x70, 0x08, 0x50, 0x45, 0xa6,
    0x0a, 0xe1, 0xf2, 0x01, 0x0a, 0x08, 0x3b, 0x5c, 0x05, 0x9d, 0x00, 0x1d, 0x02, 0x32, 0x29, 0x00,
    0x14, 0x2c, 0x37, 0x40, 0x3b, 0x88, 0x01, 0xa9, 0xd9, 0x44, 0x00, 0xc4, 0x01, 0xc2, 0x26, 0x90,
    0x0f, 0xfc, 0x22, 0x00, 0xff, 0xe8, 0x17, 0x80, 0x62, 0xc0, 0x0c, 0x00, 0xf3, 0x30, 0x03, 0xe6,
    0x6e, 0xdd, 0x33, 0x70, 0x8b, 0xbb, 0x9d, 0xdd, 0xdc, 0x03, 0x17, 0x99, 0x32, 0xe6, 0x68, 0x10,
    0x07, 0x73, 0x74, 0xcb, 0xbb, 0x58, 0x07, 0x74, 0x41, 0x52, 0x21, 0x60, 0x1e, 0xfb, 0xb2, 0x2d,
    0xda, 0x40, 0x3d, 0x35, 0x44, 0x5a, 0xa8, 0x03, 0x9b, 0xf7, 0x4c, 0xfb, 0xac, 0x20, 0x0d, 0x7b,
    0xc0, 0x68, 0x1d, 0xba, 0x00, 0xe7, 0xd9, 0x53, 0x9d, 0x70, 0x0c, 0xdb, 0x98, 0x40, 0x02, 0x66,
    0x35, 0x84, 0xb6, 0x2c, 0x80, 0x31, 0x5c, 0x69, 0x95, 0xa8, 0x05, 0x12, 0x01, 0x2d, 0x90, 0x00,
    0x0d, 0x80, 0x78, 0x9c, 0x40, 0x32, 0x80, 0x05, 0xa7, 0x73, 0x8c, 0x03, 0xe5, 0xbc, 0xfe, 0x92,
    0x02, 0xbd, 0x1b, 0xb0, 0x32, 0x90, 0x06, 0x3f, 0xb1, 0xff, 0x00, 0x7e, 0x14, 0xf1, 0x12, 0x02,
    0x77, 0x73, 0x00, 0x14, 0x64, 0x81, 0x3f, 0xcb, 0x7e, 0xc0, 0xa8, 0x13, 0x00, 0x23, 0x80, 0x40,
    0x13, 0x40, 0xb0, 0x46, 0x01, 0xe6, 0x52, 0x00, 0x17, 0x70, 0x03, 0xcf, 0x00, 0x18, 0xcc, 0x01,
    0xe1, 0x10, 0x04, 0x4a, 0xa0, 0x0f, 0xf9, 0x18, 0x40, 0x3f, 0x0f, 0x83, 0x40, 0x05, 0x68, 0x00,
    0x00, 0xa0, 0xc0, 0x33, 0xb0, 0x07, 0x8d, 0xc0, 0x37, 0x88, 0x07, 0xff, 0x14, 0xee, 0xcb, 0x16,
    0x97, 0x65, 0xab, 0xb1, 0x13, 0xfc, 0x2b, 0xeb, 0xfe, 0x33, 0x7f, 0x8c, 0x50, 0x41, 0xdc, 0x28,
    0xe2, 0x26, 0x41, 0x00, 0x71, 0x37, 0x10, 0x49, 0x12, 0x80, 0x24, 0x06, 0xca, 0x73, 0x74, 0x55,
    0x08, 0x02, 0x3c, 0x00, 0xeb, 0xf0, 0x3e, 0xb2, 0x0c, 0xe8, 0x01, 0x43, 0xa8, 0x02, 0x59, 0x1e,
    0x80, 0x31, 0x48, 0x04, 0x36, 0xc2, 0x20, 0x0d, 0x44, 0x01, 0x94, 0x80, 0x3f, 0xf8, 0xb4, 0x80,
    0x1a, 0x58, 0x02, 0x00, 0x08, 0xff, 0x80, 0x36, 0xe6, 0xeb, 0xfd, 0xba, 0xcc, 0x00, 0x74, 0x66,
    0x19, 0x99, 0x89, 0x00, 0xf4, 0xdd, 0x95, 0x57, 0x68, 0x00, 0xf5, 0x4c, 0x91, 0x13, 0x30, 0x07,
    0xbd, 0x10, 0x44, 0x44, 0x60, 0x07, 0x57, 0x08, 0x81, 0xc4, 0x5d, 0x60, 0x01, 0x53, 0x22, 0x85,
    0xc8, 0xa3, 0x51, 0x0f, 0xfd, 0x0a, 0x91, 0xff, 0x80, 0x6a, 0xac, 0x05, 0x50, 0xed, 0x54, 0x20,
    0x02, 0xaa, 0x79, 0x13, 0x72, 0xcc, 0x00, 0x53, 0x85, 0x84, 0x00, 0x1b, 0xdd, 0x59, 0x1f, 0x64,
    0x00, 0x79, 0xbf, 0x4c, 0x5c, 0x80, 0x29, 0x90, 0x04, 0x2c, 0x20, 0x00, 0x9d, 0x40, 0x33, 0x38,
    0x04, 0x2a, 0xac, 0xc2, 0xae, 0xcc, 0x2a, 0x84, 0xf3, 0x0c, 0x59, 0x99, 0x9f, 0x30, 0x65, 0x32,
    0x43, 0xaa, 0xca, 0xa9, 0x91, 0x00, 0x64, 0x99, 0xca, 0x01, 0xfa, 0xe2, 0x32, 0x00, 0x7c, 0x37,
    0xd9, 0x8e, 0x4e, 0x00, 0xf4, 0x66, 0x19, 0x99, 0x87, 0x00, 0x8f, 0xbb, 0x9d, 0xdd, 0xdc, 0x66,
    0xee, 0xb4, 0xcc, 0x87, 0xbd, 0xd1, 0x80, 0x4f, 0xdc, 0x43, 0xee, 0x38, 0x04, 0x2d, 0xba, 0xc3,
    0x00, 0x1e, 0x6e, 0x9c, 0x4f, 0x26, 0x84, 0x03, 0x0d, 0x77, 0x0c, 0xa9, 0x00, 0x29, 0x90, 0x04,
    0x72, 0x40, 0x00, 0xf3, 0x28, 0x07, 0xfe, 0xe2, 0x00, 0xf1, 0xf7, 0x6f, 0x78, 0xee, 0xe3, 0x37,
    0x75, 0x64, 0xac, 0x75, 0xdd, 0x18, 0x05, 0x10, 0xf2, 0xef, 0x98, 0x10, 0x09, 0x74, 0xb0, 0xbc,
    0x4b, 0x07, 0x1c, 0x4f, 0xa4, 0xee, 0xb7, 0x2a, 0xc3, 0xb8, 0x66, 0xb4, 0x79, 0xbb, 0xdc, 0x87,
    0x24, 0x01, 0xa2, 0xab, 0x40, 0x07, 0xe9, 0xbb, 0xde, 0x01, 0xf1, 0x75, 0xde, 0xf1, 0x00, 0xc8,
    0x88, 0x87, 0xfe, 0x88, 0x22, 0x00, 0x1d, 0xdf, 0xf8, 0x00, 0x00, 0x1c, 0x80, 0x64, 0x60, 0x0f,
    0x3a, 0x80, 0x66, 0x81, 0x00, 0xc2, 0x00, 0x11, 0xc6, 0x8a, 0x22, 0x04, 0xfa, 0x3f, 0xbc, 0xc9,
    0x67, 0x30, 0x69, 0xd2, 0x7d, 0x5b, 0xb0, 0x7e, 0xe8, 0xc0, 0x18, 0x6a, 0x01, 0xfe, 0x25, 0x39,
    0x20, 0x0f, 0xea, 0x70, 0x95, 0xce, 0xe0, 0x67, 0x60, 0x12, 0xe8, 0x2b, 0xe7, 0xf8, 0x33, 0xf0,
    0x1e, 0x80, 0x38, 0x44, 0x00, 0x10, 0x02, 0xb8, 0x07, 0xff, 0x14, 0xd1, 0x20, 0x74, 0x41, 0x00,
    0x72, 0xf7, 0x4b, 0xfd, 0xc7, 0x00, 0x26, 0x83, 0x55, 0x7c, 0xa0, 0x00, 0xf3, 0x28, 0x07, 0xfe,
    0xe2, 0x00, 0xf1, 0xf7, 0x6f, 0x78, 0xee, 0xe3, 0x37, 0x75, 0x64, 0xac, 0x75, 0xdd, 0x18, 0x05,
    0x10, 0xf2, 0xef, 0x98, 0x00, 0xcb, 0xa5, 0x84, 0x00, 0x2c, 0x1d, 0x71, 0x3e, 0x92, 0x89, 0x1e,
    0x98, 0x0e, 0xd3, 0x35, 0xa2, 0xe6, 0xee, 0xf7, 0x3a, 0x20, 0x0d, 0x3f, 0xfa, 0x80, 0x3f, 0x7d,
    0x56, 0xf0, 0x0f, 0xdf, 0xbb, 0xbc, 0x03, 0x88, 0x87, 0x1d, 0xda, 0x00, 0x88, 0x07, 0xdc, 0x28,
    0xee, 0xd0, 0x5d, 0xc3, 0x00, 0x2b, 0x00, 0x68, 0x40, 0x0f, 0x1f, 0x80, 0x6c, 0x91, 0x00, 0xc2,
    0x20, 0x17, 0xcc, 0x41, 0x66, 0x4a, 0xaf, 0x86, 0xf2, 0xff, 0x40, 0xf7, 0xf9, 0x17, 0x91, 0x79,
    0x4c, 0xca, 0x06, 0x70, 0x80, 0x15, 0x46, 0x1d, 0xfc, 0x3f, 0xee, 0x00, 0x20, 0x27, 0x80, 0x3b,
    0x83, 0xfc, 0x01, 0x6a, 0x12, 0x90, 0x07, 0xe1, 0x4c, 0x09, 0x20, 0x0f, 0xc9, 0x40, 0x1f, 0xf9,
    0x18, 0x03, 0xf2, 0xfa, 0x80, 0x88, 0x03, 0x78, 0x80, 0x17, 0xac, 0x03, 0xe1, 0x00, 0xfe, 0x78,
    0x00, 0xc3, 0x80, 0x18, 0x00, 0x41, 0x80, 0x7c, 0xe6, 0x01, 0x18, 0x00, 0x46, 0x00, 0xb5, 0x80,
    0x3d, 0x98, 0xf5, 0x00, 0xe3, 0xc5, 0xe6, 0xdd, 0x26, 0xd5, 0x1e, 0x50, 0xbc, 0xed, 0x20, 0x1a,
    0xfb, 0x8c, 0x8c, 0x24, 0x4c, 0x23, 0x52, 0x37, 0x41, 0xd2, 0x04, 0x07, 0x49, 0xb5, 0x0f, 0x20,
    0x0d, 0x85, 0x7c, 0x48, 0x41, 0x10, 0x00, 0x85, 0x59, 0x6c, 0x1d, 0xc2, 0x82, 0x01, 0x3d, 0x80,
    0x05, 0x05, 0xa4, 0x2c, 0x02, 0x76, 0x00, 0xbe, 0x65, 0x60, 0x1c, 0x22, 0x00, 0x33, 0xa8, 0x98,
    0x07, 0xf3, 0xf0, 0x04, 0xfc, 0xee, 0x00, 0xa8, 0xc4, 0x80, 0x27, 0xed, 0x20, 0x00, 0x1c, 0x00,
    0x68, 0x30, 0x0f, 0x39, 0x00, 0x6d, 0xe0, 0x0f, 0xe4, 0xbb, 0x70, 0x5d, 0xc6, 0x39, 0x29, 0x83,
    0xf9, 0xf3, 0x9d, 0xe4, 0x3e, 0xeb, 0xe8, 0xd2, 0xc9, 0xde, 0x82, 0x06, 0xc8, 0x22, 0xe8, 0x20,
    0x90, 0x80, 0x01, 0x10, 0xe6, 0x1b, 0xc0, 0x0f, 0xa8, 0x21, 0x4e, 0xc3, 0x74, 0xa8, 0x14, 0x78,
    0x22, 0x5c, 0x0b, 0x30, 0x98, 0x61, 0x40, 0x03, 0x28, 0x80, 0x80, 0x15, 0xa7, 0xc0, 0x26, 0x90,
    0x0e, 0x27, 0x2a, 0x00, 0x84, 0x40, 0x19, 0xb2, 0xf0, 0xb5, 0x40, 0x3d, 0x5b, 0x8c, 0x37, 0x68,
    0x30, 0x02, 0x58, 0x55, 0x90, 0x04, 0xda, 0x60, 0x00, 0x14, 0x80, 0x75, 0x88, 0x07, 0x0a, 0x80,
    0x0b, 0x41, 0x40, 0x38, 0x5c, 0x04, 0x1d, 0x88, 0x08, 0xa0, 0x3f, 0xa3, 0xf8, 0xc6, 0xf1, 0xef,
    0x80, 0x3e, 0x92, 0xe9, 0x7c, 0xd1, 0xcd, 0xa0, 0x0a, 0xca, 0x09, 0x84, 0x03, 0xe2, 0x13, 0x32,
    0x95, 0x50, 0x6a, 0xa3, 0x0a, 0x50, 0xf3, 0xee, 0x30, 0x2f, 0x70, 0x88, 0xb8, 0x08, 0xa8, 0x00,
    0x15, 0x14, 0x14, 0xa7, 0x00, 0x86, 0x7c, 0x22, 0x02, 0x0c, 0xe0, 0x10, 0xd2, 0x98, 0x12, 0xd8,
    0x07, 0xb4, 0xa0, 0x02, 0x86, 0x70, 0x0e, 0xf9, 0x00, 0xed, 0x70, 0x01, 0xe8, 0x18, 0x05, 0xe2,
    0x02, 0x00, 0x00, 0x14, 0x80, 0x08, 0xbc, 0x20, 0x19, 0x40, 0x1b, 0xdd, 0xb1, 0x40, 0x02, 0x20,
    0x10, 0x06, 0xe6, 0x4a, 0x00, 0x4f, 0xd3, 0xf7, 0x09, 0x88, 0x98, 0x00, 0x9d, 0x05, 0xce, 0x1d,
    0xbb, 0x00, 0x76, 0x93, 0x00, 0x1d, 0x56, 0x60, 0x08, 0x58, 0xe8, 0x83, 0xfb, 0xa4, 0x00, 0xa5,
    0x42, 0x40, 0x1f, 0x0d, 0xdc, 0x00, 0x0a, 0xd8, 0x29, 0x00, 0x1d, 0x4f, 0x78, 0x11, 0x44, 0x03,
    0x85, 0xf6, 0x68, 0x16, 0x00, 0x3e, 0x80, 0x10, 0x0f, 0xe6, 0xaa, 0xcc, 0x01, 0xe3, 0x1e, 0xf9,
    0x4d, 0xa3, 0x00, 0x16, 0x81, 0xf4, 0xa8, 0x81, 0xe1, 0x80, 0x00, 0x14, 0x80, 0x43, 0x40, 0x1f,
    0x0a, 0x80, 0x4c, 0xc4, 0x48, 0x40, 0x3e, 0x29, 0x6e, 0xe5, 0xa8, 0x1d, 0xf9, 0x5c, 0x70, 0x75,
    0x62, 0x20, 0x0a, 0x10, 0xe0, 0xd7, 0x65, 0x22, 0x00, 0x01, 0x32, 0x23, 0x54, 0x9d, 0x5c, 0x98,
    0x04, 0x2e, 0x52, 0x40, 0xd2, 0xd4, 0xc0, 0x13, 0xa0, 0xc5, 0x65, 0x6c, 0xf5, 0x6a, 0x0d, 0xe8,
    0x20, 0x39, 0x76, 0xf1, 0x22, 0xb2, 0xb8, 0x02, 0x4e, 0x77, 0x64, 0xf1, 0x69, 0x00, 0xff, 0xc2,
    0x20, 0x0e, 0xd6, 0x6c, 0x01, 0xfc, 0x3d, 0xd0, 0x07, 0x1e, 0x80, 0x26, 0xa2, 0x2d, 0x60, 0x00,
    0x3a, 0x80, 0x4c, 0xa7, 0x20, 0x1d, 0xc6, 0x01, 0x71, 0x81, 0x00, 0x61, 0x01, 0x13, 0x10, 0x07,
    0x41, 0x2f, 0xb4, 0xd0, 0x58, 0x06, 0x35, 0x25, 0xe3, 0x6b, 0x64, 0x10, 0x0a, 0x60, 0x00, 0x26,
    0xc8, 0x10, 0x01, 0xbd, 0x40, 0x08, 0x0d, 0x20, 0xa2, 0x00, 0x77, 0x00, 0x5c, 0x9d, 0x20, 0xcc,
    0x30, 0x1f, 0x30, 0x37, 0x20, 0x5a, 0xd2, 0x10, 0x6e, 0xe1, 0xac, 0x80, 0x07, 0x68, 0x94, 0x00,
    0x7c, 0x2c, 0xa0, 0x13, 0xb9, 0x04, 0x03, 0x30, 0x07, 0x24, 0x40, 0x00, 0xe2, 0x86, 0x01, 0x8e,
    0x74, 0x80, 0x83, 0xe9, 0x00, 0x10, 0xe7, 0xa6, 0x00, 0x1c, 0xed, 0x30, 0x00, 0xf4, 0x90, 0x07,
    0xd3, 0x77, 0x93, 0xee, 0xf5, 0x00, 0x13, 0xe2, 0x1a, 0xbd, 0x11, 0x7a, 0x00, 0xa1, 0x33, 0x2c,
    0x19, 0xb0, 0xa0, 0x80, 0xf6, 0xda, 0x86, 0xea, 0xff, 0x48, 0x06, 0x25, 0x17, 0x2a, 0x86, 0xf5,
    0x10, 0x10, 0x00, 0xfe, 0x4e, 0xe9, 0x79, 0x00, 0x35, 0xef, 0x62, 0xc6, 0x60, 0x7f, 0x98, 0x07,
    0xfb, 0x91, 0x7b, 0x42, 0xb1, 0x4a, 0x25, 0xd3, 0x37, 0x2b, 0x74, 0xcb, 0xa4, 0x8e, 0xa9, 0x64,
    0x2a, 0xcc, 0x2b, 0xaa, 0x18, 0x1c, 0x67, 0xe1, 0x75, 0xfe, 0x4a, 0x01, 0xff, 0xb1, 0xc0, 0x33,
    0xe7, 0x42, 0x1e, 0x38, 0x80, 0x25, 0x80, 0x02, 0xf8, 0x80, 0x00, 0xa0, 0x40, 0x27, 0x30, 0x0f,
    0x12, 0x88, 0x01, 0x22, 0xdd, 0xc6, 0x01, 0x52, 0xc9, 0x9a, 0x9f, 0x46, 0x40, 0x21, 0x6b, 0x26,
    0xe6, 0x44, 0x63, 0x98, 0x02, 0x44, 0x40, 0xd9, 0x09, 0xe1, 0x20, 0x03, 0x61, 0x00, 0xce, 0xae,
    0xe8, 0x20, 0x78, 0x30, 0x02, 0x67, 0xf8, 0xf0, 0x3c, 0xd1, 0x80, 0x23, 0xeb, 0x15, 0x2b, 0xe3,
    0x00, 0xf4, 0x44, 0x11, 0x10, 0x80, 0x73, 0xce, 0x58, 0x51, 0xd8, 0x80, 0x63, 0x09, 0x20, 0x00,
    0x8a, 0x00, 0x3a, 0x28, 0x54, 0x40, 0x12, 0xa4, 0x01, 0xd7, 0x4d, 0xe8, 0x00, 0xc2, 0x00, 0x79,
    0x01, 0x03, 0x75, 0x80, 0x04, 0x00, 0x00, 0x32, 0x80, 0x73, 0x2a, 0x00, 0x6e, 0x20, 0x0e, 0xe2,
    0xd7, 0x00, 0xf0, 0x91, 0x41, 0xf6, 0x20, 0x58, 0xb5, 0x37, 0xff, 0x33, 0x3e, 0xd0, 0xbd, 0xd2,
    0xea, 0x32, 0x20, 0xfb, 0xa4, 0x03, 0x67, 0x01, 0x92, 0xf2, 0x30, 0xc1, 0x02, 0x35, 0x80, 0x0c,
    0xe2, 0x38, 0x28, 0xf2, 0x34, 0xf5, 0x10, 0xcc, 0x50, 0x15, 0x40, 0x2e, 0x4d, 0x47, 0x3a, 0xa0,
    0x3a, 0x80, 0x4c, 0x40, 0x12, 0xa1, 0x03, 0xc8, 0x05, 0x98, 0x00, 0x12, 0xf2, 0x20, 0x44, 0x00,
    0x25, 0x50, 0x97, 0xc5, 0x18, 0x80, 0x74, 0x81, 0x1c, 0xb2, 0x4a, 0x00, 0x25, 0x89, 0x00, 0x16,
    0x81, 0x3c, 0x20, 0x00, 0xf3, 0xa8, 0x07, 0xc4, 0x67, 0xb7, 0x0c, 0xf1, 0x00, 0x12, 0x22, 0xd5,
    0x6e, 0x88, 0x90, 0x00, 0xd7, 0x6d, 0x25, 0x60, 0xdb, 0xb3, 0x00, 0x47, 0x7b, 0xa3, 0xec, 0xdc,
    0x40, 0x0a, 0xbb, 0x6c, 0x40, 0x03, 0x53, 0x18, 0x00, 0xbd, 0xd2, 0x05, 0x20, 0x58, 0x66, 0x80,
    0xbb, 0x3e, 0x30, 0xab, 0x33, 0x19, 0xc8, 0xfb, 0x0c, 0xb8, 0x7b, 0x4d, 0xbf, 0x84, 0xa0, 0x44,
    0xf8, 0x70, 0xe6, 0x60, 0x83, 0x09, 0x25, 0xb8, 0x2a, 0x46, 0xa5, 0x60, 0x65, 0x80, 0x2d, 0x90,
    0x80, 0x3e, 0xb6, 0x7d, 0x10, 0x00, 0xfd, 0x00, 0x45, 0xee, 0x22, 0x0a, 0x50, 0x40, 0x05, 0xa0,
    0x10, 0x80, 0x00, 0x32, 0x80, 0x68, 0x50, 0x0f, 0x71, 0x01, 0x19, 0x90, 0xcf, 0x00, 0x04, 0x3c,
    0x6a, 0x20, 0x7b, 0x10, 0x90, 0x5f, 0x76, 0xc8, 0x98, 0x29, 0x9a, 0x81, 0x79, 0x1b, 0x4b, 0x25,
    0xe2, 0x18, 0x40, 0x01, 0x56, 0x20, 0x28, 0x8c, 0x60, 0x12, 0x0a, 0xc8, 0x14, 0x46, 0x30, 0x0b,
    0x97, 0x34, 0x0e, 0x23, 0x18, 0x00, 0xc0, 0x81, 0x80, 0xee, 0xf1, 0x80, 0x13, 0xc0, 0x31, 0xd5,
    0x63, 0x00, 0x32, 0x00, 0x63, 0xaa, 0xc6, 0x00, 0x10, 0x08, 0x5c, 0xea, 0xb1, 0xb8, 0x80, 0x64,
    0xe6, 0x88, 0xcd, 0xc8, 0x00, 0x96, 0x5b, 0xbf, 0xca, 0x00, 0x1c, 0x00, 0x66, 0xa1, 0x00, 0xe7,
    0x20, 0x09, 0x2c, 0xa8, 0x40, 0x3f, 0x34, 0xf4, 0x1e, 0x90, 0x1d, 0xca, 0x5e, 0x42, 0x21, 0xfc,
    0x31, 0x8a, 0x11, 0x62, 0x77, 0xb9, 0x61, 0x58, 0x82, 0x64, 0xc6, 0x8e, 0x7c, 0xe6, 0x42, 0x40,
    0x2a, 0x70, 0x93, 0xb8, 0xdb, 0xde, 0x00, 0x64, 0x41, 0xea, 0x4f, 0xbc, 0xc0, 0x00, 0x6b, 0xc2,
    0x75, 0x5f, 0x99, 0xec, 0x00, 0xea, 0x20, 0x4f, 0x24, 0xc7, 0xf9, 0x00, 0xf2, 0x01, 0x12, 0xb1,
    0x41, 0xaa, 0x00, 0x88, 0x03, 0x36, 0xd3, 0x96, 0x18, 0x07, 0x0e, 0xe6, 0x10, 0x26, 0xb5, 0x40,
    0x09, 0x63, 0x94, 0x40, 0x13, 0x7a, 0x80, 0x00, 0x99, 0x40, 0x33, 0x28, 0x06, 0x77, 0x6f, 0x39,
    0xb3, 0xef, 0x3b, 0x80, 0x03, 0xe8, 0xa0, 0x17, 0xa2, 0x80, 0x80, 0x1c, 0xcc, 0xb6, 0x2e, 0x88,
    0x5c, 0x70, 0x2d, 0xd2, 0x64, 0x36, 0x49, 0xe7, 0xe0, 0x94, 0x30, 0x01, 0x16, 0x57, 0xc5, 0x38,
    0x43, 0x24, 0x7a, 0x63, 0x67, 0xbe, 0x68, 0x01, 0xb9, 0x98, 0x8f, 0x32, 0x33, 0x00, 0x15, 0x50,
    0xca, 0x5a, 0xab, 0x14, 0x00, 0x44, 0x41, 0x00, 0x47, 0x76, 0x20, 0x0a, 0xc6, 0x00, 0x11, 0xdd,
    0x30, 0x04, 0xaf, 0x83, 0x65, 0xe2, 0x3c, 0x07, 0x14, 0x57, 0xa2, 0xbf, 0xfc, 0x87, 0xa8, 0x00,
    0x6a, 0xde, 0xee, 0x40, 0x00, 0x31, 0x05, 0x11, 0x28, 0x05, 0xc0, 0x3a, 0x01, 0xc0, 0x5c, 0x1f,
    0x40, 0x24, 0x24, 0x50, 0x45, 0x04, 0xbc, 0x40, 0x1d, 0xd2, 0x53, 0xff, 0x9e, 0xdf, 0xf4, 0x45,
    0x32, 0xa4, 0xc9, 0x97, 0x9d, 0x4c, 0x84, 0x1b, 0x74, 0xb1, 0xba, 0xb2, 0xdd, 0x40, 0x01, 0xb7,
    0x5d, 0xc5, 0x57, 0x73, 0x75, 0x00, 0x15, 0x66, 0x4c, 0xcc, 0xca, 0xc0, 0x22, 0x8e, 0xe9, 0xdb,
    0xba, 0x92, 0x01, 0xee, 0xd8, 0xcf, 0x9d, 0xd8, 0x87, 0x31, 0xaa, 0x4a, 0xa2, 0x4d, 0xcc, 0x10,
    0x24, 0xff, 0x61, 0x13, 0x03, 0xe5, 0x00, 0xbf, 0xbd, 0xc0, 0x34, 0x7f, 0x41, 0x12, 0xdc, 0x40,
    0x13, 0x20, 0x00, 0xbe, 0x10, 0x00, 0x41, 0x00, 0x8f, 0xc0, 0x18, 0xc4, 0xb3, 0x3b, 0xf9, 0x40,
    0x02, 0x0e, 0x7b, 0xba, 0xce, 0xd4, 0x13, 0x12, 0x9c, 0x02, 0xcf, 0xe6, 0x10, 0x4d, 0x2d, 0x5d,
    0xd2, 0x16, 0xc4, 0xe8, 0x00, 0x89, 0x0f, 0x56, 0x20, 0xb1, 0xea, 0x00, 0x40, 0x06, 0x80, 0x63,
    0xfd, 0xc0, 0x06, 0x9f, 0xf8, 0x03, 0x14, 0xb2, 0x01, 0x8b, 0xb8, 0xaa, 0x80, 0x16, 0x8a, 0x02,
    0x70, 0x01, 0xeb, 0x54, 0x19, 0x32, 0x41, 0xd0, 0x00, 0x6e, 0xec, 0x22, 0x69, 0x70, 0x07, 0x3b,
    0x85, 0x2c, 0xd9, 0xd4, 0x80, 0x3e, 0xf0, 0x0f, 0xd4, 0x6e, 0xff, 0xc4, 0x00, 0xf3, 0x30, 0x03,
    0xea, 0x40, 0x35, 0xae, 0x53, 0x06, 0xa0, 0x04, 0xc9, 0xab, 0x90, 0x3a, 0x9a, 0xe0, 0x00, 0x7f,
    0xe0, 0xc9, 0x96, 0x1f, 0xe1, 0x00, 0x45, 0xa1, 0x75, 0x4b, 0x0f, 0x10, 0x08, 0xee, 0x0e, 0xae,
    0xd4, 0x1f, 0xa8, 0x09, 0xba, 0xc3, 0x8d, 0xd4, 0x1c, 0xf4, 0x9a, 0x7b, 0x04, 0xf2, 0xab, 0xa4,
    0x0f, 0x0c, 0xb7, 0x33, 0x32, 0xe6, 0x6d, 0x32, 0xee, 0xa0, 0x8c, 0x06, 0x3b, 0xa3, 0x02, 0x22,
    0x4d, 0xaa, 0xae, 0x50, 0x88, 0x02, 0xb9, 0x5e, 0xa0, 0x06, 0xed, 0xd3, 0x89, 0xf4, 0xe1, 0x00,
    0x63, 0xb9, 0xe3, 0x2b, 0x50, 0x0a, 0x64, 0x01, 0x24, 0x90, 0x00, 0x49, 0x00, 0x7f, 0xe5, 0x04,
    0xed, 0xe6, 0xee, 0x7f, 0x08, 0x07, 0x3e, 0xa2, 0x33, 0x09, 0xc2, 0x78, 0x5d, 0x8a, 0xec, 0x1c,
    0x02, 0x00, 0x2f, 0x09, 0xd7, 0x20, 0x09, 0x8c, 0x00, 0x24, 0x38, 0x24, 0xac, 0xec, 0x42, 0x40,
    0x04, 0x04, 0x37, 0xd4, 0xd7, 0x85, 0xe4, 0x0f, 0x1b, 0x07, 0xdc, 0x8d, 0x28, 0xc4, 0x16, 0x24,
    0x30, 0x29, 0x02, 0x3d, 0x00, 0x35, 0x00, 0x67, 0x53, 0xa4, 0x00, 0x99, 0xc0, 0x04, 0xdf, 0x68,
    0xbc, 0x06, 0x61, 0x10, 0x03, 0xae, 0x97, 0x20, 0x41, 0xd8, 0x03, 0x42, 0x03, 0x92, 0xb2, 0xcb,
    0x80, 0x34, 0x80, 0x27, 0x90, 0x2d, 0xd1, 0x00, 0x00, 0x23, 0x80, 0x52, 0x40, 0xea, 0x01, 0x87,
    0x41, 0x25, 0xe2, 0x6b, 0xa4, 0x40, 0x39, 0x68, 0xfe, 0x9f, 0x28, 0x4e, 0xe5, 0x2d, 0x3c, 0xe7,
    0xd2, 0xa0, 0x0b, 0xd9, 0x7d, 0xbc, 0xe7, 0xd1, 0x60, 0x44, 0x82, 0xc8, 0x8a, 0x4e, 0xd3, 0x1a,
    0x50, 0x15, 0x38, 0x71, 0x18, 0xc4, 0x5e, 0x80, 0xc8, 0x91, 0xb6, 0x60, 0x73, 0xf0, 0x06, 0xbc,
    0x38, 0x87, 0xe8, 0xbe, 0xc0, 0x0e, 0xa0, 0x02, 0x01, 0xbf, 0x5b, 0x80, 0x03, 0xc8, 0x05, 0x83,
    0x9e, 0xf9, 0x28, 0xe2, 0x20, 0x0b, 0x07, 0x33, 0x4a, 0x38, 0x07, 0xfa, 0xa4, 0x80, 0x25, 0xb0,
    0x1f, 0x00, 0xaf, 0x20, 0x00, 0x00, 0x23, 0x80, 0x09, 0x80, 0x03, 0x42, 0x01, 0x0e, 0x80, 0x0e,
    0xc4, 0x18, 0xc4, 0x03, 0xcd, 0x81, 0x9f, 0x49, 0xa4, 0x77, 0x29, 0x6b, 0xfe, 0x82, 0xff, 0x88,
    0x9e, 0xcb, 0xe3, 0x10, 0xe3, 0x88, 0x58, 0x0a, 0x0b, 0x28, 0xcc, 0xb4, 0xe6, 0x54, 0x20, 0x2a,
    0x10, 0x93, 0x2d, 0x39, 0x99, 0x41, 0x91, 0xc8, 0xca, 0xa0, 0x2a, 0xcd, 0x46, 0xbc, 0x25, 0x06,
    0x00, 0x5a, 0xb8, 0x5d, 0x40, 0x04, 0x11, 0xce, 0x51, 0x8e, 0x0f, 0x20, 0x10, 0xb5, 0x98, 0xdd,
    0x84, 0x04, 0x40, 0x01, 0xce, 0xc4, 0x05, 0xbc, 0x40, 0x0c, 0x3f, 0x31, 0xcc, 0x0f, 0x2a, 0x00,
    0x5b, 0x02, 0x08, 0xfa, 0x00, 0x20, 0x80, 0x00, 0x2a, 0x00, 0x19, 0x40, 0x08, 0xa0, 0x1a, 0x58,
    0x16, 0xb1, 0x43, 0x84, 0x02, 0x45, 0x79, 0x95, 0xf4, 0x10, 0xad, 0x80, 0x28, 0xa2, 0xc0, 0xcc,
    0x12, 0x15, 0x80, 0x0d, 0x2a, 0x00, 0x77, 0x03, 0xf5, 0xdc, 0x00, 0x73, 0x35, 0x85, 0xc0, 0x2e,
    0xf5, 0x80, 0x29, 0xb9, 0x5f, 0x3c, 0x61, 0x65, 0x44, 0x3b, 0x2b, 0xae, 0xec, 0x8e, 0xbd, 0x04,
    0xdd, 0xbf, 0x62, 0x1b, 0x9b, 0xae, 0x24, 0xdd, 0xbc, 0x4c, 0x87, 0xf7, 0x63, 0x00, 0x0b, 0xfc,
    0xaa, 0x7f, 0x40, 0x80, 0x0a, 0x7f, 0xb1, 0x40, 0x07, 0x9f, 0xea, 0x33, 0x76, 0x48, 0x80, 0x73,
    0xfe, 0x10, 0xb9, 0x00, 0x53, 0x20, 0x08, 0x58, 0x40, 0x00, 0x23, 0x80, 0x91, 0x7c, 0x20, 0x01,
    0xd0, 0x69, 0x96, 0x4e, 0x4c, 0x90, 0x03, 0x9b, 0xf4, 0xbc, 0x3f, 0xca, 0x77, 0x29, 0x6f, 0x3c,
    0x38, 0x79, 0x42, 0x5e, 0xcb, 0xe4, 0xf2, 0xf0, 0x30, 0x60, 0x28, 0x2c, 0x8e, 0x9a, 0x96, 0x56,
    0x60, 0x01, 0x53, 0x83, 0xce, 0xc9, 0xc9, 0xc1, 0x06, 0x44, 0x8a, 0xe6, 0x7a, 0x80, 0x6b, 0xc3,
    0x87, 0x7f, 0xfb, 0x09, 0xd4, 0x00, 0x49, 0xba, 0xea, 0xdd, 0x99, 0xe4, 0x02, 0x70, 0xf8, 0x29,
    0x5a, 0x41, 0x10, 0x05, 0x26, 0xc0, 0x17, 0xf1, 0x00, 0x77, 0xd3, 0xf3, 0x01, 0xc0, 0x04, 0xb6,
    0x0c, 0x0d, 0xd4, 0x00, 0x52, 0x00, 0x32, 0x80, 0x54, 0x21, 0x26, 0x01, 0xb8, 0x82, 0x64, 0x97,
    0x2f, 0x12, 0x40, 0x22, 0x01, 0xdd, 0x07, 0xe9, 0x66, 0x9a, 0x7b, 0x4e, 0xb1, 0x29, 0x93, 0x03,
    0x8a, 0x72, 0xb6, 0x25, 0x68, 0x03, 0x31, 0x60, 0x12, 0x31, 0x00, 0xff, 0xe7, 0x00, 0x90, 0x56,
    0x01, 0xee, 0xf2, 0x80, 0x5c, 0x98, 0x60, 0xfd, 0xd9, 0x3c, 0x09, 0x8c, 0x25, 0xb7, 0x16, 0xb3,
    0x5c, 0x12, 0x80, 0x07, 0xbb, 0x34, 0x6e, 0xc6, 0xcc, 0x00, 0x1e, 0xea, 0xcd, 0x2b, 0x74, 0x60,
    0x1c, 0x31, 0x0f, 0xbb, 0x48, 0x80, 0x72, 0xf8, 0xf9, 0x8e, 0x8f, 0x98, 0x02, 0x59, 0x7a, 0x44,
    0x00, 0x31, 0xc6, 0x00, 0x1c, 0x00, 0x09, 0xc0, 0x03, 0x20, 0x19, 0xc8, 0x04, 0x29, 0x0a, 0x04,
    0x80, 0x3c, 0xb0, 0xff, 0x86, 0x50, 0x47, 0x70, 0x96, 0xf9, 0xa4, 0x1b, 0xaf, 0x22, 0x7b, 0x2f,
    0x91, 0x0f, 0xcc, 0xe6, 0x01, 0x41, 0x65, 0x88, 0xa8, 0xe2, 0x1e, 0x80, 0x2a, 0x11, 0x3b, 0xc0,
    0xb3, 0xba, 0x40, 0x64, 0x72, 0x34, 0x5b, 0x2f, 0x31, 0x01, 0xaf, 0x09, 0x36, 0x21, 0x7b, 0x6c,
    0x07, 0x51, 0x02, 0xaf, 0x83, 0x1a, 0x8e, 0x07, 0x90, 0x0a, 0xa0, 0x5c, 0xc2, 0xc8, 0x04, 0x40,
    0x12, 0xcf, 0x00, 0x2b, 0x28, 0x80, 0x30, 0xe7, 0xaf, 0x30, 0xde, 0x88, 0x01, 0x2c, 0x64, 0x9b,
    0xa8, 0x00, 0xe6, 0x00, 0x23, 0x80, 0x52, 0x40, 0xca, 0x01, 0x87, 0x40, 0xdd, 0x2d, 0xf7, 0xdc,
    0x40, 0x3c, 0x20, 0x22, 0x00, 0x08, 0x1d, 0xc2, 0x5a, 0xa8, 0x75, 0x44, 0x94, 0x0a, 0x1d, 0x63,
    0x21, 0xe7, 0x44, 0xe1, 0x04, 0xd9, 0xce, 0xff, 0xd4, 0x5f, 0xf2, 0x81, 0x15, 0x05, 0x39, 0xe3,
    0x98, 0xa0, 0x05, 0x22, 0x4a, 0x39, 0xc3, 0x9a, 0x00, 0x15, 0xf0, 0xe2, 0x13, 0xe1, 0x32, 0x00,
    0x35, 0x00, 0x09, 0xc4, 0xb8, 0x48, 0x80, 0x06, 0x70, 0x08, 0x6f, 0x42, 0xf4, 0xa0, 0x04, 0x03,
    0x10, 0x32, 0x3f, 0xd9, 0x00, 0x70, 0xe7, 0x61, 0x83, 0xc4, 0xa0, 0x01, 0x6c, 0x72, 0x48, 0x02,
    0x4d, 0x40, 0x00, 0x39, 0x80, 0x15, 0x40, 0x12, 0x30, 0x05, 0xac, 0x4b, 0xfe, 0x53, 0x02, 0xf0,
    0x0e, 0x6d, 0x11, 0x6b, 0x80, 0x63, 0xb7, 0x93, 0xc2, 0x26, 0x0c, 0xea, 0xa1, 0x78, 0x59, 0xe8,
    0x03, 0x43, 0xc9, 0xdc, 0x28, 0x7e, 0x86, 0x79, 0xd3, 0xc8, 0xc1, 0x05, 0x49, 0xe2, 0x0e, 0xeb,
    0x00, 0xda, 0x75, 0x60, 0xcc, 0x04, 0x40, 0x04, 0x24, 0xc5, 0x0b, 0x98, 0x40, 0x11, 0x00, 0x1f,
    0x40, 0x02, 0x77, 0x4a, 0x3c, 0x20, 0x07, 0x60, 0x0b, 0x11, 0x6c, 0x08, 0x02, 0x10, 0x08, 0x87,
    0xea, 0xe8, 0x03, 0xf2, 0xe7, 0xc7, 0x56, 0x47, 0x80, 0x56, 0xaf, 0x4e, 0xa4, 0x1b, 0xec, 0x00,
    0x00, 0x2b, 0x00, 0x42, 0x46, 0xae, 0x20, 0x11, 0xf0, 0x25, 0xd6, 0xc9, 0x10, 0x03, 0xe1, 0xdc,
    0x1c, 0x13, 0x72, 0x3b, 0xa5, 0xb3, 0x19, 0x70, 0xbf, 0x00, 0x17, 0xb3, 0xfb, 0xf0, 0x96, 0x82,
    0x20, 0x85, 0x18, 0x52, 0x8c, 0xae, 0xd4, 0xde, 0x80, 0x46, 0xaa, 0x9a, 0x0b, 0xbb, 0x71, 0x02,
    0x95, 0xe5, 0xdd, 0x59, 0x8b, 0x16, 0x01, 0x5c, 0x1f, 0xce, 0x11, 0xe9, 0x17, 0x50, 0x01, 0x87,
    0x8e, 0xe5, 0x30, 0x01, 0xe4, 0x03, 0xbe, 0x28, 0x03, 0x08, 0x80, 0x3d, 0x14, 0xe0, 0x1f, 0xeb,
    0xaa, 0x76, 0x18, 0x80, 0x1e, 0x42, 0x1c, 0xc4, 0x17, 0x74, 0x00, 0x00, 0x48, 0x80, 0x10, 0x24,
    0x05, 0x00, 0x32, 0x80, 0x13, 0x01, 0xc1, 0x84, 0x02, 0x10, 0x30, 0xfa, 0x73, 0x2c, 0x08, 0x04,
    0xf3, 0xca, 0x6f, 0x31, 0x50, 0xb9, 0x04, 0xf0, 0xfb, 0x97, 0x17, 0x5c, 0x89, 0x00, 0x28, 0x31,
    0x4e, 0xc0, 0xd4, 0xe2, 0x88, 0x60, 0xdb, 0xa8, 0x59, 0xfb, 0x6f, 0x00, 0x0c, 0xa4, 0x4f, 0x38,
    0xb0, 0x2a, 0x80, 0xa6, 0x08, 0xe2, 0x2d, 0xd3, 0x6a, 0x70, 0x9d, 0x00, 0x08, 0xd0, 0x58, 0x19,
    0x18, 0x18, 0x80, 0x02, 0x9b, 0x24, 0x9b, 0x20, 0x20, 0x1a, 0xd4, 0xf1, 0x10, 0x00, 0x77, 0x00,
    0x48, 0x30, 0x17, 0xf9, 0x54, 0x87, 0x00, 0x6a, 0xd8, 0x02, 0xa4, 0x53, 0xbc, 0x40, 0x00, 0xf4,
    0x20, 0x07, 0xd2, 0x60, 0x13, 0x38, 0x07, 0xdf, 0xae, 0x08, 0x2a, 0xcd, 0x90, 0x00, 0xd9, 0xa1,
    0xa7, 0x99, 0xaa, 0x40, 0x22, 0xa1, 0x7f, 0xa0, 0xba, 0x45, 0x00, 0xe8, 0x53, 0x15, 0x00, 0x35,
    0x00, 0x61, 0xc9, 0x03, 0x03, 0x26, 0x20, 0x08, 0x7d, 0xc8, 0x18, 0x10, 0xa0, 0x03, 0x5b, 0x90,
    0x03, 0x8e, 0x80, 0x39, 0x52, 0x00, 0x06, 0xbc, 0x0a, 0x01, 0x15, 0xd8, 0x40, 0xba, 0x0b, 0xec,
    0x80, 0x07, 0x2a, 0x09, 0x8a, 0xe0, 0x71, 0x8c, 0x02, 0xe0, 0xb5, 0x10, 0x00, 0x9a, 0xa8, 0x60,
    0x12, 0xfb, 0x00, 0x72, 0x61, 0x80, 0x00, 0x19, 0x09, 0x80, 0x20, 0xc0, 0x3d, 0xc2, 0x5c, 0x60,
    0xa2, 0x01, 0xd2, 0x86, 0x69, 0xe3, 0x27, 0x55, 0x89, 0x16, 0x20, 0xc9, 0x28, 0x7f, 0xec, 0x87,
    0x4c, 0x05, 0xb3, 0x4a, 0x8f, 0x39, 0x07, 0x00, 0x5d, 0x4f, 0x30, 0xa1, 0x88, 0x80, 0x81, 0xd9,
    0xd2, 0xeb, 0x43, 0x80, 0x1c, 0x0d, 0x2f, 0x32, 0xf7, 0x30, 0x24, 0x13, 0x06, 0xb6, 0xcc, 0x16,
    0x90, 0x21, 0x08, 0x04, 0x2c, 0xaa, 0x20, 0x02, 0x12, 0x38, 0x07, 0xfb, 0xea, 0x6c, 0x40, 0x25,
    0xcc, 0x38, 0x43, 0xb1, 0xbd, 0x80, 0x4b, 0xdc, 0xc5, 0x57, 0x00, 0x2d, 0x8c, 0x12, 0xc8, 0xa3,
    0xd2, 0x00, 0x0e, 0x18, 0x01, 0x1f, 0x8e, 0x00, 0x32, 0x66, 0x77, 0xca, 0x88, 0x06, 0x4e, 0x88,
    0x4c, 0x24, 0x61, 0x44, 0x44, 0x17, 0x85, 0xe0, 0x01, 0x4c, 0xee, 0x2b, 0x00, 0x3c, 0xc0, 0x27,
    0x54, 0xe6, 0x35, 0x0d, 0xec, 0xd0, 0x05, 0x7b, 0x99, 0x10, 0x4f, 0x40, 0x1d, 0xec, 0x88, 0x00,
    0x17, 0x00, 0x3b, 0xb1, 0x07, 0x01, 0x28, 0x10, 0x1f, 0x6e, 0xba, 0xdd, 0x83, 0xc4, 0xc0, 0x22,
    0x89, 0x40, 0x08, 0x5e, 0x28, 0x03, 0x55, 0x00, 0x33, 0x23, 0x21, 0x80, 0x0f, 0xf3, 0xc0, 0x09,
    0x30, 0x31, 0xc2, 0x12, 0xc9, 0x7e, 0x73, 0x44, 0x0a, 0xa6, 0x00, 0xd1, 0x91, 0xa8, 0x01, 0x43,
    0x80, 0x11, 0xf0, 0x1c, 0x00, 0x6f, 0xcc, 0xe6, 0x51, 0x00, 0xed, 0xee, 0xbd, 0xb0, 0xd9, 0xa1,
    0x00, 0x6d, 0xd5, 0x82, 0x1f, 0x72, 0x40, 0x22, 0x8a, 0x04, 0x28, 0xaa, 0x18, 0x80, 0x0a, 0xe0,
    0x3a, 0x92, 0x1e, 0xc0, 0x03, 0xf5, 0x48, 0xb6, 0x33, 0x2b, 0x80, 0x26, 0xe7, 0x74, 0xa1, 0xca,
    0x01, 0xd0, 0x0b, 0x20, 0x02, 0x32, 0x00, 0xce, 0x07, 0xa0, 0x04, 0x65, 0x00, 0xb0, 0xb3, 0x1e,
    0xca, 0xab, 0x91, 0x00, 0x67, 0xe7, 0x7a, 0x44, 0x09, 0xa8, 0x2f, 0x77, 0xaa, 0x86, 0x10, 0x08,
    0xab, 0xec, 0x70, 0x0a, 0xd0, 0x00, 0x39, 0x84, 0x18, 0x02, 0x80, 0x32, 0x64, 0xf6, 0x37, 0x61,
    0x30, 0x06, 0x4c, 0x9e, 0xc9, 0xec, 0x70, 0x88, 0x8c, 0x33, 0xbd, 0x72, 0x1b, 0xd7, 0xfc, 0x8e,
    0x0f, 0x6e, 0x19, 0xa2, 0x91, 0xce, 0x0a, 0x19, 0x38, 0x7f, 0xdc, 0x60, 0x51, 0x01, 0x06, 0x52,
    0xaf, 0xdb, 0x80, 0x11, 0x70, 0x02, 0xc8, 0x8f, 0xa4, 0x20, 0x44, 0x12, 0x05, 0x71, 0xc6, 0x66,
    0x00, 0x14, 0x14, 0x00, 0x92, 0xf2, 0x97, 0x24, 0x18, 0xda, 0x00, 0x10, 0x7b, 0x5c, 0xb2, 0x23,
    0xc2, 0x10, 0x04, 0xde, 0xe5, 0xe1, 0x36, 0x37, 0x20, 0x1d, 0xbe, 0x16, 0x2c, 0x0c, 0x28, 0x09,
    0x4c, 0xda, 0x28, 0x02, 0xa4, 0x00, 0xfa, 0xc4, 0x03, 0xff, 0x20, 0x07, 0xff, 0x29, 0x1c, 0x03,
    0xff, 0x16, 0x00, 0x63, 0x11, 0xc0, 0x1f, 0xdb, 0xdd, 0x58, 0x07, 0xf7, 0x7f, 0xd4, 0x01, 0xff,
    0xed, 0x39, 0xd6, 0x99, 0x82, 0xe6, 0x71, 0x8f, 0xed, 0xff, 0xd3, 0x9f, 0xf8, 0x40, 0x08, 0xbb,
    0xff, 0x48, 0x02, 0xff, 0xf6, 0x2f, 0xfe, 0xd0, 0x01, 0xa2, 0x70, 0x22, 0x70, 0x04, 0x22, 0x00,
    0xff, 0xcf, 0x40, 0x1f, 0xfc, 0x51, 0xee, 0xc8, 0x01, 0xf8, 0x7f, 0xf2, 0x00, 0x7f, 0x08, 0xe0,
    0x0f, 0xfe, 0x91, 0x46, 0xb4, 0x42, 0x82, 0x23, 0x88, 0x3f, 0x2b, 0xfd, 0xd3, 0xff, 0xc0, 0x00,
    0xce, 0xa0, 0x0a, 0x30, 0x0f, 0xdc, 0x60, 0x07, 0x70, 0x07, 0xff, 0x1c, 0xec, 0x03, 0xf1, 0xb0,
    0x01, 0xdc, 0x00, 0xc7, 0x30, 0x03, 0x6f, 0x00, 0x78, 0x79, 0xc2, 0x77, 0x50, 0x01, 0xed, 0x94,
    0x0b, 0xb1, 0x80, 0x7f, 0xc4, 0x01, 0xff, 0xd2, 0x54, 0x00, 0xe1, 0x32, 0x00, 0xdb, 0x82, 0x65,
    0x4f, 0x1c, 0xe3, 0xaa, 0xa4, 0xd5, 0xb7, 0xca, 0xed, 0x58, 0x3f, 0xf2, 0x28, 0x00, 0xf2, 0x40,
    0x07, 0xe1, 0xa0, 0x01, 0x22, 0x63, 0x00, 0xe5, 0x00, 0x8b, 0xfe, 0xa0, 0x0f, 0xe5, 0xbb, 0xa4,
    0x00, 0x2f, 0x20, 0xee, 0xc6, 0x77, 0xe1, 0x0f, 0x07, 0xff, 0x08, 0xbf, 0xf8, 0x06, 0x21, 0x65,
    0x18, 0xb1, 0x0a, 0x08, 0x10, 0x00, 0xf7, 0x80, 0x74, 0x80, 0x62, 0xc5, 0x50, 0x06, 0x97, 0x90,
    0x09, 0x16, 0x00, 0x23, 0xb5, 0xd1, 0x00, 0x9a, 0x00, 0x05, 0xe8, 0x5a, 0x20, 0x18, 0x51, 0xef,
    0x0b, 0x64, 0x40, 0x30, 0xfc, 0x77, 0x3e, 0x8c, 0x03, 0xc3, 0xd9, 0x2a, 0x20, 0x1f, 0x80, 0x00,
    0xf3, 0x30, 0x03, 0xf0, 0xc8, 0x03, 0xbc, 0x8b, 0x00, 0x63, 0x70, 0x09, 0xff, 0xe9, 0x00, 0xfe,
    0x6d, 0xda, 0xc0, 0x02, 0xa8, 0x0a, 0xa2, 0x35, 0x5e, 0x13, 0xfc, 0x4f, 0xf3, 0xb7, 0xff, 0x19,
    0x55, 0x0f, 0x29, 0x55, 0x50, 0x17, 0x44, 0x00, 0x64, 0x70, 0x0c, 0x44, 0xd1, 0x00, 0x3c, 0x78,
    0x80, 0x65, 0x14, 0xd0, 0x00, 0xe1, 0x37, 0x36, 0x8c, 0x7c, 0x50, 0x01, 0x88, 0x1b, 0xb8, 0xd8,
    0x8c, 0x0c, 0x01, 0xc4, 0xd7, 0xb7, 0x20, 0x1e, 0xbe, 0xcc, 0x77, 0xb0, 0x07, 0xd3, 0xfd, 0x4a,
    0x20, 0x1e, 0x00, 0x84, 0x00, 0xcc, 0x00, 0xfc, 0x5e, 0x00, 0xeb, 0xaa, 0xc0, 0x1f, 0xcf, 0x33,
    0x80, 0x05, 0x16, 0x11, 0x04, 0x6b, 0xbd, 0x06, 0x6e, 0xf8, 0xee, 0x5d, 0xbb, 0xaf, 0xe1, 0x10,
    0x7b, 0xfb, 0x78, 0x36, 0x3f, 0x89, 0x00, 0x42, 0x25, 0x00, 0x36, 0x88, 0x07, 0xa5, 0x39, 0x6a,
    0x97, 0x60, 0x0f, 0x46, 0xe8, 0xd1, 0x76, 0x80, 0x3c, 0x33, 0xad, 0xdc, 0xa0, 0x0f, 0xa7, 0xec,
    0x00, 0xfc, 0x60, 0x1c, 0xbc, 0x0e, 0x1e, 0xe4, 0xa6, 0x01, 0x2d, 0x80, 0x5f, 0xe0, 0x09, 0xc0,
    0x23, 0x77, 0xfe, 0xd6, 0x00, 0x00, 0x88, 0x00, 0x8e, 0x01, 0xfd, 0xe2, 0x05, 0x51, 0x13, 0x80,
    0x7f, 0x36, 0x64, 0x80, 0x01, 0x99, 0x1d, 0xce, 0xb6, 0xed, 0x52, 0x41, 0xba, 0xae, 0xdf, 0x94,
    0xf7, 0x0d, 0x31, 0x73, 0x3f, 0x07, 0xb2, 0x18, 0x83, 0x58, 0x8f, 0x83, 0xac, 0x40, 0x25, 0xfa,
    0xab, 0xef, 0x9e, 0x98, 0x00, 0x61, 0x7c, 0x39, 0x45, 0xac, 0xa0, 0x10, 0x8a, 0xc4, 0x0e, 0x51,
    0x15, 0x60, 0x17, 0x79, 0x98, 0x7e, 0x00, 0x0a, 0x4a, 0x40, 0x8b, 0x48, 0x10, 0x38, 0xec, 0x5e,
    0x28, 0xc5, 0x7b, 0xa6, 0xe8, 0x98, 0xc6, 0x34, 0xb0, 0xb9, 0x12, 0xd5, 0x06, 0xec, 0x00, 0x00,
    0x88, 0x00, 0x90, 0x01, 0xfd, 0xe4, 0x02, 0xd9, 0x95, 0x00, 0x7f, 0x2e, 0x65, 0x40, 0x02, 0xdd,
    0x17, 0xec, 0x2e, 0xef, 0x11, 0x33, 0x1d, 0x99, 0x78, 0x7b, 0x5e, 0x10, 0x15, 0xdf, 0x8e, 0x42,
    0x68, 0x41, 0x82, 0x67, 0x93, 0x22, 0xe0, 0x40, 0x07, 0x51, 0x14, 0xe7, 0x9c, 0x38, 0x00, 0xc2,
    0xe5, 0xa6, 0x11, 0x4c, 0x10, 0x00, 0x22, 0xb7, 0x01, 0x82, 0x1e, 0x80, 0x0b, 0x7d, 0x54, 0x06,
    0x24, 0xe2, 0x89, 0x0a, 0x22, 0x00, 0x29, 0x81, 0x12, 0x19, 0x23, 0x9a, 0x5b, 0x04, 0x95, 0x74,
    0xc9, 0x16, 0x40, 0x17, 0x60, 0xb8, 0x03, 0xdf, 0x20, 0x00, 0x08, 0xff, 0xc0, 0x04, 0xfc, 0xcf,
    0xf1, 0x80, 0x17, 0xe5, 0x5f, 0x3a, 0x15, 0xf0, 0xc0, 0x27, 0x35, 0xb1, 0x52, 0x3a, 0x10, 0x0d,
    0xba, 0x3b, 0x6c, 0xc2, 0xd5, 0x00, 0x35, 0x30, 0xeb, 0xf3, 0x00, 0x20, 0x00, 0x22, 0xa4, 0x2d,
    0x48, 0x82, 0x9d, 0x88, 0x18, 0x84, 0xb5, 0x6c, 0x38, 0xcf, 0x18, 0x09, 0xc0, 0x50, 0x00, 0xca,
    0x81, 0xc8, 0x3b, 0x81, 0x68, 0x00, 0xab, 0xb5, 0x00, 0x4a, 0xa0, 0x0e, 0x59, 0x95, 0x80, 0x04,
    0x8a, 0x12, 0x20, 0x88, 0x00, 0x64, 0x28, 0xe9, 0x21, 0x92, 0x44, 0x99, 0xc4, 0xb2, 0xb7, 0x7f,
    0xe3, 0x3d, 0xdf, 0xfc, 0x66, 0xff, 0x3a, 0xff, 0xc1, 0x3f, 0xf1, 0x81, 0x1a, 0x51, 0x14, 0x0e,
    0x45, 0x00, 0x4c, 0x17, 0x32, 0x20, 0x09, 0x9c, 0x00, 0x33, 0x2f, 0xf3, 0x00, 0x51, 0x03, 0x00,
    0x53, 0x34, 0xa4, 0x40, 0xe2, 0xf4, 0x03, 0x1e, 0xd1, 0xaa, 0x00, 0x2e, 0x84, 0x00, 0x74, 0xd7,
    0x8e, 0xc0, 0x05, 0x00, 0xf9, 0x82, 0x04, 0x03, 0x8c, 0x40, 0x03, 0x4e, 0xc0, 0x1e, 0xa7, 0x06,
    0xf2, 0xa0, 0x08, 0x6d, 0x54, 0x8a, 0x5b, 0x52, 0x01, 0xa0, 0x7f, 0xd4, 0x60, 0x02, 0x2e, 0x00,
    0xa4, 0x40, 0x23, 0xfc, 0xc7, 0xf8, 0xf8, 0x1c, 0x03, 0x1e, 0xa5, 0x6e, 0x9c, 0x88, 0x04, 0x50,
    0x04, 0xe2, 0x65, 0xa3, 0xc3, 0xfd, 0x00, 0x03, 0x37, 0x7f, 0x3e, 0x60, 0x77, 0x28, 0x01, 0x51,
    0x74, 0xf0, 0x20, 0x1e, 0x27, 0x20, 0xf3, 0xdb, 0xb0, 0xd5, 0xd9, 0x11, 0x3f, 0x89, 0x51, 0x00,
    0x03, 0x44, 0x15, 0x9e, 0xd0, 0x48, 0xdd, 0xc2, 0xec, 0x62, 0x01, 0x15, 0x01, 0xcf, 0x84, 0xc1,
    0x00, 0x4a, 0xec, 0x9b, 0x06, 0x05, 0x1e, 0x40, 0x97, 0xc3, 0x14, 0xa0, 0x12, 0xd3, 0x8c, 0xd1,
    0x8e, 0x20, 0x07, 0x3a, 0x8e, 0xa0, 0x07, 0xb4, 0x40, 0x20, 0x12, 0x2e, 0x00, 0x51, 0xa8, 0x80,
    0x17, 0xf3, 0x1f, 0xe1, 0x06, 0x72, 0xc3, 0x04, 0xd4, 0xbd, 0xd0, 0x83, 0x83, 0x43, 0x80, 0x4e,
    0x06, 0x4f, 0x2b, 0x5f, 0xd8, 0x00, 0x33, 0x77, 0x2c, 0x71, 0x63, 0xae, 0x00, 0x17, 0x36, 0xbe,
    0xca, 0x7c, 0x8f, 0x44, 0x2c, 0x80, 0x66, 0x8b, 0x66, 0x77, 0xf8, 0xd1, 0xe2, 0x55, 0x3f, 0xd6,
    0xb5, 0x3e, 0x0b, 0x14, 0x4e, 0x2e, 0x88, 0x51, 0xa2, 0x10, 0x11, 0x35, 0x00, 0x42, 0x78, 0x50,
    0x01, 0x43, 0x98, 0x00, 0x5c, 0xda, 0x48, 0x41, 0x96, 0xc0, 0xa3, 0xfb, 0x55, 0x29, 0xca, 0xbc,
    0x41, 0x03, 0x24, 0xee, 0x99, 0xcb, 0x08, 0x00, 0xd0, 0x40, 0x05, 0xee, 0x08, 0x00, 0x85, 0xe4,
    0x09, 0x12, 0x20, 0x08, 0xf3, 0x1d, 0x40, 0xb3, 0xd2, 0xa0, 0x13, 0x33, 0x64, 0xc0, 0x0b, 0x4a,
    0x01, 0xcc, 0xaa, 0x40, 0xee, 0x00, 0x7c, 0x39, 0x83, 0x17, 0x40, 0xfe, 0x31, 0x00, 0x3c, 0xc9,
    0xf6, 0x48, 0x14, 0x28, 0x80, 0x0e, 0xf3, 0x40, 0xb3, 0x13, 0xec, 0xc0, 0x02, 0x01, 0x3c, 0x77,
    0x52, 0x20, 0x13, 0x3b, 0x98, 0xdf, 0xa3, 0x4c, 0xc0, 0x5a, 0xf3, 0x9c, 0x37, 0x64, 0x88, 0x00,
    0x1d, 0x07, 0x3b, 0x82, 0x57, 0x64, 0x40, 0x01, 0x65, 0x94, 0x80, 0x5e, 0x19, 0xe4, 0x80, 0x23,
    0x00, 0x1f, 0xee, 0xa7, 0xc3, 0x08, 0x16, 0x40, 0x07, 0xf4, 0x60, 0x33, 0xc4, 0x00, 0x84, 0x7f,
    0x80, 0x3b, 0x3f, 0x33, 0xbf, 0x00, 0x38, 0xbf, 0x23, 0x77, 0x08, 0x06, 0x21, 0x10, 0x7e, 0x10,
    0x38, 0x07, 0x31, 0x00, 0xd4, 0xd0, 0x0b, 0x80, 0x0a, 0xa0, 0xaa, 0xaf, 0x2a, 0x95, 0xa2, 0x3f,
    0x77, 0x7f, 0xf9, 0x55, 0xe6, 0x2a, 0x18, 0xbf, 0xe7, 0x55, 0x09, 0xa8, 0x80, 0x15, 0xc2, 0xb3,
    0xd0, 0x07, 0xc0, 0x21, 0x18, 0x88, 0x96, 0x04, 0x40, 0x20, 0x01, 0x1f, 0xf7, 0x55, 0x1c, 0x95,
    0x00, 0x03, 0xcc, 0xfb, 0x83, 0x28, 0x03, 0xf5, 0xe6, 0x20, 0x40, 0x3f, 0xab, 0x7d, 0xc0, 0x20,
    0x00, 0x8e, 0x40, 0x3f, 0xf4, 0x12, 0xaf, 0xc8, 0x01, 0x2b, 0x16, 0x67, 0xc6, 0x00, 0x3b, 0x9b,
    0xbf, 0xa1, 0xc0, 0x11, 0x7f, 0xee, 0xfd, 0xee, 0x7c, 0x00, 0x56, 0xad, 0xf9, 0x29, 0x98, 0xa1,
    0x00, 0xc2, 0x44, 0x01, 0x10, 0x03, 0xfc, 0x00, 0x6e, 0xf0, 0xee, 0x52, 0xf7, 0x1e, 0x39, 0x99,
    0xd6, 0xbd, 0xc7, 0x9e, 0xe2, 0xd7, 0x30, 0x03, 0x48, 0x00, 0x64, 0x00, 0x61, 0x00, 0xc4, 0x97,
    0x65, 0xfb, 0xb1, 0x7d, 0x80, 0x4f, 0x31, 0x0d, 0x88, 0x68, 0x44, 0x00, 0x2c, 0x53, 0x39, 0x26,
    0xd8, 0xcc, 0x01, 0x08, 0x06, 0x68, 0xc8, 0x00, 0x80, 0x00, 0x95, 0xc0, 0x3f, 0xf4, 0x72, 0xaf,
    0xe0, 0x09, 0xc0, 0x19, 0x9f, 0x80, 0x07, 0x3f, 0x33, 0xfc, 0x05, 0xb7, 0x9d, 0xdf, 0x40, 0x00,
    0xa9, 0x07, 0xb5, 0x6b, 0xb8, 0xc0, 0x19, 0x08, 0x80, 0x73, 0x0a, 0x00, 0xf0, 0x02, 0xef, 0x1e,
    0x63, 0x86, 0x31, 0xa7, 0x59, 0x31, 0x5f, 0x55, 0x3f, 0x35, 0x27, 0x1c, 0x44, 0x5e, 0x33, 0xfc,
    0x62, 0x22, 0x11, 0x00, 0x1b, 0x6a, 0x9a, 0x31, 0x4b, 0xd2, 0x01, 0x47, 0xf7, 0x53, 0xde, 0x3d,
    0xa0, 0x12, 0x27, 0x37, 0xca, 0x2a, 0x00, 0x7e, 0x2a, 0xdb, 0x00, 0x80, 0x28, 0x00, 0xca, 0xc0,
    0x1c, 0x2c, 0x01, 0xb7, 0x80, 0x3f, 0xfa, 0x15, 0x40, 0x09, 0xde, 0x20, 0x01, 0x5b, 0xc8, 0x00,
    0x7b, 0xa6, 0x04, 0xc3, 0xd3, 0x00, 0x0c, 0xcc, 0x80, 0x0c, 0x80, 0x0f, 0xf2, 0x10, 0x07, 0xff,
    0x0d, 0x00, 0x3f, 0xf4, 0x90, 0x04, 0x6e, 0x80, 0x1c, 0x66, 0x61, 0xdd, 0x73, 0x7a, 0x24, 0xc6,
    0x3a, 0xb3, 0xd2, 0x4c, 0xcf, 0xf6, 0xc8, 0x00, 0x00, 0xfe, 0x48, 0x10, 0x0f, 0x0a, 0x3d, 0xf4,
    0x01, 0x80, 0x51, 0x9d, 0xf3, 0x7d, 0xf9, 0x04, 0x01, 0x67, 0xfb, 0xad, 0x94, 0x40, 0x3c, 0x86,
    0x20, 0x2c, 0xc8, 0xbd, 0xe2, 0x00, 0x35, 0xef, 0xc8, 0xff, 0xbb, 0xf8, 0x80, 0x05, 0xff, 0x43,
    0xcb, 0xa9, 0x00, 0x64, 0x41, 0x00, 0x04, 0xd5, 0xe6, 0xf4, 0x44, 0xf3, 0x7b, 0x0b, 0xff, 0xe1,
    0x0e, 0xed, 0x29, 0x95, 0x0c, 0x84, 0x03, 0x2e, 0xa6, 0x20, 0x1e, 0x95, 0x00, 0xe3, 0x73, 0x22,
    0x8d, 0x04, 0x03, 0x91, 0xfb, 0xfe, 0xe4, 0x40, 0x00, 0xfc, 0x4a, 0xa0, 0x08, 0x95, 0xa2, 0xb3,
    0xb3, 0x88, 0x02, 0xb9, 0xef, 0xf3, 0xcf, 0x5b, 0x80, 0x6a, 0x87, 0x52, 0x00, 0xff, 0xc3, 0xe0,
    0x1f, 0x7a, 0xac, 0x26, 0xab, 0x84, 0x00, 0x9d, 0xd2, 0xab, 0xbb, 0x10, 0x02, 0xef, 0x70, 0x5d,
    0xe3, 0x00, 0xf1, 0x19, 0x80, 0x3f, 0xe4, 0xa0, 0x00, 0x80, 0x61, 0x48, 0x4a, 0x71, 0x09, 0x40,
    0x5b, 0xff, 0x94, 0xde, 0x89, 0x1c, 0x16, 0x3e, 0xdc, 0x42, 0x4b, 0x1c, 0xc0, 0x00, 0xff, 0xcd,
    0xfd, 0xdf, 0x7c, 0x80, 0x13, 0xbb, 0xe8, 0x00, 0xff, 0xe1, 0xa7, 0x77, 0xd0, 0x01, 0x27, 0x74,
    0xcc, 0xee, 0x7c, 0x80, 0x7b, 0x88, 0x03, 0xcb, 0x99, 0x5a, 0x66, 0x68, 0x05, 0xee, 0xc1, 0x3d,
    0xd5, 0x00, 0x08, 0xa3, 0x7c, 0x22, 0xc0, 0x18, 0x8e, 0xdd, 0x00, 0xac, 0x5e, 0x77, 0xd4, 0xa2,
    0x95, 0x02, 0xc3, 0xb9, 0xac, 0x0d, 0x73, 0x1f, 0xb8, 0xe6, 0x01, 0x97, 0x39, 0x00, 0x00, 0x99,
    0x40, 0x3f, 0xf5, 0x99, 0xff, 0x00, 0x4c, 0x1b, 0x11, 0xf8, 0x00, 0x31, 0x0f, 0xff, 0xd6, 0x00,
    0xa7, 0x1d, 0xdf, 0xc0, 0x04, 0x0d, 0x0d, 0xdf, 0x54, 0x80, 0x12, 0xf3, 0xbb, 0xdf, 0xc0, 0x1d,
    0x15, 0x5e, 0x90, 0x0f, 0xfe, 0x09, 0x90, 0x07, 0xfe, 0x10, 0x20, 0x0f, 0xfc, 0x6e, 0x66, 0x00,
    0xff, 0x5f, 0x2a, 0x80, 0x3f, 0xcc, 0xf2, 0x80, 0x1f, 0xe1, 0xce, 0x20, 0x00, 0x9d, 0x40, 0x3f,
    0xf4, 0xea, 0x27, 0xe0, 0x09, 0x8c, 0xbb, 0xbe, 0xd0, 0x01, 0x45, 0xf7, 0x7d, 0x32, 0x01, 0xe7,
    0x2d, 0xdf, 0x94, 0x00, 0x6b, 0xa1, 0xbb, 0xf3, 0x00, 0x0a, 0x3b, 0xbf, 0x58, 0x80, 0x43, 0x1d,
    0x54, 0x84, 0xba, 0x00, 0xf3, 0x4d, 0x17, 0x48, 0x80, 0x98, 0x06, 0x4d, 0x3d, 0x77, 0x00, 0x0c,
    0x40, 0x38, 0x88, 0x8b, 0x00, 0x06, 0x62, 0x18, 0x01, 0xb3, 0x17, 0x89, 0x41, 0x9e, 0x6c, 0x17,
    0x5a, 0xe0, 0x5b, 0xe0, 0xcf, 0x2e, 0x15, 0x86, 0x01, 0x0a, 0x80, 0xef, 0x90, 0x00, 0xf3, 0x30,
    0x03, 0xff, 0x77, 0x80, 0x7f, 0xf2, 0x4c, 0xf0, 0x80, 0x62, 0xd2, 0x00, 0x77, 0x5b, 0x00, 0xe2,
    0x2f, 0x52, 0x00, 0x6e, 0xcb, 0x80, 0x33, 0xab, 0x00, 0x1c, 0x2a, 0x80, 0xac, 0x90, 0x01, 0xe9,
    0x41, 0x03, 0x84, 0x00, 0xf1, 0x34, 0x80, 0x4c, 0xca, 0x00, 0xc3, 0xcc, 0x60, 0x1a, 0xda, 0xc4,
    0x0b, 0x5e, 0x00, 0x38, 0x74, 0x3d, 0x0d, 0x28, 0x02, 0x10, 0x08, 0x6e, 0x14, 0x60, 0x41, 0xbd,
    0xb0, 0x03, 0x30, 0x80, 0x66, 0xdf, 0x50, 0x0f, 0x00, 0xf2, 0xb8, 0x07, 0xe9, 0x30, 0x01, 0x70,
    0x07, 0xec, 0xd7, 0x00, 0xf1, 0x20, 0x04, 0xb9, 0x4a, 0x08, 0x00, 0x1f, 0xd0, 0x0c, 0x58, 0xa0,
    0x46, 0x3a, 0x92, 0x03, 0x99, 0x6b, 0x00, 0xce, 0xa4, 0x80, 0x07, 0xfe, 0x13, 0x07, 0x75, 0xc0,
    0x06, 0x33, 0x09, 0xa0, 0x02, 0xf0, 0x03, 0xe9, 0x61, 0x00, 0x33, 0xb8, 0x03, 0x9d, 0xa4, 0x03,
    0x74, 0xb0, 0x04, 0xf3, 0xc2, 0x01, 0x8a, 0xa2, 0x44, 0xef, 0x4c, 0x01, 0xe0, 0x12, 0x6a, 0xa8,
    0xf0, 0xc3, 0x3d, 0xf0, 0x02, 0x3c, 0x40, 0x0d, 0xba, 0xf5, 0x00, 0xf0, 0x00, 0xd0, 0xe4, 0x01,
    0xff, 0x67, 0x66, 0x18, 0x40, 0x3f, 0x24, 0xf4, 0xd2, 0x00, 0x79, 0x77, 0x7b, 0x14, 0x03, 0xc9,
    0xff, 0x21, 0x80, 0x4b, 0x00, 0x02, 0x30, 0x01, 0x0a, 0x08, 0x2d, 0xe0, 0x1f, 0xfd, 0xaa, 0x00,
    0x97, 0x8d, 0x40, 0x3d, 0xd7, 0x0a, 0x02, 0xb6, 0x60, 0xc0, 0x3a, 0x58, 0x40, 0xe5, 0xc4, 0x03,
    0x95, 0x24, 0x02, 0x77, 0x50, 0x06, 0x5b, 0xd1, 0x00, 0xd4, 0x38, 0x60, 0x77, 0x46, 0x01, 0xc3,
    0x69, 0x86, 0x6f, 0x40, 0x8e, 0x6c, 0x00, 0xa3, 0x8c, 0x04, 0x01, 0x3f, 0xca, 0x01, 0x84, 0x00,
    0x00, 0xf3, 0x30, 0x1c, 0x80, 0x3f, 0xbb, 0x80, 0x3e, 0xe0, 0x01, 0x66, 0xe3, 0x33, 0x02, 0xdb,
    0x08, 0x7f, 0xf3, 0xbb, 0xfc, 0x2b, 0xe0, 0x31, 0x93, 0x32, 0x04, 0xcd, 0xd6, 0x20, 0x09, 0x80,
    0x08, 0xd0, 0x1a, 0x80, 0x21, 0xd5, 0x60, 0x01, 0xc3, 0x5f, 0x90, 0x04, 0x3c, 0x42, 0x68, 0xf7,
    0xe4, 0x01, 0xc6, 0x58, 0xc1, 0x26, 0x20, 0x1c, 0x99, 0x5c, 0xa0, 0x57, 0xa8, 0x00, 0x2b, 0xaa,
    0x61, 0x80, 0x4b, 0x17, 0x02, 0x79, 0xec, 0x00, 0x10, 0x09, 0xb0, 0xc8, 0x5c, 0x43, 0x79, 0xb0,
    0x02, 0x3b, 0x30, 0x0d, 0x98, 0xf4, 0x00, 0xf0, 0x04, 0x50, 0x0f, 0xfc, 0xf3, 0x65, 0xbd, 0xde,
    0xd0, 0x01, 0xe6, 0x0f, 0x79, 0x9f, 0xba, 0xd0, 0x0c, 0xe2, 0x00, 0x3c, 0x00, 0xe3, 0xa3, 0x05,
    0xaa, 0x2f, 0x55, 0x64, 0x3c, 0xd6, 0x7f, 0xd0, 0xef, 0xfc, 0xc0, 0xde, 0x84, 0xa2, 0x8a, 0xbc,
    0x40, 0x01, 0x30, 0x06, 0x34, 0x46, 0x40, 0x0d, 0x84, 0x19, 0x7f, 0xf2, 0x18, 0x04, 0xcc, 0x20,
    0x67, 0x7e, 0x20, 0x00, 0xc4, 0x00, 0x3e, 0x66, 0x00, 0x21, 0x0c, 0x03, 0xc6, 0x70, 0x05, 0x00,
    0x18, 0x7b, 0x98, 0xc0, 0x14, 0x90, 0x06, 0x1e, 0xff, 0x40, 0x00, 0x03, 0x50, 0x0e, 0x47, 0x00,
    0xf4, 0xe1, 0x19, 0x80, 0xb4, 0x03, 0x8f, 0x28, 0xd2, 0x80, 0x38, 0xc0, 0x33, 0x08, 0x06, 0x18,
    0xee, 0x01, 0x49, 0x00, 0x66, 0xa5, 0x0a, 0x00, 0x18, 0xe2, 0x9e, 0x36, 0x2a, 0x43, 0x88, 0x0c,
    0x63, 0xc0, 0x35, 0x78, 0x07, 0xc4, 0x77, 0x80, 0x1c, 0xee, 0x00, 0xda, 0x60, 0x1c, 0xde, 0x40,
    0x13, 0x01, 0x80, 0x71, 0x6c, 0x00, 0x06, 0xe0, 0x03, 0x35, 0x23, 0x4a, 0x84, 0xb2, 0x00, 0x90,
    0x80, 0x42, 0x82, 0x00, 0x80, 0x03, 0xbb, 0xff, 0x9d, 0x00, 0x04, 0x50, 0x0c, 0x54, 0x01, 0xe7,
    0x9b, 0x10, 0x09, 0xc0, 0x3c, 0x79, 0x80, 0x78, 0xb3, 0x88, 0x88, 0x03, 0x38, 0x87, 0x88, 0x7f,
    0x95, 0x80, 0xe8, 0xc0, 0x0e, 0xea, 0x37, 0x73, 0x00, 0x0f, 0x35, 0x80, 0x21, 0x00, 0xf9, 0xbd,
    0xd1, 0x54, 0x86, 0xaa, 0x6c, 0x20, 0x00, 0x81, 0xff, 0xac, 0x63, 0xdc, 0x98, 0x00, 0x3e, 0xf5,
    0x46, 0x50, 0xaa, 0x90, 0x01, 0x2e, 0x00, 0x24, 0x81, 0x60, 0x0c, 0x4d, 0x60, 0x3c, 0xe5, 0xf0,
    0x60, 0x14, 0x39, 0x13, 0x5e, 0x40, 0xe3, 0x54, 0x02, 0x81, 0xf4, 0xb0, 0x09, 0xae, 0xc8, 0x14,
    0x22, 0xd8, 0x00, 0xe5, 0xe4, 0x03, 0x40, 0x0e, 0xb1, 0x00, 0xe7, 0x9b, 0x10, 0x09, 0x40, 0x3c,
    0x9b, 0xa0, 0x11, 0x80, 0xc4, 0x60, 0x0c, 0xcb, 0xd9, 0x81, 0xfc, 0xc7, 0x09, 0x40, 0x80, 0x13,
    0x70, 0x77, 0x61, 0x03, 0x0f, 0x50, 0x10, 0x30, 0x40, 0x01, 0x80, 0xc6, 0xba, 0x50, 0x38, 0xc0,
    0x03, 0x44, 0x00, 0x66, 0x00, 0xb5, 0x00, 0x3f, 0x69, 0x00, 0x17, 0x00, 0x3e, 0x57, 0x20, 0x50,
    0x30, 0x08, 0x40, 0x03, 0x1e, 0x05, 0x70, 0x01, 0xa5, 0x82, 0x5d, 0x0b, 0xd9, 0x40, 0x02, 0x23,
    0x20, 0x18, 0x0e, 0x58, 0x05, 0x0f, 0xf3, 0xa8, 0x49, 0x06, 0x40, 0x00, 0x73, 0xb9, 0x82, 0x04,
    0x50, 0x08, 0xe4, 0x03, 0xe7, 0x9b, 0x20, 0x54, 0x77, 0xc8, 0x00, 0x3c, 0xc1, 0x86, 0x38, 0x05,
    0x66, 0x01, 0x9c, 0x44, 0x90, 0xef, 0x30, 0x81, 0xd1, 0x80, 0x25, 0x08, 0x02, 0x72, 0x03, 0xcd,
    0x66, 0xa0, 0x07, 0x30, 0x0a, 0x00, 0x6f, 0x47, 0x81, 0x32, 0x99, 0x80, 0x30, 0x98, 0xee, 0xbe,
    0x3b, 0x96, 0xe0, 0x1b, 0x0a, 0xd1, 0x17, 0x6e, 0x26, 0x00, 0x99, 0x84, 0x16, 0xac, 0x97, 0xc0,
    0x10, 0xc4, 0x00, 0x03, 0xd3, 0x74, 0x60, 0x14, 0x21, 0x81, 0xbf, 0x2a, 0x4b, 0x90, 0x05, 0x01,
    0x5d, 0xfd, 0x57, 0x3b, 0xa3, 0x09, 0x20, 0xad, 0x83, 0x00, 0x25, 0x79, 0x80, 0x03, 0x40, 0x0e,
    0x65, 0x00, 0xcf, 0x18, 0x60, 0x17, 0x10, 0x06, 0x4c, 0xb0, 0x0f, 0xfc, 0xe7, 0x7b, 0xa6, 0x9d,
    0xd5, 0x94, 0x90, 0x01, 0xa7, 0x91, 0xba, 0x58, 0xfb, 0x18, 0x00, 0xc6, 0x5e, 0x6c, 0x02, 0xf8,
    0xa0, 0x1f, 0xf1, 0x18, 0x03, 0xf5, 0xa7, 0x7c, 0x03, 0x38, 0x02, 0x7d, 0xdb, 0xe4, 0x02, 0x5a,
    0x00, 0x31, 0x0f, 0x93, 0x00, 0x51, 0x00, 0x0f, 0xf3, 0x8a, 0x80, 0x3a, 0xd6, 0xaf, 0x80, 0x1f,
    0xe0, 0x0a, 0x7e, 0x65, 0xf2, 0x00, 0x83, 0x00, 0x62, 0xa2, 0x65, 0xd0, 0x02, 0x50, 0x0c, 0xac,
    0x01, 0xf7, 0x61, 0x80, 0x20, 0xc0, 0x3c, 0x57, 0x2e, 0x0e, 0xca, 0x94, 0x01, 0xe5, 0x42, 0x99,
    0x02, 0x0c, 0x00, 0x0a, 0x48, 0x01, 0xd0, 0x42, 0x5e, 0xc8, 0x06, 0x38, 0xd0, 0x71, 0xff, 0x41,
    0x48, 0x8a, 0x31, 0x6b, 0x3f, 0xdd, 0xb9, 0x8b, 0x10, 0x01, 0x14, 0xb3, 0x11, 0xc8, 0x01, 0xb4,
    0xe8, 0x7f, 0xf2, 0xb0, 0x04, 0xc0, 0x61, 0x4e, 0xf8, 0x40, 0x21, 0x88, 0x00, 0x7f, 0xd0, 0x88,
    0x00, 0x53, 0xbe, 0x10, 0x08, 0xe0, 0x03, 0x7f, 0xe0, 0x0d, 0x44, 0x00, 0xe9, 0x88, 0xd8, 0x80,
    0x02, 0x71, 0x01, 0x22, 0xf0, 0x80, 0x5d, 0xe9, 0x79, 0xff, 0xb2, 0xc0, 0x05, 0x3a, 0xc1, 0x1b,
    0xba, 0x00, 0x38, 0xc8, 0x03, 0xf8, 0xa5, 0x00, 0x3f, 0xe3, 0xf9, 0xa0, 0x07, 0xb3, 0x6c, 0x00,
    0x0b, 0x6c, 0x06, 0x1c, 0x7d, 0x50, 0xf0, 0x03, 0x18, 0xb4, 0x94, 0xda, 0xcb, 0x00, 0x69, 0x90,
    0x33, 0x80, 0x7e, 0x26, 0x90, 0xd3, 0x00, 0xfd, 0x32, 0x11, 0x35, 0x80, 0x67, 0x50, 0x66, 0x39,
    0x6b, 0x98, 0x06, 0xe3, 0x0e, 0x91, 0xf4, 0x90, 0x01, 0xbf, 0x3a, 0x04, 0x20, 0xec, 0x00, 0x49,
    0xdd, 0x10, 0x03, 0x50, 0x0c, 0x32, 0x20, 0x1d, 0x38, 0x40, 0x05, 0x41, 0x00, 0xc7, 0x94, 0x06,
    0x9a, 0xc8, 0x91, 0x00, 0x4c, 0x5d, 0x0a, 0xf1, 0x09, 0x82, 0x92, 0x00, 0xbb, 0x33, 0x58, 0x1f,
    0x62, 0x80, 0x7f, 0x0b, 0xe3, 0x80, 0x7f, 0xc4, 0x60, 0x0d, 0xff, 0xd2, 0x01, 0x0e, 0x08, 0x6f,
    0xfe, 0x90, 0x09, 0x9c, 0x40, 0x3f, 0x86, 0x64, 0x01, 0xfe, 0x95, 0x30, 0x04, 0x4c, 0xea, 0x00,
    0xa0, 0x02, 0xdf, 0xfc, 0xc0, 0x08, 0x30, 0x06, 0x3b, 0x36, 0xaa, 0x03, 0x50, 0x0e, 0x75, 0x00,
    0xf7, 0x61, 0x80, 0x5c, 0x60, 0x1c, 0x77, 0x40, 0x6a, 0xa2, 0xf5, 0x51, 0x80, 0x66, 0x35, 0xff,
    0x32, 0xff, 0x98, 0x0a, 0x8c, 0x00, 0xd5, 0x44, 0xaa, 0x94, 0x0b, 0x35, 0xc0, 0x3f, 0xe6, 0xf5,
    0x3c, 0xc9, 0xef, 0x32, 0x10, 0x00, 0x99, 0x7f, 0xac, 0x3b, 0xfe, 0x10, 0x0a, 0x90, 0xcd, 0x70,
    0x60, 0x66, 0x00, 0x91, 0x94, 0x14, 0x58, 0x3d, 0x40, 0x34, 0x58, 0x0c, 0x70, 0x02, 0x2c, 0x40,
    0x0e, 0x0c, 0x14, 0x71, 0xbd, 0x25, 0x00, 0x0f, 0xf0, 0x03, 0x63, 0xfd, 0xdb, 0xa4, 0x00, 0x41,
    0x80, 0x19, 0x88, 0x40, 0x01, 0xd0, 0x03, 0x40, 0x0e, 0x74, 0x00, 0xf4, 0xd0, 0x80, 0x5a, 0x40,
    0x1c, 0x7b, 0xa0, 0xbb, 0x92, 0xef, 0x18, 0x04, 0xe0, 0x9f, 0xe5, 0x57, 0xf2, 0x91, 0xd1, 0x80,
    0x05, 0x10, 0x3c, 0x84, 0xc2, 0x7b, 0xa5, 0x01, 0x44, 0x0f, 0x21, 0x50, 0x01, 0xf1, 0x00, 0x13,
    0x02, 0x5d, 0x42, 0x01, 0x10, 0x19, 0x43, 0xd5, 0x38, 0x8c, 0x02, 0x3d, 0x11, 0x2b, 0xa0, 0x45,
    0x80, 0x69, 0xb5, 0x50, 0x7c, 0xc9, 0xd8, 0x02, 0x24, 0x6c, 0xf0, 0x36, 0x67, 0x00, 0x68, 0x60,
    0x47, 0x4c, 0x09, 0xb9, 0x20, 0x0a, 0x59, 0x93, 0x2a, 0xb6, 0xc0, 0xc4, 0x0a, 0x17, 0x88, 0x6b,
    0x00, 0x0a, 0x79, 0x00, 0x03, 0x50, 0x0c, 0x34, 0x01, 0xf7, 0x61, 0x80, 0x05, 0xd0, 0x03, 0x8e,
    0xe9, 0xcc, 0xe4, 0x23, 0x38, 0x03, 0x31, 0x77, 0x49, 0x7d, 0xd0, 0x94, 0x90, 0x36, 0x76, 0xed,
    0xf1, 0xa2, 0x7d, 0x8c, 0x0b, 0x00, 0x12, 0x70, 0x00, 0x5f, 0x14, 0x15, 0x40, 0x17, 0xe0, 0x06,
    0x22, 0x00, 0x99, 0x00, 0x14, 0xc0, 0x3a, 0x94, 0x19, 0xc0, 0x04, 0xa0, 0x19, 0x19, 0x40, 0x88,
    0x06, 0x42, 0x01, 0xa2, 0xc0, 0x1d, 0xe0, 0x88, 0x00, 0xce, 0x0f, 0x10, 0xf0, 0x8a, 0x28, 0x82,
    0x07, 0xf8, 0x3f, 0xfa, 0xb7, 0xfc, 0xe0, 0x03, 0x40, 0x0c, 0x52, 0x01, 0xf4, 0x61, 0x80, 0x09,
    0x58, 0x03, 0x8f, 0x28, 0x04, 0x6a, 0xe1, 0x18, 0x03, 0x33, 0xff, 0xd2, 0xdf, 0xf1, 0x12, 0x08,
    0x13, 0xba, 0x59, 0xee, 0x88, 0xc3, 0x18, 0x03, 0xfc, 0x31, 0x8a, 0x01, 0xff, 0x88, 0x81, 0x7d,
    0xc5, 0x9e, 0xe4, 0x80, 0x6a, 0x4a, 0xff, 0x2c, 0xff, 0xa0, 0x02, 0x56, 0x41, 0x18, 0x00, 0x23,
    0x00, 0x51, 0x00, 0x0f, 0xfa, 0x19, 0x51, 0x56, 0x1e, 0x55, 0x88, 0x06, 0x03, 0x3f, 0xe1, 0x3f,
    0xf9, 0xc0, 0x04, 0x50, 0x09, 0x9c, 0xc0, 0x3e, 0x9b, 0x20, 0x40, 0xfd, 0x60, 0x0c, 0x99, 0x83,
    0x02, 0x7c, 0x91, 0x00, 0xf3, 0x8c, 0xee, 0xc0, 0xe0, 0x11, 0xd1, 0x80, 0x23, 0xfc, 0xc2, 0x00,
    0x50, 0x3c, 0xd6, 0x45, 0x60, 0x1c, 0x08, 0x91, 0x06, 0xf4, 0xee, 0x4a, 0x83, 0xc1, 0xe8, 0x80,
    0x04, 0xea, 0x82, 0x80, 0x66, 0xb1, 0x00, 0x87, 0xc4, 0xc4, 0xc2, 0xd8, 0x40, 0x34, 0xb8, 0xc5,
    0x80, 0x0d, 0x6c, 0x02, 0x26, 0xb7, 0x73, 0x00, 0x52, 0xd2, 0x00, 0xb7, 0x1a, 0xe0, 0x00, 0x80,
    0xf2, 0xa0, 0x02, 0xcf, 0x0a, 0x39, 0x5c, 0x0b, 0x10, 0x24, 0x80, 0x42, 0x7f, 0x88, 0x03, 0x02,
    0x20, 0x05, 0x22, 0x00, 0x1a, 0x00, 0x9f, 0x1c, 0x02, 0x80, 0x03, 0x00, 0x65, 0xcb, 0x32, 0xd4,
    0x23, 0x9e, 0x20, 0x08, 0xb0, 0xbe, 0x43, 0x34, 0xe7, 0xc4, 0xa0, 0x80, 0x77, 0x67, 0x9d, 0xd8,
    0x4c, 0x31, 0x80, 0x48, 0x87, 0xe4, 0x41, 0x01, 0x8c, 0x20, 0x8f, 0xf2, 0x37, 0xfa, 0x40, 0x22,
    0x60, 0x9d, 0xd3, 0xce, 0xea, 0x00, 0x23, 0xf1, 0x22, 0x8f, 0xc8, 0xa1, 0x00, 0x4d, 0x37, 0xfc,
    0x8d, 0xff, 0x38, 0x1a, 0x33, 0xee, 0xcf, 0x3b, 0xb3, 0x04, 0x48, 0x80, 0x7f, 0xc6, 0xc0, 0x1f,
    0xfa, 0x04, 0x03, 0xa1, 0x80, 0x30, 0x04, 0x30, 0x09, 0xc5, 0xd4, 0x03, 0xdd, 0x00, 0x52, 0x3c,
    0x40, 0x1c, 0x98, 0x20, 0x86, 0xeb, 0xae, 0xe6, 0x00, 0x86, 0x42, 0x9f, 0xc0, 0x7f, 0xc2, 0x07,
    0x44, 0x0a, 0x35, 0x0b, 0x91, 0x07, 0x03, 0xdc, 0x56, 0x90, 0x0f, 0xe7, 0xc4, 0x9a, 0xee, 0x34,
    0x77, 0x4c, 0x00, 0x20, 0xbf, 0xb5, 0xe9, 0x4f, 0xf3, 0x00, 0x0b, 0x44, 0x46, 0x42, 0x00, 0x11,
    0x00, 0x57, 0x60, 0x07, 0xf0, 0x07, 0xc4, 0xec, 0x04, 0xea, 0x01, 0x96, 0x02, 0x18, 0x4b, 0x98,
    0x80, 0x31, 0x00, 0x52, 0x59, 0x70, 0x00, 0x57, 0xe9, 0xb0, 0xa1, 0x2e, 0x70, 0x08, 0xf7, 0xb8,
    0x60, 0x04, 0x30, 0x01, 0x28, 0x09, 0x80, 0xb0, 0x0e, 0xc0, 0x0c, 0x82, 0xc0, 0x15, 0x02, 0xff,
    0x00, 0x7f, 0xc2, 0xc0, 0x1f, 0xc7, 0x44, 0x0a, 0x80, 0xa0, 0xce, 0x00, 0x3d, 0xc4, 0xf0, 0x04,
    0x0b, 0x5b, 0x00, 0x1f, 0x15, 0xcd, 0xd3, 0x02, 0xa4, 0x02, 0x25, 0x50, 0x8b, 0x44, 0x1d, 0x80,
    0x27, 0x28, 0x23, 0x4c, 0x01, 0x90, 0x0a, 0x94, 0x37, 0xc0, 0x3e, 0x41, 0x30, 0x44, 0x00, 0x7d,
    0x14, 0x0e, 0xa4, 0x01, 0xe1, 0x76, 0x0b, 0x80, 0x03, 0x90, 0x04, 0x36, 0x00, 0xc3, 0x00, 0x1c,
    0x81, 0xe8, 0x03, 0x40, 0x0f, 0x0a, 0xc9, 0x80, 0x1e, 0x6c, 0x9a, 0x6f, 0xbf, 0xdc, 0x01, 0x26,
    0xe0, 0x16, 0x43, 0x32, 0x9c, 0xc0, 0x33, 0x92, 0x29, 0xf8, 0x07, 0x14, 0x08, 0x2d, 0x55, 0x6b,
    0x55, 0x21, 0x87, 0xb3, 0x3f, 0xe6, 0x7f, 0xf9, 0x86, 0x31, 0x4d, 0x56, 0xd2, 0x55, 0x88, 0x00,
    0x44, 0x02, 0x55, 0x69, 0x2a, 0x88, 0x03, 0x61, 0xd4, 0xf8, 0x03, 0xe5, 0x40, 0x26, 0x13, 0x0b,
    0xaa, 0xc8, 0x01, 0x0c, 0x40, 0x03, 0xfe, 0x84, 0x40, 0x03, 0x5d, 0xf1, 0x80, 0x47, 0x00, 0x10,
    0xff, 0xe7, 0x00, 0xa8, 0x80, 0x13, 0x51, 0x1b, 0x1c, 0x00, 0x03, 0x30, 0x07, 0x85, 0x64, 0x80,
    0x0f, 0xd2, 0x2b, 0x15, 0xbf, 0xdc, 0x00, 0x93, 0x04, 0x51, 0xfd, 0x9d, 0x6e, 0x40, 0x10, 0xc0,
    0x01, 0x56, 0x7b, 0xe2, 0x02, 0x81, 0x00, 0xd3, 0x17, 0x9e, 0x40, 0x61, 0xe6, 0x00, 0x30, 0xaa,
    0x00, 0x80, 0x06, 0x34, 0xc0, 0x38, 0xb4, 0xb4, 0x80, 0x06, 0x20, 0x62, 0x00, 0x54, 0xf8, 0x20,
    0x02, 0x58, 0x98, 0x04, 0x25, 0x0a, 0x01, 0x7f, 0x95, 0x80, 0x35, 0xf8, 0x04, 0x6c, 0xb8, 0x60,
    0x10, 0x9a, 0x18, 0x03, 0xec, 0x16, 0xc0, 0xaf, 0x0a, 0x78, 0x81, 0x19, 0x18, 0xc0, 0x6f, 0x59,
    0xd0, 0x42, 0x01, 0x28, 0x01, 0x6c, 0x01, 0x49, 0x80, 0x04, 0x20, 0x0c, 0x32, 0x01, 0xe1, 0xc7,
    0x00, 0x85, 0x50, 0x03, 0x97, 0x36, 0x3b, 0xa3, 0xbe, 0xe8, 0xc0, 0x05, 0x51, 0xda, 0x7b, 0xed,
    0x9c, 0x65, 0x24, 0x00, 0x2e, 0x92, 0x0d, 0xf1, 0x03, 0x1c, 0x53, 0xc3, 0x9d, 0xe8, 0x0b, 0x01,
    0x8d, 0x72, 0xbd, 0xfc, 0xed, 0xc3, 0x10, 0x01, 0x98, 0x4e, 0xcb, 0xc1, 0xa6, 0x42, 0x01, 0x69,
    0x00, 0x7f, 0xcc, 0xe4, 0x3e, 0x01, 0xf8, 0x62, 0x01, 0x66, 0x01, 0xc6, 0x81, 0x08, 0x6c, 0x08,
    0x01, 0x85, 0x88, 0x0e, 0x06, 0xfc, 0x01, 0x20, 0xaa, 0x94, 0x0a, 0x21, 0xd3, 0x00, 0x38, 0x1e,
    0x60, 0x80, 0x03, 0x40, 0x0d, 0x62, 0xa2, 0x01, 0xd1, 0x22, 0x00, 0x53, 0x2c, 0x30, 0x08, 0xf0,
    0x40, 0x23, 0x17, 0x96, 0x20, 0x0d, 0x04, 0xd0, 0x7f, 0xb5, 0x14, 0x07, 0x24, 0x0d, 0xfe, 0x2b,
    0xce, 0xd8, 0x03, 0xec, 0x45, 0x97, 0x50, 0x12, 0x35, 0x10, 0x7c, 0x54, 0x79, 0x49, 0xef, 0x8c,
    0x30, 0x01, 0x01, 0xff, 0xac, 0xfb, 0x64, 0x88, 0x00, 0x3d, 0x78, 0x66, 0x19, 0x1f, 0xf0, 0x05,
    0x36, 0x01, 0x92, 0x76, 0x1c, 0x00, 0x68, 0xc0, 0x12, 0x32, 0x6a, 0xd2, 0x84, 0xb0, 0x9c, 0x6c,
    0x4a, 0x48, 0x1b, 0x00, 0x24, 0x14, 0x7b, 0x16, 0x87, 0xdc, 0xc2, 0x84, 0x1a, 0x4c, 0x00, 0x37,
    0xd8, 0x00, 0x03, 0x40, 0x08, 0x98, 0x09, 0x40, 0x33, 0xcc, 0x84, 0x27, 0x80, 0x10, 0xa0, 0x12,
    0x60, 0x14, 0x04, 0x11, 0x3a, 0xd0, 0x02, 0x19, 0x45, 0xa2, 0xd3, 0x35, 0x48, 0x94, 0x08, 0x2e,
    0x0c, 0x9c, 0x02, 0x60, 0x98, 0x7a, 0x10, 0xc8, 0x60, 0x48, 0x08, 0x0c, 0x6b, 0x04, 0xad, 0x05,
    0x15, 0x08, 0x04, 0x61, 0xa9, 0xe6, 0x47, 0x03, 0xe8, 0x00, 0x15, 0x86, 0xee, 0xde, 0xb4, 0xc0,
    0x09, 0xe5, 0x09, 0xcc, 0xb8, 0x10, 0x80, 0x5a, 0x80, 0x3f, 0xe9, 0x43, 0x00, 0x6b, 0x34, 0xa0,
    0x1d, 0x20, 0x11, 0xf7, 0x60, 0x0d, 0x06, 0x00, 0xab, 0x88, 0xa7, 0x80, 0x00, 0x03, 0x40, 0x0a,
    0x84, 0x03, 0xf4, 0x58, 0xa3, 0x91, 0x9f, 0x00, 0x0f, 0x34, 0x3c, 0x7f, 0xfc, 0x40, 0x13, 0x23,
    0xe6, 0x7c, 0x40, 0xa0, 0x08, 0xbd, 0xdf, 0x30, 0x17, 0x61, 0x68, 0xa6, 0x37, 0xe2, 0x88, 0x15,
    0xd0, 0x03, 0xb8, 0x33, 0x02, 0x30, 0x04, 0xc7, 0xef, 0x1f, 0xab, 0xed, 0x2e, 0x00, 0x58, 0xf3,
    0xcb, 0x6f, 0xf2, 0x5b, 0x80, 0x3b, 0x00, 0x88, 0x9c, 0xe0, 0xee, 0x00, 0x12, 0xa8, 0x87, 0x36,
    0xa9, 0xa7, 0xc2, 0x16, 0xc0, 0x5d, 0x99, 0xb8, 0x70, 0x40, 0x14, 0x00, 0x11, 0x93, 0x36, 0x44,
    0x00, 0x04, 0x30, 0x01, 0x00, 0x19, 0x80, 0x03, 0x00, 0xba, 0x43, 0x94, 0x3b, 0x80, 0xbe, 0x00,
    0x4c, 0x01, 0x88, 0x00, 0x43, 0x10, 0x00, 0x86, 0x45, 0x14, 0x40, 0x07, 0x68, 0x07, 0x44, 0x00,
    0x84, 0xd5, 0x57, 0x53, 0x01, 0xee, 0x28, 0x15, 0xff, 0x73, 0xd7, 0x80, 0x0f, 0xae, 0x00, 0xf7,
    0x7c, 0x60, 0x18, 0xcc, 0x00, 0x3d, 0xdc, 0xc0, 0x18, 0x70, 0x01, 0xd3, 0x3a, 0xc0, 0x34, 0xa0,
    0x02, 0x37, 0x74, 0x80, 0x42, 0xd6, 0x00, 0xbc, 0xcc, 0xc0, 0x14, 0x21, 0x00, 0x0c, 0x47, 0x00,
    0x63, 0x80, 0x0f, 0x2f, 0x36, 0x80, 0x28, 0x80, 0x16, 0x80, 0x05, 0xee, 0x28, 0x00, 0x04, 0x40,
    0x06, 0x1a, 0x10, 0x0f, 0x45, 0x91, 0x46, 0xd2, 0x45, 0x08, 0x26, 0x61, 0xfb, 0xa0, 0x4e, 0xe9,
    0x40, 0x27, 0x5c, 0xcf, 0xc8, 0x70, 0x20, 0x09, 0xee, 0xef, 0x60, 0x20, 0xf3, 0x00, 0x47, 0x76,
    0x50, 0x00, 0xc6, 0x90, 0x07, 0xfe, 0x30, 0x0a, 0x3b, 0xfb, 0x88, 0x01, 0xd8, 0x33, 0xbc, 0xb3,
    0xd8, 0xc0, 0x13, 0xb8, 0x5e, 0x40, 0x22, 0xf1, 0x00, 0x0c, 0xc8, 0xe6, 0x00, 0x22, 0x5b, 0x00,
    0x43, 0x9f, 0xd9, 0x00, 0x69, 0x72, 0x00, 0x40, 0x6a, 0xbf, 0x3a, 0x00, 0xe9, 0x00, 0x04, 0x30,
    0x0f, 0xfc, 0x3d, 0x2d, 0xdd, 0xf6, 0x80, 0x17, 0x3c, 0x1b, 0xbf, 0xbf, 0xd8, 0x01, 0x85, 0x97,
    0x17, 0x41, 0xe8, 0x2c, 0x0a, 0x08, 0x0c, 0x23, 0x81, 0xb2, 0x58, 0x0c, 0x31, 0x11, 0x3c, 0x4e,
    0x4e, 0x2e, 0x03, 0x18, 0xa9, 0x86, 0x14, 0x21, 0x4e, 0x01, 0x10, 0x3f, 0xf7, 0x96, 0x77, 0x34,
    0x02, 0x4b, 0x7e, 0xe1, 0x88, 0xb7, 0xb4, 0x02, 0xff, 0x00, 0x25, 0x0e, 0x38, 0x40, 0x24, 0x65,
    0x09, 0x28, 0x05, 0xac, 0x20, 0x04, 0x40, 0x74, 0xec, 0x02, 0x7a, 0xc1, 0x04, 0x51, 0xfa, 0x00,
    0xe7, 0xc1, 0x08, 0x00, 0x10, 0x05, 0x86, 0x00, 0x20, 0x03, 0x30, 0x00, 0xcf, 0xe1, 0x00, 0x3f,
    0x51, 0x64, 0xcf, 0x6a, 0x80, 0x13, 0x08, 0x06, 0xab, 0x88, 0x03, 0x0c, 0x18, 0xe6, 0x71, 0x00,
    0x06, 0x04, 0x00, 0x39, 0x9c, 0x40, 0x1b, 0xd4, 0x07, 0x77, 0x8c, 0x00, 0x31, 0xae, 0x33, 0xbb,
    0x46, 0xfa, 0x00, 0x46, 0x60, 0x81, 0x00, 0x58, 0x82, 0x80, 0x6d, 0x30, 0xab, 0x50, 0x7d, 0xf1,
    0x00, 0x30, 0x18, 0x7c, 0x38, 0x67, 0x50, 0x80, 0xc4, 0x00, 0x0a, 0x64, 0x16, 0x68, 0x61, 0x08,
    0x81, 0x13, 0xc3, 0x01, 0x8e, 0xa8, 0x02, 0x01, 0x07, 0x39, 0x1f, 0xf1, 0x50, 0x24, 0x81, 0x7a,
    0x98, 0xa7, 0x75, 0x84, 0x03, 0x20, 0x0e, 0xb1, 0x00, 0xe5, 0xc7, 0x5a, 0xa9, 0x2e, 0xa9, 0x00,
    0x06, 0xc1, 0x48, 0x88, 0x66, 0x21, 0x40, 0x11, 0x31, 0xf7, 0x43, 0xfd, 0xc7, 0x03, 0x91, 0x01,
    0xff, 0x86, 0x3f, 0xcc, 0x24, 0x3e, 0x75, 0x59, 0xf6, 0xaa, 0x21, 0x8d, 0x39, 0x00, 0xfa, 0x0c,
    0x00, 0x62, 0x0f, 0xb5, 0x59, 0xc0, 0x32, 0x68, 0x03, 0xe2, 0x30, 0x80, 0x6e, 0xb0, 0x05, 0x5d,
    0xe1, 0x00, 0x89, 0x18, 0x01, 0xb9, 0x98, 0x40, 0x28, 0x61, 0x00, 0x66, 0x70, 0x80, 0x6a, 0x00,
    0xf3, 0xe9, 0x88, 0x02, 0x88, 0x01, 0xe0, 0x13, 0xe6, 0x80, 0x00, 0x04, 0x40, 0x00, 0x91, 0x3c,
    0x20, 0x14, 0xd0, 0xd4, 0x6e, 0xe9, 0x50, 0x02, 0x6e, 0x84, 0x17, 0x77, 0x08, 0x07, 0x38, 0x00,
    0xb3, 0x30, 0x80, 0x0e, 0x8c, 0x02, 0x2d, 0xdc, 0x20, 0x03, 0xcd, 0x40, 0xc2, 0x8d, 0xd9, 0x18,
    0x00, 0xd8, 0x80, 0xac, 0xbb, 0xb9, 0xc0, 0x22, 0x11, 0x6b, 0x86, 0xed, 0x94, 0x01, 0x1e, 0xe8,
    0x76, 0x78, 0x22, 0x02, 0x01, 0x4d, 0xf5, 0x54, 0x34, 0x04, 0x40, 0x01, 0x23, 0x10, 0x2d, 0xba,
    0x21, 0xdc, 0x00, 0x86, 0x10, 0x36, 0xdd, 0x43, 0xe1, 0x80, 0x52, 0x00, 0x4e, 0xdd, 0x37, 0x35,
    0x80, 0x28, 0x40, 0x3d, 0x19, 0xe6, 0x00, 0x03, 0x20, 0x0c, 0x6e, 0x01, 0xe6, 0xf4, 0x35, 0x53,
    0x4b, 0x2a, 0xc4, 0x0b, 0xd8, 0xbd, 0x18, 0xff, 0xd1, 0x82, 0x00, 0x38, 0x6a, 0x1f, 0x9a, 0x6e,
    0x93, 0x33, 0x80, 0x43, 0xba, 0xcd, 0xe3, 0x00, 0x16, 0xd8, 0x24, 0x68, 0x5a, 0x6e, 0x49, 0x8d,
    0x70, 0x03, 0xe2, 0xde, 0xb2, 0xf0, 0x80, 0x0a, 0x08, 0x3e, 0xab, 0x56, 0x28, 0x80, 0x12, 0x00,
    0x5f, 0x76, 0x20, 0x0e, 0xfc, 0x0e, 0x5c, 0xcb, 0x40, 0x32, 0x3a, 0x02, 0x06, 0xed, 0x80, 0x1a,
    0x24, 0x19, 0x93, 0x3b, 0xc0, 0x32, 0x28, 0xdc, 0x00, 0x7f, 0x40, 0x0e, 0x98, 0x06, 0x4b, 0x00,
    0x04, 0x50, 0x0e, 0x66, 0x00, 0x73, 0xcd, 0x89, 0xb8, 0x77, 0x91, 0x40, 0x03, 0xcc, 0x03, 0xe0,
    0x01, 0x3b, 0x96, 0x01, 0x9c, 0x40, 0x35, 0x66, 0x24, 0x0e, 0x8c, 0x1f, 0x9a, 0x12, 0xe2, 0x24,
    0x3c, 0xd6, 0x2c, 0xbe, 0x76, 0xee, 0x9c, 0x1b, 0xdd, 0x5e, 0x9c, 0xf5, 0x29, 0xcc, 0x00, 0x20,
    0x0b, 0xb0, 0x80, 0x0a, 0xe8, 0x02, 0x2c, 0x71, 0x70, 0x0d, 0xe0, 0x60, 0x0b, 0x56, 0xa2, 0xe5,
    0x38, 0x3b, 0x30, 0x27, 0x91, 0x11, 0x76, 0x6a, 0xd0, 0x05, 0x2c, 0x20, 0x03, 0x8f, 0x0c, 0x10,
    0x08, 0x64, 0x0f, 0xbc, 0x32, 0x44, 0x03, 0x50, 0x81, 0xfe, 0x41, 0x00, 0x70, 0x04, 0x40, 0x07,
    0x99, 0x1c, 0x40, 0x29, 0xa0, 0x0e, 0xf2, 0x1d, 0x10, 0x4c, 0xf5, 0x88, 0xcb, 0xbc, 0xc6, 0x00,
    0x15, 0xf1, 0xee, 0x9c, 0x3b, 0x00, 0xe8, 0xc0, 0x18, 0x23, 0x19, 0x98, 0x88, 0x79, 0xa6, 0x00,
    0x22, 0xb8, 0x4a, 0x40, 0x0d, 0xe6, 0x03, 0xbb, 0x19, 0x22, 0x00, 0x23, 0x01, 0x03, 0xc3, 0x17,
    0xaa, 0x00, 0x56, 0xce, 0xe1, 0x41, 0x63, 0x03, 0x00, 0x0b, 0xb8, 0x88, 0xf2, 0xe0, 0x32, 0x20,
    0x07, 0x42, 0x20, 0x36, 0xcd, 0x81, 0x12, 0x02, 0xfa, 0xd0, 0x69, 0x34, 0xaa, 0x97, 0xc2, 0x89,
    0x50, 0x0b, 0x85, 0xa3, 0xb2, 0x0c, 0x86, 0x10, 0x01, 0xe4, 0x01, 0x5e, 0x40, 0x03, 0x40, 0x0e,
    0x65, 0x00, 0xe7, 0x99, 0x12, 0xad, 0xf2, 0xab, 0x10, 0x26, 0x73, 0xc6, 0xe0, 0x26, 0x63, 0x44,
    0x00, 0x2e, 0x0f, 0x05, 0x51, 0x45, 0x06, 0x6a, 0x30, 0x03, 0xea, 0x76, 0xe9, 0x34, 0x8f, 0x35,
    0x41, 0xf5, 0x3b, 0x74, 0x9a, 0x40, 0xd8, 0x80, 0x1b, 0xef, 0xc0, 0x38, 0x84, 0xcc, 0x31, 0xf1,
    0xf0, 0x01, 0x9a, 0x7b, 0x95, 0x9f, 0xf6, 0xb8, 0x05, 0x7a, 0x44, 0xb5, 0xac, 0x83, 0x60, 0x02,
    0x82, 0x21, 0xc2, 0xea, 0x65, 0xc2, 0x00, 0x9b, 0x42, 0x20, 0xb8, 0x20, 0x28, 0x80, 0xb3, 0x36,
    0x5b, 0x3f, 0xdb, 0xd9, 0xe6, 0x34, 0x12, 0xad, 0xb2, 0x60, 0x75, 0xc6, 0x03, 0x50, 0x01, 0x17,
    0xc0, 0x1b, 0xb0, 0xa7, 0xa6, 0x76, 0x88, 0x00, 0xee, 0x80, 0x1f, 0x77, 0x80, 0x3c, 0xc4, 0x1d,
    0xbb, 0x80, 0x22, 0x92, 0x00, 0xbb, 0x77, 0x00, 0x47, 0xd8, 0xa0, 0x08, 0xaa, 0xc0, 0x10, 0xbe,
    0x38, 0x4c, 0x4c, 0xec, 0x10, 0x08, 0x8c, 0xae, 0xab, 0xca, 0x01, 0x0e, 0x32, 0xe2, 0x62, 0xf9,
    0xe8, 0x05, 0x28, 0xee, 0x51, 0x57, 0x4d, 0x00, 0x89, 0xac, 0x03, 0xfe, 0x86, 0x35, 0x73, 0x13,
    0x77, 0x70, 0x90, 0x1c, 0xae, 0xbc, 0x34, 0x3f, 0x11, 0x1c, 0x04, 0x40, 0x05, 0x26, 0x00, 0xb0,
    0x0e, 0x9a, 0x11, 0x2b, 0x08, 0x90, 0x44, 0x00, 0x4c, 0xd8, 0xc3, 0xbc, 0xc0, 0x66, 0x08, 0x00,
    0x2f, 0x3a, 0x75, 0xba, 0x0d, 0xd1, 0x1d, 0x19, 0x44, 0x07, 0x62, 0x01, 0x10, 0x43, 0xdd, 0x3f,
    0xf8, 0xc7, 0xfc, 0x21, 0xe0, 0x07, 0xc5, 0x71, 0x2a, 0x55, 0x31, 0x3a, 0x00, 0x08, 0x52, 0x0e,
    0x66, 0x67, 0x90, 0x08, 0xf2, 0xa8, 0x37, 0x71, 0x71, 0x38, 0x02, 0x6b, 0xd4, 0x73, 0x22, 0x1b,
    0x70, 0x24, 0x61, 0x01, 0xcc, 0xb8, 0x0c, 0x01, 0x0c, 0x20, 0x1f, 0x25, 0x00, 0x52, 0x00, 0x14,
    0xee, 0xd1, 0xa0, 0x04, 0x30, 0x01, 0x20, 0x00, 0xcf, 0x00, 0x07, 0xa0, 0x1f, 0x80, 0x1b, 0x10,
    0xc0, 0x02, 0xe6, 0x80, 0x7a, 0xac, 0x40, 0x21, 0x0d, 0x84, 0xd7, 0x00, 0xe2, 0xa3, 0x4f, 0xb4,
    0xf6, 0x0f, 0xd1, 0x02, 0xcd, 0x22, 0x18, 0x10, 0x87, 0xe0, 0x80, 0x1b, 0xcd, 0x75, 0x94, 0x40,
    0x02, 0x01, 0x84, 0x2c, 0x56, 0xcc, 0x26, 0x04, 0x02, 0x76, 0x09, 0x91, 0x00, 0x3f, 0xc0, 0x1a,
    0x94, 0x03, 0x31, 0x3b, 0x84, 0x00, 0x82, 0x61, 0x54, 0x2d, 0x40, 0x0e, 0xfa, 0x00, 0x4c, 0xa9,
    0x2c, 0x03, 0x08, 0x38, 0x59, 0x98, 0x5c, 0xdf, 0x54, 0x06, 0xc4, 0x14, 0x00, 0xb4, 0x0f, 0xb6,
    0x00, 0x04, 0x30, 0x00, 0x8f, 0xe0, 0x0b, 0xa1, 0x3b, 0x33, 0xe4, 0x04, 0xcf, 0x04, 0xdd, 0x60,
    0xe6, 0xe9, 0x00, 0x02, 0xe0, 0x03, 0x78, 0x26, 0x76, 0x03, 0x92, 0x00, 0x93, 0x72, 0xc8, 0x28,
    0x0f, 0xb1, 0x00, 0x21, 0x22, 0xb8, 0x02, 0x7c, 0x41, 0x10, 0x09, 0x15, 0xc0, 0x18, 0x80, 0xcc,
    0x02, 0x45, 0x70, 0x06, 0x59, 0xee, 0x2f, 0x14, 0x8e, 0x40, 0x05, 0x38, 0x64, 0x1e, 0xa0, 0xfe,
    0x01, 0x20, 0xa2, 0xa4, 0x60, 0x05, 0xd2, 0x00, 0xfa, 0x74, 0x40, 0xb0, 0x04, 0x8c, 0xa2, 0x26,
    0xd9, 0x5a, 0x5c, 0x01, 0x0b, 0x51, 0xa1, 0xb3, 0x01, 0x5d, 0xe0, 0x0c, 0x01, 0x82, 0x01, 0xa0,
    0x63, 0x00, 0xf7, 0xf8, 0xa0, 0x53, 0xe1, 0x10, 0x60, 0x03, 0x7c, 0x76, 0x2d, 0x27, 0xdd, 0x28,
    0x17, 0x5b, 0xd8, 0x7f, 0x85, 0xff, 0xce, 0x05, 0x9e, 0xfa, 0x06, 0x70, 0x19, 0x80, 0x32, 0x59,
    0x07, 0xf9, 0x5b, 0xfc, 0x40, 0x15, 0x18, 0x84, 0x5d, 0x92, 0xec, 0x60, 0x0a, 0x19, 0x00, 0x7e,
    0x4b, 0xe6, 0x40, 0x0c, 0xa0, 0x03, 0x5c, 0x77, 0x37, 0x58, 0x05, 0xf1, 0x32, 0x0a, 0x99, 0xf1,
    0x9b, 0xff, 0x9d, 0xbf, 0xf8, 0x44, 0xcd, 0xc4, 0x46, 0x6e, 0x20, 0x0f, 0xfe, 0x44, 0x48, 0x07,
    0x80, 0x04, 0x40, 0x04, 0xcc, 0x01, 0xa0, 0x0e, 0x9a, 0x5a, 0xa5, 0xd5, 0xa5, 0x50, 0x00, 0x9b,
    0xa4, 0x84, 0x44, 0x70, 0x44, 0x00, 0x33, 0x87, 0x2b, 0xf4, 0x0f, 0x50, 0x1d, 0x98, 0x17, 0xa2,
    0x3e, 0x47, 0xec, 0x4f, 0x74, 0xb5, 0x26, 0x1b, 0xc9, 0x32, 0x50, 0x6f, 0x59, 0xd3, 0x30, 0x09,
    0x9a, 0x50, 0x00, 0x22, 0x0b, 0xca, 0x3f, 0xa2, 0x60, 0x08, 0xb0, 0x01, 0x3e, 0x73, 0xea, 0x01,
    0xad, 0x40, 0x1d, 0x85, 0xd8, 0x80, 0x11, 0x3d, 0xe9, 0xfe, 0x8f, 0xea, 0x5b, 0x04, 0x39, 0xe9,
    0xfe, 0xee, 0x4b, 0x60, 0x05, 0x80, 0x79, 0x6d, 0x18, 0x01, 0x44, 0x00, 0xd2, 0x00, 0x2d, 0x71,
    0x80, 0x02, 0x20, 0x04, 0xac, 0x05, 0x20, 0x19, 0xf1, 0xa2, 0x65, 0x53, 0x0f, 0x32, 0x20, 0x5c,
    0xeb, 0xd5, 0x6d, 0xc3, 0xdd, 0x18, 0x00, 0xa0, 0x1f, 0xf1, 0xca, 0x9d, 0xc0, 0x2c, 0x00, 0xa9,
    0xc8, 0x98, 0xb9, 0x91, 0x06, 0x69, 0x4d, 0xd8, 0xee, 0xf8, 0xc6, 0xa4, 0xa3, 0xf0, 0xb2, 0x65,
    0x9e, 0x01, 0x20, 0x84, 0xe1, 0xeb, 0x56, 0x00, 0x64, 0xa0, 0x02, 0x91, 0x0f, 0x80, 0x3b, 0xf4,
    0x01, 0xcd, 0x6e, 0x28, 0x01, 0x1a, 0xb8, 0x68, 0xc0, 0x54, 0x00, 0x6f, 0x91, 0x0d, 0xa0, 0xd6,
    0x34, 0x00, 0x91, 0x80, 0x21, 0x04, 0x07, 0xa5, 0x00, 0x40, 0x84, 0x38, 0x06, 0x7b, 0xb0, 0x00,
    0x05, 0x10, 0x0a, 0xc4, 0x01, 0x44, 0x01, 0x17, 0xab, 0xb9, 0x59, 0xdc, 0x94, 0xe6, 0x0f, 0xa2,
    0x01, 0x78, 0x04, 0x20, 0x18, 0xd1, 0xdc, 0x1a, 0x44, 0x0b, 0x73, 0x47, 0x10, 0x09, 0xb2, 0xb1,
    0xcc, 0x00, 0xbd, 0x80, 0x8d, 0xde, 0x3f, 0xe7, 0x60, 0x19, 0xe0, 0xff, 0x08, 0x83, 0xb8, 0x30,
    0x01, 0x18, 0x85, 0x73, 0x85, 0x03, 0x80, 0x65, 0x90, 0x01, 0x90, 0x12, 0x08, 0x06, 0x9b, 0x07,
    0x6a, 0x03, 0x76, 0x00, 0x95, 0xcc, 0x3f, 0xc6, 0x13, 0x5a, 0x01, 0x47, 0x80, 0x3c, 0xec, 0x2c,
    0x68, 0x00, 0x2a, 0x80, 0x07, 0x00, 0x18, 0xa5, 0x90, 0x0c, 0x00, 0x28, 0xc0, 0x1a, 0x09, 0x58,
    0x00, 0x04, 0x40, 0x05, 0x06, 0x00, 0xc0, 0x0e, 0x9a, 0x9b, 0x6f, 0xbb, 0x1d, 0xd8, 0xc1, 0x37,
    0x51, 0x2b, 0x33, 0x04, 0xc8, 0xc0, 0x27, 0x12, 0x3e, 0xce, 0x32, 0x20, 0x1d, 0x18, 0x02, 0x00,
    0xc1, 0x52, 0x10, 0x0f, 0x35, 0x05, 0xae, 0xc7, 0x96, 0x38, 0x00, 0x6c, 0x40, 0x05, 0x50, 0xfe,
    0x94, 0x03, 0x10, 0x8b, 0x6a, 0x87, 0xf5, 0xf4, 0x01, 0x16, 0x97, 0xfc, 0x53, 0xfe, 0xa0, 0x0a,
    0xd0, 0x62, 0x12, 0x11, 0x16, 0x08, 0x13, 0xca, 0x66, 0x2c, 0xef, 0x73, 0x04, 0x10, 0xe2, 0xf6,
    0x6b, 0xb0, 0xb9, 0x06, 0x00, 0x80, 0xbf, 0xdb, 0x17, 0x8f, 0xe4, 0x0a, 0x10, 0xbc, 0x60, 0x09,
    0x2f, 0xd0, 0x04, 0x10, 0x01, 0xb8, 0x07, 0x20, 0x00, 0xb0, 0xd5, 0x31, 0x4d, 0x27, 0x78, 0x81,
    0xa5, 0xf7, 0x4f, 0xad, 0xd9, 0xb4, 0x40, 0x04, 0x45, 0xe3, 0xda, 0x03, 0x00, 0x44, 0xc0, 0x3d,
    0xc0, 0x97, 0x05, 0x44, 0x11, 0xe4, 0x83, 0x61, 0xe8, 0x03, 0x23, 0xd8, 0x6a, 0x80, 0xda, 0x98,
    0x00, 0x9b, 0xd4, 0x00, 0x18, 0x35, 0x26, 0x80, 0x7e, 0x75, 0x18, 0x5c, 0x21, 0x10, 0x07, 0x53,
    0x47, 0x3c, 0x2b, 0x10, 0x06, 0x47, 0x69, 0x93, 0xcc, 0x08, 0x07, 0x7c, 0xa5, 0xc2, 0x5f, 0x20,
    0x07, 0x11, 0x80, 0x7a, 0x80, 0x3a, 0x40, 0x24, 0x80, 0x72, 0x06, 0x70, 0x03, 0x30, 0x06, 0xa0,
    0x64, 0x00, 0xcd, 0xd0, 0x5b, 0x69, 0x76, 0x8b, 0xc0, 0x02, 0xe7, 0x80, 0xc1, 0xc2, 0x23, 0xc4,
    0x02, 0x17, 0x01, 0x43, 0x42, 0x26, 0x00, 0x0e, 0x04, 0x02, 0xf0, 0xf0, 0x0e, 0x20, 0xc1, 0x38,
    0xdb, 0xde, 0xfd, 0x90, 0x18, 0xe1, 0x78, 0xee, 0xf7, 0x98, 0x00, 0xc4, 0x17, 0x08, 0xbb, 0xcc,
    0x00, 0x74, 0x02, 0x7b, 0xbc, 0xe2, 0x00, 0x9e, 0xe2, 0xc4, 0x3e, 0xbb, 0x9e, 0xa0, 0x6e, 0xa7,
    0x17, 0x72, 0xe0, 0x2a, 0x04, 0x40, 0x95, 0x03, 0xd7, 0xa8, 0x20, 0x00, 0x6b, 0x52, 0x16, 0x9a,
    0xd9, 0xb8, 0x81, 0x01, 0x0e, 0x1b, 0x90, 0x60, 0xfa, 0x80, 0x06, 0x00, 0xe3, 0x90, 0x0f, 0x0d,
    0x8b, 0x34, 0x8e, 0xcd, 0x84, 0x1f, 0x54, 0x46, 0xc9, 0xa1, 0x18, 0x02, 0x64, 0x11, 0x88, 0x2c,
    0xb4, 0x84, 0xd8, 0x00, 0x39, 0xb7, 0x64, 0xf0, 0x40, 0x2f, 0xb1, 0xfe, 0x13, 0x07, 0xdf, 0x60,
    0x19, 0x85, 0x22, 0x00, 0x81, 0x59, 0xf0, 0x80, 0x0d, 0x2a, 0xa0, 0xd6, 0xed, 0x91, 0x00, 0x50,
    0x81, 0x6e, 0xb3, 0x7d, 0x80, 0x22, 0x61, 0x01, 0xdd, 0xde, 0x01, 0xaa, 0xc0, 0xc3, 0x77, 0x78,
    0x04, 0x2a, 0xc1, 0x4f, 0xbb, 0xbc, 0x02, 0x3a, 0x15, 0x54, 0x80, 0x7e, 0x27, 0x05, 0xc1, 0x00,
    0xc5, 0xe0, 0x00, 0x06, 0x00, 0x29, 0x01, 0xa0, 0x01, 0x80, 0x2f, 0xc2, 0xf1, 0x34, 0x85, 0x51,
    0xa0, 0x02, 0x69, 0x46, 0x07, 0xd0, 0xe6, 0x42, 0x01, 0x33, 0x96, 0x88, 0x00, 0xfd, 0x48, 0x0e,
    0x45, 0x8f, 0x93, 0xfc, 0x12, 0x3c, 0x46, 0x38, 0x5f, 0xc3, 0x7f, 0x9b, 0xc2, 0x41, 0x1f, 0xac,
    0x23, 0x8f, 0xfd, 0xa6, 0x00, 0x2b, 0x6f, 0x0a, 0xe2, 0x10, 0x43, 0x00, 0x50, 0xbe, 0x19, 0xd9,
    0xa8, 0x60, 0x01, 0x42, 0x78, 0xdd, 0xe4, 0x30, 0x03, 0xa0, 0xe0, 0x99, 0xf9, 0x80, 0x17, 0xc1,
    0x3b, 0x55, 0xc4, 0x00, 0x17, 0x40, 0x0e, 0x7b, 0xa5, 0x60, 0x1a, 0x00, 0xf3, 0xd5, 0xe8, 0x80,
    0x00, 0xf2, 0xa8, 0x03, 0xff, 0x66, 0x80, 0x7f, 0xf2, 0x8a, 0x80, 0x07, 0xe0, 0x13, 0xb8, 0x02,
    0x50, 0x08, 0x44, 0x01, 0x49, 0x80, 0x55, 0xc0, 0x06, 0x30, 0x03, 0x12, 0x00, 0x1c, 0x50, 0x04,
    0xb0, 0x06, 0xfc, 0x02, 0x4e, 0x00, 0x20, 0xb8, 0x0c, 0x98, 0x04, 0x64, 0x00, 0xe6, 0x47, 0x04,
    0x00, 0xf9, 0x55, 0x31, 0x26, 0x01, 0xf2, 0x5d, 0x84, 0xaf, 0x50, 0x03, 0x0c, 0xd5, 0xa8, 0x01,
    0x6e, 0xa8, 0x60, 0x38, 0x78, 0xa0, 0x19, 0x70, 0xf8, 0xc7, 0x68, 0x80, 0x3c, 0x53, 0xa6, 0x00,
    0x0c, 0x88, 0x0c, 0x88, 0x02, 0x48, 0x02, 0xb0, 0x10, 0xa1, 0x10, 0x51, 0x90, 0x01, 0xc6, 0x42,
    0x42, 0x02, 0x46, 0x80, 0x24, 0x63, 0x0b, 0x64, 0x0d, 0x63, 0x00, 0x8e, 0x74, 0x89, 0xd4, 0x69,
    0x3a, 0x60, 0x12, 0x58, 0x01, 0xe0, 0x81, 0x2d, 0xc0, 0x36, 0x90, 0x78, 0x88, 0x00, 0x4e, 0x01,
    0x2a, 0x00, 0x17, 0x40, 0x09, 0x24, 0x00, 0x3b, 0xf0, 0x21, 0x41, 0x14, 0xd0, 0x80, 0x1a, 0xcc,
    0x2d, 0x51, 0x8e, 0x10, 0x02, 0x55, 0x03, 0xba, 0x21, 0x2e, 0xa0, 0x18, 0x57, 0x2b, 0x48, 0x95,
    0x74, 0x80, 0x02, 0xe9, 0xad, 0x30, 0x02, 0x79, 0x4f, 0xa1, 0x76, 0x30, 0x07, 0x0c, 0x6f, 0x20,
    0x00, 0xf3, 0xa8, 0x07, 0xfe, 0xec, 0x44, 0xc6, 0x01, 0xf9, 0x3f, 0xf5, 0x80, 0x7e, 0xbb, 0xe8,
    0x00, 0x96, 0x22, 0x5d, 0x88, 0x94, 0x03, 0x79, 0x7f, 0xaf, 0x3f, 0xc5, 0xe0, 0x1d, 0xee, 0xfe,
    0xf0, 0x0f, 0xfe, 0x45, 0x7f, 0xfa, 0x80, 0x3a, 0xff, 0xff, 0x58, 0x06, 0xc4, 0x2b, 0x02, 0xc0,
    0x3c, 0x10, 0x03, 0xb2, 0x1a, 0x01, 0x02, 0x1a, 0xd8, 0x15, 0x48, 0x08, 0xc1, 0x64, 0x12, 0xc2,
    0x5a, 0x40, 0x0e, 0x10, 0x76, 0x01, 0xc1, 0x00, 0xa0, 0x40, 0x14, 0x20, 0x1f, 0xbf, 0x41, 0x58,
    0x40, 0x3c, 0xaa, 0x10, 0x69, 0x65, 0x58, 0x03, 0x6e, 0x7a, 0xe9, 0x1e, 0x7c, 0x00, 0x68, 0x99,
    0x82, 0x66, 0xf7, 0x00, 0xf9, 0x92, 0xb3, 0x16, 0x98, 0x01, 0xc7, 0x19, 0x8d, 0xd7, 0xe8, 0x07,
    0x1e, 0xbb, 0x95, 0x75, 0xba, 0x00, 0x13, 0x50, 0x37, 0x78, 0x45, 0x60, 0xb3, 0x79, 0x1b, 0x3f,
    0x27, 0x10, 0x10, 0x5c, 0x3f, 0x09, 0x0a, 0x2c, 0x96, 0x20, 0x00, 0xdd, 0x09, 0x82, 0x3b, 0x4e,
    0x28, 0x01, 0x50, 0xc2, 0x02, 0x16, 0xb5, 0xa8, 0x00, 0xb2, 0x00, 0x60, 0x0a, 0xfb, 0xcc, 0x00,
    0x00, 0x9d, 0x00, 0x3f, 0xe3, 0x90, 0x22, 0xfc, 0x00, 0x1e, 0x08, 0xce, 0xfc, 0xec, 0xfb, 0x02,
    0xd1, 0x4c, 0x2e, 0x94, 0xc4, 0x99, 0x01, 0x4c, 0x00, 0x7f, 0xef, 0x94, 0xd3, 0xf9, 0x4d, 0x49,
    0xa0, 0x05, 0xd9, 0x3c, 0xe6, 0x13, 0xd6, 0xec, 0x00, 0x12, 0x02, 0x06, 0x10, 0x21, 0x21, 0x02,
    0x7e, 0x67, 0x1a, 0xd6, 0x77, 0x73, 0x89, 0x86, 0xd8, 0x57, 0xf5, 0x85, 0x68, 0x00, 0x5f, 0x15,
    0xbd, 0xd7, 0x9d, 0x2d, 0x84, 0x19, 0xc8, 0x58, 0x09, 0x0c, 0xcb, 0x60, 0x57, 0xc0, 0x03, 0x10,
    0x45, 0x08, 0x43, 0x2d, 0x20, 0x06, 0x88, 0x4b, 0x00, 0xf9, 0x80, 0x00, 0x9d, 0x40, 0x33, 0x1a,
    0x00, 0x74, 0xfc, 0x38, 0x86, 0xb4, 0x28, 0x04, 0xeb, 0xfd, 0x00, 0x10, 0xf6, 0x00, 0x0a, 0x70,
    0xcc, 0x9b, 0x8b, 0x3c, 0xa4, 0x3f, 0x6d, 0xd5, 0xdf, 0xe3, 0x4f, 0xf1, 0x95, 0xe3, 0xe9, 0x29,
    0x89, 0x10, 0xcc, 0x26, 0xd1, 0x95, 0xc0, 0x0b, 0x66, 0x18, 0x06, 0x54, 0x93, 0x05, 0x78, 0x87,
    0x08, 0x02, 0xa9, 0x6c, 0x31, 0x7a, 0x2a, 0x9a, 0x41, 0xfe, 0x50, 0x0b, 0xcc, 0x01, 0x34, 0x60,
    0xba, 0x43, 0x30, 0x72, 0x05, 0xae, 0x20, 0xec, 0x42, 0xe0, 0x48, 0x64, 0xb6, 0x05, 0x56, 0x00,
    0x21, 0x05, 0x50, 0x4b, 0x99, 0x68, 0x80, 0x34, 0x42, 0x18, 0x07, 0x4c, 0x00, 0x31, 0x00, 0x7f,
    0xef, 0x64, 0xee, 0x7f, 0x73, 0xfb, 0x88, 0x01, 0x97, 0xb8, 0x95, 0xa9, 0xdc, 0x40, 0x90, 0x1a,
    0xbc, 0x59, 0xe5, 0xcc, 0x00, 0x08, 0x33, 0x97, 0x52, 0x25, 0x34, 0x80, 0xc8, 0x09, 0x00, 0x40,
    0x5c, 0x04, 0x00, 0xfa, 0x70, 0x21, 0x69, 0x1e, 0x96, 0x20, 0x88, 0x11, 0x06, 0x4e, 0x5d, 0xb2,
    0x74, 0x02, 0x61, 0x00, 0xdd, 0xc0, 0x0e, 0x13, 0x80, 0xb9, 0x92, 0x22, 0x65, 0x00, 0x07, 0x71,
    0x34, 0xdd, 0x95, 0x57, 0x6a, 0x00, 0x5d, 0x40, 0x19, 0xc2, 0x46, 0x71, 0x22, 0x0c, 0x45, 0x11,
    0x10, 0xc4, 0x4e, 0x92, 0x00, 0x7b, 0xbf, 0xca, 0x00, 0x99, 0x00, 0x22, 0x90, 0x0e, 0x7b, 0xb4,
    0xda, 0x80, 0x90, 0x07, 0x3d, 0xad, 0xd9, 0x67, 0xd6, 0xec, 0x00, 0x2c, 0xc2, 0xde, 0x5d, 0xa9,
    0x61, 0x40, 0x05, 0xab, 0x9e, 0x94, 0xe2, 0x46, 0x01, 0x15, 0x6a, 0x0e, 0x51, 0xc8, 0x07, 0x16,
    0xe4, 0xc6, 0x73, 0x2a, 0x41, 0x88, 0x01, 0x71, 0x8f, 0x1c, 0x9b, 0x30, 0xc8, 0xc2, 0x00, 0x12,
    0xd8, 0x9b, 0x14, 0x2f, 0x03, 0x9d, 0xcf, 0xdf, 0x26, 0x00, 0x58, 0xa1, 0x50, 0xaa, 0x0a, 0xdb,
    0x01, 0x5d, 0x88, 0x11, 0x48, 0x2c, 0x0e, 0x04, 0x89, 0x00, 0x33, 0xc0, 0x20, 0x22, 0x45, 0x09,
    0x62, 0x1d, 0x30, 0x07, 0x08, 0x52, 0x01, 0x71, 0x00, 0x00, 0x91, 0x80, 0x32, 0xb0, 0x04, 0xb1,
    0x82, 0xef, 0x36, 0x02, 0xd0, 0x64, 0xa8, 0x83, 0x72, 0x38, 0x95, 0x86, 0xe9, 0x37, 0x47, 0xfe,
    0x9d, 0xb2, 0x18, 0xba, 0x83, 0x7a, 0xb4, 0x9b, 0xf1, 0x16, 0xd5, 0x03, 0x17, 0xea, 0x9a, 0x20,
    0x09, 0xe0, 0x0f, 0x74, 0x80, 0x24, 0xaf, 0x2e, 0xf6, 0x59, 0x48, 0x20, 0x84, 0xcf, 0x80, 0x50,
    0x00, 0x5d, 0xc9, 0x9d, 0xdc, 0x20, 0x0a, 0x26, 0xef, 0xd1, 0xa0, 0x1b, 0xa2, 0x3d, 0x60, 0x1d,
    0x35, 0x5f, 0x00, 0x6b, 0xdb, 0xbf, 0xb4, 0x00, 0x00, 0xc2, 0x46, 0x8d, 0x15, 0x41, 0x00, 0x36,
    0xed, 0x31, 0xbd, 0xcc, 0xc0, 0x80, 0x1b, 0xc7, 0x6d, 0xf6, 0x1b, 0x78, 0x03, 0x13, 0xa0, 0x5e,
    0x03, 0xba, 0x00, 0x34, 0x87, 0x5e, 0x1d, 0xd8, 0x20, 0x03, 0x5c, 0x44, 0x25, 0x1f, 0x66, 0x00,
    0x25, 0x76, 0x68, 0x4d, 0x99, 0xee, 0xa4, 0x3b, 0xbc, 0xe3, 0xba, 0x21, 0xd6, 0x38, 0x8e, 0x5c,
    0x88, 0x7b, 0x42, 0x00, 0xee, 0xe7, 0x9d, 0xd4, 0x08, 0x04, 0x3b, 0xb9, 0xe7, 0x76, 0xa0, 0x0f,
    0xfe, 0x38, 0xf7, 0x1c, 0xc0, 0x3f, 0x87, 0xfd, 0xc8, 0x01, 0xe0, 0x00, 0xcc, 0x60, 0x03, 0x60,
    0x0f, 0x92, 0x04, 0x00, 0x36, 0xe0, 0x1c, 0x55, 0x04, 0x00, 0x2f, 0x97, 0x00, 0x8b, 0xd9, 0x80,
    0x18, 0xb6, 0x54, 0x01, 0xe9, 0x4e, 0x01, 0xa1, 0xae, 0xc2, 0x1f, 0x27, 0x24, 0x00, 0x17, 0x65,
    0xf1, 0x02, 0x01, 0x68, 0x00, 0x42, 0x98, 0x08, 0x07, 0x4a, 0x2a, 0x3c, 0x00, 0x7e, 0x1b, 0xb5,
    0x41, 0x00, 0x7f, 0x30, 0x09, 0x80, 0x7e, 0x18, 0xd9, 0x95, 0x48, 0x80, 0x63, 0x8f, 0x4d, 0x76,
    0xc2, 0xea, 0x41, 0x4c, 0x2a, 0xc3, 0x00, 0x1d, 0xd8, 0x28, 0x93, 0xa9, 0x00, 0x3c, 0x95, 0xc6,
    0x00, 0xd0, 0x80, 0x05, 0x70, 0x0f, 0x0d, 0x9a, 0x00, 0x13, 0x30, 0x60, 0x13, 0xf9, 0x33, 0x00,
    0x0e, 0xa9, 0xae, 0x00, 0x1d, 0x9f, 0xdb, 0xb5, 0x64, 0x61, 0x00, 0x18, 0xc5, 0xc1, 0x9d, 0xe1,
    0x25, 0x02, 0x6a, 0xfe, 0xe6, 0xe7, 0xfd, 0x6e, 0x41, 0x86, 0x85, 0x93, 0x2d, 0x34, 0x1f, 0x32,
    0xaf, 0x1d, 0xd0, 0x16, 0xe8, 0xca, 0x04, 0x02, 0x24, 0x47, 0x12, 0x23, 0x80, 0x3c, 0xfb, 0xaa,
    0x4d, 0xd5, 0x78, 0x07, 0x3e, 0xef, 0xce, 0x82, 0x00, 0x32, 0x10, 0x0f, 0x15, 0x18, 0x01, 0x07,
    0xfb, 0xbd, 0xec, 0x40, 0x00, 0x1a, 0x00, 0x4b, 0x00, 0x1e, 0x4d, 0x00, 0x8c, 0x80, 0x3f, 0xf9,
    0x06, 0x45, 0x08, 0x88, 0xa1, 0x00, 0x97, 0x32, 0x95, 0xcc, 0xa0, 0x02, 0x6e, 0xef, 0xd2, 0x00,
    0xf0, 0x0f, 0xfc, 0x2f, 0x99, 0xe6, 0x00, 0xc4, 0xd1, 0x1c, 0xe2, 0x01, 0x96, 0xd1, 0x38, 0x40,
    0x32, 0x99, 0x80, 0x3f, 0xd3, 0x40, 0x1f, 0xe3, 0x07, 0x00, 0xff, 0x1e, 0x00, 0x7d, 0x6c, 0x00,
    0x00, 0x90, 0x41, 0x20, 0x03, 0xf0, 0xd9, 0x81, 0x18, 0x07, 0xe7, 0x31, 0x3e, 0x73, 0x3c, 0x40,
    0x15, 0x8f, 0xf9, 0x4b, 0xff, 0x20, 0x01, 0xc7, 0x73, 0x16, 0xb9, 0x99, 0x80, 0x6b, 0xc0, 0x3f,
    0xe1, 0xd3, 0x00, 0xff, 0x8f, 0x33, 0xad, 0x73, 0x39, 0x0b, 0xff, 0x94, 0xbf, 0xf9, 0x44, 0xcf,
    0xb9, 0xcc, 0xf8, 0x40, 0x3f, 0xfc, 0x8f, 0x40, 0x1e, 0x00, 0xac, 0x03, 0xa0, 0x40, 0x35, 0x9a,
    0x80, 0x11, 0x00, 0x86, 0x01, 0x98, 0x80, 0x2c, 0x30, 0x0c, 0x40, 0x02, 0xc1, 0xd5, 0x00, 0xd5,
    0x98, 0x03, 0x4f, 0x1f, 0x40, 0xdb, 0x31, 0xf0, 0x02, 0xe9, 0x81, 0x43, 0x33, 0x8e, 0xcc, 0x00,
    0xcc, 0x00, 0x21, 0xbd, 0xa8, 0x07, 0x13, 0x58, 0xff, 0x84, 0x03, 0x09, 0x83, 0x66, 0x06, 0xd4,
    0x03, 0x34, 0x30, 0x25, 0x38, 0x07, 0xcf, 0x94, 0x01, 0xfe, 0xc3, 0x54, 0x40, 0x07, 0xbf, 0x84,
    0x77, 0x88, 0x07, 0x94, 0xb3, 0x30, 0x20, 0x00, 0x70, 0x00, 0x57, 0xbb, 0xa8, 0x40, 0x00, 0xa8,
    0x40, 0x0e, 0x60, 0x1e, 0x93, 0x70, 0x0a, 0x84, 0x03, 0xca, 0x40, 0x11, 0x99, 0x19, 0xb1, 0x01,
    0x61, 0x7b, 0xd2, 0x6d, 0x6d, 0x5b, 0x1a, 0xf8, 0xe9, 0xa5, 0x87, 0x9d, 0x0b, 0xa6, 0x11, 0x97,
    0xc1, 0xb1, 0xa2, 0x04, 0x4e, 0xc0, 0x02, 0xe5, 0xba, 0x21, 0x23, 0x30, 0x2c, 0x17, 0x11, 0xa3,
    0x52, 0x80, 0x89, 0xa3, 0xc7, 0x1b, 0xa0, 0x16, 0x84, 0x40, 0xd8, 0xe6, 0x0f, 0x4a, 0xc8, 0x45,
    0x00, 0x79, 0x9c, 0xe6, 0xc1, 0x98, 0x01, 0xf1, 0x75, 0x98, 0xfe, 0x80, 0x7c, 0xb6, 0xb1, 0xec,
    0xc0, 0x0d, 0xe2, 0x0e, 0xc1, 0x3d, 0x82, 0x00, 0x00, 0xac, 0x03, 0xac, 0x03, 0x98, 0x90, 0x00,
    0x68, 0x9c, 0x60, 0x0a, 0x00, 0xd7, 0xfe, 0x0f, 0xf5, 0x80, 0x07, 0xc3, 0x52, 0x2e, 0xc1, 0x76,
    0x80, 0x10, 0xf0, 0xf1, 0x88, 0x82, 0x22, 0x35, 0x42, 0x02, 0x1f, 0xfa, 0x09, 0x7c, 0x16, 0x80,
    0x25, 0x77, 0xde, 0xce, 0x62, 0x4a, 0x1b, 0x1b, 0xba, 0x17, 0x50, 0xfe, 0x43, 0xe2, 0x63, 0xfd,
    0x6b, 0xea, 0x5f, 0x80, 0x42, 0xf0, 0x04, 0x60, 0x42, 0x30, 0x06, 0x3b, 0x90, 0x0f, 0xfc, 0xd2,
    0x01, 0xff, 0xc1, 0x6e, 0xbc, 0x00, 0xed, 0x00, 0xc9, 0x9e, 0xe0, 0x00, 0x00, 0xf3, 0x30, 0x0c,
    0x03, 0xfd, 0xfc, 0x3f, 0x42, 0x01, 0xfe, 0x1c, 0x3d, 0x10, 0x0f, 0x8f, 0xc0, 0x13, 0x42, 0x05,
    0x55, 0xc9, 0x75, 0x56, 0x51, 0x06, 0x67, 0x09, 0x66, 0x70, 0x13, 0x36, 0x51, 0x35, 0x66, 0xc4,
    0x01, 0xd6, 0x95, 0x20, 0x1f, 0xc2, 0xdc, 0xc8, 0x80, 0x0f, 0xd4, 0x88, 0x19, 0x90, 0x80, 0x7a,
    0x9a, 0xc0, 0x0e, 0xda, 0x20, 0x12, 0x63, 0x78, 0x80, 0x54, 0xfe, 0xa0, 0x52, 0x98, 0x40, 0x18,
    0x6e, 0x6c, 0xcb, 0x60, 0x03, 0xf3, 0xf1, 0x80, 0x07, 0x10, 0x53, 0x00, 0xfe, 0xfd, 0x4b, 0x05,
    0xaa, 0xe6, 0x00, 0x42, 0xdc, 0x1e, 0x8f, 0xfc, 0x7e, 0x00, 0x37, 0x12, 0x00, 0x1a, 0xad, 0xc0,
    0x03, 0xda, 0x9d, 0x00, 0xfe, 0x3f, 0x42, 0x40, 0x0f, 0xf0, 0x8a, 0x4c, 0x03, 0x2a, 0xb4, 0x40,
    0x2a, 0x41, 0x00, 0xc5, 0xe5, 0x40, 0x58, 0x32, 0x01, 0xcf, 0x50, 0x40, 0x29, 0x40, 0x20, 0x1f,
    0x10, 0x1c, 0x01, 0x18, 0x07, 0xd4, 0xe0, 0x15, 0xb8, 0x79, 0x80, 0x63, 0x20, 0xce, 0x69, 0x05,
    0x6f, 0xfc, 0xe8, 0x1b, 0xfc, 0x60, 0x5b, 0xff, 0xb0, 0x40, 0x00, 0x99, 0x80, 0x14, 0x18, 0x08,
    0x07, 0x70, 0x80, 0x46, 0xeb, 0x40, 0x01, 0xa0, 0x0f, 0xca, 0x2e, 0x02, 0x72, 0x01, 0xfa, 0x08,
    0x01, 0x08, 0x5f, 0x33, 0x2f, 0xcd, 0xe1, 0x80, 0xe1, 0x07, 0xfc, 0x00, 0xff, 0x84, 0x00, 0x22,
    0xf6, 0x68, 0x41, 0x9a, 0x20, 0x03, 0xb0, 0x04, 0x64, 0xc2, 0x01, 0xa6, 0xd8, 0x02, 0xb4, 0x43,
    0x00, 0x4a, 0x5a, 0x20, 0x01, 0x6a, 0xba, 0x10, 0x02, 0xd8, 0x80, 0x50, 0x86, 0x49, 0x60, 0x1f,
    0x3a, 0x58, 0x02, 0x1a, 0x40, 0x3b, 0x6b, 0xc4, 0x00, 0x3c, 0xaa, 0x00, 0xa6, 0xf4, 0x80, 0x31,
    0x62, 0x80, 0x02, 0x00, 0x50, 0x80, 0x12, 0x04, 0x40, 0x17, 0x10, 0x38, 0x04, 0x24, 0xba, 0x20,
    0x1f, 0xf2, 0x22, 0xc0, 0x3f, 0xf4, 0x68, 0x05, 0x36, 0x69, 0x32, 0xe7, 0x99, 0x72, 0x07, 0xfc,
    0x03, 0xdc, 0x12, 0xee, 0x9c, 0x0d, 0x10, 0x6a, 0xee, 0x20, 0x57, 0x71, 0xa5, 0xdc, 0x40, 0x11,
    0x03, 0x80, 0x4b, 0xa1, 0x02, 0x01, 0x23, 0xe0, 0x04, 0x26, 0x46, 0x60, 0x03, 0x2c, 0xb8, 0x80,
    0x5b, 0xc0, 0x11, 0x44, 0x05, 0xec, 0x00, 0x2a, 0xa0, 0x01, 0x7c, 0x98, 0x43, 0xc8, 0x15, 0x10,
    0x02, 0x15, 0xc0, 0x03, 0xea, 0x86, 0xe0, 0x0c, 0xb8, 0x00, 0xc5, 0x88, 0x05, 0x00, 0x28, 0x04,
    0xac, 0x01, 0x87, 0xa1, 0xf8, 0x02, 0x2f, 0x00, 0xc3, 0x4b, 0x54, 0x00, 0xff, 0x29, 0xb0, 0xc7,
    0x72, 0x5b, 0xb9, 0x40, 0x73, 0xaa, 0x21, 0x3d, 0x2d, 0xd0, 0x00, 0x3c, 0x35, 0x50, 0x07, 0xf8,
    0x49, 0x08, 0x03, 0xfc, 0x3c, 0x40, 0x0a, 0xba, 0x4b, 0xb0, 0x00, 0xb5, 0x10, 0x15, 0xd0, 0x8f,
    0x11, 0x00, 0x2e, 0x0c, 0x08, 0xcd, 0xc6, 0x56, 0x00, 0x27, 0x01, 0x20, 0x0e, 0x17, 0xb0, 0x08,
    0x55, 0xdd, 0x35, 0x47, 0xf7, 0x70, 0x86, 0xfb, 0x8e, 0x8e, 0x4e, 0xf7, 0x15, 0x41, 0x9d, 0x25,
    0x50, 0xc8, 0x62, 0x16, 0x80, 0x16, 0x01, 0x70, 0x09, 0x5c, 0x03, 0x0e, 0x4c, 0x68, 0x04, 0x7a,
    0x01, 0xd4, 0x88, 0xb6, 0xbb, 0x92, 0xee, 0x00, 0x31, 0x80, 0xa6, 0xfa, 0xab, 0xf7, 0x81, 0x2b,
    0x00, 0xca, 0xd7, 0x85, 0x30, 0xc1, 0x30, 0x9d, 0x41, 0x1c, 0x4c, 0x9d, 0x80, 0x23, 0x5e, 0x1c,
    0x3f, 0x06, 0xb1, 0x00, 0x17, 0x28, 0x64, 0x41, 0xda, 0x6f, 0x10, 0xfe, 0xf4, 0x37, 0x61, 0x16,
    0x6e, 0x90, 0x61, 0x83, 0xc0, 0x0c, 0x4d, 0x20, 0x11, 0x28, 0x70, 0x81, 0xc7, 0xca, 0xa0, 0x07,
    0x2a, 0xdb, 0x66, 0x33, 0x4c, 0x00, 0xde, 0x75, 0x8a, 0x50, 0x02, 0x6d, 0xa0, 0x67, 0xdb, 0x6a,
    0x00, 0x63, 0xd4, 0x03, 0x01, 0x30, 0x2a, 0x00, 0x42, 0x00, 0x53, 0x28, 0x90, 0x03, 0x80, 0x08,
    0x40, 0x2a, 0x44, 0x4d, 0xf1, 0xdd, 0x92, 0x6c, 0xc1, 0x8c, 0x4e, 0x24, 0xe2, 0x0b, 0x70, 0x49,
    0x78, 0x24, 0x6e, 0x06, 0x61, 0x23, 0x14, 0xd2, 0x64, 0x37, 0x85, 0x57, 0x82, 0x00, 0x48, 0x81,
    0xb9, 0xc9, 0x96, 0x77, 0x80, 0x0a, 0x57, 0xc2, 0xe6, 0x92, 0x7c, 0x00, 0x5f, 0x64, 0x00, 0xd7,
    0xc3, 0x7d, 0x00, 0x1c, 0x30, 0x78, 0x08, 0x07, 0xc2, 0xa0, 0x42, 0x18, 0xf8, 0x6f, 0xa0, 0x10,
    0x93, 0xa8, 0x64, 0x6a, 0x47, 0x00, 0x57, 0x88, 0x60, 0x3d, 0xb5, 0xc4, 0x01, 0x57, 0x48, 0x4d,
    0xb3, 0x68, 0xb0, 0x16, 0x01, 0x70, 0x09, 0x98, 0x01, 0x87, 0x62, 0xfd, 0x26, 0x55, 0x49, 0x92,
    0x80, 0x29, 0x99, 0x0b, 0xba, 0x56, 0xdd, 0x38, 0x01, 0x81, 0xca, 0xfb, 0x8a, 0xfd, 0xc8, 0x24,
    0xcc, 0x29, 0xf7, 0x51, 0x3d, 0xd1, 0xa5, 0x91, 0x14, 0x26, 0x23, 0x49, 0x88, 0x01, 0x4c, 0x41,
    0xb3, 0x32, 0xf8, 0x00, 0xe0, 0xcc, 0x0b, 0x55, 0x94, 0x00, 0x7d, 0x0c, 0x09, 0xe4, 0xee, 0xbf,
    0xf0, 0x0c, 0xa8, 0x01, 0xf0, 0xf1, 0xdb, 0xb8, 0x04, 0x80, 0x21, 0xca, 0x43, 0x13, 0x52, 0x01,
    0x0a, 0xbc, 0xf1, 0xb3, 0xdc, 0x20, 0x03, 0x7d, 0xc4, 0x29, 0x85, 0xd6, 0xa5, 0x03, 0x3e, 0x40,
    0x1b, 0x8e, 0x40, 0x9a, 0x80, 0x03, 0x01, 0x30, 0x05, 0x00, 0x28, 0x80, 0x28, 0x85, 0xde, 0x5b,
    0xb2, 0x4d, 0x98, 0x52, 0xb4, 0x57, 0x8f, 0xf1, 0xc5, 0x18, 0x31, 0xb8, 0x02, 0xa0, 0x6e, 0x00,
    0x81, 0x6b, 0x14, 0xa8, 0xc4, 0x80, 0x91, 0x41, 0x70, 0x88, 0xa4, 0x7d, 0xc1, 0xde, 0x30, 0x00,
    0xa9, 0x8d, 0x80, 0x8c, 0x42, 0x20, 0x01, 0x42, 0x80, 0x0f, 0x30, 0x19, 0x87, 0x02, 0xf8, 0x20,
    0x31, 0xcc, 0x36, 0x62, 0xc0, 0xe1, 0x44, 0x20, 0x11, 0x38, 0x00, 0x2a, 0x06, 0x52, 0xeb, 0xba,
    0xb0, 0xa0, 0x01, 0x1a, 0x28, 0x51, 0xf7, 0xdf, 0x10, 0x02, 0x3a, 0x4b, 0x74, 0x77, 0x4b, 0xfc,
    0x81, 0x5a, 0xe7, 0x98, 0x94, 0x44, 0xef, 0x20, 0x3a, 0xac, 0x97, 0x99, 0xd0, 0x03, 0xc0, 0x0e,
    0x68, 0xff, 0xea, 0x02, 0x4d, 0x24, 0x23, 0x3f, 0x10, 0x07, 0xff, 0x0c, 0x66, 0xd2, 0x5e, 0xef,
    0xe5, 0x0f, 0x67, 0xf4, 0xf7, 0x3e, 0x4f, 0xf3, 0x8b, 0x69, 0xb1, 0xa0, 0x62, 0x0a, 0x20, 0x80,
    0x3e, 0x16, 0x00, 0xfb, 0xce, 0x5c, 0x8c, 0x80, 0x39, 0x35, 0x87, 0xda, 0xd8, 0x03, 0x22, 0xb7,
    0x72, 0x9a, 0x52, 0x40, 0x02, 0x07, 0xa4, 0x60, 0x0b, 0x2c, 0x10, 0x12, 0xf9, 0xc0, 0x0d, 0x74,
    0x20, 0x16, 0xff, 0x20, 0x01, 0x1c, 0x04, 0x5f, 0x02, 0x7f, 0xbb, 0xdf, 0xfa, 0x66, 0xe9, 0x04,
    0xe8, 0x5e, 0x70, 0xeb, 0xba, 0x00, 0x3f, 0xbf, 0x76, 0x90, 0x08, 0x40, 0x02, 0x00, 0xfd, 0xda,
    0x40, 0x05, 0x90, 0x98, 0xa1, 0x13, 0x37, 0x80, 0x0b, 0x61, 0x35, 0x43, 0xf7, 0x6c, 0x00, 0xfe,
    0x31, 0x1b, 0xc0, 0x3c, 0x69, 0x57, 0xdf, 0x63, 0xa0, 0x2d, 0xab, 0xe4, 0xe3, 0xf2, 0x72, 0xc0,
    0xf9, 0xbd, 0x8c, 0x64, 0xa0, 0x11, 0x1b, 0x53, 0x08, 0x26, 0xc0, 0x80, 0x4f, 0x40, 0x1a, 0x65,
    0x6c, 0x04, 0x7b, 0x7a, 0x01, 0xa3, 0x54, 0x00, 0x3d, 0xbc, 0x80, 0x00, 0xfc, 0x70, 0x68, 0x00,
    0x4c, 0xca, 0xc0, 0x27, 0x31, 0x85, 0x05, 0xf7, 0xb9, 0x35, 0x56, 0x3b, 0xa8, 0x88, 0x26, 0x24,
    0x44, 0xff, 0x19, 0x7e, 0x6b, 0x00, 0x72, 0xcd, 0x79, 0x55, 0x3d, 0x0e, 0xd2, 0x20, 0x1c, 0x20,
    0x60, 0xd2, 0x05, 0x0b, 0x54, 0x25, 0x90, 0x03, 0x5f, 0x00, 0x98, 0x91, 0x02, 0x73, 0x01, 0x1c,
    0x40, 0x1f, 0x0e, 0xa9, 0x98, 0x80, 0x3b, 0x64, 0xa8, 0xe1, 0xea, 0x80, 0x03, 0xa4, 0x31, 0xf0,
    0xa1, 0x07, 0x0a, 0x00, 0x67, 0xdc, 0x5d, 0x00, 0x80, 0x28, 0x58, 0xd8, 0x40, 0x0c, 0x5b, 0x78,
    0x03, 0x6c, 0x01, 0xe2, 0xff, 0x38, 0x06, 0x00, 0xf1, 0x17, 0x84, 0x13, 0x33, 0x2e, 0x77, 0xe7,
    0x7e, 0x02, 0xfb, 0x5f, 0x82, 0x67, 0x2e, 0x78, 0x00, 0x4c, 0xc2, 0x60, 0xcc, 0xb6, 0x65, 0x00,
    0x7f, 0x08, 0x00, 0x40, 0x22, 0xb7, 0xb9, 0x06, 0x7b, 0x67, 0xa0, 0x01, 0xc2, 0xaa, 0x81, 0x2f,
    0xd6, 0xf8, 0x00, 0x26, 0x5c, 0x69, 0x93, 0x45, 0x3d, 0xe0, 0x1f, 0x08, 0x80, 0x47, 0x00, 0x6f,
    0xa7, 0x88, 0x51, 0xc4, 0x42, 0x76, 0xe5, 0x8d, 0x76, 0x82, 0xbb, 0x84, 0x37, 0xed, 0x57, 0x60,
    0xaa, 0xc4, 0x6c, 0x20, 0xdf, 0xf1, 0x3f, 0xfc, 0xe0, 0x00, 0xe3, 0x44, 0xf1, 0x82, 0xe6, 0x49,
    0x5b, 0xfd, 0xcf, 0xcf, 0x04, 0xe2, 0xe5, 0x0c, 0xcb, 0xf2, 0xc0, 0x02, 0x40, 0x43, 0xdc, 0xcd,
    0xec, 0x85, 0x00, 0xe2, 0xe2, 0x2f, 0x01, 0x1d, 0x8d, 0x8e, 0xef, 0xe3, 0x28, 0x18, 0x20, 0xa8,
    0x8d, 0x42, 0x31, 0x81, 0x88, 0x26, 0x66, 0x73, 0x00, 0xf9, 0xf3, 0x75, 0x88, 0x60, 0x19, 0x09,
    0x24, 0x2c, 0x7e, 0x70, 0x12, 0x83, 0xab, 0x2a, 0x1a, 0x37, 0xac, 0x01, 0xfe, 0xa9, 0xd5, 0x27,
    0x19, 0x76, 0x04, 0x51, 0x01, 0x13, 0x60, 0xa3, 0xcc, 0x20, 0x07, 0xb6, 0x98, 0x41, 0x31, 0x00,
    0x00, 0xa1, 0x00, 0x32, 0x40, 0x07, 0x8c, 0x80, 0x31, 0x20, 0x06, 0x11, 0x00, 0x8f, 0x00, 0x04,
    0x40, 0xbf, 0xe4, 0x8f, 0xfd, 0x27, 0xfe, 0x55, 0x77, 0x12, 0x7b, 0xb4, 0x9f, 0x71, 0x40, 0x3f,
    0xfa, 0x93, 0xff, 0xa4, 0x03, 0xf4, 0xff, 0xe9, 0x00, 0xff, 0xec, 0x46, 0xee, 0x80, 0x0f, 0xd3,
    0xff, 0xa4, 0x03, 0xea, 0x62, 0x2c, 0xf8, 0x01, 0x00, 0x9d, 0x40, 0x32, 0x40, 0x06, 0x45, 0xcc,
    0x2a, 0xec, 0x45, 0x40, 0x06, 0xe3, 0xae, 0x66, 0x31, 0xcc, 0x00, 0x26, 0x4a, 0xd9, 0x98, 0x9a,
    0x60, 0x03, 0x84, 0x8b, 0x18, 0x07, 0xff, 0x28, 0x48, 0xb1, 0x80, 0x62, 0x77, 0x28, 0x91, 0x63,
    0x67, 0x71, 0x00, 0x2d, 0xb0, 0x34, 0x38, 0xe8, 0x02, 0x27, 0x6c, 0x71, 0x13, 0xea, 0x1b, 0xb8,
    0x80, 0x32, 0xdd, 0x02, 0x75, 0x10, 0x07, 0x7e, 0xd2, 0x2a, 0x99, 0x8e, 0x20, 0x17, 0x80, 0xf6,
    0x66, 0x1c, 0x20, 0x00, 0x94, 0x81, 0x9c, 0x03, 0xfa, 0xc0, 0x1d, 0xc0, 0x0f, 0xca, 0x46, 0x20,
    0x01, 0x1c, 0x01, 0xa4, 0xfb, 0x8e, 0xdd, 0xda, 0x40, 0x0c, 0x3f, 0xf3, 0xb7, 0xfe, 0x90, 0x18,
    0x90, 0x0f, 0xf8, 0x7d, 0x00, 0x3f, 0xf0, 0xd7, 0x74, 0xed, 0xdd, 0x88, 0x02, 0xbf, 0xf9, 0xdb,
    0xff, 0x10, 0x04, 0x23, 0x80, 0x02, 0x38, 0x03, 0xff, 0x88, 0x2a, 0xbc, 0x44, 0x55, 0xe1, 0x3f,
    0xfe, 0x01, 0xff, 0xe2, 0x00, 0xf3, 0xa0, 0x07, 0xc2, 0xef, 0xba, 0x9d, 0xf3, 0x00, 0x43, 0xf3,
    0x9d, 0x03, 0xb2, 0x26, 0x00, 0x16, 0x8d, 0xca, 0xa5, 0x87, 0xb2, 0x80, 0x67, 0x8d, 0xaf, 0x93,
    0xd5, 0x00, 0x93, 0xa5, 0x9e, 0xba, 0x50, 0xa3, 0x4c, 0x00, 0xbd, 0x73, 0xb0, 0xbb, 0xdb, 0xa3,
    0x00, 0x86, 0x3a, 0x79, 0x66, 0x64, 0x00, 0xd6, 0xfd, 0xa6, 0xdb, 0xb3, 0x00, 0x08, 0x01, 0x86,
    0x62, 0x73, 0x3c, 0x00, 0xec, 0xa1, 0x22, 0x1b, 0x91, 0x40, 0x12, 0xa1, 0xbb, 0x30, 0x41, 0x9a,
    0x21, 0x56, 0x39, 0x9c, 0x43, 0x33, 0x95, 0x54, 0x15, 0x5f, 0xe4, 0x00, 0xf4, 0x10, 0x07, 0xc6,
    0xcd, 0x8b, 0x99, 0xb1, 0x80, 0x1f, 0xb9, 0x7c, 0x49, 0xd9, 0xfc, 0xe0, 0x04, 0x88, 0x3f, 0xc4,
    0x4d, 0x90, 0x80, 0x02, 0x77, 0x1d, 0xbb, 0xa4, 0x88, 0xee, 0x00, 0x35, 0x00, 0xa0, 0x70, 0xc8,
    0x07, 0x99, 0xc3, 0xdc, 0x3d, 0xdf, 0x00, 0x62, 0x6a, 0xd7, 0x9d, 0xd8, 0x80, 0x02, 0x2e, 0xbd,
    0xd3, 0xce, 0xec, 0x40, 0x02, 0x26, 0xea, 0xa8, 0x97, 0x54, 0x80, 0x0b, 0x74, 0x35, 0x32, 0x74,
    0x99, 0x58, 0x00, 0x51, 0x02, 0x64, 0x43, 0xf2, 0x28, 0x41, 0x10, 0x3b, 0x99, 0x25, 0x66, 0x60,
    0x5b, 0x0c, 0xdd, 0xfe, 0x00, 0x00, 0x56, 0x67, 0xf2, 0x80, 0x1e, 0x7f, 0xca, 0xdf, 0xf3, 0x98,
    0x04, 0xc6, 0x6e, 0x33, 0xc4, 0x01, 0xaa, 0x21, 0x8b, 0x11, 0x28, 0x07, 0x7f, 0x80, 0x1f, 0xf0,
    0x07, 0x53, 0xbb, 0x15, 0xde, 0x50, 0x0c, 0xe6, 0x6f, 0x33, 0xe0, 0x08, 0xa3, 0xfc, 0xc9, 0xff,
    0x20, 0x00, 0x87, 0x32, 0x97, 0xcc, 0x9c, 0x00, 0xa8, 0x01, 0xff, 0x57, 0x00, 0x7e, 0x30, 0x56,
    0x40, 0x0e, 0x1e, 0xe3, 0xaa, 0xac, 0x03, 0x3c, 0x8f, 0x73, 0x4c, 0x8c, 0xcf, 0xf4, 0x12, 0x7f,
    0xce, 0xbf, 0xf2, 0x10, 0x71, 0x9c, 0x5c, 0x67, 0x70, 0x07, 0xff, 0x3a, 0x3b, 0xa6, 0x9e, 0xea,
    0x00, 0x13, 0x99, 0x2b, 0x66, 0x52, 0x00, 0x12, 0x28, 0xfc, 0x8a, 0x10, 0x0f, 0xfe, 0x74, 0x77,
    0x4d, 0x3d, 0xd4, 0x00, 0x27, 0x32, 0xdc, 0xcd, 0x21, 0x4e, 0x45, 0xf9, 0xe8, 0x00, 0xe7, 0x60,
    0x0f, 0xf7, 0x08, 0x07, 0x84, 0x70, 0x78, 0x8e, 0x06, 0xee, 0xcc, 0xfd, 0xd9, 0x81, 0x7f, 0xe6,
    0x8f, 0xf9, 0x40, 0x3f, 0xf9, 0xcb, 0xdd, 0x34, 0x77, 0x4a, 0x00, 0x5f, 0xf9, 0x9f, 0xfe, 0x50,
    0x08, 0x46, 0x0f, 0x11, 0x80, 0x3f, 0xf8, 0x69, 0x99, 0x3d, 0x66, 0x48, 0x00, 0x58, 0x8a, 0xa6,
    0x22, 0x50, 0x7a, 0x44, 0xfd, 0x4c, 0x00, 0xe7, 0x60, 0x0f, 0xf7, 0x70, 0x03, 0x9b, 0xbb, 0x3b,
    0x77, 0x67, 0x04, 0xff, 0x9d, 0xbf, 0xe7, 0xf0, 0x31, 0x18, 0x00, 0x23, 0x00, 0x4f, 0xbb, 0x3b,
    0x6e, 0xce, 0x00, 0x4f, 0xf9, 0x1b, 0xfe, 0x70, 0x01, 0x91, 0x46, 0x04, 0x50, 0x04, 0x97, 0x72,
    0x2d, 0xdc, 0x80, 0x06, 0xff, 0x9d, 0xdf, 0xf3, 0x83, 0x52, 0x24, 0x64, 0x89, 0x54, 0x00, 0x80,
    0x7f, 0xf3, 0xe2, 0x40, 0x38, 0x00, 0xe7, 0x50, 0x0f, 0xfb, 0x48, 0x03, 0xc7, 0x77, 0x92, 0xae,
    0xf0, 0x83, 0xaf, 0x74, 0x49, 0xdd, 0x21, 0x80, 0x0d, 0x56, 0x6e, 0x55, 0x80, 0x31, 0xd5, 0x49,
    0x75, 0x50, 0x06, 0x3e, 0xe8, 0x97, 0xba, 0x00, 0xe4, 0x49, 0xb9, 0x12, 0x00, 0xc7, 0x55, 0x25,
    0xd5, 0x40, 0x1d, 0xff, 0x12, 0xff, 0xd4, 0xc2, 0xb8, 0xab, 0x37, 0x2a, 0xee, 0x71, 0x20, 0x08,
    0xf4, 0xcf, 0x22, 0x80, 0x75, 0x37, 0x76, 0x73, 0x00, 0xff, 0xe1, 0xef, 0x6e, 0xbb, 0x9b, 0xae,
    0xd0, 0x0d, 0xbb, 0x3c, 0xee, 0xc0, 0x1d, 0x33, 0x25, 0xcc, 0xa0, 0x03, 0xbe, 0xa8, 0xeb, 0x54,
    0xd0, 0x0e, 0x37, 0x70, 0x01, 0xdc, 0x01, 0xcb, 0x9d, 0xc4, 0x2e, 0xe6, 0x28, 0x05, 0x15, 0x50,
    0x4d, 0x55, 0x00, 0x0e, 0xed, 0xe3, 0x9d, 0xd7, 0xa0, 0x77, 0x64, 0x8e, 0xec, 0x4e, 0x01, 0xa1,
    0x98, 0x01, 0x09, 0x10, 0x05, 0x71, 0x3c, 0x40, 0x24, 0x21, 0x2f, 0xe9, 0xc2, 0x02, 0xed, 0xbb,
    0x01, 0x75, 0xa8, 0x04, 0x5d, 0x9c, 0xc0, 0x08, 0x8e, 0x35, 0x66, 0xe3, 0x06, 0xe5, 0xe3, 0x5c,
    0xca, 0xeb, 0x1c, 0x0d, 0x85, 0xcc, 0x26, 0xa8, 0x97, 0x48, 0x01, 0xff, 0xc3, 0x35, 0x17, 0x20,
    0x0f, 0xf6, 0x1f, 0xb0, 0x07, 0xf1, 0xc9, 0x42, 0x00, 0x7f, 0xf6, 0x4b, 0x8f, 0xd8, 0x03, 0xf8,
    0xbb, 0xfb, 0x8c, 0x01, 0x18, 0x06, 0xc0, 0x0e, 0x2f, 0xf3, 0xa0, 0x04, 0x20, 0x1c, 0x5f, 0xed,
    0x30, 0x00, 0x9d, 0xdf, 0xf4, 0xdf, 0xff, 0xfa, 0xc8, 0x80, 0xcd, 0xe3, 0x22, 0x21, 0x24, 0x6c,
    0x7e, 0xc2, 0x12, 0xfb, 0x85, 0xca, 0x6c, 0xa8, 0x37, 0x00, 0x57, 0x29, 0xb2, 0xa0, 0x1e, 0x5d,
    0x62, 0xd6, 0x00, 0xf7, 0x21, 0x7a, 0x18, 0x07, 0xa7, 0x5a, 0x35, 0xc0, 0x39, 0xbb, 0x7b, 0x9b,
    0xca, 0x01, 0x74, 0xcf, 0xef, 0x0f, 0xdf, 0xff, 0xc4, 0x08, 0xcd, 0xfd, 0x34, 0x00, 0x22, 0xaf,
    0xe4, 0x00, 0xd1, 0xf9, 0x89, 0x96, 0x63, 0xe0, 0x03, 0xa6, 0x64, 0x44, 0xcb, 0x80, 0x3d, 0xd9,
    0x86, 0x66, 0x62, 0x40, 0x3d, 0xd9, 0x86, 0x66, 0x62, 0x40, 0x3d, 0x31, 0x04, 0x44, 0x43, 0x80,
    0x3a, 0x3c, 0x5a, 0x64, 0xa3, 0xf0, 0x01, 0x93, 0x53, 0x55, 0x5e, 0x9a, 0xa0, 0x01, 0x7d, 0x24,
    0x60, 0x08, 0x45, 0xf2, 0x43, 0xfd, 0x46, 0x60, 0x00, 0x8a, 0x73, 0x8c, 0x20, 0xc5, 0x14, 0x03,
    0x89, 0xc4, 0x00, 0x34, 0xa6, 0x01, 0xfc, 0x3e, 0x54, 0x01, 0xfe, 0x1f, 0x91, 0x00, 0x8f, 0x00,
    0x30, 0x00, 0x0a, 0xc8, 0x80, 0x79, 0x33, 0x2d, 0x1e, 0xe7, 0xf7, 0x30, 0x9b, 0x61, 0x43, 0xa5,
    0xfa, 0x80, 0x06, 0x0d, 0x00, 0x0d, 0xd0, 0x0b, 0x80, 0x08, 0x58, 0xc9, 0x10, 0x06, 0x5a, 0xdf,
    0xe6, 0x8f, 0x82, 0x6a, 0xef, 0xcd, 0x99, 0x1c, 0x30, 0x8a, 0x9d, 0x11, 0x77, 0x1f, 0x5c, 0xe7,
    0x80, 0x37, 0x26, 0x46, 0x53, 0x2d, 0x50, 0x0b, 0x2a, 0x86, 0xb5, 0x4c, 0x00, 0xc5, 0xba, 0x16,
    0xdd, 0x10, 0x07, 0x08, 0x8c, 0x04, 0x5e, 0x01, 0x97, 0x74, 0x07, 0xba, 0xc0, 0x0a, 0xf6, 0x67,
    0xd7, 0xa0, 0x00, 0xf8, 0x4d, 0x5d, 0x00, 0x23, 0xab, 0xcd, 0xec, 0x8c, 0xf7, 0x00, 0x8e, 0x1f,
    0xf5, 0xaa, 0xe9, 0x88, 0x03, 0x15, 0x48, 0x06, 0x88, 0x08, 0x00, 0xb7, 0x56, 0x9a, 0xd3, 0xa9,
    0x7b, 0xa2, 0x26, 0x65, 0x60, 0xaa, 0x0a, 0xcc, 0x88, 0x04, 0xe2, 0x7c, 0xf3, 0xe6, 0xc8, 0x40,
    0xa7, 0x4a, 0x18, 0x3d, 0xa0, 0x72, 0xcc, 0xdf, 0x2d, 0x98, 0x44, 0x66, 0x1d, 0xb8, 0xc5, 0x8d,
    0xae, 0xcc, 0xb7, 0x65, 0x15, 0x00, 0xcd, 0x76, 0x62, 0xbb, 0x10, 0x07, 0x9a, 0xec, 0xa5, 0x76,
    0x20, 0x0f, 0x34, 0xc8, 0xcd, 0x32, 0x50, 0x0e, 0x4c, 0xaa, 0xf6, 0xc8, 0x00, 0x00, 0xf3, 0xb0,
    0x07, 0xe7, 0xaa, 0xfa, 0xe8, 0x00, 0x51, 0xe4, 0x50, 0xb9, 0x10, 0x5e, 0x08, 0x95, 0x77, 0x98,
    0xae, 0xda, 0x34, 0x60, 0x49, 0x77, 0x32, 0xdd, 0xbe, 0x88, 0x40, 0xb4, 0x8a, 0x10, 0x22, 0xb0,
    0xc0, 0x5f, 0xff, 0x33, 0x3f, 0xf3, 0x09, 0x9f, 0xb7, 0x0c, 0xfc, 0x4d, 0x9b, 0xfe, 0xaa, 0x7f,
    0xb7, 0x4c, 0x40, 0x1f, 0xfc, 0x53, 0xcc, 0x32, 0xe6, 0x0c, 0x03, 0xbb, 0x40, 0x1f, 0x80, 0x0d,
    0xf0, 0x01, 0xdf, 0xf7, 0x7e, 0xfb, 0x30, 0x00, 0x19, 0xff, 0x80, 0x37, 0x4d, 0x53, 0xbe, 0xa9,
    0x3a, 0x01, 0xdd, 0x76, 0x44, 0x5d, 0xa4, 0x03, 0xdf, 0x10, 0x44, 0x44, 0x24, 0x03, 0xd1, 0x76,
    0x4b, 0xba, 0x40, 0x39, 0xe3, 0xb4, 0xb3, 0x7a, 0x14, 0x03, 0x55, 0x97, 0xdd, 0xb8, 0xae, 0xc0,
    0x12, 0xf7, 0x0b, 0x7b, 0x98, 0x5d, 0xc6, 0x00, 0x2f, 0x70, 0xb7, 0xb9, 0xa3, 0xdc, 0x60, 0x16,
    0x68, 0xd1, 0x98, 0x80, 0xcd, 0x11, 0xf7, 0x4f, 0xdd, 0x6a, 0x77, 0x40, 0x51, 0x40, 0xfd, 0x10,
    0xc7, 0x3d, 0x82, 0x0b, 0xff, 0x9c, 0x00, 0xdb, 0xfd, 0x82, 0x15, 0xae, 0x20, 0x1c, 0x97, 0xa2,
    0x03, 0x40, 0x03, 0x30, 0x00, 0x88, 0x00, 0xa8, 0x83, 0xb8, 0x03, 0x2e, 0x11, 0x47, 0x32, 0x44,
    0x4e, 0x85, 0x4a, 0xfc, 0x76, 0x4c, 0xb2, 0x63, 0x18, 0x14, 0xff, 0xfc, 0x48, 0x12, 0x5f, 0xb1,
    0x1b, 0x30, 0x36, 0x82, 0x19, 0x55, 0xb0, 0x00, 0x80, 0x0b, 0xfc, 0xcd, 0xd0, 0x01, 0x67, 0xc4,
    0x26, 0x51, 0x0f, 0xe2, 0x01, 0xfc, 0xc5, 0x2e, 0x64, 0x01, 0xbb, 0x31, 0x4b, 0x99, 0x08, 0x05,
    0xfb, 0xa5, 0x56, 0xec, 0x20, 0x17, 0xd5, 0x0c, 0xd5, 0x50, 0x80, 0x3f, 0x2e, 0xfe, 0xd2, 0x00,
    0xfa, 0x10, 0x03, 0xe3, 0x77, 0xc5, 0x2e, 0xf8, 0x80, 0x57, 0x00, 0x2d, 0x4f, 0x00, 0xc7, 0x60,
    0x6e, 0xf8, 0xb1, 0xde, 0x23, 0x71, 0x02, 0xee, 0x92, 0xbb, 0x98, 0x00, 0xae, 0x00, 0x17, 0x71,
    0x2b, 0xa1, 0x00, 0x0f, 0xc0, 0x10, 0x88, 0x00, 0x27, 0x40, 0x04, 0xbf, 0x12, 0xfc, 0x78, 0xcb,
    0x20, 0x68, 0x71, 0x75, 0x87, 0xcc, 0x2b, 0x00, 0x1f, 0x1d, 0x48, 0xd9, 0x8a, 0x8b, 0x20, 0x01,
    0x11, 0x1e, 0xe8, 0x3a, 0xeb, 0x84, 0x02, 0x97, 0x26, 0x53, 0x83, 0x28, 0x40, 0x00, 0xa4, 0x5d,
    0xab, 0xf3, 0x73, 0xbf, 0x88, 0x70, 0x65, 0xab, 0x18, 0x00, 0xb7, 0xc4, 0x00, 0xf9, 0x98, 0x01,
    0xf8, 0xcf, 0x0d, 0x99, 0xe1, 0x00, 0x16, 0x7f, 0xd6, 0x3f, 0xf9, 0x0a, 0xc0, 0xb3, 0x3f, 0x94,
    0x81, 0x02, 0x3b, 0xaf, 0xee, 0xc8, 0x1b, 0xc1, 0x1d, 0xd1, 0xef, 0x74, 0x80, 0xd6, 0x25, 0x33,
    0x14, 0x4c, 0xa0, 0x00, 0x34, 0x0c, 0xbb, 0xa0, 0xed, 0xc5, 0x05, 0xf2, 0x60, 0x74, 0x61, 0xd4,
    0x70, 0x02, 0x79, 0xe8, 0x05, 0x30, 0x32, 0x01, 0x08, 0x95, 0x00, 0x18, 0x4f, 0x26, 0x80, 0x13,
    0x30, 0xc0, 0x1b, 0x20, 0x0a, 0x40, 0x0a, 0xa0, 0x02, 0x10, 0x0a, 0xbd, 0xc0, 0x18, 0x60, 0x94,
    0x01, 0xaf, 0x28, 0x00, 0x00, 0xfa, 0x84, 0x03, 0xe2, 0x66, 0xea, 0x66, 0xc4, 0x02, 0x95, 0xdd,
    0x21, 0xf7, 0x60, 0x4b, 0x05, 0x93, 0x3f, 0xa4, 0x91, 0xc4, 0x06, 0xb7, 0xeb, 0x5b, 0x84, 0x01,
    0x7e, 0x00, 0x15, 0xdc, 0xbc, 0x50, 0x09, 0xb8, 0x1b, 0x7d, 0x4c, 0x33, 0x68, 0x00, 0xb6, 0x20,
    0x99, 0x80, 0xcd, 0x90, 0x03, 0xf3, 0x70, 0x3e, 0x60, 0x77, 0x24, 0x00, 0xd6, 0x04, 0x0f, 0x98,
    0x1d, 0xc8, 0x00, 0x09, 0x2a, 0x03, 0xe6, 0x07, 0x72, 0x00, 0x2b, 0x60, 0x03, 0xe6, 0x07, 0x72,
    0x40, 0x02, 0xb2, 0x01, 0xc6, 0x13, 0x04, 0x03, 0x82, 0x0f, 0x00, 0x0d, 0x18, 0xd8, 0x00, 0x01,
    0x22, 0xc0, 0xc6, 0x0a, 0x40, 0x11, 0x77, 0x58, 0xe1, 0x2d, 0x20, 0x18, 0x6f, 0x3c, 0x19, 0xad,
    0xd0, 0xd8, 0x00, 0xba, 0xfa, 0xc4, 0x3d, 0x5b, 0xa0, 0x02, 0xb5, 0xa5, 0x00, 0x1c, 0x44, 0x60,
    0x07, 0xc0, 0xbc, 0xcd, 0x43, 0x70, 0x29, 0xb9, 0xb6, 0xff, 0xe1, 0xad, 0xc2, 0x22, 0x51, 0x19,
    0x09, 0x98, 0x14, 0xca, 0x8c, 0x1a, 0xa9, 0x29, 0x54, 0x38, 0xaa, 0x30, 0x01, 0x7b, 0x8e, 0x9d,
    0xc3, 0xce, 0xe2, 0x00, 0x0d, 0x19, 0x65, 0x10, 0x08, 0x85, 0x50, 0x04, 0x9e, 0xc6, 0x01, 0x38,
    0x15, 0x80, 0x26, 0x51, 0x00, 0x09, 0x2f, 0xb6, 0xc0, 0x11, 0xaa, 0x01, 0xa7, 0xfb, 0x8e, 0x00,
    0x00, 0x19, 0xe0, 0x80, 0x03, 0x08, 0x04, 0x31, 0x32, 0xc5, 0x08, 0x9c, 0x11, 0x00, 0x0d, 0xe7,
    0x51, 0x61, 0x0e, 0xa2, 0x80, 0x05, 0x1b, 0x74, 0x00, 0xd6, 0xc1, 0xb0, 0x16, 0x90, 0x47, 0x07,
    0x95, 0x27, 0x82, 0x5f, 0x9b, 0xea, 0x0a, 0xdc, 0x3c, 0x03, 0x49, 0x76, 0x30, 0x20, 0x55, 0x01,
    0x40, 0x80, 0x36, 0xb1, 0x3a, 0x00, 0x0f, 0x72, 0x00, 0x35, 0x99, 0x44, 0x93, 0xbb, 0x72, 0x40,
    0x0c, 0xcc, 0xc5, 0x8f, 0x19, 0xbb, 0x80, 0x12, 0xee, 0x40, 0xa8, 0xf9, 0x2c, 0x00, 0x78, 0xc8,
    0x6c, 0x21, 0x80, 0x3a, 0xf6, 0xaf, 0x23, 0xfb, 0x34, 0x03, 0x5e, 0xe8, 0xf2, 0xd0, 0x1b, 0x00,
    0x00, 0x00, 0xd4, 0x80, 0x1f, 0x8d, 0x54, 0x01, 0xd1, 0x18, 0xa6, 0x23, 0x03, 0x88, 0x1a, 0x80,
    0x42, 0xe0, 0x08, 0x8f, 0xc0, 0x1f, 0xfc, 0x24, 0x4f, 0xc0, 0x14, 0xc4, 0x7a, 0x40, 0x2d, 0xcc,
    0xf6, 0x80, 0x7f, 0xf3, 0x7f, 0xbb, 0xde, 0x01, 0x67, 0xff, 0xb4, 0x01, 0xa4, 0x23, 0xe3, 0xe0,
    0x00, 0xff, 0xe1, 0x17, 0xff, 0xfe, 0x22, 0x7f, 0xf1, 0xcf, 0xff, 0x10, 0x07, 0x8d, 0x00, 0x3f,
    0x3e, 0xec, 0x1f, 0xbb, 0x50, 0x06, 0xf4, 0xcc, 0x76, 0x65, 0x42, 0x01, 0xc2, 0x3f, 0x80, 0x3c,
    0x4a, 0xbe, 0xf0, 0x0f, 0x36, 0x67, 0x88, 0x03, 0xc9, 0x33, 0xed, 0x00, 0xff, 0xe4, 0x2d, 0xdf,
    0xc0, 0x1e, 0x78, 0x8f, 0x28, 0x07, 0x4d, 0x99, 0xfa, 0x64, 0x00, 0x00, 0x42, 0x00, 0x50, 0x60,
    0x1c, 0xcc, 0x00, 0x98, 0x80, 0x26, 0x90, 0xa8, 0x15, 0x09, 0x88, 0xa8, 0x63, 0x98, 0x39, 0xfb,
    0x9e, 0xe1, 0x6c, 0xc3, 0x76, 0x96, 0x68, 0x40, 0x3b, 0xa0, 0xc0, 0x23, 0x09, 0x98, 0xe5, 0x38,
    0xc0, 0xc0, 0x1b, 0x98, 0x00, 0x0c, 0xf0, 0x8c, 0x08, 0xaa, 0x30, 0x02, 0x3c, 0xbb, 0x80, 0x3f,
    0x5c, 0x88, 0x81, 0x56, 0x30, 0x08, 0x44, 0x44, 0x0d, 0xff, 0x20, 0x00, 0x48, 0x97, 0xab, 0x35,
    0x50, 0x82, 0xff, 0x99, 0x40, 0x08, 0x50, 0x09, 0x5c, 0x03, 0xc5, 0xa4, 0x5b, 0x80, 0xe5, 0x00,
    0x25, 0xee, 0x58, 0x2e, 0x7f, 0x28, 0x05, 0x79, 0x89, 0x07, 0xec, 0x70, 0x0c, 0x28, 0xf0, 0x04,
    0x40, 0x05, 0x19, 0x2c, 0xff, 0xb8, 0xdf, 0x32, 0x52, 0x26, 0x75, 0xcc, 0x37, 0xf7, 0x5e, 0x20,
    0xd9, 0x90, 0xf6, 0xf7, 0x28, 0x40, 0x06, 0xdb, 0x9d, 0xbb, 0x58, 0x80, 0x67, 0x99, 0xf6, 0x00,
    0x73, 0x66, 0x78, 0x80, 0x3f, 0xf8, 0xcd, 0xbb, 0xe5, 0x00, 0xcf, 0x93, 0x3e, 0xd8, 0x00, 0x00,
    0x22, 0x7f, 0x84, 0x02, 0xb8, 0x85, 0xc4, 0x2e, 0x21, 0x66, 0x01, 0xb3, 0x01, 0x98, 0x1d, 0xc1,
    0x00, 0xff, 0xff, 0x80, 0x7f, 0xf3, 0x57, 0x03, 0x30, 0x19, 0x81, 0xcc, 0x0f, 0xb3, 0xc5, 0xc4,
    0x2e, 0x21, 0x73, 0x17, 0x28, 0x02, 0x00, 0xce, 0x60, 0x1f, 0x5e, 0xb0, 0x14, 0x32, 0x27, 0x00,
    0x27, 0xb0, 0x60, 0xfe, 0xbf, 0xbe, 0x40, 0x23, 0xa7, 0x76, 0xd0, 0x75, 0x1a, 0x80, 0x62, 0x27,
    0x8a, 0x87, 0x87, 0x50, 0x04, 0xfe, 0x04, 0x48, 0xb1, 0x66, 0x10, 0x16, 0xeb, 0x15, 0xf2, 0xd6,
    0xaa, 0x40, 0x38, 0xa1, 0xae, 0xc6, 0x01, 0xcc, 0x78, 0x89, 0x6b, 0x59, 0xff, 0x7b, 0x76, 0xb1,
    0x00, 0x0c, 0xe8, 0x66, 0x0f, 0x79, 0xc0, 0x3f, 0xf8, 0x82, 0x6e, 0x46, 0x0a, 0xa3, 0x32, 0x89,
    0x8a, 0xf8, 0x57, 0x94, 0x40, 0xbe, 0x87, 0xd4, 0xbd, 0xdf, 0xd4, 0xf7, 0xff, 0xea, 0x10, 0x22,
    0xf8, 0x40, 0x1d, 0x33, 0xed, 0x00, 0x1f, 0xff, 0x84, 0x01, 0xac, 0xde, 0xc0, 0x01, 0xa2, 0x7b,
    0x80, 0x17, 0xff, 0xe5, 0x00, 0x45, 0xdf, 0xc0, 0x1f, 0xfa, 0xbb, 0xbd, 0x00, 0x0b, 0xff, 0xf4,
    0x06, 0x28, 0x8f, 0x9a, 0xc0, 0x00, 0xf3, 0xa8, 0x07, 0xd1, 0x1d, 0x5d, 0x11, 0xc0, 0x0e, 0xee,
    0x3c, 0xee, 0xe0, 0x03, 0x28, 0x8e, 0x01, 0x19, 0x58, 0x02, 0x6b, 0x11, 0x48, 0x8d, 0x68, 0x01,
    0xff, 0xd6, 0x11, 0xf0, 0x07, 0xe2, 0x2f, 0x38, 0x07, 0xc4, 0x5e, 0x70, 0x0f, 0x84, 0x7c, 0xe0,
    0x11, 0x2e, 0x01, 0x9f, 0x83, 0x54, 0x87, 0x01, 0x73, 0x3c, 0x47, 0x82, 0x00, 0xac, 0x03, 0xff,
    0x20, 0x01, 0x7b, 0xbb, 0x40, 0x3c, 0x69, 0xff, 0x61, 0x9a, 0xec, 0x19, 0x60, 0x01, 0x18, 0xc0,
    0xbf, 0x42, 0x3c, 0x1e, 0x66, 0x80, 0x14, 0xe0, 0x64, 0x01, 0xcc, 0xbc, 0x02, 0x40, 0xe1, 0x06,
    0x55, 0x9c, 0x00, 0xaa, 0x0b, 0xa0, 0x13, 0x39, 0x40, 0x11, 0x60, 0xfa, 0x0b, 0xff, 0x40, 0x32,
    0x10, 0x01, 0x81, 0x33, 0x2d, 0x07, 0x80, 0x0f, 0xf8, 0x44, 0x01, 0xc9, 0x99, 0x68, 0x07, 0xe5,
    0xee, 0xa0, 0x03, 0x68, 0x01, 0xac, 0x8a, 0x4e, 0x00, 0xe1, 0x23, 0x45, 0x78, 0x00, 0x8f, 0x33,
    0xa7, 0x48, 0x96, 0x01, 0x14, 0x44, 0x8b, 0xda, 0x62, 0xe2, 0x01, 0x6e, 0xcc, 0x3b, 0xbc, 0x40,
    0x2f, 0xfe, 0x11, 0x67, 0xff, 0x28, 0x80, 0x8b, 0x9d, 0xc2, 0x3f, 0x00, 0xbb, 0x80, 0x45, 0xff,
    0xc2, 0xe2, 0x00, 0x67, 0x5d, 0xde, 0xfa, 0x00, 0xa2, 0xdd, 0x7b, 0xba, 0xc0, 0x24, 0x3f, 0xd4,
    0xbb, 0xe8, 0x00, 0x92, 0xc8, 0x1e, 0xef, 0xa0, 0x03, 0xe6, 0xff, 0xeb, 0x00, 0xf9, 0xb7, 0x7c,
    0x01, 0xe4, 0xc9, 0x9e, 0xbe, 0x00, 0x00, 0xf2, 0xb8, 0x07, 0xcf, 0x33, 0xd7, 0x33, 0x9c, 0x00,
    0x79, 0x98, 0x13, 0x33, 0x18, 0x01, 0x1e, 0x7b, 0x84, 0x9d, 0xc9, 0x64, 0x00, 0x84, 0x26, 0x59,
    0xd3, 0x20, 0x70, 0x0e, 0x2a, 0xaf, 0x10, 0x07, 0xc2, 0x3e, 0x00, 0xf8, 0xee, 0xfc, 0x60, 0x1e,
    0x3b, 0xbf, 0x18, 0x04, 0x2f, 0x67, 0xdd, 0xe3, 0xd7, 0x20, 0x1e, 0xbf, 0x01, 0x17, 0xf5, 0xf8,
    0x98, 0xb2, 0xfa, 0x93, 0x33, 0x16, 0x81, 0xc4, 0x2f, 0xfd, 0x8a, 0x00, 0x4c, 0xfc, 0xd1, 0x0b,
    0xc6, 0x10, 0x0e, 0x3a, 0xc1, 0x00, 0xe2, 0x2f, 0x83, 0x7b, 0x98, 0x3b, 0xdd, 0xbe, 0x40, 0xbf,
    0x44, 0x07, 0x33, 0x48, 0x04, 0x22, 0x00, 0x8c, 0xf1, 0x00, 0x5d, 0x80, 0x01, 0xff, 0x67, 0xd1,
    0x00, 0x3b, 0x00, 0x03, 0x98, 0x3f, 0xc9, 0x00, 0x10, 0x80, 0x44, 0x40, 0x62, 0x20, 0x87, 0x78,
    0x00, 0x7f, 0xc5, 0x7f, 0xe4, 0x0c, 0xe0, 0x00, 0xee, 0xa5, 0xb7, 0x4a, 0x04, 0xc0, 0x1c, 0x46,
    0x01, 0xba, 0x1c, 0x03, 0x22, 0x8a, 0x28, 0x66, 0x28, 0x81, 0xe9, 0x92, 0x70, 0xfc, 0x02, 0xa3,
    0xef, 0x6b, 0x46, 0x40, 0x0d, 0x1b, 0x2a, 0x22, 0xce, 0x20, 0x02, 0x33, 0xff, 0x10, 0x02, 0xba,
    0x3f, 0x62, 0x19, 0x10, 0xea, 0x00, 0xaa, 0xe1, 0x6e, 0xc5, 0x56, 0xa0, 0x1b, 0x5f, 0x59, 0xdc,
    0x6c, 0xe6, 0x01, 0x66, 0x87, 0x50, 0x02, 0x40, 0x19, 0x80, 0x03, 0x99, 0xc4, 0x41, 0x0f, 0xdb,
    0x10, 0x03, 0x7f, 0x73, 0x27, 0x47, 0x67, 0x54, 0x00, 0xb6, 0x5d, 0x28, 0x6c, 0xbe, 0x40, 0x18,
    0x59, 0x40, 0x31, 0x10, 0xc0, 0x33, 0x05, 0x88, 0x05, 0x42, 0xc0, 0x11, 0xce, 0x15, 0x00, 0x11,
    0xb2, 0xd0, 0x13, 0x6c, 0xa2, 0x00, 0x75, 0x43, 0xe9, 0x25, 0xc5, 0x00, 0x18, 0x1e, 0x20, 0x1e,
    0x10, 0x90, 0x06, 0xaa, 0x10, 0x04, 0x20, 0x00, 0x92, 0x40, 0x34, 0x28, 0x06, 0x12, 0x77, 0x31,
    0x11, 0x59, 0x84, 0x20, 0x04, 0x98, 0x5d, 0xd4, 0xf2, 0xc4, 0xa0, 0x01, 0x7f, 0xb8, 0x65, 0xdd,
    0xbd, 0x40, 0x22, 0x29, 0x90, 0x8b, 0x80, 0x03, 0x1d, 0xfc, 0x22, 0xff, 0xdd, 0x02, 0x2d, 0xd7,
    0x34, 0x6e, 0xfc, 0x20, 0xaa, 0xd0, 0xb9, 0x9e, 0xf5, 0x00, 0xa9, 0x8b, 0xff, 0xad, 0x80, 0x03,
    0x6d, 0x20, 0x89, 0xdc, 0x01, 0x11, 0xe3, 0x9e, 0xef, 0x28, 0x04, 0x70, 0x00, 0x39, 0x9e, 0xb0,
    0x0f, 0x8e, 0xab, 0xb0, 0x03, 0xc7, 0x93, 0x3d, 0x7a, 0x00, 0x00, 0x48, 0x80, 0x7f, 0x89, 0xc4,
    0x02, 0x38, 0x8c, 0xc0, 0x83, 0xbb, 0x5b, 0x27, 0xf8, 0xb0, 0x2e, 0x95, 0x32, 0x81, 0x9d, 0xde,
    0x0a, 0x2b, 0xe0, 0x22, 0x00, 0xf2, 0x79, 0x78, 0x11, 0x00, 0x3c, 0x9b, 0x8c, 0xf9, 0x8d, 0x00,
    0xe5, 0xee, 0x24, 0x77, 0x34, 0x03, 0xf3, 0xd9, 0x00, 0x7f, 0x18, 0x5f, 0x08, 0x07, 0xef, 0xa6,
    0x4d, 0x36, 0x6b, 0x00, 0x12, 0x0e, 0x11, 0x66, 0x3f, 0xe2, 0x04, 0x5d, 0x00, 0x9c, 0x6a, 0x65,
    0x18, 0x98, 0x20, 0x19, 0x1c, 0x00, 0x6c, 0x02, 0x70, 0x08, 0x8b, 0xe1, 0x07, 0xe0, 0x0a, 0xfb,
    0xbc, 0xa1, 0x8f, 0xba, 0xa9, 0xcc, 0xf2, 0x02, 0x69, 0x65, 0x9d, 0x57, 0x40, 0x23, 0x18, 0x08,
    0x98, 0x7b, 0xad, 0x30, 0x5f, 0x30, 0x33, 0x00, 0xa2, 0x46, 0x00, 0x4f, 0xf0, 0x44, 0x00, 0x4c,
    0xe2, 0x00, 0x2d, 0xf1, 0x5d, 0x84, 0x22, 0x2d, 0x30, 0x09, 0xc9, 0x41, 0x32, 0xae, 0xc5, 0x40,
    0x17, 0xbc, 0x10, 0x73, 0x81, 0x39, 0x00, 0x0d, 0x26, 0xa0, 0x37, 0x40, 0xac, 0x00, 0x1f, 0x81,
    0x79, 0x41, 0x24, 0xae, 0x42, 0x22, 0x30, 0x01, 0xfb, 0xcf, 0x9f, 0x39, 0x80, 0x1a, 0xaf, 0xfc,
    0x22, 0xff, 0xb5, 0x7f, 0xfe, 0x10, 0x55, 0xbd, 0x57, 0xf0, 0x06, 0x16, 0x90, 0x0f, 0xfa, 0x54,
    0xc0, 0x3f, 0xc6, 0xe9, 0xff, 0xf2, 0x00, 0x07, 0x86, 0x3f, 0xfc, 0x40, 0x02, 0xd4, 0x70, 0x0f,
    0xf3, 0x24, 0x80, 0x7f, 0xc9, 0x00, 0x1f, 0xfc, 0x49, 0xdd, 0xf1, 0x00, 0x79, 0xbf, 0xfc, 0x40,
    0x1d, 0x12, 0x45, 0xec, 0x40, 0x00, 0xfc, 0x36, 0x01, 0x8f, 0xbf, 0xdd, 0x80, 0x12, 0x80, 0x63,
    0xe7, 0x8e, 0xc0, 0x40, 0x09, 0x80, 0x32, 0x20, 0x00, 0x70, 0x01, 0x6a, 0x80, 0x08, 0x4c, 0x00,
    0xaa, 0x00, 0xbe, 0x40, 0x14, 0x77, 0x65, 0xcc, 0x00, 0x48, 0x45, 0x31, 0x79, 0x6a, 0x20, 0x03,
    0x58, 0x52, 0xba, 0x77, 0xf8, 0x40, 0x26, 0x22, 0x54, 0x00, 0x61, 0x00, 0x18, 0xd9, 0x81, 0x00,
    0x7c, 0x3b, 0x6e, 0x80, 0x13, 0x4d, 0x80, 0x43, 0x63, 0x60, 0x18, 0x72, 0x50, 0xe3, 0xce, 0xc4,
    0x02, 0x29, 0x55, 0x27, 0x06, 0x40, 0x07, 0x0a, 0x80, 0x1f, 0x60, 0x80, 0x38, 0x4f, 0xfd, 0x32,
    0xff, 0xf1, 0x27, 0xad, 0x7c, 0xcc, 0xdf, 0xa5, 0xe4, 0x00, 0x77, 0x00, 0x7f, 0xc6, 0x24, 0x01,
    0xff, 0x58, 0xdd, 0x90, 0x03, 0xf0, 0xb3, 0xf8, 0x97, 0x4b, 0x76, 0x97, 0x33, 0x99, 0x21, 0x07,
    0xc3, 0xfe, 0x17, 0xb3, 0xd8, 0x06, 0x1f, 0xf0, 0x88, 0x04, 0x04, 0xc0, 0x38, 0xcc, 0x01, 0xf2,
    0x4a, 0x00, 0xaa, 0x80, 0x3e, 0x7c, 0x94, 0x64, 0x10, 0x0f, 0x3f, 0xaa, 0x8e, 0xa0, 0x03, 0xe2,
    0x40, 0x00, 0xe9, 0x00, 0x0b, 0xc0, 0x00, 0x00, 0xfe, 0xb0, 0x0c, 0x9d, 0xfe, 0xe6, 0x00, 0x94,
    0x03, 0x27, 0x2d, 0x73, 0x44, 0xc8, 0x66, 0x61, 0x00, 0x23, 0x80, 0x17, 0xf0, 0x73, 0xdc, 0x40,
    0xc8, 0x80, 0x13, 0xa8, 0x29, 0x20, 0x02, 0x86, 0xec, 0x20, 0x88, 0x04, 0x1e, 0x02, 0x77, 0x7b,
    0x00, 0x2b, 0x93, 0xa7, 0x01, 0x4c, 0x90, 0x00, 0x6b, 0xf5, 0x40, 0xb0, 0x5b, 0x00, 0xe9, 0x80,
    0x50, 0x30, 0x23, 0x00, 0x88, 0x86, 0x95, 0x1e, 0x01, 0x92, 0x4d, 0x14, 0x2d, 0x58, 0xc0, 0x33,
    0xe5, 0xe6, 0xa7, 0xc0, 0x59, 0x80, 0x1b, 0xd5, 0x1c, 0x63, 0x9e, 0xf3, 0x4c, 0x0d, 0x00, 0x71,
    0x70, 0xc0, 0x0f, 0xc6, 0x00, 0xfe, 0xa0, 0x0c, 0x79, 0x99, 0x95, 0x50, 0xea, 0xb0, 0x17, 0xbd,
    0xf8, 0x4e, 0x33, 0xe6, 0x2c, 0x44, 0x6c, 0xa6, 0x64, 0xc2, 0xcf, 0x93, 0x00, 0x09, 0x90, 0x2d,
    0x5a, 0x0d, 0xac, 0x08, 0x38, 0x55, 0x0f, 0xcc, 0x74, 0x33, 0x40, 0x1a, 0xbc, 0xfe, 0x2f, 0x3c,
    0xd3, 0x00, 0x88, 0x24, 0x1e, 0x94, 0xc9, 0x5c, 0xa0, 0x16, 0x00, 0xe4, 0xc9, 0x5c, 0xa0, 0x5d,
    0x00, 0xe7, 0xaf, 0x5a, 0x80, 0x09, 0x28, 0x80, 0x0d, 0x1c, 0x51, 0x40, 0x13, 0x75, 0x10, 0x3a,
    0x68, 0xa2, 0x08, 0x1b, 0xd1, 0x00, 0x01, 0xe0, 0x5e, 0xe0, 0x81, 0x20, 0x04, 0x99, 0x11, 0xc6,
    0x00, 0x55, 0xdf, 0xea, 0x00, 0xdd, 0xdf, 0xe0, 0x0c, 0x8a, 0xbf, 0x90, 0x00, 0x2a, 0xbf, 0xf8,
    0x4f, 0xbb, 0xa2, 0x1d, 0xdc, 0x65, 0x77, 0xca, 0x97, 0x7c, 0x40, 0x15, 0x90, 0x06, 0x2a, 0x00,
    0xe6, 0x72, 0x00, 0xc4, 0x30, 0x01, 0x0c, 0x40, 0x03, 0xd2, 0xc4, 0x03, 0xae, 0x80, 0x1e, 0x27,
    0x80, 0x25, 0x90, 0x08, 0x40, 0x35, 0x80, 0x0e, 0x40, 0x1b, 0xed, 0x80, 0x11, 0x50, 0x07, 0x67,
    0x7a, 0x80, 0x78, 0x00, 0x14, 0x00, 0x45, 0x00, 0x1f, 0x12, 0x30, 0x00, 0x54, 0x03, 0xca, 0xa4,
    0xc5, 0x00, 0xfe, 0xcc, 0x08, 0xac, 0x40, 0x3f, 0x4c, 0xc3, 0x02, 0x01, 0xfe, 0x71, 0x60, 0x0f,
    0xf3, 0x43, 0x08, 0x07, 0xf4, 0x59, 0x3e, 0x88, 0x07, 0xca, 0x78, 0xdc, 0x8c, 0x01, 0xf2, 0xd8,
    0x80, 0x21, 0xc0, 0x39, 0x8c, 0x03, 0xff, 0x7b, 0x00, 0x7c, 0x26, 0x86, 0x64, 0x60, 0x0f, 0x89,
    0xbe, 0x21, 0x46, 0x01, 0x52, 0x00, 0x51, 0x77, 0x38, 0x00, 0x00, 0x32, 0x00, 0x75, 0x90, 0x07,
    0x2d, 0x10, 0x06, 0x50, 0x0c, 0x2a, 0xc8, 0x83, 0x00, 0xfc, 0x79, 0x83, 0xbb, 0x00, 0x7e, 0x29,
    0x95, 0x84, 0xaa, 0xc0, 0xab, 0x08, 0x00, 0x7a, 0x07, 0x3f, 0xc3, 0xbf, 0xe0, 0x00, 0xd1, 0x90,
    0x4d, 0x50, 0x62, 0xa8, 0x25, 0xae, 0x57, 0x00, 0x1f, 0x92, 0xfc, 0x77, 0x80, 0x3f, 0x33, 0x80,
    0x05, 0x80, 0x3f, 0xf9, 0xe8, 0xef, 0x05, 0x3b, 0x8c, 0x03, 0x87, 0xba, 0x71, 0xee, 0x38, 0x00,
    0xf4, 0x16, 0x67, 0xe4, 0x00, 0x2a, 0x00, 0x7f, 0xe6, 0xa2, 0x08, 0xff, 0xe4, 0x01, 0x56, 0x45,
    0x30, 0x8f, 0xf8, 0xc0, 0x07, 0x98, 0x3a, 0xb0, 0x0f, 0xc5, 0x32, 0xb0, 0x90, 0xc8, 0x88, 0x40,
    0x30, 0xf4, 0x08, 0x03, 0xba, 0x00, 0xc3, 0x46, 0x40, 0x0c, 0x66, 0x84, 0x00, 0x5a, 0xe5, 0x6e,
    0x01, 0xf9, 0x2f, 0xc7, 0x40, 0x11, 0xff, 0x18, 0x01, 0x9c, 0x00, 0x2e, 0x11, 0xff, 0x18, 0x07,
    0xff, 0x20, 0x54, 0xb5, 0x56, 0x1c, 0x20, 0x0c, 0x7e, 0x00, 0xff, 0x9c, 0x9c, 0x00, 0x7a, 0x55,
    0x5f, 0x94, 0x00, 0x31, 0x80, 0x7f, 0xe2, 0xe1, 0x0c, 0xcf, 0x40, 0x0a, 0x8b, 0x39, 0x1f, 0x76,
    0xb2, 0x03, 0xcc, 0x14, 0x38, 0x11, 0x70, 0x00, 0xa6, 0x5a, 0x48, 0x01, 0xfe, 0x19, 0xf0, 0x02,
    0x26, 0xd0, 0x08, 0x68, 0x94, 0x56, 0x63, 0xe8, 0xb4, 0x07, 0x5c, 0xa9, 0xa9, 0xea, 0x4e, 0x9c,
    0x15, 0x5e, 0x3c, 0x20, 0x24, 0x01, 0xc9, 0x20, 0x02, 0x70, 0x55, 0x00, 0x7f, 0xcc, 0xa2, 0x01,
    0x2a, 0x00, 0x72, 0x44, 0x00, 0x31, 0x18, 0x06, 0x4a, 0xa1, 0x81, 0x9b, 0x65, 0x00, 0x07, 0xa9,
    0xc8, 0x00, 0x1e, 0xce, 0x30, 0x00, 0x31, 0x80, 0x61, 0xb0, 0x0e, 0x2e, 0x10, 0x0c, 0xa0, 0x10,
    0xa8, 0xbb, 0x8a, 0x22, 0x18, 0x88, 0xf3, 0x07, 0x0e, 0xee, 0xe0, 0xf7, 0xb1, 0x4c, 0xb4, 0x94,
    0x59, 0x80, 0xcc, 0x00, 0x86, 0x7c, 0x06, 0xac, 0x6a, 0xc0, 0x03, 0x44, 0xe0, 0x0e, 0xf1, 0xef,
    0x02, 0xd6, 0x49, 0x41, 0x44, 0x02, 0x20, 0x1d, 0x20, 0xb8, 0x45, 0x74, 0x37, 0x40, 0xb0, 0x00,
    0x35, 0x28, 0xf1, 0x8f, 0x50, 0x0f, 0x69, 0xa8, 0x1a, 0x58, 0x07, 0xff, 0x41, 0x20, 0x03, 0x0f,
    0x80, 0x40, 0x00, 0xa1, 0x00, 0x0e, 0x01, 0xf8, 0xde, 0x32, 0xf3, 0x77, 0x30, 0x00, 0xba, 0xf6,
    0x83, 0x9f, 0x38, 0xd0, 0x07, 0xe3, 0x2e, 0xd0, 0xae, 0xbf, 0x04, 0x03, 0x27, 0x0c, 0x86, 0x13,
    0x6a, 0xc0, 0x12, 0x76, 0x96, 0x2a, 0x84, 0xd4, 0x40, 0x23, 0x47, 0x8f, 0xfd, 0x69, 0xec, 0x09,
    0xd5, 0x6f, 0x77, 0x9a, 0x6e, 0x91, 0x19, 0x79, 0x97, 0xfb, 0x32, 0x8f, 0x40, 0x1d, 0xfb, 0xd9,
    0x7d, 0x8c, 0xd3, 0x00, 0x8f, 0xcc, 0x03, 0x6e, 0x10, 0x04, 0xfb, 0x2a, 0x01, 0xa2, 0xf0, 0xc0,
    0x07, 0x88, 0x5b, 0x3e, 0x00, 0x6a, 0x00, 0x90, 0x80, 0xb3, 0xd8, 0x02, 0x43, 0x00, 0x00, 0x9d,
    0x00, 0x33, 0x28, 0x06, 0x55, 0x66, 0xa9, 0x2a, 0xb3, 0xd5, 0x40, 0x0d, 0xc4, 0x5d, 0x1d, 0xc5,
    0x4d, 0xd0, 0x02, 0x00, 0x44, 0x07, 0x06, 0x46, 0x10, 0x00, 0x83, 0x7b, 0x05, 0xa2, 0x5a, 0x28,
    0x03, 0x2a, 0x00, 0x40, 0x6c, 0x00, 0x28, 0x48, 0xe8, 0xf8, 0x5c, 0x81, 0xfc, 0x16, 0x48, 0x03,
    0xff, 0x84, 0x2c, 0xa2, 0x3f, 0x8d, 0x84, 0x04, 0x7b, 0x68, 0x47, 0x80, 0x5d, 0xad, 0x5f, 0x15,
    0xc7, 0x59, 0xc4, 0x0f, 0x28, 0x80, 0x33, 0x6e, 0x10, 0x0c, 0x4b, 0x33, 0x27, 0xc0, 0x0f, 0x16,
    0x03, 0x68, 0x0f, 0xde, 0xc0, 0x12, 0xc8, 0x00, 0x00, 0xf0, 0x9a, 0xbd, 0x18, 0x04, 0x79, 0xbb,
    0x7f, 0x60, 0x78, 0x80, 0x47, 0xb9, 0xba, 0x6a, 0x97, 0x52, 0x00, 0x0d, 0xd5, 0x2e, 0xcb, 0x57,
    0x7c, 0x22, 0x88, 0xb5, 0x59, 0x8b, 0xb1, 0x10, 0x81, 0x99, 0x2f, 0x4f, 0x2a, 0xd0, 0xcc, 0x02,
    0xdb, 0xac, 0x3f, 0x14, 0xcd, 0xd3, 0x89, 0x62, 0xb6, 0xe5, 0xd6, 0x25, 0x77, 0x00, 0xea, 0x7a,
    0xdf, 0xb8, 0x20, 0x43, 0x22, 0x00, 0x12, 0xcd, 0x23, 0x6e, 0xe6, 0x88, 0x06, 0x55, 0x38, 0x0d,
    0xdb, 0x88, 0x40, 0x27, 0xba, 0x10, 0x0c, 0x8c, 0x01, 0x66, 0x35, 0x00, 0x2d, 0xe8, 0xf0, 0x0b,
    0x2c, 0xc0, 0x36, 0xf7, 0x10, 0x00, 0x00, 0xc4, 0xc2, 0x00, 0x50, 0x0c, 0x2f, 0x5b, 0xfe, 0x30,
    0x3b, 0x00, 0xc2, 0x2e, 0x68, 0x92, 0x05, 0x50, 0x07, 0x32, 0x08, 0x06, 0xf3, 0x00, 0xc5, 0x98,
    0x48, 0xc8, 0x04, 0xc0, 0x0c, 0x5d, 0xe2, 0xfd, 0x44, 0x45, 0x00, 0xe2, 0x40, 0x74, 0x24, 0x40,
    0xd1, 0x80, 0x45, 0x49, 0x14, 0x99, 0x80, 0xd9, 0x00, 0xa6, 0xc4, 0x3d, 0x91, 0x00, 0xc8, 0x20,
    0xe0, 0xc0, 0x03, 0x73, 0x30, 0x0a, 0x30, 0x2d, 0x00, 0x6e, 0x44, 0x3c, 0xbd, 0x01, 0x08, 0x04,
    0x48, 0xff, 0xdf, 0x26, 0x60, 0x0e, 0x2d, 0xeb, 0x96, 0x48, 0x10, 0x0a, 0xd4, 0x08, 0x03, 0x98,
    0x80, 0x00, 0x85, 0x54, 0x01, 0x50, 0x80, 0x43, 0x5b, 0xde, 0x01, 0x9c, 0x03, 0x0c, 0xe1, 0x42,
    0x80, 0x46, 0x01, 0xc6, 0x20, 0x1a, 0x00, 0x34, 0x01, 0xdd, 0x8b, 0xad, 0x14, 0x00, 0x28, 0x80,
    0x2f, 0xd0, 0xbf, 0x27, 0x01, 0x0e, 0xa0, 0x14, 0xf0, 0xb5, 0xdf, 0x20, 0x47, 0x60, 0x01, 0x29,
    0x25, 0xca, 0xb8, 0x17, 0x80, 0x53, 0x20, 0xa9, 0x20, 0xc5, 0xc2, 0x00, 0x33, 0xa8, 0x00, 0xc0,
    0x5e, 0x1c, 0x80, 0x0b, 0xc0, 0x1d, 0x0e, 0x55, 0x00, 0x03, 0x20, 0x0c, 0xe9, 0x00, 0xed, 0x00,
    0x1e, 0x6b, 0xf1, 0x00, 0x69, 0xa8, 0x05, 0xe4, 0xd8, 0x40, 0x10, 0xda, 0x80, 0x00, 0x85, 0x4c,
    0x02, 0x92, 0x00, 0x8a, 0x73, 0xbd, 0xc0, 0x24, 0x10, 0x08, 0xf7, 0xc6, 0x90, 0x03, 0xf0, 0xa0,
    0x80, 0x55, 0x98, 0x2e, 0xcc, 0x12, 0x67, 0x0e, 0x4b, 0x4f, 0x94, 0x79, 0x02, 0xf2, 0x04, 0x58,
    0x39, 0x83, 0x19, 0x80, 0x49, 0x03, 0xc8, 0x03, 0xf9, 0x18, 0x4e, 0x02, 0x9c, 0xed, 0xcc, 0x01,
    0x3c, 0x13, 0x80, 0x5c, 0x05, 0xc0, 0x08, 0x46, 0x01, 0x49, 0xb9, 0x39, 0x95, 0x1d, 0x40, 0x06,
    0x51, 0x00, 0xc8, 0x24, 0x20, 0x1f, 0xfd, 0x02, 0xf0, 0x0e, 0xc3, 0x00, 0x80, 0x00, 0x85, 0x4c,
    0x03, 0x24, 0x00, 0x06, 0x73, 0xbd, 0x82, 0x0c, 0x04, 0xc0, 0x03, 0x9e, 0x14, 0xa1, 0x7c, 0xc0,
    0x1c, 0xa6, 0x01, 0x8f, 0xf8, 0x03, 0x2e, 0x60, 0x33, 0x02, 0x05, 0x00, 0x19, 0x3a, 0xc2, 0x39,
    0x74, 0xc0, 0x38, 0x4b, 0x03, 0xcd, 0x27, 0x90, 0x03, 0x8c, 0x01, 0xb6, 0x09, 0xcc, 0x01, 0xdf,
    0xe0, 0x6e, 0x00, 0x10, 0xe3, 0x5a, 0xb3, 0x10, 0x00, 0x97, 0xdf, 0xe2, 0x1f, 0x44, 0x58, 0x06,
    0xfc, 0xec, 0xe7, 0x41, 0x21, 0x00, 0xc8, 0x40, 0x1f, 0xfc, 0xbe, 0x00, 0xf2, 0xd0, 0x00, 0x00,
    0x8d, 0xc0, 0x0a, 0xa0, 0x0f, 0x57, 0x68, 0x08, 0x3c, 0xd0, 0xbb, 0x00, 0x22, 0xd1, 0xc4, 0x0b,
    0x01, 0x2c, 0x80, 0x04, 0x20, 0x19, 0x5a, 0x9c, 0x90, 0x0a, 0xe1, 0x2d, 0x08, 0xfc, 0x29, 0x80,
    0x07, 0xec, 0x7e, 0xf2, 0x01, 0x31, 0x20, 0x0a, 0x39, 0x0b, 0x90, 0x01, 0x93, 0xf8, 0x00, 0x80,
    0x91, 0xbe, 0x07, 0x12, 0x88, 0x10, 0x8a, 0x18, 0x54, 0x05, 0x73, 0x15, 0x59, 0xcc, 0x17, 0xc8,
    0x4a, 0x00, 0x1e, 0xcf, 0x20, 0x11, 0xa4, 0x20, 0x84, 0x01, 0x14, 0x01, 0x2d, 0x28, 0x04, 0x60,
    0x1f, 0x65, 0x4b, 0xf7, 0x1d, 0x40, 0x25, 0xb0, 0x94, 0x3e, 0xeb, 0x04, 0x00, 0x00, 0x8d, 0xc4,
    0x00, 0x90, 0x01, 0x86, 0xbb, 0x7c, 0x00, 0x74, 0x2c, 0xc3, 0x01, 0x9a, 0x28, 0x16, 0xe6, 0xee,
    0x4b, 0x80, 0x0d, 0xc0, 0x0b, 0xab, 0xac, 0x6e, 0x80, 0x97, 0xe5, 0x61, 0x73, 0x1e, 0x70, 0x00,
    0x5f, 0x63, 0xf6, 0x66, 0x8b, 0x70, 0x04, 0x28, 0xe5, 0x8f, 0xfe, 0xe6, 0xf6, 0x60, 0x82, 0x31,
    0x98, 0x24, 0x3d, 0x87, 0xa4, 0xc2, 0x38, 0x25, 0xa3, 0xa2, 0x20, 0x52, 0x56, 0x60, 0x10, 0x03,
    0x3a, 0x59, 0x6c, 0x1e, 0x00, 0x22, 0x81, 0xa4, 0xbf, 0x10, 0x22, 0x00, 0x61, 0x6c, 0x7c, 0x20,
    0x0f, 0xa7, 0xfd, 0xd4, 0x20, 0x1c, 0x7c, 0x11, 0xd2, 0x60, 0x1c, 0x00, 0x85, 0x4c, 0x4c, 0xf8,
    0x80, 0xa7, 0x3b, 0xde, 0x7a, 0x22, 0xf8, 0x03, 0xde, 0x0a, 0x40, 0xab, 0xba, 0x40, 0x02, 0x84,
    0x01, 0xff, 0x26, 0x60, 0x32, 0x42, 0xea, 0xa9, 0x00, 0x2f, 0x58, 0x7d, 0xd7, 0xcc, 0xdf, 0x00,
    0x25, 0x80, 0x85, 0x57, 0x7d, 0x42, 0x06, 0x00, 0xd7, 0xee, 0x9f, 0xba, 0x00, 0x7f, 0x82, 0xc5,
    0x9a, 0x07, 0x66, 0x0b, 0x31, 0x00, 0x5a, 0xbb, 0x81, 0xfd, 0x80, 0x96, 0x01, 0xab, 0xb8, 0x1f,
    0xd8, 0x04, 0x20, 0x11, 0x19, 0xc0, 0x46, 0x61, 0x00, 0xe5, 0x88, 0x92, 0x22, 0x40, 0x0b, 0x81,
    0xee, 0xfe, 0x50, 0x00, 0x85, 0x4c, 0x00, 0x24, 0x8c, 0xe0, 0x53, 0x9d, 0xeb, 0x98, 0xdd, 0x84,
    0x80, 0xf7, 0x82, 0x92, 0x21, 0x21, 0xa6, 0x23, 0x21, 0x00, 0x1b, 0x75, 0x81, 0xbb, 0x1a, 0x66,
    0x03, 0x37, 0xb8, 0x21, 0xdd, 0x12, 0xf5, 0x87, 0xdc, 0x9e, 0x81, 0x9a, 0x40, 0x4b, 0x01, 0x08,
    0x37, 0x03, 0x74, 0x01, 0x18, 0x03, 0x5c, 0x22, 0xc2, 0x2c, 0x02, 0xff, 0x05, 0x88, 0x6f, 0x06,
    0xf0, 0x01, 0x98, 0x80, 0x2d, 0xd9, 0x80, 0xcc, 0x70, 0x25, 0x80, 0x43, 0xbb, 0x06, 0xec, 0x04,
    0x20, 0x1b, 0x32, 0x0c, 0xc8, 0x03, 0xd5, 0xbb, 0x1e, 0xec, 0xc0, 0x17, 0x05, 0xe6, 0x7c, 0xc0,
    0x00, 0x89, 0x88, 0x00, 0x54, 0x01, 0x8a, 0xb7, 0x5e, 0xf7, 0x6e, 0x5b, 0xb8, 0x4a, 0x78, 0xa5,
    0x70, 0xd4, 0x4c, 0xda, 0x20, 0x62, 0x00, 0x13, 0xcf, 0x0c, 0xc2, 0x8a, 0x6f, 0x96, 0xd6, 0xeb,
    0xdf, 0x75, 0x4a, 0x9f, 0x43, 0xf5, 0xc6, 0x7d, 0xe8, 0x05, 0x62, 0x83, 0xb9, 0x11, 0x67, 0x80,
    0x11, 0xc7, 0x54, 0x36, 0xee, 0xa0, 0x0a, 0x3c, 0xe4, 0x40, 0xbb, 0xa6, 0x00, 0x3a, 0xb0, 0x12,
    0x07, 0x22, 0x44, 0x00, 0x58, 0x00, 0xc7, 0x71, 0x12, 0x08, 0x10, 0x80, 0x6a, 0x0d, 0xbc, 0x6a,
    0x00, 0xf5, 0xc4, 0x18, 0x1f, 0xfc, 0x60, 0x02, 0xc0, 0xab, 0x40, 0x09, 0x74, 0xc0, 0x00, 0xf5,
    0x98, 0x07, 0xc6, 0x89, 0x82, 0x11, 0x31, 0x80, 0x37, 0xfb, 0xa1, 0x17, 0x75, 0xfa, 0x01, 0x4d,
    0x49, 0xd5, 0x0f, 0x2a, 0x40, 0x2c, 0x09, 0xea, 0x00, 0x47, 0xeb, 0xf8, 0x01, 0xbf, 0xda, 0x04,
    0x03, 0x3f, 0x2e, 0x00, 0x4d, 0x60, 0xa5, 0x00, 0x8b, 0x18, 0x00, 0xbf, 0xf3, 0x47, 0xfc, 0xa0,
    0x19, 0x7f, 0xe4, 0x9f, 0xf2, 0x00, 0x7e, 0x24, 0x40, 0x07, 0x08, 0x06, 0x1e, 0x62, 0x00, 0xe9,
    0x60, 0x16, 0xf6, 0x90, 0x0c, 0x44, 0x33, 0x0e, 0x6d, 0x50, 0x03, 0x6d, 0x7b, 0xa0, 0xed, 0xa0,
    0x07, 0x36, 0xeb, 0x04, 0x00, 0xea, 0x30, 0x0e, 0x11, 0xe3, 0x91, 0x1e, 0xff, 0xe7, 0x4f, 0xfe,
    0x0f, 0xee, 0x7f, 0x73, 0xfb, 0x98, 0x01, 0x0c, 0xe8, 0x02, 0xac, 0xcc, 0xb8, 0x98, 0x1a, 0x00,
    0xbd, 0xe8, 0xaa, 0x4c, 0xc2, 0x01, 0x36, 0x04, 0xc4, 0xc6, 0x67, 0xb7, 0xa0, 0x13, 0xba, 0x65,
    0xee, 0x98, 0x00, 0x24, 0x51, 0x89, 0x14, 0x20, 0x1f, 0xfc, 0x14, 0x55, 0xc4, 0x45, 0x5e, 0xdf,
    0xfc, 0x21, 0xff, 0xb0, 0x00, 0xf4, 0x28, 0x07, 0xd3, 0x3c, 0x91, 0x33, 0xc0, 0x07, 0xda, 0xa7,
    0xfb, 0xb2, 0xa9, 0xac, 0x00, 0x75, 0x0f, 0xe3, 0x36, 0x43, 0xab, 0x00, 0x2e, 0xdd, 0x19, 0x41,
    0x32, 0xfa, 0x80, 0x01, 0xfe, 0x84, 0xc8, 0x21, 0x2e, 0x04, 0x00, 0x2a, 0xd3, 0xc4, 0x4c, 0x89,
    0x30, 0x0c, 0xd2, 0x7d, 0xb3, 0xce, 0x54, 0x01, 0x9b, 0xb9, 0xa9, 0x54, 0x9a, 0x90, 0x08, 0xa5,
    0xe4, 0x37, 0x42, 0x0d, 0x00, 0x15, 0x08, 0x18, 0x2a, 0x31, 0x10, 0x1c, 0x05, 0xa8, 0x04, 0x69,
    0x64, 0xe9, 0x90, 0x8a, 0x89, 0x03, 0x33, 0x57, 0x97, 0x88, 0x00, 0xf5, 0x10, 0x07, 0xff, 0x05,
    0x40, 0x3e, 0x12, 0x2d, 0x80, 0x45, 0x84, 0x01, 0x19, 0x9a, 0x27, 0x33, 0x58, 0x02, 0x7b, 0x31,
    0xdd, 0xb3, 0x1d, 0x40, 0x1a, 0xa8, 0x01, 0xaa, 0x00, 0x3d, 0x88, 0x01, 0x93, 0x00, 0x3c, 0xa6,
    0x20, 0x01, 0x37, 0x00, 0xf0, 0x9a, 0x00, 0x10, 0xc4, 0x03, 0xe5, 0xd0, 0x07, 0xd8, 0x07, 0xec,
    0xf0, 0x14, 0x50, 0x0c, 0x51, 0x16, 0xfc, 0x58, 0x54, 0x44, 0x40, 0x1f, 0x13, 0x00, 0x70, 0x00,
    0x1a, 0x80, 0x62, 0xa0, 0x0f, 0x0d, 0x88, 0x04, 0x2e, 0x01, 0xc4, 0x0e, 0xa4, 0x01, 0xf8, 0xbf,
    0xc9, 0x3e, 0x60, 0x02, 0xdd, 0x98, 0xa7, 0xf6, 0x60, 0xc0, 0x03, 0xff, 0x38, 0x1a, 0x06, 0x18,
    0x04, 0x64, 0x50, 0x81, 0x70, 0x11, 0x00, 0x5c, 0x04, 0x60, 0x03, 0x18, 0x32, 0xbf, 0x51, 0xff,
    0xb0, 0x00, 0x4e, 0x02, 0x20, 0x7e, 0xeb, 0x40, 0x21, 0x43, 0x17, 0xf0, 0x0f, 0x8a, 0x0f, 0x43,
    0xc0, 0x3f, 0x87, 0xbf, 0x23, 0xd2, 0x22, 0x90, 0x01, 0x4a, 0x88, 0x04, 0xff, 0xf1, 0x00, 0x7e,
    0x6a, 0x77, 0xa3, 0x00, 0x00, 0xf3, 0xb0, 0x07, 0xc9, 0x77, 0xd1, 0x77, 0x94, 0x00, 0xb3, 0xed,
    0x3d, 0x92, 0xdf, 0x28, 0x04, 0xe8, 0x47, 0x48, 0x8b, 0x02, 0x47, 0x20, 0x11, 0xa7, 0xc4, 0x5d,
    0x42, 0x30, 0x13, 0xf6, 0x67, 0xee, 0x72, 0x00, 0x2f, 0xd5, 0x08, 0xea, 0x9c, 0xa0, 0x1d, 0xd1,
    0x05, 0x48, 0x87, 0x80, 0x78, 0xbf, 0xce, 0xef, 0xf1, 0x00, 0x77, 0xe1, 0x10, 0x44, 0x44, 0xc8,
    0x00, 0x93, 0xe2, 0x24, 0x78, 0x8c, 0x80, 0x04, 0xcc, 0xcc, 0xb9, 0x99, 0x01, 0x33, 0x39, 0x11,
    0x99, 0xc8, 0x00, 0x30, 0x80, 0x04, 0x0a, 0x40, 0x02, 0x01, 0x0c, 0x01, 0x60, 0x0a, 0x80, 0xf8,
    0x09, 0x21, 0x90, 0x80, 0x7e, 0x5f, 0xe7, 0xf4, 0x3a, 0x82, 0xab, 0x00, 0x24, 0x6e, 0xa9, 0xab,
    0xbe, 0xbb, 0x94, 0x00, 0xe2, 0x1a, 0x9f, 0xff, 0x90, 0x09, 0x89, 0xef, 0xfc, 0x6f, 0xff, 0x28,
    0x71, 0x31, 0x09, 0x9c, 0xe6, 0x70, 0x00, 0xbb, 0x74, 0xf6, 0x0d, 0xb2, 0x32, 0x00, 0x6d, 0x20,
    0x26, 0x56, 0x61, 0xb1, 0x81, 0x5f, 0x24, 0xf0, 0x07, 0xfb, 0xfd, 0x98, 0x00, 0xfc, 0x50, 0x82,
    0x01, 0xe1, 0x83, 0x10, 0x0e, 0x5b, 0x2b, 0x0c, 0x9f, 0x00, 0x00, 0x33, 0x00, 0x35, 0x00, 0x7d,
    0x5c, 0x89, 0x2b, 0xa2, 0x61, 0x04, 0x14, 0x8d, 0xd4, 0x3c, 0xc7, 0x70, 0xc6, 0x63, 0xc2, 0x41,
    0xea, 0x42, 0xa8, 0x41, 0x6a, 0x76, 0x19, 0x64, 0x00, 0x90, 0x00, 0xa4, 0xd6, 0x6d, 0xf7, 0x49,
    0x80, 0x11, 0x6c, 0xc7, 0xb3, 0x32, 0xa1, 0x40, 0x02, 0x6e, 0x00, 0x13, 0x13, 0x3e, 0x13, 0xff,
    0xe4, 0x7f, 0xfe, 0x22, 0x66, 0x65, 0x53, 0x2e, 0x66, 0x30, 0x0c, 0xee, 0x88, 0x2c, 0x80, 0x79,
    0x72, 0xf0, 0x87, 0x4f, 0x58, 0x40, 0x77, 0xa7, 0x08, 0x00, 0x35, 0x1b, 0xe2, 0x2d, 0xb5, 0x00,
    0xf2, 0xdf, 0x88, 0x00, 0x3a, 0x00, 0x43, 0x40, 0x1e, 0x19, 0xc6, 0x62, 0x33, 0xb3, 0x60, 0x03,
    0x11, 0xd0, 0x94, 0xad, 0x68, 0x8c, 0x73, 0xd2, 0x4d, 0xad, 0x1e, 0xce, 0xe1, 0x2d, 0x27, 0x91,
    0x98, 0x03, 0xa3, 0x00, 0x09, 0x8d, 0xa0, 0x98, 0x8d, 0x8c, 0x20, 0x15, 0x2b, 0xff, 0xf2, 0x5f,
    0x98, 0x42, 0x0a, 0x76, 0x77, 0x49, 0x5c, 0x66, 0x58, 0x00, 0x1f, 0x88, 0x07, 0x8f, 0x08, 0x00,
    0x6b, 0x00, 0x1f, 0x08, 0x06, 0x92, 0x10, 0x0f, 0xf8, 0x6c, 0x40, 0x3f, 0xf1, 0x77, 0x15, 0x80,
    0x32, 0x58, 0x04, 0x5f, 0xee, 0x20, 0x00, 0x00, 0x1c, 0x80, 0x69, 0x30, 0x0f, 0x4a, 0xc4, 0x46,
    0xd5, 0x11, 0x10, 0x2b, 0x4b, 0x66, 0x21, 0xfd, 0xb3, 0x06, 0x31, 0xea, 0xef, 0xa1, 0x98, 0x28,
    0x22, 0xff, 0x62, 0xff, 0x83, 0x30, 0x92, 0x40, 0x02, 0xdd, 0xcd, 0x7b, 0xb0, 0x80, 0x67, 0x88,
    0x9e, 0xe2, 0x23, 0x00, 0xd5, 0xfb, 0xa6, 0x5d, 0xda, 0x8c, 0x02, 0x21, 0x22, 0x39, 0x91, 0x65,
    0x00, 0x0c, 0x80, 0xd9, 0x88, 0xed, 0xc0, 0x00, 0xbb, 0x73, 0x2e, 0x3b, 0xc3, 0xc0, 0x12, 0xe0,
    0xd9, 0x80, 0x19, 0x88, 0x80, 0x05, 0x77, 0x20, 0x03, 0x0f, 0x59, 0x00, 0x2a, 0xcc, 0x01, 0x0c,
    0x0f, 0x0a, 0x00, 0x00, 0x23, 0x00, 0x45, 0x20, 0x1f, 0x4e, 0xc4, 0x1e, 0x12, 0x23, 0x10, 0x4b,
    0x99, 0xb2, 0xc2, 0x57, 0xf3, 0x06, 0x44, 0xb8, 0x25, 0x0f, 0x49, 0x24, 0x40, 0x95, 0xb6, 0x2e,
    0x94, 0x64, 0x4d, 0x80, 0x05, 0x0e, 0x22, 0x44, 0x44, 0x29, 0x90, 0x4f, 0x33, 0x99, 0x73, 0x23,
    0xc2, 0x24, 0x70, 0x06, 0x70, 0x08, 0xa0, 0xc0, 0x0b, 0x99, 0x31, 0x66, 0x3b, 0xc0, 0x22, 0xf8,
    0x89, 0x1e, 0x22, 0xf2, 0x00, 0x0f, 0xfe, 0x47, 0xff, 0xc2, 0x03, 0x55, 0xce, 0xb5, 0x5c, 0x22,
    0x99, 0xe4, 0xb9, 0x9e, 0x10, 0x0f, 0x43, 0x00, 0x78, 0x00, 0x3a, 0x80, 0x43, 0x40, 0x1e, 0x19,
    0xf9, 0x93, 0xcb, 0xcc, 0xe2, 0x0b, 0x71, 0x0c, 0xf5, 0x82, 0x0c, 0xc1, 0xa0, 0xcf, 0xf2, 0x95,
    0x2c, 0x92, 0xa8, 0x52, 0xe3, 0x7a, 0x5a, 0xe6, 0xca, 0x40, 0x36, 0x6e, 0xcc, 0xcd, 0xdc, 0x00,
    0x27, 0x33, 0xc2, 0x23, 0x3c, 0xe6, 0x01, 0xec, 0xc0, 0x56, 0x80, 0x44, 0x67, 0xf8, 0x48, 0xce,
    0x0c, 0xef, 0xee, 0xe1, 0x4e, 0xe0, 0x02, 0x2b, 0x1e, 0x6a, 0xa7, 0xaa, 0x80, 0x33, 0xc6, 0x88,
    0x00, 0x40, 0x3f, 0x2e, 0x0d, 0xea, 0xa8, 0x03, 0xf1, 0x05, 0x67, 0x18, 0x04, 0x00, 0x2b, 0x80,
    0x69, 0x20, 0x0f, 0x4e, 0xbb, 0x98, 0xd9, 0x59, 0xa1, 0x07, 0x00, 0x50, 0x0f, 0xb6, 0x58, 0x88,
    0x0e, 0x7a, 0x81, 0x4d, 0x66, 0x8d, 0x5c, 0x4f, 0x08, 0x30, 0x29, 0x44, 0x5e, 0x40, 0x11, 0x00,
    0x13, 0x2e, 0xb1, 0xc4, 0x03, 0x93, 0x29, 0x80, 0xea, 0x7a, 0x08, 0x0b, 0x66, 0xa0, 0x37, 0x5e,
    0xda, 0x5a, 0x85, 0xda, 0x65, 0xbb, 0xcd, 0x7c, 0x80, 0x61, 0x59, 0x9e, 0xa3, 0x10, 0x0e, 0x99,
    0xf0, 0x80, 0x7c, 0xcd, 0xe0, 0x0f, 0xdd, 0xde, 0x10, 0x0f, 0x6c, 0x47, 0xb8, 0x80, 0x00, 0x00,
    0x32, 0x80, 0x43, 0x40, 0x1e, 0x18, 0xf8, 0x83, 0x4b, 0xc4, 0x61, 0x0b, 0x41, 0x3e, 0xf6, 0xb3,
    0x2e, 0xe0, 0x20, 0xd4, 0x83, 0x2b, 0xb4, 0x03, 0x30, 0x50, 0x6a, 0x06, 0x85, 0x2a, 0x42, 0xa8,
    0x00, 0xee, 0xe4, 0x6e, 0xee, 0x00, 0x27, 0x76, 0x56, 0xee, 0xcc, 0x00, 0x15, 0xee, 0x95, 0xbb,
    0xa4, 0x10, 0x0c, 0xa8, 0x83, 0x04, 0x48, 0xc0, 0x30, 0x80, 0x25, 0x16, 0x8f, 0x04, 0x80, 0x03,
    0xcb, 0x82, 0xcf, 0xbd, 0x5a, 0x20, 0x2f, 0x91, 0x17, 0x83, 0xfe, 0x7c, 0x98, 0x7c, 0x62, 0x00,
    0x62, 0xac, 0xe2, 0x18, 0x40, 0x09, 0xa0, 0x02, 0x27, 0x10, 0x00, 0x42, 0x00, 0x45, 0x40, 0x1e,
    0x37, 0x8b, 0xb4, 0xda, 0x5d, 0xe2, 0x1e, 0x94, 0x19, 0x15, 0xcc, 0x3c, 0xc8, 0x8e, 0xcc, 0x5e,
    0xcd, 0xaf, 0x85, 0x48, 0x09, 0xb4, 0x3a, 0xa2, 0x6a, 0xab, 0x00, 0xe5, 0xaa, 0xf6, 0x00, 0x7f,
    0xf2, 0x16, 0xef, 0xda, 0x01, 0xda, 0x7f, 0xd1, 0x16, 0xe2, 0x00, 0x44, 0xf0, 0xf7, 0x11, 0x04,
    0xd1, 0x01, 0x4c, 0xb9, 0x6e, 0x66, 0x08, 0x99, 0x19, 0x5c, 0xba, 0xe5, 0xdc, 0x15, 0x76, 0x30,
    0x9e, 0xda, 0x00, 0xff, 0x4e, 0x30, 0x07, 0x70, 0x80, 0x40, 0x00, 0x49, 0x00, 0x6a, 0x20, 0x0e,
    0x26, 0x89, 0x93, 0x9a, 0xdc, 0xcc, 0x21, 0x31, 0xe9, 0x6b, 0xf3, 0x89, 0x54, 0x12, 0x17, 0x55,
    0x1d, 0x5b, 0x2d, 0x09, 0x81, 0x6e, 0x61, 0x35, 0xa7, 0x31, 0x7d, 0x40, 0x0e, 0xbe, 0xeb, 0x31,
    0xdd, 0x43, 0x00, 0x34, 0xf6, 0x23, 0xda, 0xf4, 0x00, 0x45, 0x08, 0x8f, 0x09, 0x30, 0x07, 0x44,
    0x79, 0x00, 0x3e, 0xff, 0xf9, 0x40, 0x3c, 0x45, 0xec, 0x80, 0x0f, 0x22, 0xaf, 0x60, 0x07, 0xd3,
    0x11, 0xdc, 0x01, 0xc3, 0xb5, 0x5e, 0xbd, 0x00, 0x00, 0x3a, 0x00, 0x67, 0x40, 0x0e, 0x19, 0xe9,
    0x94, 0x14, 0xfc, 0xcc, 0x61, 0x6c, 0x44, 0xab, 0xe6, 0xd4, 0xaa, 0x11, 0x8c, 0x4b, 0x9a, 0xaa,
    0x19, 0xd8, 0xc4, 0xfa, 0xe9, 0xef, 0xe6, 0xec, 0x3d, 0x00, 0x03, 0x29, 0x97, 0xa8, 0x27, 0xfb,
    0x50, 0x02, 0x49, 0x97, 0x80, 0x48, 0x85, 0x00, 0xc9, 0x54, 0xf0, 0x0f, 0xf2, 0x6e, 0xa0, 0x03,
    0xfc, 0xbb, 0x35, 0xa0, 0x1f, 0x84, 0x05, 0xe0, 0x80, 0x05, 0x12, 0xe0, 0x0d, 0x5c, 0xc2, 0xf8,
    0x81, 0x7e, 0x48, 0x00, 0xaf, 0xb9, 0x68, 0x60, 0x07, 0x62, 0x00, 0x43, 0x10, 0x02, 0x0b, 0x80,
    0x38, 0x00, 0x42, 0x00, 0x45, 0x40, 0x1e, 0x27, 0xfa, 0xa4, 0x41, 0x2a, 0xb2, 0x0f, 0x40, 0x14,
    0x9b, 0x68, 0x1c, 0xc9, 0x4e, 0x9f, 0x78, 0xf7, 0x47, 0x7c, 0x66, 0x10, 0xdb, 0xb5, 0x5e, 0xa6,
    0xe5, 0x6d, 0x81, 0x44, 0x11, 0x11, 0x20, 0xf9, 0x89, 0x70, 0x07, 0xd2, 0x9d, 0x70, 0x00, 0x44,
    0xe0, 0x18, 0x5c, 0x04, 0x03, 0xfd, 0x64, 0x78, 0x01, 0x9e, 0x5c, 0x00, 0xd0, 0x88, 0xf6, 0x00,
    0x8b, 0x24, 0x0b, 0xf9, 0xd7, 0xbc, 0xc0, 0x0a, 0xce, 0x82, 0x44, 0x12, 0x28, 0x04, 0x02, 0xf2,
    0x37, 0x76, 0x6b, 0xbc, 0xdd, 0xd3, 0xb8, 0x02, 0x67, 0x00, 0x0e, 0xf7, 0x5a, 0x20, 0x00, 0x3a,
    0x00, 0x43, 0x40, 0x1e, 0x28, 0xfa, 0xa4, 0x5a, 0x55, 0x63, 0x1f, 0x90, 0xd8, 0x26, 0xc3, 0x08,
    0x81, 0x1d, 0x2e, 0x80, 0xe7, 0x0d, 0x00, 0x80, 0x97, 0xc0, 0x87, 0x82, 0x7a, 0x6c, 0xc0, 0x04,
    0xfb, 0xa1, 0x00, 0x0e, 0xe8, 0x40, 0x32, 0xf7, 0x1c, 0x00, 0xfd, 0xc3, 0x00, 0xc6, 0x44, 0xc5,
    0x4c, 0x22, 0x08, 0x06, 0xd6, 0xed, 0x98, 0xde, 0x6c, 0x00, 0xf0, 0x9f, 0x70, 0xc4, 0x03, 0xf8,
    0x46, 0x00, 0xff, 0x97, 0xfc, 0x60, 0x1f, 0xdb, 0xf5, 0x4b, 0xb6, 0x5e, 0x80, 0x25, 0x81, 0x0c,
    0x02, 0x2d, 0xf7, 0x00, 0x00, 0xf3, 0x30, 0x03, 0xe2, 0xb1, 0x00, 0x7f, 0x00, 0x5a, 0x80, 0x02,
    0x18, 0x00, 0xf3, 0x0a, 0x00, 0x50, 0xe4, 0x01, 0x8a, 0x3c, 0x03, 0x14, 0x88, 0x06, 0x79, 0x30,
    0x00, 0xb3, 0x05, 0x58, 0x8d, 0x8c, 0x59, 0x82, 0x79, 0x9a, 0xd1, 0x17, 0x99, 0x8c, 0xaa, 0xab,
    0x03, 0x40, 0xba, 0xa8, 0x80, 0x35, 0x2a, 0x8e, 0xb4, 0x40, 0x38, 0x6c, 0x60, 0x00, 0xeb, 0xa2,
    0x01, 0x16, 0x8d, 0x00, 0x69, 0x5c, 0x30, 0x3c, 0x5a, 0x00, 0xf4, 0xd6, 0x21, 0xec, 0x80, 0x7e,
    0x7d, 0x40, 0x30, 0x0d, 0x12, 0x01, 0x88, 0x00, 0x00, 0x2b, 0x00, 0x61, 0xa0, 0x0c, 0x4e, 0x5c,
    0xe9, 0x32, 0xb4, 0x99, 0x84, 0xac, 0x01, 0x8b, 0x54, 0xe0, 0xaa, 0x84, 0x1b, 0xc4, 0x6b, 0xf8,
    0x1f, 0xf5, 0x00, 0x38, 0x01, 0x25, 0x91, 0x23, 0x10, 0xd1, 0x6a, 0x77, 0x6b, 0xee, 0xb1, 0xf7,
    0x65, 0x6e, 0x35, 0xe5, 0xc0, 0x0e, 0xd4, 0x02, 0x35, 0x60, 0xd1, 0xaa, 0x83, 0x00, 0x16, 0x8f,
    0x64, 0x0b, 0x11, 0x20, 0x00, 0x93, 0x06, 0x48, 0x2a, 0xee, 0xa0, 0x02, 0x50, 0x01, 0x00, 0x15,
    0x77, 0x50, 0x01, 0xdc, 0x01, 0xd5, 0x77, 0x50, 0x00, 0x40, 0x3f, 0xae, 0xb4, 0x02, 0x69, 0x00,
    0x4b, 0x00, 0x2b, 0x14, 0x00, 0x00, 0x32, 0x00, 0x64, 0x80, 0x0c, 0x4b, 0xc3, 0x28, 0xaa, 0x16,
    0x62, 0xa8, 0x4f, 0x80, 0x0a, 0x31, 0x98, 0x5c, 0xc8, 0x85, 0xc3, 0x10, 0x12, 0xb5, 0xf3, 0x68,
    0xc2, 0x07, 0xa8, 0x00, 0xb8, 0x39, 0xb0, 0x0b, 0x4d, 0x38, 0x6a, 0x3e, 0x06, 0x0c, 0x8b, 0xe3,
    0x3e, 0x6c, 0x66, 0x1e, 0xf1, 0x60, 0x51, 0x93, 0x31, 0x6f, 0x95, 0xd3, 0x90, 0x72, 0x22, 0x7b,
    0x91, 0x4b, 0x1b, 0x40, 0x6c, 0x7f, 0x04, 0x4d, 0xc5, 0x9c, 0xb0, 0x58, 0x00, 0x1a, 0x29, 0x6f,
    0x6f, 0x30, 0x32, 0x00, 0x11, 0x44, 0x11, 0x25, 0x00, 0xf6, 0xf8, 0x03, 0x76, 0xc0, 0x0d, 0x29,
    0x28, 0x1f, 0x33, 0x56, 0x80, 0x00, 0xf0, 0x9a, 0xc2, 0x80, 0x12, 0x6a, 0xf7, 0xbf, 0xe0, 0x10,
    0x03, 0x67, 0x78, 0xb7, 0x65, 0xc2, 0x00, 0x09, 0x55, 0x17, 0x00, 0x9e, 0x80, 0x19, 0x7d, 0xfe,
    0x2a, 0x75, 0x00, 0x39, 0xb4, 0x9c, 0xb1, 0xd0, 0x03, 0x2d, 0xe8, 0x6c, 0x0b, 0x4a, 0x00, 0x0e,
    0xf1, 0x87, 0xb7, 0x5e, 0x32, 0x60, 0x39, 0x53, 0x2b, 0x7d, 0xcc, 0x4d, 0x01, 0x3e, 0xf9, 0x08,
    0x02, 0xa5, 0x24, 0x01, 0x0b, 0x40, 0x1a, 0x8e, 0xc4, 0x29, 0x30, 0x04, 0x40, 0x01, 0xa2, 0xd0,
    0xbc, 0x15, 0xfa, 0xf0, 0x0a, 0x78, 0x00, 0x00, 0xa0, 0x80, 0x02, 0x3c, 0x01, 0x8d, 0x48, 0x1f,
    0xbb, 0xa4, 0x02, 0xf8, 0x43, 0x7f, 0xfd, 0x00, 0x13, 0xb2, 0xcb, 0x00, 0x7e, 0x38, 0x6d, 0x75,
    0x00, 0xfc, 0x55, 0x61, 0xe4, 0x2e, 0xfb, 0x00, 0x02, 0xf5, 0xc7, 0x67, 0x1d, 0xd3, 0x80, 0x0b,
    0xc3, 0xed, 0xc0, 0x66, 0x6e, 0xb0, 0x35, 0x9e, 0xd8, 0x10, 0x0c, 0x44, 0x01, 0xf6, 0x84, 0xf1,
    0x00, 0xfd, 0x46, 0xea, 0x80, 0x1e, 0x95, 0x20, 0x11, 0x1a, 0x88, 0x88, 0x46, 0x51, 0x15, 0x04,
    0x1c, 0x1a, 0xe7, 0xfc, 0xe8, 0x00, 0x99, 0x00, 0x03, 0x40, 0x1e, 0x18, 0x60, 0x02, 0x08, 0x07,
    0xae, 0x4d, 0x03, 0x8c, 0x8b, 0x03, 0x0b, 0xde, 0x92, 0xab, 0xfe, 0xd3, 0x97, 0xc7, 0x88, 0x36,
    0xed, 0xe2, 0x55, 0x42, 0x94, 0x39, 0x10, 0x0c, 0x2f, 0x74, 0xb1, 0x2b, 0xa2, 0x02, 0x65, 0xe1,
    0x18, 0x68, 0x8b, 0xa0, 0x71, 0x35, 0x9e, 0xda, 0x70, 0x70, 0x61, 0x71, 0xe7, 0xb2, 0x93, 0x00,
    0x53, 0x18, 0x85, 0x01, 0xb2, 0x20, 0x00, 0x21, 0xc6, 0x42, 0x64, 0x4d, 0x10, 0x0c, 0x7e, 0x34,
    0x16, 0x88, 0x50, 0x4f, 0xf3, 0x39, 0xb8, 0x19, 0x00, 0x49, 0xfe, 0xd1, 0x00, 0xa4, 0x40, 0x38,
    0x95, 0x40, 0x12, 0x28, 0x82, 0x45, 0xf6, 0x79, 0x80, 0x53, 0xe8, 0x7a, 0x31, 0x6b, 0x4c, 0x00,
    0x85, 0x29, 0x70, 0xf3, 0x10, 0x0c, 0x8e, 0x78, 0x88, 0x00, 0x9c, 0x03, 0x35, 0x18, 0xe0, 0x87,
    0x22, 0xb2, 0x20, 0x49, 0x97, 0xb5, 0xc1, 0x7f, 0x4b, 0xfc, 0x47, 0xa3, 0xcb, 0x41, 0x77, 0x0d,
    0xd8, 0xc6, 0x63, 0xb2, 0xc0, 0x31, 0x88, 0x00, 0xb9, 0xa9, 0x84, 0x03, 0x32, 0x88, 0x01, 0xc9,
    0x55, 0xa0, 0x1b, 0x0d, 0x60, 0xd4, 0x00, 0x5c, 0x79, 0x56, 0x94, 0x7e, 0xfa, 0x1c, 0x0a, 0xe1,
    0xf6, 0x6b, 0x4a, 0x8c, 0x06, 0x00, 0xca, 0x50, 0x04, 0x69, 0x00, 0x00, 0xf3, 0x30, 0x03, 0xe6,
    0xbb, 0xff, 0x38, 0x01, 0xea, 0x66, 0x45, 0x99, 0xa9, 0x80, 0x03, 0x1d, 0xd2, 0x2f, 0x75, 0x02,
    0x02, 0xb9, 0x33, 0x3b, 0xa6, 0x6c, 0x51, 0x3d, 0xdd, 0x0e, 0x5b, 0xbc, 0x65, 0x13, 0xa8, 0xf3,
    0x60, 0xb3, 0x10, 0x20, 0x03, 0xf3, 0x32, 0xf7, 0xfc, 0x40, 0x1c, 0xfa, 0x2f, 0x38, 0x88, 0xd7,
    0x00, 0x9f, 0xed, 0xdd, 0x5f, 0x5d, 0x39, 0x20, 0x07, 0xe8, 0x4c, 0x86, 0x90, 0x2b, 0xb0, 0x00,
    0xea, 0x68, 0x04, 0x01, 0x5f, 0x82, 0x03, 0x1f, 0x83, 0xb6, 0x60, 0x55, 0x32, 0x01, 0xb5, 0x03,
    0xce, 0x80, 0x09, 0x68, 0x00, 0x00, 0x0c, 0x00, 0x7f, 0xe6, 0x00, 0xab, 0xff, 0xc2, 0x03, 0x52,
    0xc2, 0x15, 0xe5, 0xbe, 0x20, 0x08, 0xb2, 0xb1, 0x00, 0x84, 0x03, 0x23, 0x67, 0x48, 0x07, 0xf3,
    0x50, 0x20, 0x80, 0x7f, 0x13, 0x32, 0x3c, 0xc2, 0xf8, 0xf3, 0x84, 0x0b, 0x5e, 0xde, 0xc2, 0xfc,
    0xb7, 0xc4, 0x01, 0x3f, 0x1f, 0x60, 0x01, 0x1c, 0x00, 0x2e, 0x77, 0x40, 0x80, 0x7e, 0x15, 0x0c,
    0xf5, 0x00, 0xfc, 0xaa, 0x22, 0x20, 0x02, 0xbc, 0xf7, 0xc4, 0x01, 0xa3, 0x02, 0xe7, 0x7f, 0xf9,
    0x00, 0x00, 0xa4, 0x40, 0x3f, 0xcc, 0x42, 0x17, 0xbd, 0xcd, 0xee, 0x00, 0xdc, 0x28, 0xde, 0xbc,
    0xee, 0x18, 0x4a, 0x8d, 0x98, 0x01, 0x4c, 0x04, 0x48, 0xe7, 0xf2, 0x40, 0xa2, 0x80, 0xce, 0xd4,
    0x42, 0x40, 0xb7, 0x27, 0x32, 0x32, 0x64, 0xec, 0x52, 0xa4, 0x2c, 0x98, 0x3d, 0x19, 0x4f, 0x3c,
    0x89, 0xdd, 0x28, 0xcc, 0x4e, 0x11, 0x9b, 0xba, 0x3c, 0x2e, 0x65, 0x8c, 0x03, 0x66, 0x8c, 0x00,
    0x87, 0x7b, 0xa0, 0x0f, 0x8d, 0x84, 0x4b, 0xc0, 0x6e, 0xf1, 0x83, 0xf0, 0x48, 0xb8, 0x38, 0x07,
    0x22, 0x82, 0x00, 0x1b, 0x5d, 0xeb, 0x80, 0x00, 0x0c, 0x80, 0x6a, 0x10, 0x0f, 0x30, 0x06, 0x67,
    0x45, 0x50, 0x80, 0x06, 0xad, 0x84, 0xa1, 0xff, 0xd4, 0x80, 0x08, 0xa1, 0x83, 0xe3, 0xda, 0xf3,
    0x50, 0x46, 0xde, 0x87, 0x4c, 0xa7, 0xbe, 0x00, 0x35, 0x1b, 0x12, 0xc0, 0xdc, 0x31, 0x00, 0x09,
    0x92, 0xa4, 0x06, 0x2e, 0x56, 0x04, 0x0f, 0x5a, 0x8d, 0xbc, 0x65, 0xb0, 0xbc, 0xc6, 0x7e, 0x6c,
    0xb2, 0x73, 0x5e, 0xb4, 0xcb, 0x9d, 0x39, 0x48, 0x23, 0xf4, 0x8c, 0x00, 0x81, 0x98, 0x73, 0xa5,
    0x2b, 0x20, 0x01, 0xb9, 0x0a, 0x99, 0x7f, 0xba, 0x08, 0x00, 0xfe, 0x3e, 0x4a, 0x2b, 0x5f, 0xec,
    0x30, 0x45, 0x04, 0x00, 0xe1, 0x7f, 0x30, 0x00, 0xa4, 0x40, 0x02, 0x3c, 0x01, 0x91, 0x44, 0x0b,
    0xbf, 0xf3, 0x80, 0x51, 0x04, 0x30, 0x2e, 0xe9, 0x80, 0x27, 0x55, 0x4b, 0x80, 0x7e, 0x48, 0x2c,
    0x44, 0x01, 0xbb, 0xc6, 0x00, 0x5a, 0x30, 0xd2, 0x00, 0xfc, 0x2e, 0xbe, 0x54, 0x06, 0xef, 0x18,
    0x00, 0xbc, 0x66, 0xd4, 0x03, 0xf1, 0xd4, 0x4e, 0xa8, 0x16, 0xec, 0xc0, 0x01, 0xe5, 0xb6, 0xf0,
    0x2f, 0xf9, 0xc0, 0x27, 0x14, 0x45, 0x80, 0x08, 0xa1, 0x00, 0x1a, 0x80, 0x9d, 0x30, 0x11, 0x43,
    0xe2, 0x1a, 0x10, 0x27, 0x03, 0xdd, 0x2a, 0x20, 0x00, 0x0c, 0x80, 0x7f, 0xe6, 0x30, 0x2d, 0xed,
    0xdb, 0xa8, 0x00, 0x33, 0x0c, 0x18, 0x1f, 0xb8, 0x7c, 0x00, 0x89, 0x18, 0x01, 0x99, 0x05, 0xba,
    0x02, 0xb6, 0x74, 0x10, 0x38, 0xeb, 0x58, 0x01, 0xe8, 0x98, 0xc0, 0x0c, 0xe2, 0x27, 0x00, 0x10,
    0xa5, 0x4b, 0x76, 0xf5, 0x4e, 0xf2, 0x9d, 0x0e, 0x90, 0xe5, 0x9c, 0x2d, 0xe2, 0x8c, 0xc6, 0xe8,
    0x9e, 0x20, 0x33, 0x08, 0x05, 0xce, 0xe9, 0x61, 0xee, 0x07, 0xf1, 0x80, 0xa8, 0x67, 0xda, 0x33,
    0x05, 0x98, 0xa0, 0xac, 0x4c, 0x80, 0x67, 0x02, 0x99, 0x84, 0xb0, 0x68, 0x6a, 0x22, 0x5f, 0x88,
    0x28, 0x00, 0xa4, 0x03, 0xb0, 0x03, 0xca, 0x60, 0x18, 0x4c, 0x03, 0x86, 0x25, 0x4f, 0x75, 0x81,
    0xbb, 0x20, 0x4a, 0x8d, 0x8e, 0x63, 0xc3, 0xf3, 0x08, 0x87, 0x3f, 0x92, 0x11, 0x18, 0x10, 0x88,
    0x1a, 0x89, 0x88, 0x1e, 0xa8, 0x15, 0x50, 0x13, 0x25, 0x62, 0x23, 0xbe, 0xfb, 0xa0, 0x3d, 0x1a,
    0x4d, 0x10, 0x0e, 0x60, 0x19, 0x89, 0xfe, 0x59, 0xee, 0xa6, 0x80, 0xb9, 0x96, 0x14, 0x16, 0xab,
    0x00, 0x48, 0x79, 0xea, 0x01, 0xf8, 0xdc, 0x59, 0xfc, 0x0d, 0xde, 0xc0, 0x03, 0x60, 0x59, 0x40,
    0x3f, 0xfc, 0x01, 0x2b, 0x03, 0x00, 0x1b, 0x62, 0x2b, 0x80, 0x00, 0xa4, 0x03, 0x42, 0x00, 0x79,
    0x8c, 0x02, 0x27, 0x14, 0x41, 0x00, 0x06, 0xe5, 0x44, 0x39, 0x3f, 0xa6, 0xc0, 0x12, 0xa1, 0x67,
    0x42, 0x2a, 0x83, 0xb0, 0x47, 0x2e, 0x86, 0x1c, 0x17, 0xe8, 0x20, 0x6a, 0x36, 0x24, 0xb1, 0x98,
    0x76, 0x00, 0x13, 0x25, 0x48, 0x01, 0x3d, 0xdd, 0x42, 0x07, 0xad, 0x46, 0xd5, 0x32, 0x8d, 0x3f,
    0x41, 0x9f, 0x9b, 0x22, 0xab, 0xbd, 0xd5, 0x0b, 0x99, 0x79, 0xb1, 0x3b, 0xab, 0x10, 0x02, 0x1e,
    0x6a, 0x00, 0x7e, 0x37, 0x16, 0x40, 0x03, 0x2a, 0xd8, 0x00, 0x7f, 0x09, 0x26, 0x00, 0x66, 0x44,
    0x00, 0x45, 0x04, 0x00, 0x26, 0x4c, 0xd7, 0x40, 0x00, 0xa8, 0x03, 0xa4, 0x40, 0x39, 0x80, 0x39,
    0x98, 0x80, 0x18, 0x6e, 0x14, 0x40, 0xa2, 0xa0, 0x80, 0x28, 0xa1, 0xb0, 0x1e, 0x95, 0xbf, 0x10,
    0x46, 0xce, 0x80, 0xa0, 0x43, 0x57, 0xc3, 0x6a, 0x26, 0x39, 0x26, 0xff, 0x8e, 0x98, 0x99, 0x2b,
    0xee, 0x6b, 0x32, 0x97, 0x53, 0xd1, 0xa4, 0xb4, 0x99, 0xe5, 0x01, 0x98, 0x9c, 0xf3, 0x2c, 0xc8,
    0xf4, 0x0b, 0x9d, 0x61, 0x00, 0xd5, 0x62, 0x00, 0x9c, 0x73, 0xec, 0x03, 0xf1, 0xa9, 0x33, 0xf0,
    0x24, 0x44, 0x80, 0x07, 0xd0, 0x82, 0x60, 0x7e, 0xe9, 0xc0, 0x08, 0xc0, 0xa0, 0x06, 0xa6, 0x6a,
    0xa4, 0x00, 0x00, 0x0c, 0x80, 0x67, 0x30, 0x0f, 0x31, 0x80, 0x62, 0x80, 0x0e, 0x1a, 0x85, 0x4e,
    0xe5, 0xa7, 0x74, 0x41, 0x14, 0x16, 0xdf, 0x81, 0x9b, 0xaf, 0x25, 0x6c, 0xf8, 0x21, 0x98, 0x30,
    0xe0, 0x03, 0xd1, 0x31, 0x8d, 0x2f, 0x4c, 0x8e, 0x00, 0x99, 0x2a, 0x48, 0x1b, 0xb6, 0x71, 0x44,
    0xf4, 0x68, 0x92, 0x88, 0x8d, 0x05, 0x82, 0x29, 0x89, 0xd1, 0x06, 0x71, 0x70, 0x08, 0xb8, 0x1f,
    0xd8, 0x08, 0x80, 0x1e, 0x57, 0xc5, 0x34, 0x31, 0x00, 0x9d, 0x4d, 0x84, 0xe8, 0x22, 0xc0, 0x44,
    0x5a, 0x0f, 0xe5, 0xc5, 0xd6, 0xc0, 0x4f, 0xc2, 0x88, 0x50, 0x41, 0xc7, 0x00, 0xab, 0x2c, 0x40,
    0x00, 0xa4, 0x03, 0x0d, 0x00, 0x79, 0x8c, 0x03, 0x32, 0x98, 0x06, 0x1b, 0x86, 0x10, 0x3a, 0xa7,
    0x08, 0x05, 0x34, 0x30, 0x05, 0xd2, 0xb7, 0xa2, 0x08, 0xf9, 0xd0, 0x5f, 0x4a, 0x2e, 0x98, 0x6d,
    0x44, 0xc6, 0xb7, 0x59, 0x92, 0x58, 0x13, 0x25, 0x72, 0x36, 0xee, 0xc6, 0x33, 0x68, 0xd2, 0xaa,
    0xab, 0xe0, 0x19, 0x89, 0xd1, 0xef, 0x4f, 0xee, 0x80, 0xb8, 0x13, 0xdd, 0x09, 0xd4, 0x5d, 0x00,
    0x08, 0xfe, 0xaa, 0x29, 0x80, 0x6f, 0x10, 0x37, 0x22, 0x50, 0x72, 0x21, 0xec, 0x64, 0x1f, 0x07,
    0x8c, 0x5c, 0xf4, 0x76, 0x54, 0x51, 0x81, 0x41, 0x6e, 0x61, 0x95, 0x34, 0x40, 0x00, 0x0c, 0x80,
    0x04, 0x7e, 0x00, 0x9c, 0x00, 0x79, 0x9f, 0x18, 0x0d, 0xd9, 0x8b, 0x17, 0x6f, 0xbe, 0xcc, 0x26,
    0x86, 0xc1, 0x80, 0xac, 0xa0, 0xc1, 0x1f, 0x3a, 0x0e, 0xa2, 0x61, 0x05, 0x41, 0xa8, 0x5c, 0x4c,
    0x08, 0xc9, 0x9c, 0x40, 0x99, 0xee, 0x02, 0x26, 0x28, 0x2e, 0xc0, 0x7a, 0xd4, 0x4e, 0xa6, 0x32,
    0xee, 0x20, 0x19, 0xf9, 0xa3, 0xb4, 0xd8, 0x86, 0x10, 0x17, 0x3a, 0x42, 0xcf, 0x79, 0x77, 0x20,
    0x00, 0x81, 0x8a, 0x84, 0x50, 0x11, 0x40, 0x6c, 0x43, 0x40, 0x66, 0x50, 0x33, 0x85, 0xf4, 0x60,
    0xf3, 0xfd, 0x05, 0xff, 0x28, 0x00, 0x1b, 0x00, 0x75, 0x88, 0x07, 0x51, 0x81, 0x3b, 0xcb, 0x2e,
    0xe2, 0x02, 0x45, 0x60, 0x11, 0x83, 0xc4, 0x40, 0x08, 0x82, 0x51, 0x10, 0xcc, 0x02, 0x64, 0x44,
    0x5f, 0x9f, 0x02, 0xdd, 0x37, 0x69, 0x03, 0x51, 0xa0, 0x8b, 0x80, 0x3b, 0x88, 0x8c, 0xb1, 0xc6,
    0x9b, 0xbc, 0x82, 0x5c, 0xfa, 0x4e, 0xe6, 0x25, 0xd7, 0x70, 0x02, 0xbf, 0x69, 0xad, 0xf4, 0x10,
    0x2c, 0xcb, 0xc1, 0x3c, 0x80, 0xc8, 0x03, 0xca, 0xf9, 0x84, 0x0a, 0xc0, 0x08, 0xd0, 0x98, 0x88,
    0x81, 0x2c, 0x80, 0x06, 0x5c, 0x1e, 0x18, 0x3d, 0x2a, 0x00, 0x24, 0xdd, 0x8d, 0x40, 0xc2, 0x2c,
    0x40, 0x11, 0xba, 0x30, 0x00, 0xa0, 0x02, 0x36, 0x53, 0x00, 0xe5, 0x20, 0x0a, 0x84, 0x20, 0x03,
    0xa6, 0x18, 0x44, 0xe4, 0x20, 0x86, 0x00, 0x74, 0x0b, 0x06, 0x0e, 0x85, 0xf8, 0x23, 0x82, 0xf8,
    0x39, 0x5b, 0xf5, 0xbb, 0x11, 0x28, 0x9c, 0x15, 0x19, 0xe9, 0x9d, 0xc0, 0x2e, 0xb7, 0x85, 0xc0,
    0x1c, 0x20, 0x5e, 0xd6, 0x98, 0x0c, 0xf4, 0xce, 0xc0, 0x75, 0xf1, 0x98, 0x05, 0xbf, 0x5b, 0xa0,
    0x1e, 0x74, 0x86, 0x05, 0x8a, 0x28, 0x90, 0x02, 0x0e, 0x6d, 0x80, 0x0d, 0x5c, 0xcc, 0x06, 0xe4,
    0xca, 0x00, 0x5d, 0xe5, 0xdd, 0x20, 0x78, 0x78, 0xc0, 0x2f, 0xfb, 0x3f, 0xca, 0x6a, 0x06, 0x00,
    0x5a, 0x22, 0xe1, 0x00, 0x0c, 0x80, 0x04, 0x7e, 0x00, 0x9c, 0x00, 0x5d, 0x99, 0xdc, 0x40, 0x37,
    0x66, 0x13, 0xfb, 0xd8, 0xf2, 0x00, 0x4d, 0x0d, 0x80, 0x0b, 0x43, 0x8c, 0x00, 0x8f, 0x9d, 0x22,
    0x0a, 0x2e, 0xe4, 0x00, 0x35, 0x12, 0x00, 0x62, 0xbb, 0x00, 0x44, 0xcb, 0x1e, 0x20, 0x94, 0x0a,
    0x80, 0x02, 0xd0, 0xa5, 0x40, 0x9c, 0x79, 0x60, 0x0a, 0x62, 0x68, 0x01, 0x4b, 0x76, 0x70, 0x01,
    0x70, 0x3c, 0x28, 0x01, 0x9a, 0x30, 0x09, 0x43, 0x59, 0x80, 0x76, 0x00, 0x70, 0x01, 0xb3, 0x97,
    0x88, 0x0b, 0x34, 0x80, 0x07, 0xf2, 0xe5, 0x70, 0x0c, 0x9a, 0x06, 0x8a, 0x28, 0x05, 0xc0, 0x12,
    0x66, 0x88, 0x00, 0xa4, 0x40, 0x8c, 0xf8, 0x40, 0x25, 0x21, 0x05, 0x99, 0xdc, 0x80, 0x01, 0x88,
    0x21, 0xbd, 0x56, 0x40, 0x0a, 0x54, 0xa8, 0x13, 0x33, 0x38, 0x01, 0x1c, 0xf1, 0x8d, 0x33, 0x33,
    0x80, 0x1a, 0x8c, 0x70, 0xfb, 0xb9, 0xad, 0x49, 0x97, 0xb5, 0xf7, 0xb8, 0x79, 0xfa, 0xa7, 0xa3,
    0x2f, 0x97, 0x40, 0x03, 0x5e, 0x11, 0x4c, 0x4e, 0x7c, 0x1a, 0x1d, 0x76, 0x09, 0x73, 0xbb, 0x9c,
    0x2e, 0x05, 0xb8, 0x40, 0x08, 0x18, 0x88, 0x7f, 0x82, 0xe8, 0x60, 0x37, 0x22, 0x59, 0x6e, 0x20,
    0x16, 0x6a, 0x3f, 0x8f, 0x1b, 0x52, 0xe8, 0x08, 0xad, 0x10, 0xa0, 0xa0, 0x12, 0x66, 0x80, 0x60,
    0x00, 0x0c, 0x80, 0x66, 0x60, 0x07, 0x98, 0x02, 0x11, 0x77, 0x04, 0x58, 0x20, 0x35, 0x6c, 0x31,
    0x8c, 0xcc, 0xa5, 0x10, 0x8a, 0x18, 0x09, 0xd6, 0x67, 0x34, 0x02, 0x36, 0x6d, 0x9b, 0x30, 0x8f,
    0x9d, 0xc6, 0xd4, 0x28, 0x22, 0xff, 0x0a, 0x39, 0xfb, 0x90, 0xbd, 0xc1, 0x4f, 0xac, 0xdc, 0x4a,
    0x1d, 0x0d, 0x14, 0xe4, 0x9d, 0xe7, 0xd8, 0x0c, 0xc4, 0xdf, 0xd1, 0xf6, 0xea, 0xc0, 0x05, 0xce,
    0x9c, 0xcc, 0x08, 0xbb, 0x48, 0x04, 0x81, 0x98, 0x70, 0x07, 0x4c, 0xa8, 0x00, 0x6e, 0x42, 0x80,
    0x16, 0xa2, 0x3c, 0x00, 0xf8, 0x3c, 0x6c, 0x00, 0x1e, 0xe1, 0x80, 0x11, 0x81, 0x40, 0x2d, 0x98,
    0x85, 0x58, 0x00, 0x00, 0x14, 0x00, 0x62, 0xa0, 0x0f, 0x50, 0x04, 0x69, 0x4c, 0x88, 0x30, 0x00,
    0xac, 0xb0, 0xcf, 0x82, 0x67, 0x40, 0x02, 0x29, 0x60, 0x01, 0x97, 0x76, 0x80, 0x15, 0xb2, 0xac,
    0x43, 0x2a, 0xad, 0x00, 0x3d, 0x0a, 0x88, 0x03, 0x2a, 0xac, 0x00, 0x10, 0xbd, 0x48, 0x6e, 0xa7,
    0x63, 0x30, 0x07, 0x43, 0x44, 0x69, 0x36, 0x7f, 0x7c, 0x03, 0x31, 0x32, 0x68, 0xfb, 0x0f, 0xdf,
    0x02, 0xe0, 0x7d, 0x5b, 0x7e, 0x06, 0xb6, 0x00, 0x20, 0x68, 0x13, 0x82, 0x04, 0x51, 0x01, 0xbb,
    0x86, 0x2a, 0xe8, 0x00, 0xf7, 0x86, 0xfe, 0x54, 0x77, 0x89, 0xa6, 0x66, 0xa3, 0x45, 0x13, 0x03,
    0x05, 0xfe, 0x10, 0x40, 0x00, 0x0c, 0x80, 0x64, 0x60, 0x0f, 0x30, 0x00, 0x9d, 0xdb, 0x6e, 0xf0,
    0x80, 0xd5, 0xb0, 0x02, 0xba, 0xbe, 0xc0, 0x29, 0xa1, 0xb3, 0x76, 0x47, 0xfb, 0x71, 0x47, 0xce,
    0x85, 0x97, 0x99, 0x56, 0xc9, 0xb5, 0x13, 0x89, 0x84, 0x70, 0xcf, 0x13, 0x93, 0x2d, 0xc1, 0x62,
    0x32, 0x25, 0xae, 0x5c, 0x14, 0x41, 0xfb, 0xe7, 0xba, 0xe3, 0x0a, 0x89, 0xb0, 0x6f, 0xe3, 0xc8,
    0x20, 0x2e, 0x07, 0x95, 0x00, 0x08, 0x08, 0x80, 0x25, 0x0d, 0x53, 0x00, 0xc2, 0x20, 0x01, 0xb3,
    0x0b, 0x1d, 0x4c, 0x00, 0x93, 0xe0, 0xd8, 0x7e, 0xa9, 0x22, 0x00, 0x5c, 0x50, 0x56, 0x15, 0x00,
    0xc5, 0xa0, 0x18, 0x00, 0x0c, 0x00, 0x42, 0x48, 0xd2, 0xa0, 0x13, 0x00, 0x0f, 0x75, 0x3c, 0x3c,
    0xc0, 0x01, 0xa9, 0x63, 0x58, 0xe3, 0x7c, 0x60, 0x04, 0x5a, 0xd0, 0x66, 0xa1, 0x1b, 0xa8, 0x2b,
    0x64, 0xf8, 0x4a, 0x63, 0x69, 0x68, 0x3d, 0x02, 0xb0, 0x64, 0x8e, 0x7f, 0xb0, 0x09, 0x99, 0x1c,
    0xdb, 0x25, 0xbb, 0x90, 0xb5, 0xad, 0x87, 0x51, 0xb7, 0x72, 0x04, 0xf4, 0xf9, 0x89, 0x36, 0x63,
    0xd0, 0x0b, 0x81, 0xe5, 0x49, 0x4f, 0x3c, 0xd0, 0x04, 0x83, 0x74, 0xf4, 0xd1, 0xbf, 0x22, 0x0a,
    0x4c, 0x49, 0xeb, 0x26, 0x46, 0x61, 0x00, 0x69, 0x49, 0x12, 0x33, 0xf3, 0x1d, 0xe8, 0x90, 0x18,
    0x5a, 0xec, 0x91, 0x27, 0x90, 0x00, 0x0c, 0x80, 0x61, 0xb0, 0x0f, 0x38, 0x00, 0x91, 0x25, 0x44,
    0x84, 0x06, 0xec, 0xcf, 0xdc, 0xf1, 0xee, 0x88, 0x26, 0x86, 0xd2, 0x65, 0xc3, 0x33, 0x1a, 0x3e,
    0x74, 0x0e, 0xcf, 0x04, 0xcb, 0x81, 0xa8, 0x9c, 0x40, 0xf2, 0x0e, 0xcc, 0x00, 0x4c, 0x97, 0xe4,
    0x09, 0x40, 0xf4, 0x00, 0x2d, 0x6a, 0x54, 0x35, 0x03, 0xe4, 0x00, 0xa7, 0xe6, 0x8e, 0xc9, 0x45,
    0x4a, 0x00, 0xb9, 0xdd, 0xea, 0xa0, 0x61, 0x43, 0x50, 0x02, 0x06, 0x11, 0xa4, 0x48, 0x45, 0x20,
    0x1b, 0x91, 0x36, 0xeb, 0x8c, 0x07, 0xa4, 0xdb, 0x07, 0x52, 0x70, 0xc0, 0x22, 0xc3, 0x56, 0x06,
    0x01, 0x20, 0x1c, 0x00, 0x08, 0x00, 0x00, 0x1b, 0x00, 0x63, 0x80, 0x0f, 0x50, 0x04, 0xd1, 0xe7,
    0x10, 0x60, 0x00, 0xa3, 0x30, 0x37, 0xac, 0xf7, 0xa8, 0x01, 0x10, 0x4a, 0x00, 0x26, 0x17, 0x08,
    0x01, 0x1b, 0xe7, 0xc0, 0x14, 0x7e, 0xe8, 0x00, 0x6a, 0x34, 0x00, 0xaa, 0x90, 0xc2, 0x00, 0x26,
    0x58, 0xf0, 0x03, 0xc7, 0xf9, 0x80, 0x05, 0xcf, 0xa4, 0x81, 0x0d, 0xd3, 0x20, 0x0a, 0xbf, 0x74,
    0xf5, 0x9c, 0xdb, 0xfa, 0x04, 0x00, 0x48, 0x3b, 0x65, 0x26, 0xa6, 0x00, 0x5b, 0xe0, 0x9b, 0x00,
    0x24, 0xf2, 0x84, 0x9c, 0x89, 0xd7, 0x60, 0xf0, 0x59, 0xa5, 0x1e, 0x18, 0x48, 0x64, 0x46, 0xea,
    0x9d, 0x00, 0x00, 0x0c, 0x00, 0x62, 0xa0, 0x0f, 0x30, 0x01, 0x2e, 0xdc, 0x97, 0x6a, 0x00, 0x0d,
    0x4b, 0x2f, 0x72, 0xcf, 0xb9, 0x20, 0x08, 0xa2, 0xb0, 0x33, 0x79, 0x9c, 0x00, 0x46, 0xce, 0x9a,
    0xa9, 0x02, 0xa9, 0xe8, 0xd4, 0x4e, 0x17, 0x33, 0x5c, 0xcb, 0xd0, 0x99, 0x6e, 0x02, 0x8c, 0xf7,
    0xd8, 0x16, 0xbd, 0x11, 0x87, 0xfe, 0x60, 0x0a, 0x7e, 0x61, 0xc3, 0x33, 0x30, 0x00, 0xb8, 0x1f,
    0x50, 0x04, 0x70, 0x06, 0x50, 0x22, 0x8f, 0xff, 0x0f, 0x01, 0xb3, 0x3b, 0x42, 0x5b, 0xac, 0x88,
    0xe0, 0xd8, 0x78, 0xbd, 0xfc, 0xa1, 0x3f, 0x84, 0xac, 0x2a, 0x39, 0x46, 0x01, 0x36, 0x90, 0x00,
    0x1a, 0x80, 0x11, 0x00, 0x30, 0x01, 0xd2, 0x00, 0x32, 0x93, 0x24, 0x73, 0x00, 0x13, 0xa2, 0xce,
    0xa7, 0xa0, 0x27, 0x80, 0x2e, 0x1f, 0x24, 0xa4, 0x58, 0x4d, 0x88, 0xdb, 0xee, 0xad, 0x20, 0x18,
    0xdf, 0x44, 0xa8, 0x14, 0x3a, 0xfa, 0xc4, 0x04, 0x73, 0x0e, 0x20, 0x55, 0x44, 0x6f, 0x84, 0x4e,
    0x08, 0xc1, 0x9c, 0x50, 0x64, 0x00, 0x1d, 0x7e, 0xe0, 0x46, 0x38, 0x14, 0x48, 0x0f, 0x92, 0x00,
    0x23, 0x1c, 0x05, 0xcc, 0x00, 0x62, 0x18, 0x13, 0x48, 0x6c, 0x28, 0xe6, 0x62, 0x33, 0x7d, 0x5a,
    0xce, 0xb4, 0x1b, 0xe2, 0x22, 0x20, 0xc2, 0x2c, 0x3e, 0x54, 0x00, 0x13, 0x80, 0x4a, 0xb9, 0x00,
    0x35, 0x00, 0x43, 0x66, 0x6d, 0x80, 0x08, 0x55, 0x98, 0x20, 0x04, 0x46, 0x80, 0x68, 0xb5, 0xa1,
    0x13, 0xdd, 0xb2, 0xc0, 0x08, 0xd9, 0x50, 0x98, 0xa5, 0x4b, 0x78, 0x2d, 0x40, 0x8e, 0x37, 0x8c,
    0xe9, 0x80, 0x02, 0x66, 0x44, 0x03, 0x20, 0x00, 0x90, 0x20, 0x5a, 0xf2, 0x8f, 0x17, 0x1d, 0xf7,
    0xc2, 0x13, 0xf3, 0x15, 0x32, 0xe4, 0x99, 0x88, 0x9c, 0x2f, 0xb5, 0x38, 0xa0, 0xf3, 0x23, 0x04,
    0x02, 0x62, 0x7b, 0xb1, 0x5c, 0x10, 0x9b, 0xb7, 0x44, 0xcb, 0x98, 0x1b, 0x30, 0x6d, 0x85, 0xa9,
    0x98, 0x30, 0x09, 0xe4, 0x95, 0x85, 0x01, 0x44, 0x0f, 0x40, 0x08, 0x20, 0x00, 0x22, 0x81, 0x09,
    0xa0, 0x12, 0x80, 0x6e, 0x10, 0x85, 0xa0, 0x1b, 0x12, 0x00, 0x13, 0x2a, 0x83, 0x13, 0xdd, 0x3d,
    0x80, 0x17, 0x12, 0x41, 0xa8, 0x6a, 0xa2, 0x10, 0x47, 0xe5, 0x60, 0xd7, 0x2a, 0x63, 0xe0, 0x6b,
    0x15, 0x00, 0xa3, 0x02, 0x30, 0x84, 0x84, 0x39, 0xc0, 0x7b, 0xfd, 0xd9, 0xe0, 0x54, 0x3b, 0x81,
    0xa3, 0xac, 0x1c, 0x82, 0x13, 0xd2, 0x60, 0x69, 0xec, 0xbc, 0x80, 0x5e, 0x49, 0xe0, 0x4a, 0x49,
    0x60, 0x60, 0x04, 0x03, 0xc0, 0x26, 0x2a, 0xb0, 0x90, 0x35, 0x33, 0x10, 0x7c, 0x78, 0x57, 0x59,
    0x36, 0x39, 0x46, 0x0f, 0xe8, 0xf6, 0xf3, 0x00, 0x00, 0x1b, 0x80, 0x63, 0x90, 0x0f, 0x50, 0x85,
    0x5d, 0xbd, 0xee, 0xe2, 0x01, 0x47, 0x68, 0x33, 0x31, 0x9d, 0xc4, 0x11, 0x6f, 0x83, 0xdc, 0xcb,
    0xee, 0x00, 0x11, 0xb2, 0xe2, 0x1d, 0x94, 0x30, 0x36, 0x4d, 0x40, 0xa2, 0x1c, 0x4c, 0x46, 0x46,
    0x04, 0xcc, 0x98, 0xf0, 0xec, 0x3b, 0x3b, 0x32, 0xd7, 0xa4, 0x1b, 0xff, 0xdb, 0x82, 0x13, 0xf2,
    0xe4, 0x23, 0xe0, 0x01, 0x70, 0xb9, 0x10, 0x03, 0xf9, 0x00, 0x84, 0x03, 0xf8, 0xdc, 0x7f, 0x5e,
    0x53, 0xa9, 0x0e, 0x01, 0xb1, 0xb5, 0xbb, 0xe1, 0x8b, 0x7f, 0x89, 0x58, 0x94, 0x36, 0x90, 0x00,
    0x2d, 0x84, 0x00, 0xa4, 0x80, 0x25, 0x60, 0x0f, 0x22, 0x08, 0x02, 0x1b, 0x00, 0xf4, 0x58, 0x1d,
    0xdb, 0xce, 0xee, 0x30, 0x50, 0x68, 0x78, 0xe5, 0x88, 0x7c, 0x11, 0x22, 0x95, 0x94, 0xf9, 0x9a,
    0xe3, 0x17, 0x3a, 0xa5, 0x8c, 0xbd, 0xa0, 0x23, 0x02, 0xf2, 0xac, 0xcc, 0x18, 0xed, 0x98, 0x10,
    0x54, 0xe6, 0x4f, 0x19, 0x91, 0xbe, 0x8a, 0x51, 0xff, 0x18, 0x11, 0x83, 0x81, 0x82, 0xdf, 0x5c,
    0x09, 0x00, 0x80, 0x70, 0xaa, 0x4e, 0x9a, 0xa0, 0x06, 0x74, 0x47, 0xfe, 0x69, 0x90, 0x00, 0x45,
    0xa2, 0xbf, 0x6c, 0xc8, 0xa3, 0x02, 0x6c, 0x14, 0x11, 0x00, 0x13, 0x50, 0x00, 0x37, 0xb6, 0x20,
    0x02, 0x80, 0x0f, 0x58, 0x07, 0x20, 0x91, 0x40, 0x12, 0x00, 0x76, 0xa6, 0xf7, 0x05, 0x98, 0x0c,
    0xc2, 0x03, 0x7d, 0x1c, 0xc0, 0xff, 0x83, 0xed, 0x00, 0x10, 0x01, 0xd3, 0x20, 0x94, 0x00, 0x3e,
    0xc8, 0xcc, 0x8c, 0x04, 0x03, 0x9b, 0x30, 0x19, 0x80, 0x44, 0x0a, 0x17, 0x09, 0x62, 0x8a, 0xeb,
    0x7c, 0x8c, 0x81, 0x90, 0x20, 0x04, 0x88, 0xb9, 0x11, 0x5d, 0x8c, 0x03, 0xf7, 0xc8, 0x98, 0x06,
    0x20, 0x51, 0x03, 0x46, 0xbf, 0x00, 0x86, 0x5c, 0x80, 0xfe, 0x45, 0x9e, 0x84, 0x32, 0xe5, 0xf1,
    0x59, 0xc0, 0x14, 0xca, 0x01, 0xc2, 0xf4, 0x01, 0x0e, 0x20, 0x01, 0x33, 0xff, 0x10, 0x01, 0x3a,
    0xeb, 0x6e, 0xdb, 0x57, 0xf4, 0x01, 0x35, 0xe1, 0xdd, 0x8f, 0x2d, 0x40, 0x26, 0x3b, 0xd5, 0xe8,
    0x5d, 0xb1, 0xc0, 0x05, 0x08, 0xe3, 0x01, 0x1d, 0xa0, 0x0a, 0xae, 0x08, 0xaa, 0xe0, 0x01, 0xb7,
    0x44, 0x16, 0x22, 0xd6, 0x30, 0x0c, 0x39, 0x9e, 0x30, 0x0f, 0x3a, 0x27, 0x84, 0x03, 0xcd, 0x55,
    0xe1, 0x00, 0xff, 0xe3, 0x09, 0xb5, 0xdf, 0x98, 0xc4, 0x0a, 0xb4, 0x26, 0x7c, 0x1b, 0x44, 0x00,
    0x99, 0x40, 0x33, 0x30, 0x03, 0xcb, 0x62, 0x00, 0x18, 0x50, 0x0d, 0x19, 0xe1, 0xb9, 0x90, 0x7e,
    0x40, 0x02, 0x7b, 0x99, 0xca, 0xaf, 0xce, 0xe4, 0x80, 0x06, 0x26, 0x64, 0x44, 0xce, 0x10, 0x0a,
    0x62, 0x27, 0x48, 0x8c, 0x00, 0x29, 0xaa, 0xcc, 0xb5, 0x5a, 0x4c, 0xd9, 0x9c, 0x0b, 0x99, 0xc4,
    0x3b, 0x99, 0x88, 0x99, 0x9c, 0x00, 0xdc, 0xc8, 0x0d, 0x47, 0x33, 0x00, 0x15, 0x66, 0x48, 0xb5,
    0x65, 0x58, 0x40, 0x52, 0x76, 0x95, 0x51, 0xb4, 0x82, 0x05, 0xf1, 0xd8, 0xe0, 0x05, 0xfd, 0x8f,
    0x22, 0x76, 0x39, 0x00, 0x61, 0x7c, 0xe2, 0x00, 0x8e, 0x00, 0x34, 0x20, 0x06, 0x34, 0x66, 0x3a,
    0x21, 0x98, 0x28, 0x60, 0x06, 0xcd, 0x6f, 0x88, 0x73, 0x6e, 0x30, 0x01, 0x40, 0x46, 0x00, 0x08,
    0xc0, 0xa0, 0x15, 0xd5, 0x4c, 0xb5, 0x55, 0x80, 0x0f, 0x7b, 0xb3, 0xa7, 0x76, 0xd3, 0x34, 0xdd,
    0x23, 0x2c, 0x2f, 0xbc, 0xe9, 0x80, 0x98, 0x2d, 0xc0, 0x99, 0x4c, 0x18, 0x1c, 0xca, 0x8b, 0x31,
    0x29, 0x9e, 0x1e, 0x66, 0xcc, 0x49, 0x77, 0xe1, 0xcf, 0x36, 0x99, 0xb3, 0x12, 0x51, 0x47, 0x51,
    0xfc, 0x00, 0x3d, 0xc9, 0x5a, 0x87, 0xa3, 0x75, 0x65, 0x00, 0x5c, 0x10, 0xe7, 0xfc, 0x1f, 0x2e,
    0x03, 0x3b, 0x23, 0xb4, 0x63, 0x5f, 0xe2, 0x12, 0x2c, 0x23, 0xf4, 0xf7, 0x5e, 0xd7, 0xbb, 0x7b,
    0xca, 0xc6, 0x28, 0x42, 0x7e, 0x30, 0x0d, 0x71, 0x90, 0x1e, 0xc2, 0x90, 0x00, 0x4b, 0xd8, 0x05,
    0x8a, 0x44, 0x23, 0xfb, 0x50, 0x23, 0xf3, 0x06, 0x15, 0xac, 0x37, 0x5b, 0x8a, 0x18, 0xa4, 0x95,
    0x49, 0x2f, 0xaa, 0x88, 0xc0, 0x82, 0x21, 0xb1, 0x11, 0xf0, 0x04, 0xca, 0xbe, 0x20, 0x0e, 0x22,
    0xf0, 0x07, 0x3b, 0x37, 0x84, 0x03, 0x35, 0x57, 0x98, 0x02, 0x7f, 0x99, 0xf6, 0xc8, 0x00, 0x00,
    0xe6, 0x70, 0x0c, 0x20, 0x1f, 0x0f, 0x00, 0x6d, 0x60, 0x00, 0xee, 0xd2, 0xfb, 0xb5, 0xb3, 0x00,
    0x03, 0xff, 0x32, 0x7f, 0x98, 0x2c, 0x03, 0x11, 0x5e, 0x66, 0x80, 0xa1, 0x00, 0x27, 0xfe, 0x86,
    0xe5, 0x4e, 0xff, 0x22, 0x3f, 0xee, 0x81, 0x9f, 0xfe, 0x40, 0x09, 0x72, 0xf1, 0x80, 0x9c, 0x40,
    0x25, 0xc8, 0x65, 0x06, 0xbc, 0xe3, 0x00, 0x1c, 0xcb, 0x4d, 0xfb, 0x9f, 0xd2, 0x40, 0x03, 0xc5,
    0x00, 0x3e, 0x42, 0x00, 0x0e, 0x40, 0x3b, 0xc8, 0x47, 0xac, 0x03, 0xca, 0x19, 0xff, 0x92, 0x80,
    0x00, 0xe2, 0xa0, 0x0f, 0xe1, 0x22, 0x33, 0x91, 0x04, 0x58, 0x60, 0x14, 0x77, 0x20, 0xbb, 0x95,
    0x44, 0x30, 0x0a, 0x73, 0x1e, 0x59, 0xaf, 0x90, 0x01, 0x4c, 0xf1, 0xce, 0x17, 0x4c, 0x84, 0x33,
    0x37, 0x9a, 0x45, 0xe6, 0x40, 0x05, 0x58, 0xe0, 0x60, 0x47, 0x28, 0x80, 0xb6, 0xd9, 0xa6, 0xe6,
    0x46, 0x00, 0x3f, 0xce, 0x79, 0x9f, 0x38, 0x00, 0xf2, 0x89, 0xaf, 0x76, 0xce, 0x10, 0x08, 0x80,
    0x73, 0x3b, 0x84, 0x40, 0x1f, 0xf5, 0xa0, 0x07, 0xf6, 0x77, 0x16, 0x40, 0x20, 0x00, 0xe5, 0x70,
    0x0c, 0x20, 0x1f, 0x1f, 0x00, 0x43, 0x8a, 0x01, 0x77, 0x50, 0xdd, 0xd6, 0x2a, 0x80, 0x2e, 0xea,
    0x1b, 0xbc, 0x96, 0x00, 0x02, 0x89, 0xbc, 0x97, 0x1f, 0x11, 0x02, 0x7d, 0xd8, 0x92, 0xdc, 0x7b,
    0xa3, 0x2a, 0xab, 0x99, 0x7e, 0xab, 0x88, 0x00, 0xb9, 0x64, 0xf9, 0xbb, 0x38, 0x01, 0x3a, 0x55,
    0x3b, 0x33, 0x27, 0x80, 0x13, 0x73, 0x0d, 0x33, 0xca, 0x01, 0x8c, 0x00, 0x39, 0x9c, 0xc0, 0x1f,
    0xfc, 0x92, 0xee, 0xe7, 0x00, 0xf2, 0x7d, 0x57, 0x64, 0x00, 0x00, 0x00, 0xff, 0xe1, 0x27, 0xff,
    0xfe, 0x54, 0xff, 0xe1, 0xaf, 0xfe, 0x50, 0x0e, 0x21, 0x40, 0x0f, 0xa3, 0xba, 0xc0, 0xfe, 0xed,
    0x00, 0x13, 0x7d, 0x17, 0x79, 0xef, 0xc8, 0x80, 0x61, 0x00, 0x08, 0x80, 0x44, 0x01, 0xff, 0xff,
    0x00, 0x32, 0x00, 0x11, 0x1d, 0x38, 0x00, 0x99, 0x01, 0x40, 0x02, 0x5b, 0xf9, 0x40, 0x1e, 0xef,
    0xfc, 0x43, 0x98, 0x0a, 0xcc, 0xd4, 0x19, 0x82, 0x02, 0x20, 0x39, 0x16, 0x70, 0x22, 0x00, 0x77,
    0x6e, 0xee, 0x00, 0xfd, 0x1f, 0xfa, 0x40, 0x3f, 0x31, 0x16, 0x70, 0x0f, 0xdf, 0x77, 0xbc, 0x03,
    0xf5, 0x44, 0x69, 0x00, 0xfc, 0xa6, 0x79, 0x80, 0x8c, 0x49, 0xe0, 0x22, 0xf3, 0x7b, 0x07, 0x3c,
    0x83, 0x82, 0x77, 0xa3, 0xb3, 0x03, 0xd8, 0x65, 0x30, 0xec, 0xa8, 0x64, 0x01, 0xff, 0xc2, 0x3f,
    0x00, 0x80, 0x22, 0xe1, 0x11, 0x17, 0x4c, 0xae, 0xde, 0x8f, 0xf7, 0x68, 0xe0, 0x3c, 0xc3, 0x00,
    0x1b, 0x31, 0xa0, 0x01, 0x33, 0x38, 0x04, 0x66, 0xf0, 0x01, 0xf7, 0x00, 0x27, 0xee, 0x08, 0x03,
    0x73, 0x10, 0x8f, 0x19, 0x8f, 0x00, 0x19, 0x4c, 0xb7, 0x53, 0x22, 0x50, 0x09, 0xa9, 0xe6, 0x4f,
    0x4c, 0x01, 0xe3, 0x00, 0xff, 0x97, 0xfc, 0xe0, 0x1e, 0x1e, 0x5e, 0xf6, 0xc8, 0x00, 0xd2, 0x61,
    0x84, 0x05, 0x60, 0x1a, 0x2a, 0x61, 0xfb, 0x63, 0x16, 0x94, 0x03, 0x95, 0x2b, 0xa4, 0x12, 0x2c,
    0x22, 0x60, 0x00, 0xa0, 0x01, 0x73, 0xfd, 0x8b, 0x20, 0x14, 0x90, 0x01, 0x1a, 0x39, 0x58, 0xca,
    0x48, 0xc9, 0xc0, 0x22, 0x50, 0x86, 0x9b, 0x86, 0xa5, 0x00, 0xaf, 0x42, 0xd6, 0x86, 0xa9, 0x28,
    0x01, 0x4c, 0x03, 0x99, 0xbd, 0x68, 0xa8, 0x80, 0x1a, 0x81, 0xe4, 0x6f, 0xaa, 0x76, 0xe0, 0x03,
    0xd0, 0x83, 0x70, 0xb1, 0x7f, 0x50, 0x07, 0x48, 0x1b, 0x03, 0x01, 0x02, 0x00, 0x44, 0x8c, 0xc2,
    0xa0, 0x02, 0xd8, 0x01, 0x5a, 0xf0, 0x5a, 0xb5, 0x80, 0xbd, 0x81, 0x7b, 0x21, 0xc9, 0x73, 0x81,
    0xd6, 0x80, 0x3e, 0xd3, 0x50, 0x0f, 0xc7, 0x41, 0xb0, 0x07, 0x20, 0x10, 0x01, 0x13, 0xa8, 0x88,
    0x15, 0x98, 0x60, 0x02, 0x99, 0x5f, 0x4c, 0x86, 0x03, 0xec, 0x00, 0x5e, 0x2e, 0x22, 0xea, 0xa3,
    0x52, 0xd1, 0x00, 0x98, 0x81, 0x81, 0xdd, 0x48, 0x49, 0x07, 0xe1, 0x66, 0x3a, 0x2c, 0xc9, 0x0c,
    0x00, 0xbc, 0x1d, 0xcd, 0x5e, 0x45, 0x05, 0x12, 0x0d, 0xdc, 0x1c, 0x31, 0x01, 0xe0, 0x3b, 0xdb,
    0x22, 0xb3, 0xca, 0xc3, 0x00, 0x5e, 0x47, 0x33, 0xc3, 0x4e, 0x20, 0x10, 0xf7, 0x78, 0x40, 0x3e,
    0x33, 0xf0, 0x06, 0x2b, 0xd1, 0xaa, 0x5d, 0xd4, 0x3f, 0x84, 0x49, 0xee, 0x6e, 0x6e, 0xd8, 0x3f,
    0x84, 0x04, 0x41, 0x10, 0x07, 0x61, 0x00, 0x00, 0x12, 0x2c, 0x08, 0x80, 0x38, 0x00, 0x93, 0x3b,
    0xfc, 0x66, 0x84, 0x63, 0x93, 0x05, 0x4e, 0xa8, 0xad, 0x58, 0x37, 0xd8, 0x00, 0x9f, 0x83, 0x4a,
    0x01, 0x01, 0x0c, 0x02, 0xe5, 0x3d, 0x5b, 0x0b, 0x28, 0x01, 0x00, 0x4d, 0x87, 0xde, 0x57, 0x87,
    0x70, 0x02, 0x4d, 0x30, 0xaa, 0x90, 0x1b, 0x80, 0x2f, 0x10, 0x19, 0xc6, 0x03, 0x44, 0x08, 0x02,
    0xf0, 0x01, 0x18, 0x80, 0xd3, 0x40, 0x12, 0x64, 0x04, 0x62, 0x01, 0x8b, 0x8b, 0x3e, 0x05, 0x84,
    0xd2, 0x32, 0xb2, 0x33, 0x36, 0xb0, 0xc2, 0xae, 0x65, 0x09, 0x26, 0x01, 0xce, 0xc3, 0x92, 0xb4,
    0xa8, 0x01, 0x32, 0x00, 0x56, 0x80, 0x92, 0x00, 0x12, 0x2e, 0x00, 0xa0, 0x40, 0x25, 0xff, 0x4f,
    0xfa, 0x62, 0x0d, 0x31, 0x01, 0x45, 0x4f, 0x7a, 0xdd, 0x71, 0xee, 0xc0, 0x11, 0x18, 0x80, 0xfe,
    0x9f, 0xfb, 0x04, 0x02, 0xf0, 0x06, 0xe0, 0xe8, 0xc2, 0x00, 0x45, 0x64, 0x01, 0xfc, 0x68, 0xb2,
    0x81, 0xb8, 0x12, 0x30, 0x80, 0x33, 0x12, 0xa1, 0xa4, 0x5c, 0x26, 0x1f, 0x52, 0x21, 0xdc, 0x00,
    0x77, 0x42, 0x5e, 0x7e, 0x20, 0x8b, 0xc8, 0xe0, 0x84, 0x06, 0x01, 0xa1, 0x3e, 0x59, 0x78, 0x08,
    0x4f, 0x8b, 0x98, 0xc1, 0x5f, 0x95, 0x40, 0x5b, 0x44, 0x3e, 0xcb, 0xba, 0x58, 0x42, 0x53, 0x19,
    0x91, 0x96, 0x6e, 0xa0, 0x44, 0x00, 0xe4, 0x80, 0x0f, 0xf1, 0x90, 0x07, 0x3d, 0x57, 0x3d, 0x56,
    0x7d, 0x3f, 0xf8, 0xeb, 0xfe, 0x3d, 0x0f, 0x55, 0x00, 0x28, 0x15, 0x5e, 0x01, 0x92, 0xea, 0x62,
    0x84, 0x03, 0x4c, 0xa8, 0x4b, 0x0e, 0xc0, 0x35, 0xea, 0x70, 0x0c, 0xd0, 0x06, 0x20, 0x45, 0xb4,
    0x00, 0xf8, 0xe6, 0xa6, 0x9c, 0x03, 0xa7, 0xa5, 0x11, 0x95, 0x00, 0x1a, 0xb5, 0x00, 0x05, 0x92,
    0x01, 0x8c, 0x03, 0xa7, 0xe3, 0x2d, 0xc0, 0x3d, 0x39, 0xec, 0x00, 0xf4, 0xa8, 0x07, 0xcc, 0xd8,
    0xed, 0x9b, 0x00, 0x51, 0xc2, 0x2d, 0x91, 0x1a, 0x40, 0x34, 0xbb, 0xf9, 0x80, 0x3b, 0xfb, 0xbd,
    0xe0, 0x18, 0x7f, 0xff, 0x70, 0x06, 0x3e, 0xaa, 0xf7, 0xa0, 0x10, 0x98, 0x55, 0x78, 0x80, 0x0c,
    0x40, 0x0b, 0xbf, 0x10, 0x00, 0xd4, 0x01, 0x55, 0xe2, 0x00, 0x5e, 0x00, 0x2e, 0xfc, 0x40, 0x64,
    0x80, 0x0b, 0xbf, 0x10, 0x0d, 0x88, 0x07, 0xa7, 0x49, 0x89, 0x40, 0x74, 0x03, 0x4e, 0x71, 0x00,
    0x00, 0xf3, 0x30, 0x03, 0xfb, 0x44, 0x07, 0x59, 0xa4, 0x00, 0xe3, 0x00, 0x9c, 0x46, 0x20, 0x08,
    0x88, 0x04, 0x4f, 0x55, 0xc8, 0x40, 0x3d, 0xc2, 0xfe, 0x45, 0xee, 0xe1, 0x16, 0x6f, 0xff, 0xed,
    0xc1, 0x00, 0x3f, 0x4c, 0xfb, 0x9c, 0x03, 0x9a, 0x67, 0xcc, 0x01, 0xe6, 0xaa, 0xf3, 0x00, 0x79,
    0xb7, 0x7c, 0xc0, 0x1e, 0x6d, 0xdf, 0x30, 0x07, 0x9e, 0x67, 0xce, 0x01, 0xff, 0x56, 0x22, 0x80,
    0x67, 0xb0, 0x0d, 0x7d, 0xc3, 0x00, 0x00, 0xf4, 0xa0, 0x07, 0x85, 0x57, 0x8e, 0x55, 0x78, 0x43,
    0x32, 0x8b, 0x34, 0xe8, 0xcc, 0x80, 0x66, 0x42, 0x1b, 0x33, 0x08, 0xa6, 0x42, 0x00, 0xc7, 0x1f,
    0xcd, 0xf1, 0x5a, 0x10, 0x0a, 0x6f, 0xfb, 0x77, 0x88, 0x80, 0x13, 0x57, 0x7e, 0x6e, 0xdd, 0x86,
    0x01, 0x8f, 0x77, 0xca, 0x20, 0x1c, 0x79, 0x9e, 0x50, 0x0f, 0x1e, 0xef, 0x94, 0x03, 0xc7, 0x77,
    0xe5, 0x00, 0xf1, 0xd5, 0x79, 0x40, 0x3f, 0xc9, 0x76, 0x57, 0x00, 0xc7, 0xe0, 0x12, 0x4d, 0x71,
    0x00, 0x00, 0x00, 0xc9, 0x00, 0x72, 0x01, 0xe7, 0x88, 0x79, 0x03, 0x91, 0xc7, 0x28, 0x00, 0xf7,
    0x44, 0x01, 0x2c, 0xf7, 0xa8, 0x01, 0x10, 0x20, 0x19, 0x69, 0x86, 0x04, 0xb7, 0x63, 0x00, 0x3a,
    0xcc, 0xcc, 0x05, 0xb9, 0x7d, 0x84, 0x35, 0xfe, 0xcc, 0x08, 0x00, 0xf3, 0xf6, 0x65, 0xfb, 0x00,
    0x40, 0x18, 0xe6, 0x7c, 0xa0, 0x1e, 0x38, 0x8f, 0x28, 0x07, 0x8e, 0xef, 0xca, 0x01, 0xe3, 0xbb,
    0xf2, 0x80, 0x78, 0xaa, 0xbc, 0xa0, 0x1f, 0xf4, 0xe2, 0xb0, 0x06, 0x3d, 0x00, 0xd1, 0xdc, 0x30,
    0x00, 0x02, 0x44, 0x18, 0x14, 0x80, 0x7d, 0x71, 0xfa, 0x0a, 0x60, 0x1f, 0xa6, 0x80, 0x14, 0x9d,
    0xdc, 0x80, 0x1c, 0xed, 0xdd, 0xca, 0x01, 0x57, 0x05, 0x7b, 0x84, 0x90, 0x88, 0x02, 0xae, 0x08,
    0xcd, 0x62, 0x69, 0x10, 0x08, 0x40, 0x02, 0x17, 0x1e, 0x01, 0xc7, 0xf0, 0x01, 0x11, 0x34, 0x03,
    0xd9, 0xe0, 0x01, 0xfe, 0x33, 0x00, 0x1c, 0x19, 0x5c, 0x00, 0x70, 0x50, 0x01, 0xc4, 0x40, 0x09,
    0x27, 0x7e, 0x81, 0xc0, 0xc8, 0x02, 0x4e, 0xdd, 0xd0, 0x44, 0x5b, 0x6c, 0x50, 0x0c, 0x7b, 0xa2,
    0x16, 0x76, 0xcb, 0x00, 0xc7, 0x99, 0x00, 0x00, 0x1c, 0x00, 0x47, 0x00, 0x1f, 0x47, 0xab, 0x83,
    0x98, 0x0b, 0x98, 0x01, 0x9d, 0xc9, 0x46, 0x0d, 0x59, 0xe2, 0x03, 0x25, 0xb8, 0x10, 0x00, 0xed,
    0x83, 0x01, 0xdf, 0xdd, 0xb8, 0x19, 0x00, 0x16, 0x80, 0xbb, 0x99, 0x03, 0xac, 0xc4, 0xa3, 0x07,
    0x5f, 0x71, 0x8c, 0xa3, 0xfb, 0xf4, 0x80, 0x17, 0x10, 0x70, 0x5d, 0x66, 0x20, 0x06, 0xb8, 0x83,
    0x80, 0x49, 0x58, 0xa0, 0x16, 0x5d, 0x9c, 0x00, 0xbd, 0xfc, 0xc0, 0x11, 0xee, 0x98, 0x00, 0xb4,
    0xa0, 0xa6, 0x00, 0xe4, 0x40, 0x80, 0x1c, 0x02, 0xf5, 0x00, 0x8b, 0x51, 0x54, 0x3d, 0xd3, 0xb8,
    0x21, 0xcb, 0x38, 0xc7, 0x7b, 0xad, 0x10, 0x02, 0x44, 0x84, 0x50, 0x01, 0x49, 0x00, 0x2e, 0x3e,
    0x88, 0x51, 0x41, 0x10, 0x40, 0x14, 0xd9, 0x00, 0x2b, 0x02, 0x20, 0x01, 0xfb, 0x21, 0xf8, 0xee,
    0x40, 0x2a, 0xf3, 0x00, 0x6f, 0x73, 0xe0, 0xc0, 0x2a, 0xf3, 0x00, 0xff, 0xe2, 0x5b, 0xbd, 0x80,
    0x11, 0xf4, 0x90, 0x51, 0x57, 0xc1, 0x78, 0x04, 0x7e, 0x60, 0xd8, 0xf2, 0x30, 0xa0, 0x06, 0xa6,
    0x10, 0x07, 0xe8, 0x07, 0x88, 0x80, 0x10, 0xba, 0x80, 0x48, 0x83, 0x20, 0x0d, 0x48, 0x40, 0x22,
    0x33, 0x2d, 0x9f, 0x04, 0x8d, 0x80, 0xa7, 0xd2, 0x33, 0x9f, 0x65, 0x50, 0x40, 0x17, 0xda, 0x60,
    0x02, 0x44, 0x84, 0x19, 0x01, 0x54, 0x01, 0x54, 0xfd, 0x18, 0x79, 0x01, 0x68, 0x06, 0xbb, 0x13,
    0x73, 0x47, 0x4b, 0x70, 0x80, 0x73, 0x73, 0x47, 0x4b, 0x70, 0x80, 0x27, 0xcc, 0x48, 0xf8, 0xb8,
    0x48, 0x40, 0x13, 0xe6, 0x9c, 0xc9, 0xca, 0xae, 0x70, 0x0e, 0x5d, 0xee, 0xed, 0x60, 0x06, 0xc9,
    0x02, 0x67, 0x75, 0x8e, 0x00, 0x13, 0xf3, 0x00, 0x3e, 0x64, 0xe0, 0x11, 0x5b, 0x08, 0x01, 0xf3,
    0x27, 0x00, 0x98, 0x80, 0x33, 0xe6, 0x4e, 0x00, 0x20, 0x10, 0x10, 0x02, 0xb3, 0x4a, 0x00, 0x45,
    0x57, 0x89, 0x00, 0x04, 0x60, 0x09, 0xa1, 0x7f, 0x01, 0x35, 0xde, 0xc6, 0x00, 0x02, 0x44, 0x18,
    0x04, 0xae, 0x01, 0xd1, 0x0f, 0xf1, 0xaa, 0x8a, 0x59, 0x54, 0x20, 0x0f, 0xa0, 0xae, 0xce, 0x7f,
    0xc8, 0x50, 0x0f, 0x15, 0xcc, 0xe6, 0x00, 0xb3, 0x82, 0x42, 0x91, 0x11, 0x0c, 0x40, 0x06, 0x70,
    0x01, 0x02, 0x70, 0xb2, 0x80, 0x3c, 0x8f, 0x01, 0xc4, 0x80, 0x10, 0xcd, 0x8c, 0x12, 0x00, 0x7e,
    0xdc, 0x09, 0xa9, 0x40, 0x01, 0x00, 0x4c, 0xc7, 0x15, 0x24, 0xc0, 0x18, 0xb0, 0x08, 0x40, 0x22,
    0x45, 0x01, 0xa5, 0x24, 0x70, 0x08, 0x7a, 0x00, 0xc0, 0x08, 0xe5, 0x8f, 0xeb, 0x08, 0xa0, 0xe9,
    0x96, 0xec, 0xc7, 0xe9, 0x94, 0x00, 0x0b, 0x32, 0x20, 0x02, 0x44, 0x18, 0x23, 0x04, 0x10, 0xc8,
    0x02, 0xe3, 0xf4, 0x21, 0x50, 0xca, 0x38, 0x02, 0x9b, 0x06, 0x53, 0x99, 0x22, 0xb8, 0x07, 0x95,
    0x40, 0x8a, 0xc2, 0x40, 0x15, 0x78, 0x1a, 0x44, 0x28, 0x67, 0xc4, 0x01, 0x5e, 0x00, 0x90, 0x46,
    0x04, 0xb3, 0x00, 0x08, 0x00, 0x60, 0x61, 0xea, 0x7c, 0x80, 0xfe, 0x40, 0xd3, 0x66, 0x07, 0x1c,
    0x02, 0xcf, 0x00, 0x9f, 0xc5, 0x10, 0x01, 0x32, 0xb0, 0x04, 0x7b, 0x56, 0x20, 0x11, 0x10, 0x03,
    0x3e, 0xeb, 0x0c, 0x00, 0x64, 0x01, 0xee, 0x7e, 0x60, 0x02, 0xdb, 0x6a, 0x81, 0xfe, 0xee, 0x10,
    0x67, 0x6c, 0xb2, 0xf8, 0x8e, 0xe0, 0x03, 0x44, 0x18, 0x8f, 0xe0, 0x04, 0x7f, 0xa2, 0xf3, 0xff,
    0x66, 0x04, 0x01, 0x30, 0x15, 0xb6, 0xda, 0x9b, 0xa1, 0x00, 0xe6, 0xeb, 0x6d, 0x4e, 0x90, 0x0b,
    0x70, 0x01, 0x34, 0xda, 0xf4, 0x01, 0xb7, 0x00, 0x1e, 0x42, 0xa6, 0x40, 0x1f, 0x11, 0xea, 0xe8,
    0xef, 0x00, 0x51, 0x20, 0xb3, 0xa1, 0x33, 0x28, 0x01, 0xf3, 0x42, 0x3a, 0x43, 0xbf, 0x78, 0x80,
    0x59, 0x02, 0x6d, 0xb3, 0x0a, 0xd8, 0x42, 0x20, 0x0d, 0xa9, 0x0c, 0xb0, 0x00, 0x45, 0x00, 0xd5,
    0x2b, 0x00, 0xc2, 0x1b, 0x91, 0xd9, 0x1d, 0xc8, 0xef, 0xed, 0x08, 0x58, 0xd7, 0x9e, 0xa5, 0x02,
    0x9c, 0x00, 0x02, 0x44, 0x80, 0x22, 0x90, 0x0e, 0xb8, 0xfb, 0x37, 0x75, 0x3b, 0xe1, 0x00, 0x4d,
    0x90, 0x03, 0xdc, 0x67, 0xc0, 0xc0, 0x38, 0x95, 0x1c, 0xe1, 0x18, 0x80, 0x15, 0xe4, 0xdf, 0x14,
    0xed, 0x1a, 0x20, 0x0a, 0xf2, 0x4c, 0x48, 0x63, 0x4f, 0x10, 0x0e, 0x20, 0xb2, 0xff, 0x39, 0x80,
    0x0f, 0xa4, 0xe7, 0x36, 0xaf, 0x7f, 0x50, 0x00, 0x7e, 0x19, 0x62, 0x0a, 0x22, 0x95, 0x06, 0xa6,
    0x35, 0x6c, 0x41, 0xae, 0x41, 0x02, 0x20, 0x04, 0x27, 0x66, 0xe2, 0x00, 0x32, 0x00, 0x1b, 0xe7,
    0x70, 0xb3, 0xe8, 0x16, 0xd3, 0x4d, 0xf4, 0xe1, 0x86, 0x64, 0x0c, 0xe9, 0x9a, 0x20, 0x95, 0x40,
    0x01, 0x80, 0x02, 0x44, 0x18, 0x04, 0xb2, 0x01, 0xd7, 0x1f, 0xe0, 0x01, 0x42, 0x28, 0x07, 0x4c,
    0x80, 0x07, 0xf1, 0xf3, 0x21, 0x00, 0xf3, 0xf0, 0xe5, 0xa9, 0xf9, 0x00, 0x2b, 0x41, 0x72, 0x37,
    0x6b, 0xc2, 0x00, 0x56, 0x80, 0xdf, 0x10, 0x75, 0xb8, 0x07, 0x98, 0xbf, 0xc7, 0x9f, 0x80, 0x03,
    0xe8, 0x00, 0x78, 0x80, 0x7e, 0x3d, 0x01, 0xde, 0xf2, 0xcf, 0xf0, 0x01, 0xa9, 0x41, 0x38, 0x99,
    0x77, 0x4c, 0x00, 0x22, 0x00, 0x5e, 0x62, 0x15, 0xc0, 0x03, 0x20, 0x09, 0x43, 0x6e, 0x1c, 0xec,
    0x56, 0xe3, 0x1a, 0x64, 0xdc, 0x97, 0x46, 0x4c, 0xf1, 0xd5, 0x84, 0x09, 0x82, 0x10, 0x60, 0x00,
    0xd0, 0xa0, 0x1f, 0x99, 0xc0, 0x34, 0xee, 0xc3, 0xfb, 0xb6, 0x15, 0x7f, 0xb7, 0xfe, 0x82, 0x02,
    0x2f, 0x9c, 0x01, 0x17, 0x7e, 0xe0, 0x02, 0xff, 0xfa, 0x80, 0x1a, 0x89, 0xf0, 0x02, 0x6a, 0xbd,
    0x20, 0x04, 0xee, 0xf6, 0x80, 0x35, 0x13, 0xe0, 0x04, 0xd5, 0x7a, 0x40, 0x0b, 0xff, 0xec, 0x0a,
    0x85, 0x5f, 0x3f, 0x80, 0x0e, 0xff, 0xff, 0x60, 0x03, 0xbf, 0xcc, 0x9f, 0xee, 0xdf, 0xf6, 0x00,
    0x67, 0x4a, 0x00, 0x2f, 0xa0, 0x07, 0x3c, 0xc8, 0x8d, 0x01, 0x6d, 0x80, 0x22, 0x83, 0x9f, 0x8e,
    0xe0, 0xbc, 0x30, 0x00, 0xbf, 0x75, 0x99, 0x54, 0xc6, 0xa0, 0x07, 0xdf, 0xc0, 0x11, 0x90, 0x05,
    0xff, 0x9d, 0xdf, 0xf8, 0x40, 0x2f, 0xfc, 0xee, 0xff, 0xc2, 0x01, 0xff, 0xc3, 0x26, 0x6e, 0x33,
    0x33, 0x71, 0x07, 0xff, 0x11, 0x3f, 0xf8, 0x00, 0x00, 0xf3, 0x30, 0x03, 0xc3, 0x77, 0xff, 0x88,
    0x6b, 0x33, 0x0b, 0x66, 0x6a, 0x20, 0x12, 0x11, 0xab, 0x44, 0x62, 0x10, 0x08, 0xb4, 0x47, 0xdb,
    0xa0, 0x0c, 0x21, 0xdd, 0xe0, 0xf0, 0x09, 0xf8, 0xc4, 0x7c, 0x7e, 0xe0, 0x0a, 0xde, 0xef, 0xdb,
    0x40, 0x0b, 0x11, 0x55, 0x04, 0x5d, 0x3e, 0x36, 0x00, 0x65, 0xa2, 0x6c, 0xc1, 0x22, 0x09, 0x80,
    0x24, 0xa8, 0xc0, 0x06, 0x6d, 0x70, 0x06, 0x63, 0x22, 0x08, 0x88, 0x87, 0x80, 0x02, 0xcf, 0x88,
    0x99, 0x91, 0x1b, 0x08, 0x00, 0x91, 0x95, 0x00, 0x02, 0x30, 0x04, 0x5b, 0xc7, 0xb8, 0x87, 0x79,
    0xc6, 0x01, 0x0d, 0x28, 0x27, 0x25, 0x6a, 0x00, 0x62, 0x64, 0x0a, 0xa3, 0x9a, 0xb0, 0x04, 0x60,
    0x22, 0x08, 0xc8, 0x6d, 0x31, 0x00, 0xce, 0xb5, 0x90, 0x4b, 0x04, 0x01, 0x08, 0xb2, 0x55, 0x00,
    0x11, 0x64, 0x01, 0x87, 0x60, 0x03, 0x54, 0x01, 0x80, 0x90, 0x11, 0xf0, 0x90, 0x80, 0x88, 0x85,
    0x78, 0xbf, 0x96, 0xe9, 0xfb, 0x87, 0xe8, 0x8c, 0xc7, 0x3c, 0x66, 0x25, 0xff, 0x30, 0xa0, 0x31,
    0x98, 0x40, 0x02, 0xf7, 0x28, 0x80, 0x1a, 0x1e, 0xe0, 0x19, 0x74, 0xa4, 0x01, 0x90, 0x20, 0x1f,
    0x45, 0x80, 0x00, 0x0b, 0x08, 0xf8, 0x88, 0x20, 0x05, 0xcf, 0x8c, 0xdd, 0x64, 0xcb, 0xd8, 0x00,
    0x6b, 0x3d, 0x71, 0x0a, 0xeb, 0xa1, 0x00, 0x19, 0x98, 0x04, 0xcc, 0x02, 0xda, 0x01, 0x9c, 0x40,
    0x7f, 0xc0, 0x01, 0x10, 0x06, 0x57, 0x00, 0xe1, 0x73, 0x30, 0x00, 0x5f, 0x38, 0x3f, 0xc1, 0xd8,
    0xc0, 0x19, 0x37, 0x83, 0x74, 0x1f, 0xa8, 0x20, 0x24, 0x25, 0xe3, 0x32, 0xff, 0x10, 0x90, 0xad,
    0x3f, 0xa5, 0xff, 0x91, 0x1e, 0xf4, 0xa9, 0x98, 0xe7, 0x8c, 0xc4, 0x84, 0x66, 0x10, 0x06, 0x33,
    0x50, 0x00, 0xb1, 0x0b, 0x20, 0x1c, 0x0f, 0x60, 0x0c, 0x99, 0x88, 0x01, 0xd8, 0x10, 0x0f, 0x9e,
    0x80, 0x00, 0x0a, 0xb9, 0x28, 0x01, 0x12, 0x00, 0xde, 0x48, 0xd1, 0x6f, 0x98, 0xb0, 0x0e, 0xf4,
    0x04, 0xb7, 0xf0, 0x10, 0x0e, 0xb4, 0x72, 0xd5, 0x4c, 0x00, 0xe3, 0x88, 0x37, 0xa8, 0x47, 0x98,
    0x04, 0x21, 0x35, 0xa4, 0x27, 0x50, 0x02, 0x09, 0xa3, 0xfc, 0x94, 0xb5, 0xdc, 0x1d, 0x54, 0xcd,
    0x67, 0xcb, 0xac, 0x91, 0xdc, 0x50, 0x3d, 0x23, 0xba, 0xbb, 0x6d, 0xe3, 0x01, 0xf4, 0xce, 0x44,
    0x4c, 0x9f, 0xb0, 0xcd, 0xbf, 0x51, 0x04, 0x44, 0x42, 0xa6, 0x0c, 0x01, 0x33, 0x9d, 0x26, 0x71,
    0x80, 0x46, 0x78, 0x84, 0xcf, 0x08, 0x07, 0xd3, 0x20, 0x0f, 0x00, 0xac, 0x80, 0x26, 0x70, 0x0e,
    0x13, 0x63, 0x10, 0x02, 0x48, 0x80, 0x66, 0xe1, 0xdd, 0x33, 0xa9, 0x4b, 0xb8, 0x80, 0x0b, 0x1c,
    0x03, 0xfe, 0x40, 0xff, 0x00, 0x5f, 0xe1, 0x07, 0x9a, 0xaa, 0x60, 0x80, 0x2e, 0x70, 0x04, 0x7f,
    0x7d, 0x00, 0x12, 0xed, 0xfe, 0x00, 0xa3, 0x38, 0x02, 0x55, 0xbf, 0x80, 0x3f, 0x87, 0xba, 0x70,
    0x01, 0x80, 0x7d, 0xc4, 0x6a, 0x00, 0x11, 0x00, 0x78, 0x9a, 0x54, 0x00, 0xaa, 0x00, 0x89, 0x45,
    0x4c, 0x40, 0x0c, 0xa2, 0x00, 0x71, 0x24, 0x70, 0x7c, 0x4b, 0x80, 0x01, 0x0f, 0x1a, 0xc0, 0x3f,
    0x46, 0x18, 0x00, 0x77, 0x48, 0x00, 0x99, 0x40, 0x02, 0x45, 0x80, 0x22, 0x6b, 0xd6, 0x25, 0xce,
    0xe7, 0x80, 0x4f, 0x54, 0xfb, 0x60, 0x5c, 0xe0, 0x0e, 0x50, 0x77, 0x01, 0x10, 0x03, 0xf9, 0xc0,
    0x6b, 0x00, 0xcd, 0x4a, 0x01, 0x31, 0x80, 0x29, 0x40, 0x7e, 0x51, 0x12, 0xf5, 0xe8, 0x3b, 0x99,
    0x6d, 0x0a, 0xda, 0x44, 0x14, 0x05, 0x3b, 0x8a, 0x20, 0x20, 0x52, 0x02, 0x12, 0xa4, 0x44, 0xb0,
    0x07, 0xf4, 0xc8, 0x00, 0x6f, 0x10, 0x73, 0x00, 0x1a, 0x9d, 0x80, 0x56, 0xcc, 0xb0, 0x00, 0xa9,
    0x80, 0x88, 0x0e, 0xc9, 0x75, 0x41, 0x50, 0x17, 0x98, 0x3b, 0x72, 0xeb, 0x89, 0x28, 0x17, 0xb5,
    0x35, 0xc0, 0x0d, 0x64, 0x00, 0xa1, 0x00, 0x3f, 0xf2, 0xb0, 0x05, 0xfd, 0xd0, 0x04, 0xfc, 0x3d,
    0xc2, 0x01, 0xee, 0x00, 0x74, 0xcb, 0x08, 0x04, 0xc0, 0x3f, 0x62, 0x00, 0x15, 0x80, 0x3f, 0x50,
    0x83, 0x4f, 0x80, 0x4e, 0x69, 0x76, 0x9f, 0x20, 0x84, 0x00, 0x68, 0x89, 0x56, 0xf9, 0x36, 0x2c,
    0xcb, 0xc4, 0x87, 0xba, 0x11, 0x07, 0x5f, 0xfa, 0xf8, 0x01, 0xe5, 0xf6, 0x01, 0x11, 0x98, 0x40,
    0x23, 0x64, 0x80, 0x0f, 0xe1, 0x53, 0x01, 0x00, 0xbd, 0xdd, 0x80, 0x04, 0x70, 0x2e, 0x03, 0x00,
    0xf9, 0x60, 0x0b, 0xb0, 0x62, 0xdd, 0xd5, 0x00, 0x00, 0xe8, 0x50, 0x0f, 0x8d, 0x9a, 0x29, 0x66,
    0x90, 0x02, 0xba, 0xee, 0x12, 0x77, 0x37, 0x40, 0x19, 0x22, 0x3d, 0x80, 0x1c, 0xdb, 0xbe, 0x90,
    0x0e, 0x6d, 0xdf, 0x48, 0x07, 0x1a, 0xaf, 0xb4, 0x03, 0x9f, 0x3e, 0xb3, 0x23, 0xe0, 0x0c, 0x93,
    0x49, 0xd3, 0x2c, 0x94, 0x00, 0xf4, 0xc9, 0xaa, 0x35, 0x00, 0x3c, 0x5b, 0x0d, 0x86, 0x01, 0x11,
    0xc5, 0xf1, 0xe3, 0x7b, 0x90, 0x0a, 0x38, 0x7f, 0x01, 0x56, 0xf7, 0x88, 0xbf, 0x21, 0x00, 0x31,
    0xce, 0x88, 0x00, 0xc9, 0x00, 0x1f, 0xf0, 0xc9, 0xc4, 0x4c, 0x01, 0xf5, 0xbe, 0xf7, 0x1b, 0x80,
    0x3d, 0x43, 0x4c, 0xce, 0x58, 0x00, 0xc5, 0x8a, 0xad, 0xd9, 0xd7, 0x76, 0x10, 0x02, 0x2c, 0xff,
    0xa9, 0x73, 0xfc, 0x40, 0x02, 0x83, 0x12, 0x28, 0x08, 0xa0, 0x0f, 0x63, 0xbb, 0xd9, 0xde, 0x00,
    0xf0, 0xff, 0x89, 0x3f, 0xe0, 0x0f, 0x6c, 0x47, 0xd8, 0x60, 0x1f, 0xf8, 0xe1, 0x80, 0x03, 0x84,
    0x23, 0xe3, 0x45, 0x00, 0x48, 0x7e, 0x67, 0xbe, 0x0c, 0x00, 0xd6, 0x20, 0x01, 0xb0, 0x0c, 0x26,
    0x72, 0xa8, 0xcc, 0xa8, 0x67, 0x09, 0x7f, 0xc3, 0x3f, 0xe9, 0x0f, 0xf8, 0x8f, 0x32, 0x1f, 0xcc,
    0x78, 0x66, 0x46, 0x01, 0xa0, 0xc0, 0x07, 0x20, 0x1d, 0x19, 0x8a, 0xdc, 0xc6, 0xd6, 0x58, 0x05,
    0x5f, 0xf1, 0xcf, 0xfd, 0x2c, 0x01, 0x11, 0x9c, 0x2e, 0x67, 0x30, 0x07, 0xff, 0x6e, 0x77, 0x4c,
    0x01, 0xfe, 0x8e, 0xcb, 0x00, 0xff, 0x09, 0x90, 0x07, 0xef, 0x20, 0x0f, 0x80, 0x00, 0x86, 0xc0,
    0x35, 0x88, 0x04, 0x2c, 0xd2, 0x33, 0x64, 0x66, 0x84, 0xff, 0xdc, 0x1f, 0xf8, 0x3b, 0xfc, 0x65,
    0x32, 0x81, 0x9d, 0x99, 0x04, 0x4c, 0x88, 0x02, 0x1d, 0x18, 0x80, 0x60, 0x80, 0x7c, 0x63, 0xa8,
    0x83, 0x00, 0xeb, 0xdd, 0xd8, 0x53, 0xbb, 0x50, 0x02, 0xac, 0x73, 0x2f, 0xcc, 0xd6, 0x00, 0x12,
    0x01, 0x1f, 0xe0, 0x0f, 0xfe, 0xa1, 0x5d, 0xfe, 0x10, 0x09, 0x6b, 0xff, 0xf0, 0x80, 0x00, 0xd2,
    0x60, 0x02, 0xa0, 0x0c, 0x2c, 0xd2, 0x5b, 0x32, 0x91, 0x9a, 0x10, 0xff, 0x8c, 0xdf, 0xe2, 0x0f,
    0xf8, 0x06, 0x66, 0x48, 0x99, 0x96, 0x66, 0x10, 0x08, 0x44, 0x41, 0x2f, 0x60, 0x1f, 0x48, 0x88,
    0x08, 0x40, 0x0e, 0x60, 0x12, 0xbc, 0x00, 0x63, 0xcb, 0x00, 0x92, 0xc0, 0xc0, 0x29, 0xea, 0xc3,
    0x01, 0x9a, 0x00, 0x1c, 0xa2, 0xe3, 0x00, 0x43, 0xa8, 0x00, 0x4f, 0x4c, 0x10, 0x00, 0x80, 0x79,
    0xd8, 0x03, 0xa1, 0x80, 0x3e, 0x1d, 0x22, 0x94, 0x80, 0x3e, 0xe5, 0xff, 0x99, 0x00, 0x2d, 0x10,
    0x02, 0x6e, 0xea, 0x00, 0x00, 0xd6, 0x01, 0x0d, 0x80, 0x61, 0x66, 0x91, 0x9b, 0x23, 0x34, 0x21,
    0xff, 0x07, 0xfd, 0xc1, 0xff, 0x18, 0xcc, 0xc3, 0x7d, 0x30, 0x33, 0x31, 0x00, 0x6e, 0x5d, 0x01,
    0xe0, 0x0c, 0x9f, 0xfa, 0x17, 0xff, 0xc8, 0x8f, 0xfa, 0x13, 0xff, 0xe4, 0x00, 0x8e, 0x7c, 0x8b,
    0xc0, 0x18, 0xf4, 0x27, 0xff, 0xb4, 0x40, 0x0d, 0xaa, 0xfb, 0xbe, 0x00, 0x92, 0xf7, 0x40, 0x1f,
    0xe4, 0xd3, 0x05, 0x88, 0xf0, 0x07, 0xef, 0xff, 0x00, 0x79, 0xf5, 0xdf, 0xdc, 0x20, 0x00, 0xd6,
    0x01, 0x0d, 0x80, 0x61, 0x77, 0x91, 0xde, 0x94, 0x77, 0x84, 0x3f, 0xe0, 0xff, 0x80, 0x1f, 0xf0,
    0x0c, 0x44, 0x11, 0x76, 0x90, 0x88, 0x84, 0x03, 0x70, 0x55, 0x8f, 0x00, 0x62, 0xdd, 0xb3, 0x5d,
    0xb7, 0x37, 0x62, 0x27, 0xff, 0x3b, 0x7f, 0xf1, 0x01, 0x17, 0x00, 0x08, 0xb8, 0x02, 0x8f, 0xf9,
    0x9f, 0xfe, 0xa0, 0x0e, 0x7f, 0xff, 0x48, 0x80, 0x7f, 0xf1, 0xd2, 0x23, 0xda, 0x01, 0xe7, 0xff,
    0xf0, 0x80, 0x74, 0xd3, 0xbf, 0xaa, 0x80, 0x00, 0x00, 0x86, 0xc0, 0x35, 0x80, 0x73, 0xba, 0x51,
    0xdf, 0x23, 0xbc, 0x01, 0xfd, 0xe0, 0x1e, 0x77, 0x48, 0xb8, 0x0c, 0x8b, 0xbc, 0x01, 0x11, 0xe1,
    0x6f, 0x9e, 0x11, 0x00, 0x34, 0xf4, 0xc9, 0x11, 0x32, 0xef, 0x00, 0xe8, 0xbb, 0x3d, 0x5d, 0xbc,
    0x03, 0xff, 0x8a, 0x7a, 0x95, 0xba, 0x79, 0xdd, 0x8b, 0x4c, 0xdf, 0xb9, 0xf0, 0x07, 0x7f, 0x9b,
    0xe6, 0x04, 0x53, 0x5c, 0x4c, 0x31, 0x14, 0x01, 0x25, 0xd5, 0xb2, 0x55, 0x48, 0x20, 0x7d, 0x1b,
    0xea, 0x00, 0x4f, 0xd8, 0xe4, 0x3f, 0xc6, 0x10, 0x0c, 0x2f, 0x9c, 0x80, 0x00, 0x8a, 0x80, 0x35,
    0x88, 0x04, 0x2a, 0xb2, 0x2a, 0xe4, 0x65, 0x50, 0x86, 0x63, 0x43, 0x3f, 0x30, 0x1b, 0x98, 0x31,
    0x99, 0x41, 0xc8, 0x1c, 0x8c, 0x4c, 0x88, 0x02, 0x2c, 0xa6, 0x0a, 0xf2, 0x00, 0xf2, 0x60, 0x75,
    0xee, 0x30, 0x06, 0x5c, 0x98, 0xaa, 0x43, 0xf6, 0xe9, 0xc8, 0x9c, 0xb6, 0x6c, 0x44, 0x65, 0xda,
    0xd0, 0x2b, 0xcf, 0xf9, 0x99, 0xff, 0x15, 0x10, 0x01, 0x77, 0xa5, 0x11, 0x21, 0x4a, 0x01, 0x8e,
    0x8c, 0x03, 0x66, 0xa0, 0x04, 0xbb, 0x68, 0x01, 0x97, 0x69, 0x00, 0x0d, 0x4a, 0x38, 0xde, 0x00,
    0x3a, 0x60, 0x01, 0xa0, 0x0f, 0x7b, 0x00, 0x48, 0x40, 0x00, 0xd6, 0x20, 0x01, 0xb0, 0x0c, 0x35,
    0x52, 0x5d, 0x52, 0xd2, 0xaa, 0x20, 0xff, 0x83, 0x3f, 0xd8, 0x1f, 0xf1, 0x8a, 0xa9, 0x91, 0xd5,
    0x4e, 0xca, 0xb0, 0x80, 0x5f, 0xb5, 0x76, 0xa2, 0xbb, 0x8c, 0x01, 0x0e, 0xdf, 0xfd, 0xcb, 0xe4,
    0x0a, 0xf8, 0x04, 0x67, 0x02, 0x02, 0x0a, 0xda, 0x00, 0x20, 0x07, 0x70, 0x03, 0x3d, 0x18, 0x04,
    0xcc, 0xc0, 0x0e, 0x24, 0x00, 0xce, 0xd8, 0x01, 0xff, 0x77, 0x0b, 0x00, 0x3f, 0xae, 0x22, 0x43,
    0x00, 0xfc, 0xa0, 0x05, 0xec, 0x40, 0x0d, 0x2c, 0x01, 0x97, 0xfa, 0x80, 0x00, 0x00, 0xd6, 0x20,
    0x02, 0xa0, 0x0c, 0x37, 0x72, 0x55, 0xdb, 0x96, 0xee, 0x21, 0x88, 0x82, 0x23, 0x0c, 0x44, 0x40,
    0x69, 0x2b, 0x33, 0x72, 0x4d, 0x98, 0x05, 0x9f, 0x10, 0x02, 0x88, 0x7a, 0x00, 0x74, 0xcc, 0xeb,
    0x33, 0x00, 0x7a, 0x2a, 0x89, 0x55, 0x40, 0x07, 0xa7, 0x74, 0xf5, 0xba, 0x90, 0x0c, 0x35, 0xfd,
    0xc7, 0x5e, 0xe7, 0xe8, 0x81, 0xe6, 0x3f, 0xda, 0xcf, 0x9f, 0xec, 0xc2, 0x1e, 0xeb, 0xdd, 0x19,
    0xd5, 0x59, 0xba, 0x40, 0x4a, 0xfc, 0xb0, 0xfb, 0xfc, 0x93, 0x03, 0x8c, 0xc3, 0x00, 0x67, 0xce,
    0xf3, 0x36, 0x30, 0x80, 0x21, 0x80, 0x02, 0xf8, 0x60, 0x00, 0xd4, 0x40, 0x02, 0xa0, 0x0c, 0x59,
    0x92, 0xf6, 0x63, 0x97, 0x32, 0x22, 0x77, 0x43, 0x3d, 0xc9, 0x2e, 0xe8, 0x80, 0xc0, 0x64, 0x11,
    0x70, 0x7e, 0x48, 0x00, 0xdd, 0x1b, 0x9e, 0x19, 0x19, 0x00, 0x13, 0xb4, 0xd4, 0x3b, 0x2a, 0x1e,
    0x90, 0x05, 0x92, 0x02, 0xee, 0x00, 0x4c, 0x10, 0x04, 0xd8, 0x00, 0xe0, 0x00, 0xe3, 0x00, 0x0a,
    0xa9, 0xb5, 0x55, 0xd5, 0xed, 0x50, 0xcd, 0xdd, 0x7a, 0x19, 0x9f, 0xfb, 0xa2, 0x14, 0x40, 0xc4,
    0x1d, 0xaa, 0x05, 0x10, 0x22, 0x6d, 0x9e, 0x60, 0x03, 0xf4, 0xeb, 0x89, 0xe4, 0x61, 0x80, 0x63,
    0xc9, 0xe0, 0x2a, 0x50, 0x0a, 0x24, 0x02, 0x49, 0x10, 0x00, 0xd6, 0x20, 0x02, 0xa0, 0x0c, 0x59,
    0x92, 0x6e, 0x63, 0x97, 0x32, 0x22, 0x77, 0x41, 0xfd, 0xf0, 0x3d, 0xd1, 0x00, 0xd8, 0x51, 0x86,
    0xbc, 0x19, 0x88, 0x00, 0x7d, 0x82, 0x2f, 0x28, 0xdd, 0x71, 0x80, 0x4f, 0x8d, 0xac, 0xf5, 0x47,
    0x71, 0x81, 0x6b, 0x92, 0xcd, 0xee, 0x65, 0x00, 0x02, 0xfc, 0x57, 0x54, 0xd1, 0x6a, 0x61, 0x00,
    0x15, 0xa3, 0xf7, 0xf6, 0xd4, 0xef, 0xa8, 0x00, 0x71, 0x21, 0x67, 0x75, 0x09, 0x8a, 0x00, 0xb4,
    0x33, 0x26, 0x66, 0x10, 0x09, 0xda, 0x40, 0x02, 0xab, 0x80, 0x36, 0x70, 0x04, 0xfb, 0xb8, 0x03,
    0x59, 0x00, 0x13, 0x62, 0x36, 0x10, 0x00, 0x00, 0xd6, 0x20, 0x02, 0xa0, 0x0c, 0x79, 0x92, 0x66,
    0x5e, 0xb9, 0x91, 0x9b, 0x37, 0x87, 0xe3, 0x78, 0xbb, 0x30, 0x60, 0x2f, 0x3a, 0x14, 0x63, 0x3a,
    0x22, 0x03, 0xab, 0x58, 0x91, 0xe9, 0x80, 0xaa, 0x19, 0xae, 0x16, 0xec, 0x31, 0x10, 0x5d, 0x8c,
    0x03, 0xd2, 0x68, 0x70, 0x01, 0xe5, 0xbb, 0x66, 0x75, 0xc8, 0x04, 0x99, 0x32, 0x23, 0x99, 0xd6,
    0x07, 0x9b, 0xdd, 0x3b, 0x77, 0x72, 0x1e, 0x65, 0x40, 0x4a, 0x33, 0x99, 0x20, 0x1c, 0x6f, 0xea,
    0x67, 0xfb, 0x5c, 0xc0, 0xff, 0xd9, 0x22, 0x00, 0x2a, 0xff, 0x90, 0xf1, 0xc4, 0x01, 0x2c, 0x00,
    0x28, 0xc4, 0x00, 0xd6, 0x20, 0x02, 0xa0, 0x0c, 0x57, 0x72, 0x55, 0xda, 0x56, 0xee, 0x22, 0x44,
    0x41, 0xdc, 0x8e, 0x18, 0x88, 0x80, 0xc0, 0x11, 0xbe, 0x03, 0x05, 0xe2, 0x01, 0x4c, 0xb5, 0x1e,
    0x7a, 0xb2, 0xc8, 0x00, 0x37, 0x79, 0x2f, 0x0a, 0x18, 0x40, 0xb3, 0x35, 0x37, 0x41, 0xc6, 0x60,
    0xcb, 0x76, 0x86, 0x3b, 0xed, 0xdc, 0x60, 0x93, 0xd6, 0xc3, 0x3b, 0xb8, 0x00, 0x91, 0xcc, 0xf9,
    0x9d, 0xc0, 0x12, 0x63, 0xfa, 0x5d, 0xf4, 0x00, 0x7c, 0xf1, 0x1d, 0xe0, 0x1f, 0x3c, 0x47, 0x78,
    0x07, 0x9b, 0x2a, 0xba, 0xf0, 0x00, 0x00, 0xd4, 0x40, 0x02, 0xa0, 0x0c, 0xbb, 0xb2, 0xfe, 0xeb,
    0xd7, 0x76, 0x45, 0xdd, 0x8b, 0xb7, 0x5c, 0xbc, 0x98, 0x80, 0x24, 0x49, 0x12, 0x23, 0xb0, 0x82,
    0x00, 0x1b, 0xfa, 0x3b, 0xa8, 0x3e, 0x5e, 0x00, 0xaa, 0x2a, 0xb7, 0x0e, 0x7d, 0x00, 0x68, 0x3c,
    0xe3, 0x30, 0x03, 0xc8, 0x03, 0xbd, 0x93, 0xc0, 0x94, 0x4c, 0x01, 0xe0, 0x0b, 0xcc, 0x00, 0x16,
    0xec, 0x01, 0x08, 0x82, 0xae, 0xcc, 0x1c, 0x6c, 0x01, 0x12, 0x84, 0xe6, 0xe8, 0xe8, 0x40, 0x84,
    0x4a, 0x69, 0x1b, 0x95, 0x96, 0x08, 0x89, 0x77, 0x04, 0x55, 0x2d, 0xa5, 0xbe, 0xaf, 0x5a, 0x00,
    0x30, 0xe3, 0x81, 0xe4, 0xa8, 0x00, 0xd6, 0x20, 0x02, 0xa0, 0x0c, 0x59, 0x92, 0x66, 0x5e, 0xb9,
    0x91, 0x97, 0x6e, 0x87, 0xf7, 0x50, 0x53, 0x7a, 0x60, 0xba, 0xb4, 0x8e, 0xe8, 0xa3, 0xab, 0x10,
    0x78, 0xf0, 0x33, 0x80, 0x07, 0x1e, 0x00, 0x34, 0xb6, 0xbf, 0xf1, 0xe7, 0xce, 0x09, 0x7d, 0x10,
    0x00, 0xcc, 0x02, 0x60, 0x11, 0x66, 0x88, 0x1e, 0xe8, 0xf3, 0x54, 0x03, 0x39, 0x00, 0x08, 0x80,
    0x26, 0x60, 0x0c, 0xb0, 0x88, 0x11, 0x28, 0x49, 0x89, 0x00, 0x22, 0x8c, 0x2c, 0x78, 0x43, 0xb8,
    0x00, 0x84, 0x35, 0x86, 0xf6, 0x61, 0xab, 0x10, 0x1c, 0x00, 0x06, 0xa8, 0x98, 0x66, 0x00, 0xac,
    0x40, 0x31, 0xa6, 0xf0, 0x80, 0x00, 0x00, 0xd6, 0x20, 0x02, 0xa0, 0x0c, 0x59, 0x92, 0x6e, 0x63,
    0x97, 0x32, 0x32, 0xee, 0x87, 0xea, 0x60, 0x7b, 0xa3, 0x05, 0x42, 0x84, 0xbc, 0x39, 0x25, 0xa0,
    0x03, 0x53, 0xf7, 0x27, 0x7f, 0x9f, 0x24, 0x00, 0x3a, 0x60, 0x5b, 0xa3, 0x03, 0xb1, 0x00, 0x93,
    0xc7, 0x2e, 0xd8, 0x73, 0x02, 0x03, 0xbf, 0x03, 0x73, 0x2b, 0x3c, 0x0c, 0x11, 0x4c, 0x0d, 0xf9,
    0x13, 0xe8, 0xea, 0x44, 0xa3, 0xb9, 0xfa, 0xcc, 0xdf, 0xee, 0x41, 0x13, 0x31, 0xaa, 0xa6, 0x61,
    0x26, 0xe6, 0x08, 0x0a, 0x33, 0xec, 0x7b, 0x3f, 0x20, 0xc0, 0xfb, 0xf1, 0x80, 0x33, 0xe7, 0xc1,
    0x1e, 0x38, 0x80, 0x25, 0x80, 0x02, 0xf6, 0x40, 0x00, 0xd4, 0x40, 0x02, 0xa0, 0x0c, 0x59, 0x92,
    0xf6, 0x63, 0xd7, 0x32, 0x32, 0xcc, 0x72, 0xee, 0x63, 0xd7, 0x32, 0x30, 0x39, 0xe6, 0x83, 0x33,
    0xb2, 0xa0, 0x05, 0x46, 0xee, 0x3a, 0x6d, 0x1d, 0x80, 0x0b, 0x47, 0xe0, 0xfb, 0x51, 0x10, 0x20,
    0x01, 0xe2, 0x8f, 0x0e, 0x87, 0x45, 0x02, 0x20, 0xdd, 0x91, 0x73, 0xe0, 0x71, 0xda, 0xd8, 0x22,
    0xc3, 0x8c, 0x06, 0x0c, 0x23, 0x94, 0x27, 0x47, 0xbf, 0xc1, 0x77, 0x33, 0x89, 0xd7, 0x19, 0x10,
    0xcf, 0xbe, 0x8c, 0xd5, 0x64, 0x11, 0x54, 0xb1, 0x3b, 0xa3, 0x03, 0xf6, 0x08, 0xbb, 0x84, 0x35,
    0x40, 0x07, 0xfd, 0x77, 0xaa, 0x93, 0xa8, 0x00, 0x00, 0xd4, 0x40, 0x02, 0xa0, 0x0c, 0x55, 0x52,
    0x4d, 0x52, 0x52, 0xaa, 0x23, 0xee, 0x78, 0x6f, 0x73, 0x4f, 0xba, 0x31, 0x43, 0xe9, 0x54, 0x43,
    0xd9, 0xc1, 0x08, 0x15, 0x65, 0xd8, 0x27, 0x6b, 0x39, 0x80, 0xbc, 0x78, 0x88, 0xf3, 0x92, 0x24,
    0x00, 0x36, 0xbe, 0x6f, 0xca, 0xb9, 0x4b, 0xb1, 0x8e, 0x5d, 0x93, 0x82, 0x60, 0x45, 0xd0, 0x40,
    0x0a, 0x9b, 0x80, 0x36, 0x32, 0xf3, 0x10, 0x1a, 0x9b, 0xf2, 0x18, 0x97, 0x04, 0x00, 0x1f, 0xcd,
    0xc7, 0xd5, 0x08, 0x22, 0x4c, 0x24, 0x7b, 0xc2, 0x8d, 0xc0, 0x05, 0x22, 0x8c, 0x47, 0x61, 0x12,
    0x01, 0x90, 0x92, 0x82, 0x0d, 0x10, 0x20, 0x96, 0x01, 0x00, 0xf4, 0x20, 0x07, 0xfe, 0x29, 0xcc,
    0xc4, 0x00, 0x13, 0x3c, 0x35, 0xff, 0x80, 0x25, 0xd9, 0x99, 0xae, 0x66, 0x8c, 0x10, 0x02, 0xc7,
    0x78, 0xb1, 0x19, 0x63, 0x88, 0x04, 0xc6, 0x60, 0xdb, 0xb4, 0xb0, 0x07, 0x21, 0xa4, 0xdf, 0xf6,
    0xe8, 0x40, 0x21, 0x08, 0xa3, 0xe9, 0xaa, 0x7c, 0x00, 0x08, 0xd9, 0xfa, 0xc2, 0x47, 0x10, 0x02,
    0x15, 0xa7, 0x51, 0x22, 0x3e, 0x02, 0x90, 0x65, 0x72, 0x6c, 0x3b, 0x80, 0x19, 0xc0, 0x2a, 0xe0,
    0x66, 0xdf, 0x80, 0x6f, 0xf1, 0x2b, 0xbb, 0xbf, 0x7c, 0xf3, 0x75, 0x32, 0x44, 0x4b, 0xe2, 0x03,
    0x5e, 0xef, 0x20, 0x00, 0xa4, 0x40, 0x28, 0x30, 0x0e, 0x66, 0x23, 0x31, 0x19, 0x2d, 0x94, 0x02,
    0x11, 0x07, 0x88, 0x00, 0xbf, 0xa4, 0x02, 0x75, 0x00, 0x70, 0x70, 0x3d, 0x00, 0x43, 0xbc, 0x7f,
    0xa8, 0x40, 0xa6, 0x23, 0xb7, 0x09, 0x50, 0xd2, 0xb8, 0xcc, 0x8c, 0x09, 0x80, 0x65, 0xb0, 0x96,
    0x51, 0x04, 0x04, 0xa4, 0x9a, 0x2a, 0x88, 0x83, 0x4c, 0x01, 0x5f, 0x98, 0x65, 0xcc, 0x7d, 0x00,
    0x77, 0x91, 0x04, 0xc8, 0x9e, 0x01, 0xd3, 0xc0, 0x10, 0x85, 0x14, 0x80, 0x65, 0x77, 0x88, 0xd2,
    0x53, 0xc4, 0x01, 0xbd, 0x9b, 0xa2, 0x38, 0xc7, 0x3c, 0x10, 0xde, 0xdc, 0xc5, 0xda, 0xa6, 0x6c,
    0x10, 0x00, 0x99, 0x40, 0x3f, 0xe6, 0xb7, 0x0d, 0xee, 0xf0, 0x01, 0xef, 0xc8, 0x33, 0xff, 0xc0,
    0x97, 0xe7, 0x22, 0x3f, 0x81, 0x30, 0xa0, 0xc4, 0x7f, 0x00, 0x4e, 0x97, 0x1f, 0xfb, 0xbf, 0xca,
    0x0f, 0x0c, 0x31, 0xdd, 0x8e, 0xb9, 0x5a, 0xa0, 0x03, 0xfe, 0x6f, 0x20, 0x0f, 0xfc, 0x40, 0x1f,
    0xfd, 0x81, 0x00, 0xff, 0x1f, 0x70, 0x14, 0x03, 0x24, 0x80, 0x47, 0xfe, 0xd1, 0x00, 0x00, 0x1b,
    0x80, 0x18, 0xc0, 0x3e, 0x1e, 0x20, 0x06, 0x2d, 0x0d, 0x54, 0x43, 0xb4, 0xa0, 0x11, 0xeb, 0x77,
    0x46, 0x56, 0xf6, 0xaa, 0x6c, 0x12, 0x44, 0x84, 0xdd, 0xc2, 0x5e, 0x65, 0xf8, 0xab, 0x10, 0x24,
    0x41, 0xf8, 0x3a, 0x77, 0x2f, 0xd8, 0xe8, 0x0c, 0x34, 0x3a, 0x12, 0x4a, 0x51, 0x16, 0x20, 0x2e,
    0x9c, 0x86, 0x01, 0x9d, 0x40, 0x0c, 0xe2, 0x11, 0x20, 0x1f, 0x15, 0x40, 0x01, 0x08, 0x03, 0xeb,
    0x81, 0x00, 0xa0, 0x03, 0xe9, 0x50, 0x0e, 0x11, 0x00, 0x7f, 0xcf, 0xe2, 0x40, 0x16, 0x08, 0x02,
    0xd4, 0x1f, 0xb0, 0x40, 0x00, 0xf3, 0x30, 0x03, 0xe4, 0x88, 0xd5, 0xb1, 0x19, 0x40, 0x0f, 0xdd,
    0x9c, 0x3b, 0xb0, 0x80, 0x0c, 0xc0, 0x1f, 0xc8, 0x01, 0x18, 0x8c, 0x00, 0x11, 0xc0, 0x12, 0x11,
    0x9c, 0x22, 0x33, 0xc8, 0x03, 0xbb, 0xa5, 0xd7, 0x77, 0x84, 0x53, 0x28, 0x01, 0xf4, 0xc9, 0x90,
    0xe0, 0x80, 0x1b, 0x17, 0x4a, 0x20, 0x56, 0x68, 0x07, 0xda, 0x8c, 0x20, 0x6b, 0xb9, 0x62, 0x07,
    0x97, 0xe0, 0x12, 0x4a, 0xd9, 0x80, 0x44, 0x02, 0xf5, 0xde, 0x75, 0x7b, 0x44, 0x01, 0x63, 0x67,
    0xd9, 0x03, 0xe6, 0x98, 0x05, 0x76, 0x61, 0x00, 0xc4, 0xe2, 0x00, 0x40, 0x80, 0x61, 0xb0, 0x0f,
    0x0c, 0x80, 0x72, 0x80, 0x62, 0x4f, 0x23, 0x1a, 0xa8, 0x6a, 0xa2, 0x7e, 0xc1, 0xe0, 0x4e, 0xe0,
    0xf7, 0xa9, 0xad, 0x50, 0xec, 0x00, 0x88, 0x04, 0x14, 0x10, 0x01, 0xaa, 0xc0, 0x8a, 0x08, 0x3e,
    0x00, 0x1f, 0x68, 0x00, 0x5f, 0x27, 0x46, 0x80, 0x2c, 0x94, 0xd8, 0x97, 0xea, 0x81, 0xa0, 0xc2,
    0xd2, 0x88, 0x79, 0x90, 0x28, 0xa0, 0x3d, 0x80, 0x34, 0x0c, 0xcd, 0x37, 0xe0, 0x01, 0x00, 0x87,
    0x70, 0x25, 0x94, 0xc0, 0x3c, 0x4a, 0xa6, 0xd8, 0x7c, 0x30, 0x0e, 0x48, 0xbc, 0xc3, 0xe5, 0xf2,
    0x00, 0x25, 0x9a, 0xaa, 0x10, 0x01, 0xf5, 0x00, 0x00, 0xf4, 0x20, 0x07, 0x86, 0xab, 0x96, 0x6a,
    0xb8, 0x45, 0x13, 0xff, 0x44, 0x3f, 0xee, 0x81, 0x02, 0xaf, 0x22, 0x77, 0x08, 0x9f, 0xc4, 0x01,
    0x9b, 0xb8, 0xee, 0xee, 0x30, 0x07, 0x97, 0x74, 0xcc, 0xdd, 0x28, 0x07, 0x56, 0x08, 0xc0, 0x22,
    0xc9, 0x00, 0x8f, 0xe6, 0x66, 0x79, 0x9b, 0xcc, 0x09, 0x2e, 0xf3, 0x32, 0xef, 0x21, 0x19, 0x15,
    0xf2, 0x4d, 0xe4, 0x4e, 0x13, 0x16, 0x29, 0x6d, 0x9e, 0x53, 0xe1, 0x71, 0x2a, 0x19, 0x22, 0x22,
    0xc5, 0x0d, 0x88, 0x14, 0xb7, 0x16, 0xe8, 0x1f, 0x3e, 0x38, 0xc0, 0x2a, 0xec, 0x96, 0x20, 0x5b,
    0xf3, 0x00, 0x38, 0x07, 0x23, 0xa3, 0x00, 0x6d, 0x80, 0x0c, 0x5c, 0xbd, 0x60, 0x29, 0xe0, 0x57,
    0x98, 0xb7, 0xd4, 0x65, 0x3e, 0xf4, 0x89, 0xee, 0x52, 0x77, 0x3d, 0x0a, 0xa8, 0xfc, 0x2a, 0xad,
    0x65, 0x52, 0x08, 0x01, 0x00, 0x17, 0x80, 0x1b, 0xec, 0x00, 0x32, 0x3e, 0x06, 0xd8, 0xcc, 0xb0,
    0x0a, 0xc9, 0xf3, 0xdb, 0x6d, 0x37, 0xc0, 0x0e, 0x2b, 0x78, 0x0d, 0x96, 0xf9, 0xc0, 0x06, 0xa0,
    0x3b, 0x05, 0xba, 0x4b, 0x90, 0x00, 0x88, 0x03, 0x24, 0xdb, 0xcf, 0x80, 0x7e, 0x12, 0x13, 0x26,
    0x00, 0xff, 0xcb, 0xee, 0x01, 0x52, 0x83, 0x48, 0x34, 0xae, 0x50, 0x00, 0x00, 0x39, 0x00, 0x08,
    0xbe, 0x00, 0x86, 0x40, 0x1b, 0xdc, 0xde, 0xe8, 0x05, 0x08, 0xd0, 0x07, 0x38, 0xb3, 0xc0, 0x05,
    0xdc, 0x3a, 0x10, 0x65, 0x36, 0x40, 0x01, 0xd5, 0x0d, 0x84, 0x6f, 0x01, 0xe0, 0x0c, 0x6b, 0x48,
    0x2f, 0x46, 0xf4, 0x01, 0x0f, 0x34, 0x80, 0xcc, 0x1c, 0xc8, 0x00, 0x34, 0x6c, 0x29, 0x7b, 0x81,
    0xbd, 0xe1, 0x23, 0x2a, 0x28, 0xcc, 0x23, 0x66, 0x08, 0x4d, 0x07, 0xd2, 0x4f, 0x41, 0x77, 0x24,
    0x04, 0x02, 0x10, 0xbc, 0xe2, 0xcc, 0x58, 0x07, 0x84, 0x88, 0xc0, 0x45, 0x08, 0x07, 0x37, 0x72,
    0x07, 0xba, 0x40, 0x03, 0x30, 0x1f, 0x33, 0xe5, 0x01, 0x71, 0x90, 0x0c, 0x20, 0x8a, 0x00, 0x6a,
    0xd7, 0xbb, 0x19, 0x68, 0x1e, 0x80, 0xe7, 0x41, 0xcc, 0x84, 0x03, 0xc4, 0x4a, 0xe3, 0xbb, 0x28,
    0x07, 0x8f, 0x0c, 0x00, 0x67, 0x00, 0x7d, 0xbf, 0x05, 0x7a, 0x47, 0x60, 0x1e, 0x10, 0x02, 0xd9,
    0x8a, 0xcd, 0xf0, 0x02, 0x98, 0x29, 0x93, 0xc8, 0x3e, 0x50, 0x0e, 0x66, 0xdf, 0x75, 0xe9, 0xd9,
    0x91, 0x9a, 0xed, 0xe2, 0xd8, 0xc9, 0x7c, 0x30, 0x65, 0x5b, 0x27, 0x67, 0x09, 0x98, 0xf3, 0x02,
    0xed, 0x50, 0x58, 0x86, 0xaa, 0x20, 0x80, 0x08, 0x0a, 0x5b, 0x90, 0x33, 0xdf, 0xe2, 0x00, 0xb6,
    0xe1, 0x04, 0x00, 0x73, 0xa4, 0x00, 0x40, 0x80, 0x54, 0x20, 0x1f, 0x7c, 0x80, 0x19, 0x10, 0xab,
    0x88, 0x88, 0x40, 0x63, 0x6f, 0xbb, 0xc0, 0xdd, 0xe7, 0xd4, 0x60, 0x23, 0xb4, 0x92, 0xa8, 0x75,
    0xc5, 0x97, 0x70, 0x68, 0x04, 0x6a, 0x8c, 0x1d, 0x33, 0x20, 0x04, 0x3e, 0xd0, 0x00, 0xdf, 0xf9,
    0x00, 0x03, 0x44, 0xc4, 0x75, 0x94, 0x66, 0xec, 0x06, 0x19, 0xa5, 0x37, 0x71, 0xee, 0xc0, 0x06,
    0xa0, 0x06, 0x86, 0x1c, 0xc6, 0x23, 0x00, 0x80, 0x43, 0x13, 0x73, 0x57, 0xa4, 0x01, 0xeb, 0x62,
    0x35, 0x67, 0x10, 0x0e, 0x2d, 0xe0, 0xcd, 0xef, 0xf2, 0x00, 0x19, 0x85, 0x98, 0x72, 0x05, 0xbf,
    0x40, 0x2d, 0xdf, 0xfc, 0x44, 0xee, 0xc7, 0xdc, 0x2e, 0xec, 0x40, 0x67, 0x80, 0xc8, 0x0c, 0xf0,
    0x01, 0x73, 0x21, 0xcd, 0x0c, 0xc9, 0x80, 0x06, 0xdd, 0x05, 0xde, 0x1d, 0xc5, 0xe0, 0x08, 0xc8,
    0x5c, 0x88, 0x04, 0x41, 0x00, 0xe2, 0x8e, 0x01, 0x03, 0x30, 0x80, 0x62, 0xcb, 0x40, 0x03, 0x7f,
    0x9c, 0x03, 0x16, 0x30, 0x05, 0x39, 0x86, 0x00, 0xe2, 0x00, 0xff, 0xcf, 0x99, 0xf9, 0x80, 0x32,
    0x7f, 0xfe, 0x70, 0x09, 0xac, 0xcf, 0xf4, 0xc0, 0x00, 0x02, 0x2f, 0xfc, 0x00, 0xee, 0xd9, 0xdc,
    0xde, 0xec, 0x00, 0xcc, 0xa0, 0xb3, 0x03, 0xb9, 0x90, 0x01, 0x7b, 0x64, 0xb7, 0x43, 0x9b, 0xcc,
    0x01, 0x26, 0xf1, 0x6e, 0x87, 0x35, 0xc0, 0x30, 0xa2, 0x8a, 0x20, 0x11, 0x04, 0x01, 0x31, 0x6f,
    0x87, 0xeb, 0xe6, 0x91, 0x00, 0x42, 0xa9, 0xa5, 0xf5, 0x5c, 0xe2, 0x51, 0x15, 0x9f, 0xc4, 0x37,
    0xa2, 0x04, 0x77, 0x63, 0x4c, 0xbb, 0x40, 0x7d, 0xd8, 0xc0, 0x04, 0x8b, 0x70, 0xfb, 0x44, 0x01,
    0xc5, 0xb4, 0x0f, 0x61, 0x0e, 0x60, 0x16, 0x76, 0xf6, 0xeb, 0x3a, 0x3b, 0x60, 0x01, 0xbd, 0x94,
    0xc4, 0x00, 0x49, 0xe8, 0x00, 0x00, 0x12, 0x27, 0xe2, 0x00, 0xc9, 0x3d, 0xde, 0x95, 0x00, 0xe4,
    0xaa, 0xf2, 0x00, 0x79, 0xf7, 0x7c, 0xe0, 0x1e, 0x7d, 0xdf, 0x38, 0x07, 0x96, 0x23, 0xca, 0x01,
    0xe7, 0xdd, 0xf3, 0x80, 0x78, 0x59, 0xbc, 0x20, 0x1c, 0x63, 0xdc, 0x88, 0x64, 0x09, 0x00, 0x65,
    0xb6, 0xbb, 0x48, 0xdd, 0x94, 0x03, 0x8d, 0x50, 0x03, 0xce, 0x80, 0x2f, 0xb0, 0x40, 0x62, 0x20,
    0x06, 0x09, 0xfe, 0x6b, 0x00, 0x04, 0xfb, 0xfc, 0xc8, 0x7d, 0x66, 0x01, 0xb3, 0xfe, 0xd1, 0x00,
    0x0c, 0x80, 0x04, 0xcf, 0x88, 0x03, 0x38, 0x01, 0x36, 0x22, 0xf8, 0x01, 0x76, 0x07, 0x60, 0x4b,
    0xba, 0x40, 0x2f, 0xf0, 0x78, 0x82, 0x6e, 0xd6, 0x00, 0x18, 0x90, 0x87, 0x04, 0xdd, 0xac, 0x00,
    0x26, 0xa0, 0x66, 0x07, 0xaa, 0xb8, 0x00, 0xbf, 0x03, 0xfe, 0x26, 0x99, 0xb0, 0x00, 0x99, 0xe5,
    0x98, 0x27, 0x66, 0xbc, 0x03, 0x31, 0xd0, 0x33, 0x2f, 0x28, 0x70, 0x02, 0xc8, 0x08, 0x3c, 0x79,
    0x09, 0x60, 0x01, 0x3b, 0xac, 0xc6, 0xb4, 0x02, 0x55, 0x04, 0xb0, 0x8a, 0xa1, 0xd0, 0x00, 0x5a,
    0x46, 0x30, 0x00, 0xc0, 0xa0, 0x02, 0xfa, 0x29, 0xd0, 0x05, 0xb2, 0x20, 0x0a, 0xdc, 0x20, 0x00,
    0x2a, 0x00, 0x04, 0x8b, 0x84, 0x02, 0x69, 0x10, 0x7f, 0x99, 0xba, 0xc0, 0x55, 0x9d, 0xc6, 0x09,
    0x77, 0x48, 0x00, 0xf3, 0x07, 0x76, 0x07, 0xcc, 0xa0, 0x00, 0x53, 0x2b, 0x09, 0x07, 0xcc, 0xa0,
    0x03, 0x0f, 0x40, 0x82, 0x55, 0x52, 0x01, 0x0d, 0x19, 0x00, 0x1e, 0x66, 0xb0, 0x01, 0x6b, 0x95,
    0xb8, 0x0a, 0xad, 0xc0, 0x04, 0xbf, 0x1d, 0x05, 0x3b, 0x19, 0xef, 0x06, 0x70, 0x00, 0xb9, 0xeb,
    0xb8, 0x5d, 0x40, 0x3f, 0x7e, 0x00, 0x46, 0x60, 0x0f, 0x3b, 0x98, 0x00, 0x2a, 0x80, 0x1d, 0x79,
    0xe0, 0x02, 0xf8, 0x40, 0x01, 0xe8, 0x55, 0x90, 0x03, 0x3f, 0x8c, 0x00, 0x21, 0x00, 0xc8, 0x04,
    0x6c, 0x01, 0x87, 0xc4, 0x44, 0xc0, 0x3c, 0x60, 0x13, 0x69, 0xc4, 0x07, 0x62, 0x83, 0x5c, 0x01,
    0x5f, 0x79, 0xbf, 0xdb, 0xd1, 0xf2, 0x01, 0x26, 0xff, 0xfb, 0x14, 0x02, 0xf2, 0x49, 0xbb, 0xd0,
    0xe5, 0x40, 0x03, 0x10, 0x8b, 0xbd, 0x00, 0x04, 0x00, 0xed, 0xee, 0xde, 0x01, 0xf8, 0x48, 0xb1,
    0x80, 0x7e, 0xdf, 0xfe, 0x00, 0xfb, 0x71, 0x6e, 0xcd, 0x78, 0x06, 0x20, 0x01, 0x78, 0x81, 0x10,
    0x08, 0x81, 0x28, 0x5d, 0x9f, 0xa8, 0x00, 0x3e, 0xe9, 0xd0, 0xbf, 0x64, 0xc0, 0x2c, 0xef, 0xed,
    0x10, 0x00, 0xa0, 0x02, 0x12, 0x2c, 0x20, 0x2a, 0xa4, 0x85, 0x3b, 0xfe, 0xe7, 0xd8, 0x03, 0x3d,
    0x47, 0x94, 0x23, 0x31, 0x20, 0x01, 0xb6, 0x98, 0x66, 0x04, 0x66, 0x24, 0x02, 0x27, 0x17, 0x50,
    0x05, 0xee, 0xa0, 0x00, 0xda, 0xdf, 0x0b, 0x81, 0x8c, 0xcc, 0x00, 0x36, 0xea, 0x65, 0xb8, 0x06,
    0x22, 0x00, 0x8e, 0xed, 0x54, 0xb9, 0x0f, 0x44, 0x78, 0x00, 0xa3, 0x91, 0x7a, 0xca, 0x3f, 0x2c,
    0x80, 0x5b, 0x3b, 0xf8, 0x60, 0xbd, 0x22, 0x00, 0x31, 0x40, 0x08, 0x92, 0x12, 0x00, 0x22, 0x84,
    0x17, 0x81, 0xdc, 0xd0, 0x04, 0x5a, 0x2b, 0x08, 0x81, 0xc3, 0x70, 0xcb, 0x8b, 0x00, 0x4e, 0x18,
    0xec, 0x00, 0x1b, 0xb8, 0x60, 0x00, 0x8e, 0x49, 0x1c, 0x4c, 0xe0, 0x0d, 0x35, 0x61, 0x18, 0x69,
    0x70, 0x01, 0x8c, 0xa1, 0xa7, 0x43, 0x4c, 0x03, 0x8c, 0x0d, 0xa6, 0xcc, 0xc0, 0x20, 0x12, 0x99,
    0x7c, 0x32, 0x37, 0x90, 0xa8, 0x02, 0xf3, 0xc3, 0x31, 0xe2, 0x1f, 0xb6, 0x00, 0x76, 0xbc, 0xcf,
    0x5b, 0x20, 0x02, 0x40, 0xcf, 0xc0, 0x61, 0x40, 0x1d, 0x9b, 0xbb, 0x00, 0x3f, 0x84, 0x70, 0x07,
    0xe4, 0x98, 0xcf, 0xbc, 0x70, 0x20, 0x0d, 0xc3, 0x32, 0x83, 0xa9, 0x0b, 0x53, 0xcc, 0x6f, 0x20,
    0x18, 0xee, 0xca, 0x87, 0xb9, 0x26, 0x00, 0x1c, 0xdd, 0xb0, 0x40, 0x00, 0x41, 0x05, 0x00, 0x0c,
    0xf1, 0x02, 0x63, 0x7e, 0x2e, 0x37, 0x5d, 0xaa, 0x01, 0x32, 0x7f, 0x1b, 0x18, 0x22, 0x14, 0x01,
    0x67, 0x43, 0x9e, 0x11, 0xdd, 0xbc, 0x02, 0x7b, 0x1f, 0xe5, 0x03, 0xbb, 0x78, 0x05, 0x93, 0xbf,
    0x82, 0x66, 0xbb, 0x78, 0x04, 0xcc, 0x3b, 0xfd, 0x03, 0xbb, 0x78, 0x05, 0x6c, 0x41, 0xc4, 0x60,
    0xee, 0xb0, 0x02, 0xb3, 0x30, 0x97, 0x4a, 0x68, 0x0a, 0x41, 0x25, 0x25, 0x66, 0x01, 0x9d, 0x08,
    0xc0, 0x44, 0x96, 0xdd, 0x60, 0x9a, 0x00, 0x13, 0x00, 0x37, 0x89, 0xf9, 0x5a, 0x80, 0x92, 0x00,
    0x6a, 0xe0, 0x9b, 0x21, 0x4e, 0x40, 0x4a, 0x66, 0xd6, 0xc0, 0x5b, 0xa3, 0x00, 0xcc, 0xe0, 0x1f,
    0xe2, 0x89, 0xdd, 0xb0, 0x40, 0x30, 0xf4, 0xfe, 0x61, 0x18, 0x40, 0x21, 0xd2, 0xf9, 0x94, 0x31,
    0x44, 0x08, 0x70, 0x4f, 0xfc, 0x0f, 0x1f, 0xe5, 0x61, 0xf8, 0x67, 0x75, 0x9b, 0xbc, 0x20, 0x02,
    0x05, 0xcc, 0x71, 0x66, 0x44, 0x01, 0x97, 0xb9, 0x25, 0xdd, 0x18, 0x04, 0x62, 0x66, 0x00, 0x19,
    0xc2, 0x01, 0x7a, 0x66, 0x28, 0xb3, 0x23, 0x00, 0x92, 0xb7, 0x62, 0xdd, 0x8c, 0x00, 0xa0, 0x80,
    0x1f, 0x08, 0x02, 0x60, 0x02, 0x16, 0x0d, 0xf0, 0x50, 0xd5, 0x00, 0x8a, 0xc3, 0x3b, 0x44, 0x00,
    0x2a, 0x80, 0x21, 0x1f, 0x00, 0x5d, 0xf0, 0xc1, 0x59, 0xd9, 0x8e, 0x00, 0x1b, 0x78, 0x68, 0x5f,
    0x96, 0xe8, 0x40, 0x12, 0xac, 0x78, 0x41, 0x4a, 0x02, 0x60, 0xaa, 0x48, 0x7c, 0xb7, 0x49, 0x8a,
    0x70, 0x57, 0xae, 0xbe, 0x01, 0xa1, 0x2f, 0xa0, 0x07, 0xd4, 0xdc, 0x83, 0xc1, 0x2b, 0x10, 0x05,
    0x74, 0x94, 0x0e, 0x7c, 0x1d, 0xc1, 0x00, 0x09, 0xf9, 0x85, 0x66, 0x03, 0x30, 0x21, 0xd7, 0x15,
    0x01, 0x73, 0x01, 0x10, 0x30, 0x2f, 0x8a, 0x80, 0x2e, 0xe0, 0x77, 0x00, 0x58, 0x80, 0x32, 0xb3,
    0x01, 0x98, 0x68, 0x80, 0x70, 0x8f, 0x00, 0xf9, 0x64, 0x09, 0xf5, 0x80, 0x2d, 0x00, 0x80, 0x00,
    0x2a, 0x80, 0x39, 0xd4, 0x03, 0xbb, 0xe1, 0x80, 0x2e, 0x20, 0x0c, 0x4d, 0xe5, 0x80, 0x22, 0x3f,
    0x11, 0x00, 0x21, 0x19, 0x98, 0x39, 0xa8, 0xbb, 0xa0, 0x55, 0x17, 0xbe, 0xb0, 0x63, 0x5e, 0x80,
    0x15, 0xba, 0xb7, 0x40, 0x1f, 0xc3, 0x37, 0x56, 0x01, 0xfe, 0xaa, 0xc0, 0x0b, 0x5a, 0xa0, 0x06,
    0x1f, 0xef, 0x0f, 0x87, 0x48, 0xe0, 0x00, 0xe2, 0x19, 0x80, 0x8c, 0xdf, 0x4c, 0x00, 0x29, 0xad,
    0xd0, 0x07, 0x67, 0x80, 0xb1, 0x00, 0x5d, 0x36, 0xf1, 0x05, 0x25, 0x40, 0x31, 0xbf, 0xfb, 0x3f,
    0x59, 0xd2, 0x41, 0x5f, 0x59, 0x88, 0x40, 0x08, 0x50, 0x00, 0xe1, 0xa2, 0x00, 0xff, 0x87, 0x64,
    0x03, 0xc5, 0x55, 0xda, 0x95, 0x5c, 0x66, 0xee, 0xf5, 0xf7, 0x71, 0x0a, 0x36, 0xef, 0xe6, 0x41,
    0x00, 0x1e, 0xef, 0xe3, 0x00, 0xe3, 0x3f, 0xe0, 0x0e, 0x11, 0xfc, 0x60, 0x1c, 0x45, 0xf8, 0xc0,
    0x32, 0x4e, 0xef, 0xa5, 0x00, 0x39, 0xe6, 0x7c, 0xe0, 0x1e, 0x66, 0xfc, 0x01, 0xe1, 0xee, 0xf0,
    0x80, 0x72, 0x64, 0x47, 0xb1, 0x80, 0x00, 0x00, 0x1b, 0x80, 0x72, 0x20, 0x03, 0x8e, 0x8c, 0x03,
    0x69, 0x80, 0x42, 0xcc, 0x45, 0x64, 0x00, 0xfc, 0x22, 0xe1, 0x18, 0x03, 0xe1, 0x3f, 0xfc, 0x80,
    0x1f, 0x9b, 0x77, 0x27, 0x71, 0xa7, 0xb8, 0xa0, 0xff, 0xf9, 0x33, 0x0a, 0xd9, 0x84, 0x04, 0x88,
    0xc2, 0x44, 0x3f, 0x22, 0x08, 0x27, 0x76, 0x10, 0x0f, 0xc6, 0x9b, 0xa1, 0x00, 0xff, 0x84, 0x40,
    0x1f, 0xf2, 0x4c, 0x8c, 0x03, 0xf8, 0xd7, 0x75, 0x42, 0x01, 0xf9, 0x65, 0x12, 0x00, 0xa1, 0x80,
    0x20, 0x00, 0x39, 0x00, 0x7f, 0xe2, 0x80, 0x2e, 0xef, 0x00, 0x09, 0x8c, 0xcc, 0xce, 0x87, 0xef,
    0x10, 0x08, 0x45, 0xc2, 0x20, 0x0f, 0xc4, 0x3f, 0xf3, 0x80, 0x61, 0x00, 0xc5, 0xbb, 0x18, 0x07,
    0xf6, 0x7f, 0xcf, 0x96, 0xf8, 0xc0, 0x1a, 0xa2, 0x27, 0xfa, 0x4f, 0x70, 0x0d, 0x1d, 0xd1, 0x18,
    0x99, 0x84, 0x40, 0x13, 0x76, 0xb0, 0x07, 0x8c, 0x40, 0x23, 0x10, 0x0f, 0x85, 0x14, 0x01, 0x72,
    0xe0, 0x1e, 0x5e, 0x20, 0x7f, 0xd9, 0x20, 0x0e, 0xb6, 0x50, 0xb5, 0x44, 0x08, 0x3c, 0x00, 0x0b,
    0x48, 0x00, 0x32, 0x00, 0x79, 0x1c, 0x03, 0x2c, 0x80, 0x78, 0xb4, 0x00, 0x4c, 0xa8, 0xcc, 0x00,
    0xfe, 0x11, 0x70, 0x89, 0xe2, 0x2d, 0x78, 0x32, 0x1f, 0xf8, 0xc3, 0xfe, 0x11, 0x78, 0x01, 0x77,
    0x66, 0x77, 0xd8, 0xce, 0x61, 0x7f, 0xf3, 0x8e, 0x90, 0x07, 0xaa, 0x22, 0x41, 0xa8, 0x00, 0xf5,
    0xf7, 0x4e, 0x0c, 0x84, 0x01, 0xc5, 0xfb, 0x62, 0x03, 0x66, 0x01, 0xf0, 0x80, 0x65, 0x10, 0x0f,
    0x4c, 0xac, 0x03, 0xfe, 0xcd, 0x85, 0x00, 0x57, 0x4e, 0x00, 0x56, 0xc8, 0x82, 0x00, 0x5e, 0x7b,
    0x00, 0x00, 0x00, 0x39, 0x00, 0x4a, 0x01, 0x9c, 0x02, 0x29, 0x00, 0x0d, 0x83, 0x20, 0x40, 0x13,
    0x19, 0x32, 0x00, 0x5c, 0x40, 0x10, 0x8d, 0xc2, 0x20, 0x0f, 0xc6, 0x1f, 0xf2, 0x00, 0x7f, 0x1e,
    0xec, 0x01, 0xfe, 0xdf, 0xf8, 0xc0, 0x3f, 0xae, 0x22, 0x23, 0x30, 0x07, 0xd3, 0xdd, 0x18, 0x88,
    0x03, 0xe6, 0xdd, 0x33, 0xab, 0x00, 0x7e, 0x11, 0x00, 0x33, 0x00, 0x1f, 0xa6, 0x4e, 0x48, 0xe1,
    0xc4, 0x01, 0x87, 0x75, 0x38, 0xc2, 0x0c, 0x80, 0x1b, 0x11, 0x2a, 0x80, 0x0e, 0xd0, 0x00, 0x32,
    0x80, 0x7f, 0xe4, 0xb1, 0x03, 0xff, 0xe9, 0x04, 0x9b, 0x58, 0x91, 0xff, 0xd0, 0x00, 0x6d, 0xd7,
    0xee, 0x8c, 0x03, 0xe2, 0x3d, 0xd8, 0x04, 0x03, 0xf2, 0xd5, 0x4c, 0x0c, 0xdb, 0x40, 0x28, 0x99,
    0x94, 0x27, 0xfe, 0x60, 0x0a, 0x67, 0x28, 0x02, 0x66, 0xea, 0x00, 0x54, 0x44, 0x80, 0x1c, 0x46,
    0x00, 0x58, 0x9c, 0xe0, 0x0f, 0x18, 0x80, 0x04, 0x84, 0x03, 0xea, 0x70, 0x05, 0x46, 0x80, 0x48,
    0x44, 0x34, 0x50, 0x07, 0xef, 0x58, 0x44, 0x3f, 0xe4, 0x30, 0xc7, 0x55, 0x18, 0x3e, 0x6e, 0xb2,
    0x40, 0x00, 0x41, 0x00, 0x61, 0x70, 0x0f, 0x75, 0x80, 0x61, 0x91, 0x00, 0x89, 0x80, 0x0c, 0x8a,
    0xb1, 0x4a, 0xa8, 0x80, 0x45, 0xc2, 0x2f, 0xf5, 0x31, 0x7f, 0x84, 0x87, 0xfe, 0x4a, 0xb1, 0xaa,
    0xc6, 0x05, 0xbb, 0x08, 0x19, 0xf1, 0x00, 0x33, 0xfe, 0x10, 0x13, 0xff, 0x74, 0x00, 0x2a, 0x22,
    0x10, 0x67, 0xcc, 0x59, 0x80, 0x23, 0xba, 0x10, 0xde, 0x00, 0x84, 0x00, 0xdb, 0xa0, 0x30, 0x55,
    0x00, 0x3b, 0xc0, 0x30, 0x80, 0x14, 0x48, 0x00, 0x22, 0x00, 0xa2, 0x48, 0x62, 0x00, 0x12, 0x90,
    0x01, 0xf7, 0x55, 0x14, 0x81, 0xde, 0x08, 0x00, 0xb4, 0x4a, 0xdc, 0x01, 0xdf, 0x80, 0x00, 0x00,
    0x39, 0x80, 0x46, 0x89, 0x10, 0x06, 0x3f, 0x00, 0xbe, 0x3e, 0x54, 0x00, 0x4c, 0x4a, 0xcc, 0x00,
    0x75, 0xd0, 0x06, 0x11, 0x70, 0x8c, 0x46, 0x01, 0xc4, 0x3f, 0xf2, 0x43, 0x88, 0x02, 0xdc, 0x41,
    0x77, 0x65, 0x28, 0x00, 0x35, 0x00, 0x57, 0xff, 0x01, 0x44, 0xca, 0x3c, 0x84, 0x2a, 0x22, 0x43,
    0x2f, 0xf9, 0xcc, 0x01, 0x7d, 0xd3, 0xc2, 0xbb, 0x11, 0xb0, 0x00, 0xbf, 0x50, 0xca, 0x74, 0xea,
    0x40, 0x38, 0x40, 0x27, 0x76, 0x32, 0x00, 0x69, 0x92, 0x01, 0xd2, 0xb3, 0x20, 0xc0, 0x2c, 0xd8,
    0xee, 0x6f, 0xce, 0x16, 0xa0, 0x5b, 0x22, 0x23, 0x5c, 0x40, 0xab, 0x90, 0x00, 0x21, 0x80, 0x48,
    0xe0, 0x1f, 0x3c, 0x00, 0x5a, 0x01, 0xe3, 0x74, 0x77, 0x85, 0xf2, 0xab, 0x10, 0x05, 0x60, 0x06,
    0x5e, 0x62, 0xff, 0x19, 0x87, 0xfe, 0x19, 0x85, 0x7d, 0x55, 0x08, 0x16, 0xec, 0x56, 0x60, 0x1f,
    0x67, 0xfc, 0x46, 0xcd, 0x63, 0x30, 0xc2, 0xa6, 0x64, 0xff, 0x80, 0xbf, 0xce, 0x17, 0xff, 0x24,
    0xcc, 0xdd, 0x32, 0x40, 0x5f, 0xeb, 0xe0, 0x0f, 0xf0, 0x90, 0x80, 0x7f, 0xd7, 0x1a, 0x01, 0xff,
    0x7e, 0xf5, 0x80, 0x7f, 0x63, 0x2a, 0x8c, 0x02, 0xa5, 0x00, 0x80, 0x00, 0x39, 0x80, 0x7f, 0xe2,
    0xf0, 0x02, 0x6e, 0xf4, 0x81, 0x31, 0xab, 0x20, 0x37, 0x75, 0x64, 0x02, 0x37, 0x08, 0x80, 0x06,
    0x71, 0x00, 0x0c, 0x3f, 0xe7, 0x00, 0xfe, 0x3d, 0xd8, 0xc1, 0xdf, 0x68, 0x05, 0xbf, 0xf1, 0x08,
    0xbb, 0x2c, 0x34, 0x01, 0x71, 0x11, 0x1a, 0x4c, 0x82, 0x58, 0x01, 0x3d, 0xd2, 0x8f, 0x01, 0x08,
    0x80, 0x26, 0xed, 0x51, 0xd2, 0x00, 0x2b, 0x00, 0x63, 0x10, 0x02, 0x20, 0x01, 0x52, 0x40, 0x15,
    0xca, 0x7a, 0x88, 0x00, 0x9b, 0x84, 0x07, 0xf6, 0x47, 0xc0, 0x34, 0x32, 0x06, 0x2a, 0x22, 0xd0,
    0x03, 0xa9, 0x40, 0x00, 0x39, 0x80, 0x78, 0x9c, 0xc0, 0x23, 0xf0, 0x00, 0xac, 0xe7, 0xf3, 0x81,
    0x31, 0x2b, 0x21, 0x5f, 0xf6, 0xca, 0x00, 0x8d, 0xc2, 0x20, 0x36, 0x20, 0x0c, 0x61, 0xff, 0x20,
    0x1a, 0x27, 0x10, 0x1e, 0xec, 0x00, 0x1f, 0xf5, 0x4f, 0xb8, 0x67, 0xfc, 0x60, 0x57, 0x62, 0x8b,
    0x50, 0xa8, 0x88, 0x9c, 0x31, 0xc0, 0x3a, 0x3b, 0xa2, 0x23, 0xff, 0x1f, 0x90, 0x01, 0xbf, 0x5c,
    0x33, 0x4e, 0x4d, 0xb1, 0x00, 0x02, 0x20, 0x14, 0x40, 0x05, 0x3a, 0x80, 0x08, 0x96, 0xa2, 0x30,
    0x0c, 0x60, 0x07, 0xfd, 0x90, 0xf0, 0x0f, 0xd6, 0xa8, 0x89, 0x30, 0x0b, 0x54, 0x00, 0x00, 0x39,
    0x00, 0x7f, 0xe2, 0x80, 0x05, 0xff, 0xf8, 0xc9, 0x8c, 0xcc, 0x97, 0xde, 0x59, 0xd8, 0x60, 0x22,
    0xe1, 0x12, 0x40, 0x04, 0xb0, 0x04, 0x3f, 0xf2, 0x2a, 0x00, 0x47, 0x80, 0x02, 0xdd, 0x80, 0x40,
    0x40, 0x16, 0xa0, 0x0c, 0xff, 0x8c, 0x24, 0x02, 0x92, 0x00, 0x54, 0x44, 0xdd, 0x5e, 0x5b, 0x7c,
    0xe1, 0x1d, 0xd3, 0x7f, 0xc5, 0xbf, 0xe7, 0x06, 0xed, 0x71, 0x1c, 0x00, 0x11, 0x00, 0x46, 0x20,
    0x1f, 0xfa, 0xe5, 0x80, 0x3f, 0xcf, 0xfb, 0x24, 0x01, 0xfd, 0x6a, 0x88, 0x10, 0x0b, 0x0c, 0x02,
    0x00, 0x48, 0x80, 0x71, 0xc2, 0x00, 0x6e, 0x80, 0x0e, 0x73, 0xc8, 0x02, 0x61, 0x06, 0x10, 0x0e,
    0x80, 0x08, 0x45, 0xc2, 0xdf, 0xf5, 0xa7, 0xbb, 0x88, 0x7f, 0xe7, 0xff, 0xb0, 0xff, 0xce, 0x0b,
    0xbb, 0x00, 0x61, 0x10, 0x06, 0xbf, 0xf9, 0xfb, 0xf9, 0x4c, 0x03, 0x54, 0x44, 0xfc, 0x3c, 0xe2,
    0x20, 0x0a, 0xfb, 0xa0, 0x0e, 0x22, 0x00, 0x45, 0xfa, 0x40, 0x1c, 0xec, 0x01, 0x84, 0x46, 0x28,
    0x39, 0xbb, 0x2b, 0x00, 0x22, 0x4e, 0x20, 0xff, 0xa8, 0xa4, 0x01, 0x66, 0xd4, 0xe4, 0x18, 0x1b,
    0xca, 0x05, 0xb2, 0x20, 0x03, 0xd5, 0xe4, 0x00, 0x39, 0x80, 0x78, 0xdc, 0xc0, 0x22, 0xf0, 0x03,
    0x56, 0x7f, 0xc0, 0x02, 0x63, 0x56, 0x45, 0xee, 0x17, 0x41, 0x80, 0x8d, 0xc2, 0x23, 0x42, 0x10,
    0x0c, 0x61, 0xff, 0x3b, 0x3b, 0x8a, 0x9d, 0xc6, 0x07, 0xbb, 0x18, 0xff, 0x80, 0x7f, 0xc0, 0x0d,
    0xff, 0x89, 0xe2, 0x05, 0x71, 0x03, 0x0b, 0x88, 0x88, 0x48, 0x82, 0x22, 0x10, 0x04, 0xf7, 0x4a,
    0x99, 0xe1, 0xd9, 0x60, 0x06, 0xed, 0x51, 0x07, 0xdd, 0xac, 0x03, 0x18, 0x80, 0x7f, 0xeb, 0x94,
    0x00, 0x2b, 0x35, 0x80, 0x10, 0xfe, 0xca, 0x00, 0x3b, 0xa3, 0x00, 0xb1, 0x51, 0x02, 0x9b, 0x11,
    0x55, 0x80, 0x00, 0x39, 0x80, 0x74, 0x80, 0x78, 0xa0, 0x03, 0x8d, 0x40, 0x22, 0x63, 0x26, 0x5b,
    0xdd, 0x25, 0xee, 0x94, 0x46, 0xe1, 0x39, 0xf6, 0x9c, 0xff, 0x21, 0x8f, 0xfc, 0x84, 0xce, 0xe3,
    0xa2, 0x10, 0x2d, 0xd8, 0xcd, 0x36, 0x97, 0xe0, 0x16, 0x7f, 0xc5, 0x6d, 0xb4, 0x2e, 0x20, 0x0a,
    0x88, 0x8a, 0x2c, 0x96, 0x97, 0x40, 0x11, 0xdd, 0x29, 0x59, 0x59, 0xc7, 0x80, 0x1b, 0xb5, 0x46,
    0x7a, 0x8b, 0xe0, 0xc0, 0x23, 0x10, 0x05, 0xaa, 0xbc, 0x08, 0x03, 0x5c, 0xa0, 0x1d, 0xcf, 0xe5,
    0xc0, 0x01, 0xff, 0x67, 0xfd, 0xd8, 0x43, 0xaa, 0x61, 0x6a, 0x88, 0xac, 0x50, 0x08, 0x74, 0xc0,
    0x00, 0x39, 0x80, 0x09, 0x80, 0x26, 0x50, 0x08, 0xa0, 0x00, 0x76, 0x60, 0x0b, 0x10, 0x26, 0x32,
    0x64, 0x1a, 0xb0, 0x54, 0x40, 0x08, 0xdc, 0x22, 0xc9, 0x6f, 0xb7, 0xe3, 0x30, 0x7f, 0xcf, 0x9d,
    0xc1, 0xce, 0xe1, 0x81, 0xee, 0xc6, 0x02, 0x20, 0x00, 0x88, 0x01, 0xbf, 0xf1, 0xbf, 0xf8, 0x73,
    0xe8, 0x01, 0x71, 0x11, 0x3f, 0x70, 0x73, 0xac, 0x01, 0x3d, 0xd2, 0x00, 0x7f, 0x36, 0xe9, 0x8b,
    0x76, 0x1c, 0xdd, 0x30, 0x04, 0x26, 0x6c, 0xc8, 0x77, 0x30, 0xc0, 0x08, 0x94, 0x01, 0x18, 0x04,
    0x60, 0x00, 0xee, 0xa5, 0x00, 0x3f, 0xb1, 0x12, 0x10, 0x0b, 0x08, 0x02, 0x00, 0x48, 0x80, 0x63,
    0x80, 0x0f, 0x75, 0x00, 0x67, 0x30, 0x0c, 0x4c, 0x24, 0xcb, 0x76, 0x85, 0xbb, 0x8c, 0x46, 0xe1,
    0x6f, 0xf5, 0x97, 0xfc, 0x46, 0x1f, 0xe0, 0x34, 0x41, 0xba, 0x24, 0x20, 0x7b, 0xa3, 0x19, 0x97,
    0xac, 0xcc, 0x00, 0xdf, 0xf6, 0x86, 0x60, 0x5b, 0x32, 0x00, 0x5c, 0x42, 0xc5, 0x5f, 0xd4, 0x15,
    0x40, 0x09, 0xee, 0x48, 0x45, 0x17, 0x93, 0x18, 0x01, 0xb7, 0x4c, 0x46, 0x00, 0x27, 0x28, 0x00,
    0x84, 0x40, 0x86, 0x01, 0x31, 0x31, 0x00, 0x26, 0x41, 0xd6, 0x1a, 0x98, 0x76, 0x20, 0x3b, 0xa9,
    0x83, 0xa3, 0xe3, 0x46, 0x30, 0x00, 0x48, 0x80, 0x08, 0xcf, 0xc0, 0x17, 0x58, 0x01, 0x66, 0x59,
    0x13, 0x80, 0x4c, 0x26, 0xc6, 0xa5, 0x63, 0x74, 0x20, 0x23, 0x70, 0xbd, 0xea, 0x20, 0x04, 0x00,
    0x61, 0xff, 0x30, 0x2f, 0x70, 0x08, 0x80, 0x03, 0xdd, 0x8e, 0x60, 0x15, 0x54, 0xc0, 0x0d, 0xff,
    0x82, 0x8a, 0x87, 0x46, 0x00, 0x17, 0x11, 0x0d, 0xd3, 0xba, 0x20, 0x40, 0x09, 0xee, 0x8e, 0x60,
    0x28, 0xa0, 0xc0, 0x0d, 0xba, 0x77, 0x20, 0x02, 0x1e, 0xe0, 0x02, 0x11, 0x01, 0xb0, 0x01, 0x54,
    0x80, 0x60, 0x09, 0x93, 0x67, 0x80, 0x43, 0x5e, 0x00, 0x1d, 0xd4, 0xd2, 0xec, 0x7f, 0x91, 0x06,
    0x02, 0x60, 0x01, 0x10, 0x40, 0x24, 0x70, 0x01, 0x40, 0x97, 0xe5, 0xbd, 0xf4, 0x08, 0x1b, 0xa3,
    0x0e, 0xbf, 0x9c, 0x35, 0x30, 0x00, 0x70, 0x40, 0x51, 0x50, 0xfc, 0x02, 0x3e, 0xff, 0x14, 0xd8,
    0x3a, 0x80, 0x80, 0x59, 0xba, 0x36, 0xbc, 0x00, 0xa7, 0x8c, 0x3b, 0xfc, 0x7d, 0xec, 0x01, 0x47,
    0x18, 0x44, 0xc8, 0x21, 0xc8, 0x03, 0xee, 0xe8, 0xd3, 0x34, 0x03, 0xf6, 0x38, 0x5b, 0x20, 0x7e,
    0x61, 0xc8, 0x03, 0x88, 0x49, 0x37, 0x34, 0x02, 0x28, 0x61, 0x88, 0x75, 0x1a, 0xac, 0x60, 0x7b,
    0x13, 0x6d, 0x9d, 0xfd, 0xd2, 0x86, 0xaa, 0xa9, 0x80, 0x5e, 0xf3, 0x24, 0x00, 0x38, 0x07, 0x09,
    0xac, 0x18, 0x06, 0x80, 0x1c, 0xc5, 0x66, 0xe8, 0x40, 0xdc, 0x0d, 0xcf, 0x31, 0x61, 0x0a, 0x40,
    0x1b, 0x01, 0x77, 0x5e, 0x1f, 0xba, 0x53, 0x0f, 0xf0, 0x3e, 0xda, 0x02, 0x46, 0xa8, 0x1e, 0xe8,
    0xc2, 0x2a, 0x81, 0x52, 0xe0, 0x0d, 0xff, 0x6c, 0x8e, 0x8a, 0x0e, 0xe2, 0x05, 0xcc, 0xaa, 0x13,
    0x35, 0xb5, 0x6d, 0x02, 0x3f, 0xd0, 0x38, 0x95, 0x86, 0xe2, 0x00, 0x7e, 0xe2, 0x80, 0x99, 0x01,
    0x7f, 0x08, 0x00, 0x88, 0x60, 0x28, 0x81, 0xcc, 0x08, 0x80, 0x13, 0x06, 0x16, 0xe2, 0x00, 0x32,
    0x00, 0xb3, 0x6a, 0x42, 0x00, 0xef, 0xac, 0x01, 0xaa, 0xa4, 0x9a, 0x10, 0x39, 0xc7, 0x00, 0x00,
    0x39, 0x80, 0x0c, 0xfe, 0x00, 0x8f, 0xc0, 0x11, 0x0d, 0xf8, 0x88, 0x88, 0xc4, 0xac, 0x97, 0x62,
    0x8b, 0xb8, 0x84, 0x6e, 0x12, 0x8d, 0x39, 0xdd, 0x10, 0x18, 0xff, 0xc9, 0x3c, 0x59, 0x80, 0x0c,
    0x5b, 0xb1, 0x8a, 0xb8, 0x88, 0x03, 0x67, 0xfd, 0x3b, 0x09, 0xba, 0x2f, 0x60, 0xa8, 0x8a, 0x73,
    0xfd, 0x98, 0xec, 0x60, 0x8e, 0xe9, 0x27, 0xff, 0xa0, 0x00, 0xdd, 0xaa, 0x63, 0x1d, 0xd4, 0x00,
    0x70, 0x88, 0x03, 0xfe, 0x89, 0x40, 0x06, 0x33, 0x58, 0x01, 0x3f, 0xec, 0x38, 0x03, 0xba, 0x10,
    0x0a, 0xd5, 0x10, 0x31, 0x71, 0x15, 0xc0, 0x00, 0x00, 0x41, 0x00, 0x48, 0x61, 0x00, 0x1d, 0xd6,
    0x01, 0x40, 0x80, 0x1c, 0x00, 0x4c, 0x00, 0x63, 0x75, 0x20, 0x9a, 0x30, 0x11, 0xb8, 0x6e, 0xa0,
    0x00, 0x3d, 0xc3, 0x30, 0x7f, 0xdc, 0xff, 0xdd, 0x6b, 0x90, 0x1e, 0xec, 0xdb, 0x3d, 0xd3, 0xe0,
    0x86, 0xff, 0xc0, 0x1f, 0xeb, 0x88, 0x80, 0x15, 0x99, 0x38, 0x05, 0x3d, 0xd0, 0xb5, 0x34, 0x0e,
    0x38, 0x01, 0xb7, 0x40, 0x63, 0xfa, 0xc0, 0x42, 0x01, 0x08, 0x80, 0x25, 0x40, 0x09, 0x48, 0x01,
    0x32, 0x20, 0x96, 0x30, 0x0b, 0x1c, 0x07, 0x75, 0x52, 0x74, 0x04, 0x7c, 0xe8, 0x18, 0x89, 0x5d,
    0x08, 0x03, 0xbf, 0x84, 0x00, 0x39, 0x00, 0x05, 0xc0, 0x27, 0x30, 0x08, 0xa4, 0x00, 0x36, 0x80,
    0x32, 0x20, 0x4c, 0x64, 0xc8, 0x13, 0x80, 0xce, 0x40, 0x23, 0x70, 0x8a, 0x6d, 0xba, 0x1e, 0x40,
    0xc3, 0xfe, 0x43, 0xbe, 0xe7, 0xc1, 0x80, 0x0f, 0x76, 0x00, 0xf1, 0x80, 0x5b, 0xff, 0x18, 0x6a,
    0x25, 0xa0, 0x15, 0xc4, 0x45, 0xa7, 0x5d, 0x65, 0x80, 0x09, 0xee, 0x8d, 0xf9, 0x2c, 0x69, 0x80,
    0x0d, 0xba, 0x67, 0x0c, 0xd0, 0x0f, 0x84, 0x40, 0x01, 0x75, 0x00, 0x94, 0xc0, 0x13, 0x27, 0x0a,
    0x72, 0x00, 0xb5, 0x80, 0x77, 0x53, 0xe5, 0x20, 0x25, 0xca, 0xe1, 0x88, 0x95, 0xc8, 0x05, 0x9d,
    0xa4, 0x00, 0x50, 0x80, 0x76, 0x00, 0x78, 0xa4, 0x09, 0xdd, 0x06, 0xef, 0x11, 0x1b, 0xc1, 0x84,
    0x6e, 0x01, 0x18, 0xc7, 0xbc, 0x38, 0x48, 0xc0, 0x06, 0x62, 0x13, 0xf0, 0x07, 0x11, 0x37, 0x9f,
    0x74, 0x40, 0x02, 0xdd, 0x11, 0x38, 0x03, 0xb8, 0x83, 0x3f, 0xd8, 0xc9, 0xbb, 0xc8, 0xc1, 0x53,
    0x2a, 0x06, 0x61, 0x2e, 0x23, 0x00, 0x23, 0xfd, 0x29, 0x4d, 0xc0, 0x81, 0x48, 0x0b, 0xba, 0x50,
    0x06, 0x88, 0x07, 0xc2, 0x20, 0x00, 0xad, 0x80, 0x48, 0x60, 0x09, 0x90, 0x02, 0xdc, 0xc0, 0x06,
    0x65, 0x03, 0xdd, 0x54, 0x85, 0x80, 0x13, 0xe9, 0x03, 0x51, 0x29, 0xa1, 0x00, 0x4e, 0xe8, 0x80,
    0x00, 0x39, 0x80, 0x46, 0xca, 0x60, 0x1c, 0x5e, 0x01, 0x50, 0x84, 0x00, 0x44, 0xc6, 0xac, 0x82,
    0xe4, 0x20, 0x86, 0x02, 0x37, 0x08, 0xa4, 0x3a, 0x17, 0xe0, 0x4c, 0x3f, 0xe1, 0x64, 0xb8, 0x4b,
    0xb0, 0x81, 0xee, 0xd8, 0xac, 0xfc, 0xee, 0x60, 0x06, 0xff, 0xd7, 0xc0, 0x03, 0x10, 0x0d, 0x71,
    0x11, 0x03, 0x3e, 0xb3, 0xb0, 0x02, 0x7b, 0xa5, 0x04, 0xb8, 0x4b, 0x90, 0x03, 0x76, 0xa8, 0x82,
    0xc5, 0xac, 0x50, 0x04, 0x62, 0x01, 0x09, 0x98, 0x4c, 0xc0, 0x15, 0xca, 0x00, 0x13, 0x69, 0x37,
    0x48, 0x03, 0xfb, 0x28, 0x09, 0xf9, 0x8f, 0xf2, 0x06, 0x2a, 0x20, 0x52, 0xc8, 0xb8, 0x00, 0x00,
    0x39, 0x80, 0x08, 0xcf, 0x88, 0x02, 0x2f, 0x00, 0x74, 0x4e, 0x4c, 0x70, 0x13, 0x1a, 0xb2, 0x04,
    0xd0, 0xd4, 0x80, 0x04, 0x6e, 0x11, 0x07, 0xe8, 0xef, 0x80, 0x0c, 0x3f, 0xe7, 0x0f, 0xd1, 0xdf,
    0x00, 0x8f, 0x76, 0x30, 0xb8, 0x18, 0x80, 0x05, 0xbf, 0xf1, 0x7e, 0xe8, 0x33, 0xa0, 0x01, 0x71,
    0x10, 0x5e, 0x68, 0x66, 0x44, 0x13, 0xdd, 0x2f, 0x71, 0x41, 0x7b, 0x86, 0x0d, 0xda, 0xa6, 0xc6,
    0x20, 0xc6, 0xc2, 0x00, 0x31, 0x00, 0x24, 0x70, 0x4c, 0x20, 0x05, 0x72, 0x9d, 0x5c, 0x40, 0x5d,
    0x48, 0x03, 0xfb, 0x31, 0x86, 0x01, 0x1e, 0x20, 0x62, 0xa2, 0x0c, 0x80, 0x1a, 0x00, 0x20, 0x00,
    0x40, 0x80, 0x08, 0xbe, 0x00, 0xbe, 0x00, 0x1f, 0xdd, 0xda, 0x04, 0xc2, 0x0c, 0x41, 0x98, 0x5c,
    0xc1, 0x00, 0x8d, 0xc2, 0x00, 0x39, 0x79, 0x40, 0x01, 0x87, 0xf8, 0x08, 0x0a, 0x8e, 0x94, 0x02,
    0x3d, 0xd1, 0x80, 0x09, 0x81, 0x94, 0x02, 0xdf, 0xf6, 0x80, 0x45, 0x44, 0x01, 0xae, 0x21, 0x60,
    0x01, 0x1c, 0xc0, 0x14, 0xf7, 0x24, 0x00, 0xd8, 0x18, 0xc0, 0x13, 0x6e, 0x98, 0x98, 0x35, 0xb4,
    0x03, 0x84, 0x40, 0x86, 0x15, 0x96, 0xe0, 0x1a, 0x64, 0x75, 0x46, 0x9c, 0xc1, 0x80, 0x43, 0xba,
    0x96, 0x22, 0x20, 0x37, 0x08, 0x03, 0x11, 0x0f, 0x40, 0x19, 0xbb, 0x00, 0x00, 0x40, 0x80, 0x63,
    0x70, 0x0f, 0x7c, 0x00, 0x0d, 0xdb, 0x41, 0x5c, 0x09, 0x84, 0x18, 0xa4, 0xcc, 0x43, 0x08, 0x02,
    0x37, 0x0b, 0x82, 0x79, 0x25, 0x18, 0x18, 0x7f, 0x81, 0x68, 0xdc, 0xe0, 0xc0, 0x23, 0xdd, 0x18,
    0xc6, 0xdc, 0xcd, 0x00, 0x0d, 0xff, 0x70, 0xfe, 0x04, 0x26, 0x08, 0x02, 0xe2, 0x20, 0x34, 0x30,
    0x01, 0x08, 0x02, 0x7b, 0xa1, 0xe3, 0xe0, 0x04, 0x68, 0x01, 0xb7, 0x42, 0xae, 0xa6, 0xac, 0x2a,
    0x01, 0x08, 0xcb, 0xe8, 0xc9, 0xf4, 0x01, 0xa6, 0x44, 0x09, 0x51, 0x05, 0xa3, 0x00, 0x0e, 0xea,
    0xae, 0xb5, 0x47, 0x4b, 0x50, 0x31, 0x12, 0xac, 0x30, 0x00, 0xc7, 0x20, 0x00, 0x41, 0x00, 0x75,
    0x88, 0x07, 0x6c, 0x80, 0x2f, 0x30, 0x9b, 0x98, 0x12, 0x63, 0x26, 0x3a, 0xff, 0x0f, 0xfb, 0x84,
    0x77, 0x0b, 0xa5, 0x50, 0x6a, 0xa0, 0x30, 0xff, 0x9c, 0xbb, 0x80, 0x3d, 0xe6, 0x07, 0xbb, 0x09,
    0x15, 0x5a, 0x44, 0x10, 0xdf, 0xf8, 0xda, 0x67, 0x88, 0x81, 0x71, 0x10, 0x80, 0x37, 0x6b, 0xf0,
    0x04, 0xf7, 0x44, 0x05, 0x55, 0x80, 0x26, 0xdd, 0x38, 0x81, 0x7f, 0xc8, 0x01, 0x84, 0x40, 0x10,
    0x99, 0xe0, 0x0d, 0x32, 0x60, 0x03, 0x3b, 0xd8, 0x01, 0x0e, 0xea, 0x48, 0x03, 0x5d, 0xb8, 0x01,
    0x88, 0x90, 0x9d, 0x00, 0x2b, 0x58, 0x00, 0x01, 0x90, 0x0e, 0x36, 0x00, 0xe1, 0x26, 0x00, 0x87,
    0xa8, 0x40, 0x22, 0x63, 0x15, 0x01, 0xd5, 0x4a, 0x10, 0x00, 0x8b, 0xc0, 0xcb, 0x16, 0x20, 0x3a,
    0x60, 0x61, 0xfe, 0xec, 0x64, 0xdd, 0x38, 0x62, 0x01, 0xee, 0xaf, 0x6f, 0x33, 0xb5, 0x03, 0xbf,
    0xcc, 0xcb, 0xaa, 0xd7, 0x40, 0x08, 0x89, 0x0b, 0x30, 0x7a, 0x7c, 0x40, 0x0e, 0xe9, 0x80, 0x4b,
    0x8b, 0xd8, 0x02, 0x1d, 0x9e, 0x08, 0xb8, 0xa9, 0xd0, 0x0c, 0x20, 0x14, 0x5c, 0x54, 0xe8, 0x04,
    0x73, 0xc0, 0x1f, 0xf1, 0xef, 0xd8, 0x00, 0x4c, 0x07, 0x88, 0x01, 0xa8, 0x82, 0x67, 0x45, 0x46,
    0xd8, 0x00, 0x00, 0x40, 0x80, 0x67, 0x40, 0x0f, 0x7c, 0x00, 0x04, 0x5a, 0x42, 0x58, 0x04, 0xc2,
    0x0c, 0x5b, 0x89, 0x19, 0xd6, 0x02, 0x37, 0x08, 0xb3, 0x52, 0xe0, 0x1c, 0x0c, 0x3f, 0xe0, 0x66,
    0xb2, 0xd1, 0x88, 0x0f, 0x76, 0x7f, 0xf0, 0x3b, 0x87, 0xc4, 0x37, 0xfe, 0x49, 0xf2, 0xa8, 0x84,
    0x98, 0x5c, 0x44, 0x77, 0x27, 0x39, 0xf2, 0x00, 0x9e, 0xe9, 0x34, 0x73, 0x75, 0x20, 0x13, 0x6e,
    0x85, 0x98, 0x15, 0x76, 0xa0, 0x0c, 0x23, 0x00, 0x51, 0x32, 0x50, 0x0d, 0x32, 0x20, 0x09, 0x51,
    0x04, 0x01, 0x0e, 0xea, 0x84, 0x01, 0xdd, 0x08, 0x05, 0x88, 0x90, 0x03, 0xe2, 0x2b, 0x90, 0x00,
    0x39, 0x80, 0x0d, 0x13, 0xc0, 0x11, 0x78, 0x03, 0xb7, 0x2f, 0x31, 0x62, 0x4c, 0x6a, 0xc6, 0x19,
    0x81, 0xcc, 0x08, 0x08, 0xdc, 0x2e, 0x1a, 0x60, 0x66, 0x00, 0x18, 0x7f, 0xca, 0x1a, 0x40, 0x44,
    0x00, 0x8f, 0x76, 0x0a, 0xdd, 0x36, 0xe9, 0x80, 0x1b, 0xff, 0x19, 0x88, 0xbb, 0x84, 0x2e, 0x22,
    0x22, 0x04, 0x44, 0x5e, 0x00, 0x9e, 0xe8, 0xc1, 0x3b, 0xa5, 0x00, 0x9b, 0x74, 0xe0, 0x07, 0xcc,
    0xac, 0x03, 0x84, 0x02, 0x7c, 0xca, 0x00, 0x34, 0x4b, 0x00, 0x1f, 0x32, 0x80, 0x08, 0x77, 0x52,
    0x40, 0x1a, 0xed, 0xe0, 0x0c, 0x44, 0x85, 0xe0, 0x01, 0x5a, 0xc0, 0x00, 0x49, 0x00, 0x50, 0x60,
    0xe8, 0x01, 0xbe, 0x41, 0x25, 0x66, 0x55, 0xf2, 0x24, 0xc0, 0x4c, 0xf4, 0xd9, 0x4f, 0x94, 0x23,
    0xb8, 0x45, 0xeb, 0x7e, 0x95, 0x20, 0x61, 0xfe, 0x00, 0x7a, 0xdf, 0xa5, 0x48, 0x81, 0xee, 0x8d,
    0x68, 0xb3, 0x4f, 0xa9, 0x43, 0x7f, 0xd8, 0xe2, 0x01, 0xd8, 0x81, 0x71, 0x0a, 0x05, 0xdf, 0x3a,
    0x1c, 0x00, 0x4f, 0x72, 0x40, 0x1f, 0x27, 0x0a, 0x01, 0x3e, 0xe9, 0x80, 0x15, 0xe5, 0x76, 0x00,
    0xc2, 0x20, 0x92, 0xdf, 0x0c, 0xb7, 0x50, 0x19, 0x90, 0x49, 0x6e, 0x65, 0x6e, 0xa0, 0x3b, 0xa9,
    0x00, 0xc3, 0x76, 0xe0, 0x06, 0x22, 0x41, 0xe2, 0x03, 0x58, 0xe0, 0x00, 0x38, 0x04, 0xaa, 0x00,
    0x91, 0x80, 0x2c, 0x30, 0x2e, 0x32, 0x00, 0x17, 0x80, 0xb1, 0x21, 0xf8, 0xec, 0x00, 0x71, 0x8f,
    0x03, 0x84, 0xf0, 0x4d, 0x51, 0x10, 0x43, 0xfe, 0x60, 0x9e, 0x0d, 0xe5, 0x66, 0x02, 0xee, 0x8c,
    0x27, 0x80, 0x93, 0xc8, 0x80, 0x9f, 0xe3, 0x09, 0xe0, 0xc4, 0x00, 0xcb, 0x32, 0x13, 0xd3, 0x0e,
    0xd0, 0x0d, 0x7f, 0xe6, 0x9f, 0x70, 0x52, 0x00, 0xcb, 0xca, 0x2c, 0x6c, 0x03, 0x60, 0x1c, 0x60,
    0x5b, 0x94, 0x01, 0xfa, 0x57, 0xa1, 0xc0, 0x3f, 0x3e, 0xcc, 0x92, 0x7b, 0x47, 0xa3, 0x00, 0x16,
    0xaa, 0x10, 0x9d, 0x71, 0xee, 0x28, 0x00, 0x01, 0x70, 0x09, 0x4c, 0x11, 0xc0, 0x30, 0xe1, 0x82,
    0x14, 0x21, 0x74, 0x90, 0x13, 0x1a, 0x23, 0xb4, 0xa0, 0x43, 0xec, 0x00, 0x3e, 0x03, 0xfb, 0x4c,
    0x66, 0x70, 0x01, 0x0f, 0xf8, 0x32, 0xe4, 0x75, 0xe4, 0x48, 0x0b, 0x74, 0xdf, 0x59, 0xbc, 0x1d,
    0xc0, 0x06, 0x7f, 0x83, 0xaa, 0xa5, 0x06, 0xf2, 0x0a, 0x99, 0x11, 0x3f, 0x04, 0xcc, 0xa6, 0x00,
    0xbf, 0xf2, 0x87, 0xd9, 0x81, 0xcc, 0x80, 0x0b, 0xa8, 0x21, 0xf6, 0x60, 0xcc, 0x30, 0x08, 0x7c,
    0x01, 0x14, 0x64, 0xba, 0xa6, 0x00, 0x8b, 0x00, 0x7c, 0x3f, 0x4d, 0xf8, 0x05, 0xb2, 0x96, 0x84,
    0x4e, 0x76, 0x61, 0x86, 0x2a, 0x84, 0x40, 0x0b, 0x30, 0xac, 0x00, 0x00, 0x38, 0x04, 0x6e, 0x00,
    0x29, 0x00, 0xd8, 0x60, 0x4b, 0x2c, 0xc8, 0x36, 0x02, 0x62, 0x45, 0x10, 0x8e, 0xac, 0xc0, 0x00,
    0x45, 0xc0, 0x47, 0x98, 0x42, 0xcc, 0x08, 0x18, 0x7f, 0x88, 0x2a, 0x92, 0xb5, 0x47, 0x00, 0x1e,
    0xe9, 0xb3, 0x29, 0x7c, 0xc9, 0x03, 0x7f, 0xcb, 0xf6, 0xcf, 0x56, 0x90, 0x81, 0x53, 0x24, 0x03,
    0x4b, 0x2e, 0x9f, 0x10, 0x8f, 0xf2, 0xfc, 0x0e, 0x4b, 0xeb, 0xa8, 0x3e, 0xc7, 0x66, 0x07, 0xb8,
    0x5f, 0x28, 0x00, 0x17, 0x0b, 0xc1, 0x87, 0x1f, 0x60, 0x00, 0xc4, 0x85, 0x60, 0xd0, 0x01, 0x01,
    0x40, 0x77, 0xe9, 0x68, 0xd7, 0xbd, 0x3c, 0x43, 0x15, 0x46, 0x91, 0xab, 0x45, 0xbc, 0x80, 0x00,
    0x39, 0x00, 0x4a, 0xc0, 0xac, 0x01, 0x8a, 0x41, 0xb2, 0x21, 0x97, 0x18, 0xa4, 0xc6, 0x4c, 0xba,
    0x91, 0x37, 0x6c, 0x51, 0x1b, 0x85, 0xdc, 0x47, 0x24, 0x08, 0x06, 0x1f, 0xf3, 0x40, 0x9a, 0xe9,
    0x88, 0x00, 0xf7, 0x6b, 0x26, 0xf5, 0x6f, 0x30, 0x06, 0xff, 0xd1, 0x60, 0x1f, 0xae, 0x22, 0x10,
    0x5d, 0x45, 0xd2, 0x10, 0x9e, 0xe8, 0x44, 0x05, 0xde, 0x44, 0x00, 0x36, 0xe8, 0x4a, 0x9e, 0xaa,
    0x81, 0x10, 0x04, 0x20, 0x58, 0xcc, 0xe4, 0x56, 0x00, 0xa2, 0x4c, 0x01, 0x6d, 0xab, 0x02, 0x00,
    0x1d, 0xd5, 0x3e, 0xc5, 0x6d, 0xc7, 0x28, 0x62, 0x24, 0xdb, 0x6c, 0x4d, 0x7c, 0xa0, 0x00, 0x39,
    0x00, 0x1c, 0x80, 0x06, 0xc0, 0x11, 0xe0, 0x24, 0xdf, 0x48, 0xc2, 0xa8, 0x07, 0xb3, 0x9f, 0x2a,
    0x99, 0x21, 0x44, 0x00, 0xaa, 0x20, 0x80, 0x6c, 0x23, 0x10, 0x06, 0xb8, 0x56, 0xff, 0xb4, 0x53,
    0x6c, 0x40, 0xb3, 0x1e, 0x06, 0x60, 0x38, 0x3a, 0x31, 0x2c, 0x11, 0x1d, 0x50, 0xf8, 0x77, 0x44,
    0x64, 0x46, 0x10, 0xaa, 0x09, 0xa1, 0xe1, 0x12, 0xa0, 0x27, 0x7b, 0xb2, 0x71, 0x10, 0x49, 0xb4,
    0xbb, 0x32, 0x9a, 0xc3, 0x01, 0xdc, 0xd6, 0x2c, 0xa1, 0x0c, 0x87, 0x01, 0xca, 0x29, 0x0b, 0xd4,
    0x90, 0x0c, 0x7b, 0xac, 0x9c, 0xde, 0x8c, 0xee, 0x61, 0x9b, 0xb7, 0x54, 0xc4, 0x2b, 0x39, 0xda,
    0x60, 0x00, 0x38, 0x07, 0x2b, 0x80, 0x7b, 0x50, 0x22, 0xed, 0x32, 0xbb, 0x8c, 0xcc, 0x58, 0xd5,
    0xba, 0xad, 0xdc, 0x60, 0x3f, 0xe1, 0x16, 0x9d, 0xb7, 0x9d, 0x81, 0x87, 0xf8, 0xc1, 0xb0, 0x00,
    0xb8, 0x01, 0x1e, 0xe9, 0xc6, 0x52, 0xd8, 0x3e, 0x40, 0x1b, 0xfe, 0x56, 0xc0, 0xfb, 0x1f, 0xc1,
    0x0b, 0x99, 0x23, 0x99, 0x88, 0xcc, 0xa2, 0x20, 0x9f, 0xf2, 0xbf, 0x9e, 0xf9, 0x5e, 0x90, 0x3e,
    0xc7, 0x19, 0x86, 0xe1, 0x83, 0x84, 0x00, 0x2e, 0x03, 0x83, 0x9e, 0xda, 0x06, 0x03, 0x12, 0x07,
    0x02, 0xaa, 0xa7, 0x80, 0x00, 0xef, 0xd2, 0xa8, 0x78, 0x1a, 0x79, 0x03, 0x15, 0x46, 0x0d, 0xb4,
    0xc0, 0x98, 0x80, 0x00, 0x20, 0x07, 0x1c, 0x80, 0x7b, 0xac, 0x40, 0x27, 0x40, 0x0f, 0x50, 0xc0,
    0x07, 0xfe, 0xa8, 0x00, 0xfe, 0x25, 0x58, 0x44, 0x44, 0x10, 0x22, 0x85, 0xbf, 0xac, 0x2b, 0x75,
    0x45, 0xbb, 0x3a, 0x54, 0x80, 0x2f, 0xfd, 0x65, 0xff, 0x30, 0x07, 0xff, 0x55, 0x00, 0x3f, 0xf5,
    0xf0, 0x07, 0xf9, 0x47, 0x28, 0x03, 0xfc, 0x38, 0xe0, 0x1f, 0xf3, 0x18, 0x06, 0x4f, 0x00, 0xc0,
    0x03, 0x10, 0x12, 0x20, 0x80, 0x48, 0xc0, 0x0b, 0xd0, 0x8f, 0xc9, 0x8b, 0xe8, 0x00, 0xa1, 0xe2,
    0x74, 0xe7, 0xa1, 0x7d, 0x80, 0x29, 0xb0, 0x54, 0x16, 0x31, 0x00, 0x89, 0x90, 0x82, 0x6c, 0x2c,
    0x40, 0x33, 0x64, 0x13, 0x0e, 0x43, 0x80, 0x37, 0x8d, 0x29, 0x41, 0xb6, 0x3c, 0x02, 0xde, 0x30,
    0x0c, 0x8d, 0xc6, 0x01, 0xfe, 0x6d, 0x45, 0x00, 0xfe, 0x76, 0x00, 0x08, 0x33, 0x2d, 0x88, 0x02,
    0x9c, 0x21, 0x2a, 0xf4, 0x0e, 0x10, 0x25, 0xbc, 0x58, 0xce, 0xcb, 0xaa, 0x10, 0x1d, 0x34, 0x72,
    0xe7, 0xfd, 0xdc, 0x40, 0x14, 0x0c, 0x20, 0x27, 0xbc, 0xc9, 0x40, 0x00, 0xc6, 0x40, 0x02, 0x30,
    0x0f, 0x8f, 0x5c, 0x00, 0xda, 0xc0, 0x1c, 0x9b, 0x6a, 0x22, 0x4c, 0xb9, 0x00, 0x9e, 0xa8, 0xa1,
    0x16, 0x05, 0x8b, 0x20, 0x05, 0xc4, 0x07, 0x47, 0x50, 0x1d, 0xb0, 0x01, 0x10, 0x22, 0xbf, 0xad,
    0xc0, 0x48, 0x02, 0x3c, 0x4f, 0x23, 0xcb, 0xb1, 0x80, 0x0a, 0xb0, 0x91, 0x5d, 0xca, 0x8b, 0x94,
    0x66, 0x2d, 0x30, 0x0e, 0xf1, 0xd2, 0x20, 0xc1, 0x05, 0xbb, 0xe6, 0x02, 0x81, 0x00, 0xff, 0xe3,
    0x23, 0x36, 0x70, 0x0f, 0xdb, 0xdd, 0xbc, 0x03, 0xef, 0xa8, 0x8d, 0x3a, 0x01, 0x02, 0x30, 0x60,
    0x65, 0x06, 0x03, 0x30, 0x01, 0x2e, 0x6e, 0x7b, 0x66, 0xe6, 0xd4, 0x03, 0x08, 0x0f, 0xf8, 0x40,
    0x40, 0x3d, 0xa3, 0xbf, 0xed, 0x1d, 0x00, 0xf0, 0x80, 0x80, 0x04, 0x04, 0x03, 0x11, 0xfb, 0xf9,
    0x9b, 0xdf, 0xcc, 0xc0, 0x0c, 0x33, 0xff, 0x68, 0x02, 0xf3, 0x77, 0xf6, 0x58, 0x00, 0xca, 0x33,
    0x3d, 0x38, 0x60, 0x19, 0xea, 0xbc, 0xa0, 0x1c, 0xa5, 0x97, 0x7b, 0x43, 0x00, 0x31, 0xc2, 0x74,
    0x43, 0x56, 0x50, 0x00, 0x59, 0x93, 0xd6, 0x62, 0x5f, 0x32, 0x20, 0x00, 0xce, 0xe0, 0x0f, 0xf9,
    0x62, 0xb3, 0x21, 0x00, 0xf3, 0xc6, 0xeb, 0x19, 0x44, 0x03, 0x0d, 0xc0, 0x76, 0x61, 0x55, 0x99,
    0x00, 0x07, 0xcf, 0xb3, 0x16, 0xf9, 0x8e, 0x10, 0x09, 0x1e, 0x66, 0x81, 0x99, 0x40, 0x07, 0x46,
    0xbb, 0xdb, 0xb6, 0x28, 0x04, 0xff, 0x9b, 0xa7, 0x24, 0x3b, 0xe0, 0x08, 0xf6, 0x6e, 0x2e, 0xd9,
    0x32, 0x60, 0x0d, 0xb3, 0xb5, 0xc2, 0xb7, 0x02, 0x01, 0x2e, 0xc6, 0x6f, 0xf9, 0x56, 0xa1, 0x00,
    0x3e, 0xfe, 0x61, 0x51, 0x82, 0x4b, 0xc8, 0x13, 0xb1, 0x77, 0xae, 0x00, 0x13, 0xa4, 0x00, 0xce,
    0xa0, 0x1f, 0xf2, 0xc4, 0xdd, 0xc4, 0x01, 0xe4, 0xbb, 0x74, 0xe3, 0x18, 0x07, 0x35, 0x96, 0x55,
    0x25, 0xa6, 0x18, 0x00, 0x38, 0xad, 0xbb, 0x5f, 0x68, 0x68, 0x00, 0x68, 0x84, 0xcf, 0xc2, 0x01,
    0xff, 0xc8, 0x12, 0x2f, 0x08, 0x07, 0x87, 0x33, 0xc4, 0x01, 0xe2, 0xbb, 0xf6, 0x80, 0x77, 0x1c,
    0x42, 0x65, 0x10, 0xd3, 0x00, 0xc8, 0x4d, 0xd5, 0x4e, 0x63, 0xb0, 0x0b, 0x3f, 0xd8, 0xa0, 0x05,
    0xcf, 0xea, 0x00, 0x6e, 0x9c, 0x40, 0x30, 0xb6, 0xd0, 0x00, 0x02, 0x33, 0xc0, 0x19, 0x1c, 0x02,
    0xe8, 0x99, 0x69, 0x00, 0x45, 0xa0, 0x1a, 0x2a, 0x86, 0x01, 0xfe, 0x98, 0x81, 0xbb, 0x35, 0x8c,
    0xc3, 0x00, 0x66, 0x40, 0x7d, 0xd2, 0x0f, 0x38, 0x01, 0x51, 0x06, 0x91, 0x0b, 0x17, 0x84, 0x00,
    0x76, 0x60, 0x80, 0x28, 0x50, 0x0e, 0xec, 0xc1, 0x00, 0x15, 0xf0, 0x03, 0x91, 0x23, 0x02, 0xbe,
    0x00, 0xeb, 0xed, 0xd3, 0xb7, 0xd9, 0x00, 0x72, 0xbc, 0x0f, 0x0d, 0xa8, 0x07, 0xa1, 0x86, 0x69,
    0x98, 0x01, 0xe4, 0x68, 0x01, 0x91, 0x03, 0xd8, 0xc0, 0x02, 0x60, 0x04, 0x84, 0x07, 0xfe, 0x60,
    0x00, 0x00, 0xcc, 0xa0, 0x05, 0x60, 0x0f, 0x0c, 0xd2, 0x00, 0x12, 0xa4, 0x40, 0x28, 0xc4, 0x0a,
    0xbb, 0x50, 0x37, 0xc1, 0x06, 0x65, 0xc0, 0x75, 0x49, 0x4c, 0xf3, 0x04, 0x26, 0xf3, 0x86, 0x89,
    0xc2, 0x71, 0x0a, 0xe9, 0x40, 0x8e, 0x36, 0xf5, 0x00, 0xaa, 0x89, 0x57, 0x6a, 0x99, 0x07, 0x80,
    0x73, 0xcc, 0xf9, 0x00, 0x3c, 0xfd, 0xde, 0x40, 0x0f, 0x09, 0x17, 0xc0, 0x1e, 0x6c, 0xcf, 0x30,
    0x07, 0x34, 0x06, 0x5d, 0xb0, 0x2a, 0x00, 0x2a, 0xcc, 0x73, 0x08, 0x9a, 0x7b, 0xe4, 0x01, 0x7b,
    0x28, 0x01, 0x8e, 0x36, 0x00, 0x01, 0x1c, 0x01, 0x89, 0x1a, 0x00, 0x19, 0xba, 0xf4, 0x6d, 0xd7,
    0x75, 0xa2, 0x00, 0xdc, 0x50, 0x1a, 0xdc, 0xa8, 0x51, 0x00, 0x4c, 0x30, 0x07, 0xfd, 0xba, 0x10,
    0xfc, 0x77, 0xcc, 0x01, 0x22, 0xb8, 0x01, 0x73, 0xfd, 0xd6, 0x01, 0x66, 0x14, 0x00, 0x81, 0x10,
    0xf4, 0x00, 0xb3, 0x0a, 0x03, 0x8e, 0x41, 0x5a, 0x01, 0x3b, 0x38, 0x19, 0x4c, 0x20, 0xa0, 0x02,
    0xc4, 0x56, 0xc8, 0xca, 0xd5, 0x00, 0x11, 0xf2, 0x70, 0x99, 0x03, 0x08, 0x80, 0x28, 0xa3, 0x2e,
    0xa1, 0xb1, 0xba, 0x60, 0x35, 0x30, 0xf0, 0x6d, 0x3b, 0x4d, 0xa5, 0x38, 0x00, 0x26, 0x8e, 0x40,
    0x00, 0xf1, 0x40, 0x00, 0xf3, 0x30, 0x03, 0xe5, 0xcc, 0xd7, 0x6c, 0xcc, 0xc0, 0x05, 0x89, 0x99,
    0x99, 0x33, 0x98, 0x03, 0xf0, 0x80, 0x78, 0xb2, 0x26, 0x66, 0x79, 0x9d, 0x86, 0x59, 0xd1, 0x14,
    0xca, 0x22, 0xfc, 0x30, 0x02, 0xf9, 0x17, 0xb6, 0x40, 0x39, 0xb3, 0x3c, 0xa0, 0x1e, 0x48, 0x8f,
    0x58, 0x07, 0x96, 0xab, 0xda, 0x01, 0xf0, 0x8f, 0xc0, 0x1c, 0xd4, 0xbd, 0x76, 0xe2, 0xc8, 0x00,
    0x0d, 0xe7, 0x7b, 0x91, 0x1e, 0x3f, 0xd2, 0x03, 0x5b, 0x06, 0x01, 0x8e, 0x36, 0x40, 0x01, 0x22,
    0xff, 0x08, 0x01, 0xfe, 0x65, 0x93, 0x2c, 0x99, 0x7b, 0x00, 0x49, 0x72, 0x57, 0x63, 0xab, 0x50,
    0x0c, 0xf9, 0xe5, 0x98, 0x2d, 0xc6, 0x00, 0x9b, 0x3f, 0xb7, 0xfd, 0x9f, 0xec, 0x70, 0x0a, 0xbe,
    0xef, 0xd1, 0x00, 0x0e, 0x7e, 0xef, 0x08, 0x07, 0x84, 0x8b, 0xc6, 0x01, 0xe6, 0xee, 0xf2, 0x80,
    0x79, 0x2e, 0xfd, 0x40, 0x1d, 0xe9, 0x55, 0xf1, 0x80, 0x65, 0xb7, 0xeb, 0xb7, 0x3d, 0xd8, 0x00,
    0x39, 0xc1, 0xca, 0x00, 0x5d, 0x1e, 0xb1, 0x16, 0xe3, 0x90, 0x06, 0x16, 0xca, 0x10, 0x00, 0xd2,
    0x65, 0x21, 0x0e, 0x40, 0x18, 0x6c, 0x0c, 0x9c, 0xec, 0x25, 0x40, 0x5f, 0x17, 0x32, 0x2c, 0x9e,
    0x32, 0x03, 0xef, 0x26, 0xcc, 0x9d, 0xaa, 0x3c, 0x89, 0x24, 0xc2, 0x01, 0x44, 0xff, 0x29, 0x80,
    0x14, 0x66, 0xef, 0x73, 0xb6, 0x88, 0x00, 0x89, 0x33, 0xec, 0x20, 0x0e, 0x5a, 0xaf, 0x60, 0x07,
    0xdf, 0xfe, 0x10, 0x0f, 0x32, 0x27, 0xb4, 0x03, 0x85, 0xa2, 0x3d, 0x86, 0x01, 0x9e, 0x9f, 0xae,
    0xdc, 0x19, 0x60, 0x01, 0xbc, 0xee, 0x28, 0x01, 0x68, 0x3e, 0x40, 0x6b, 0x60, 0x80, 0x30, 0xbe,
    0xc0, 0x00, 0x00, 0xea, 0x00, 0x58, 0x80, 0x72, 0xdd, 0xcb, 0x76, 0x4a, 0xbe, 0x30, 0x02, 0xe6,
    0x0c, 0x73, 0x02, 0x78, 0x6e, 0x00, 0x19, 0x4d, 0x34, 0x40, 0x62, 0x72, 0x80, 0x0d, 0x62, 0xc6,
    0x20, 0x3f, 0x10, 0xf1, 0x00, 0x6b, 0x9c, 0x7f, 0x87, 0xf4, 0x14, 0x45, 0x34, 0xf6, 0x45, 0x41,
    0x60, 0xd8, 0x0d, 0xd9, 0xb3, 0x3c, 0xc0, 0x1e, 0x79, 0x9f, 0x20, 0x07, 0x99, 0x13, 0xc4, 0x01,
    0xe1, 0xdd, 0xf3, 0x00, 0x72, 0xdb, 0x65, 0x53, 0xdd, 0x78, 0x00, 0x39, 0xc3, 0xcc, 0x00, 0x5d,
    0xd7, 0x58, 0x0e, 0x61, 0xc8, 0x03, 0x92, 0xac, 0x00, 0x00, 0x09, 0xac, 0x91, 0x78, 0x40, 0x03,
    0xd3, 0xb8, 0x73, 0xd9, 0x3d, 0x40, 0x10, 0xd6, 0xe8, 0x6e, 0x52, 0xe4, 0x80, 0x06, 0x09, 0xae,
    0x85, 0x1c, 0x1b, 0xc0, 0x04, 0x0e, 0xe5, 0xf7, 0xc3, 0xea, 0x28, 0x01, 0xe0, 0x33, 0x81, 0xfe,
    0x5e, 0x88, 0x00, 0x22, 0x3b, 0xbf, 0x6e, 0x00, 0x72, 0x5d, 0xfc, 0x01, 0xe6, 0xcc, 0xf3, 0x00,
    0x78, 0x48, 0xbe, 0x00, 0xf3, 0x7f, 0xf9, 0x0c, 0x03, 0x34, 0x8f, 0x5d, 0xbc, 0x2e, 0xc0, 0x01,
    0xbd, 0xd4, 0xa8, 0x01, 0x28, 0x7a, 0x80, 0x6f, 0x20, 0xc0, 0x30, 0xb6, 0x50, 0x00, 0x00, 0x8e,
    0x00, 0x48, 0xd5, 0xa0, 0x03, 0x27, 0x63, 0x5d, 0xbb, 0x0e, 0xc0, 0x03, 0x14, 0xcf, 0xc4, 0x20,
    0x7b, 0x70, 0x4a, 0x36, 0x03, 0x99, 0x0e, 0xe6, 0x46, 0x92, 0x20, 0x5b, 0xfe, 0x2b, 0xff, 0x10,
    0x80, 0x1b, 0x53, 0x7f, 0xd5, 0x1f, 0x0c, 0x01, 0x2e, 0x91, 0x7b, 0xa4, 0x03, 0x9b, 0x33, 0xcc,
    0x01, 0xe7, 0x99, 0xf2, 0x00, 0x79, 0x91, 0x3c, 0x40, 0x1e, 0x1d, 0xdf, 0x30, 0x07, 0x34, 0x06,
    0x55, 0x30, 0x2a, 0xc0, 0x03, 0x79, 0xb2, 0xc0, 0x06, 0x9e, 0xc9, 0x01, 0xad, 0x83, 0x00, 0xc7,
    0x1b, 0x20, 0x02, 0x30, 0x09, 0x1c, 0x03, 0xe1, 0x9d, 0x51, 0x9a, 0xbb, 0xd4, 0x00, 0x3a, 0xf6,
    0xdb, 0xc0, 0xea, 0x0c, 0x00, 0x0a, 0xdd, 0xb5, 0xec, 0x65, 0x3d, 0x80, 0xbf, 0xd9, 0x37, 0xb9,
    0x5b, 0x90, 0xe0, 0x5d, 0x9d, 0x4c, 0xfb, 0x74, 0x4a, 0x80, 0x10, 0x94, 0xf4, 0xce, 0xc3, 0x30,
    0x06, 0x5a, 0xaf, 0x60, 0x07, 0xdf, 0xfe, 0x10, 0x0f, 0x32, 0x27, 0x88, 0x03, 0x85, 0xa2, 0x3c,
    0x66, 0x00, 0xc9, 0x6f, 0xd7, 0x6f, 0x73, 0xa0, 0x00, 0xe7, 0x06, 0xa8, 0x01, 0x33, 0x62, 0x80,
    0x73, 0x0e, 0x20, 0x1c, 0xb7, 0x40, 0x00, 0x12, 0x34, 0x98, 0x9a, 0x3c, 0x98, 0x00, 0xfc, 0xcd,
    0x46, 0xd0, 0x65, 0x66, 0x00, 0x73, 0xdf, 0x98, 0xe7, 0xdf, 0x8a, 0x30, 0xc6, 0x81, 0xfa, 0x58,
    0x83, 0xcc, 0x11, 0x16, 0x48, 0x8c, 0x2c, 0x84, 0x24, 0x41, 0x2c, 0x4c, 0x28, 0x80, 0xdd, 0x81,
    0x00, 0x21, 0x36, 0x88, 0xf3, 0x98, 0x07, 0x35, 0xdf, 0x9c, 0x03, 0xff, 0x90, 0xd7, 0x7e, 0x70,
    0x0e, 0x36, 0x88, 0xf3, 0x98, 0x06, 0x7b, 0x7f, 0xbb, 0x73, 0xa3, 0x00, 0x07, 0x78, 0x35, 0x00,
    0x0b, 0xba, 0x8b, 0x01, 0xcc, 0x38, 0x80, 0x61, 0x5b, 0xb0, 0x00, 0x00, 0xf3, 0xb0, 0x07, 0xdb,
    0xbd, 0x51, 0xbb, 0xc2, 0x07, 0xfe, 0x5b, 0xfc, 0xb5, 0xff, 0x18, 0x02, 0x92, 0x93, 0x2a, 0x98,
    0x94, 0x94, 0x20, 0x86, 0x22, 0x61, 0x13, 0x08, 0x8d, 0x00, 0xa7, 0x00, 0x39, 0xc0, 0x19, 0x24,
    0x4b, 0xa3, 0x08, 0xdd, 0x7b, 0xad, 0x59, 0x0a, 0x7a, 0xa8, 0xcf, 0x11, 0xf5, 0x11, 0xff, 0x08,
    0xbb, 0xb0, 0x8b, 0x3c, 0xca, 0x48, 0x03, 0xc6, 0x02, 0xe2, 0x01, 0xbf, 0x33, 0x80, 0x3e, 0x6b,
    0xe1, 0x14, 0xdb, 0x88, 0x05, 0x5a, 0x33, 0x68, 0x8c, 0xe1, 0xd6, 0x00, 0x56, 0xca, 0x00, 0x63,
    0x8c, 0x60, 0x00, 0xeb, 0x00, 0x49, 0x00, 0x73, 0x66, 0x49, 0x98, 0x7e, 0xcd, 0x30, 0x03, 0x6e,
    0xb8, 0x77, 0x47, 0x1a, 0x2e, 0x00, 0x1f, 0xb8, 0x0b, 0xb1, 0xfd, 0xb3, 0x00, 0x04, 0x7d, 0xa7,
    0xdc, 0x3d, 0xee, 0x30, 0x00, 0x6b, 0x21, 0x0c, 0xee, 0x3c, 0xa0, 0x00, 0xfb, 0x44, 0xbb, 0x8a,
    0x8c, 0xce, 0x00, 0x93, 0x2c, 0xbb, 0x9e, 0x7f, 0xa4, 0x01, 0x5a, 0xd3, 0x2f, 0xe9, 0x90, 0x90,
    0x07, 0x19, 0x13, 0x48, 0xa3, 0x00, 0xfc, 0x8e, 0x6a, 0x20, 0x1e, 0x4f, 0x99, 0x6b, 0xe6, 0x14,
    0x44, 0x05, 0xbf, 0x9f, 0x86, 0x69, 0xd8, 0xcc, 0x09, 0x66, 0xd3, 0x08, 0x06, 0x4a, 0xd1, 0x00,
    0xf3, 0x30, 0x03, 0xf0, 0x8e, 0xff, 0x08, 0xe0, 0x0d, 0x7f, 0xf3, 0x33, 0xfe, 0xa0, 0x0d, 0x5d,
    0xd3, 0xb7, 0x75, 0x60, 0x10, 0x8f, 0x80, 0x47, 0x80, 0x1f, 0xfb, 0x9d, 0xdd, 0xcf, 0xf8, 0x43,
    0xbb, 0x07, 0xf2, 0x57, 0x74, 0x20, 0x08, 0x80, 0x80, 0x80, 0x4f, 0x20, 0x10, 0xb5, 0x10, 0x80,
    0x66, 0x44, 0x00, 0x29, 0x89, 0x14, 0x03, 0x0c, 0x48, 0x11, 0x20, 0x6b, 0x80, 0x39, 0x58, 0xca,
    0x46, 0x99, 0x40, 0x3d, 0x66, 0x00, 0x91, 0xa0, 0x8e, 0x56, 0x00, 0xf4, 0x50, 0x84, 0xff, 0x18,
    0x06, 0x00, 0xf3, 0x30, 0x03, 0xf1, 0x16, 0xfe, 0x22, 0xc0, 0x1b, 0xbf, 0xe7, 0x6f, 0xfc, 0x20,
    0x16, 0x6e, 0xce, 0xdb, 0xb8, 0x40, 0x06, 0x7e, 0x13, 0x3e, 0x01, 0xff, 0xe4, 0x47, 0xff, 0x08,
    0xb3, 0x13, 0x98, 0x75, 0xcc, 0xe1, 0x00, 0x0d, 0x00, 0x7f, 0xe5, 0x20, 0x09, 0xfb, 0xb1, 0x80,
    0x5a, 0x48, 0x00, 0x7e, 0xec, 0x60, 0x01, 0x79, 0x91, 0x80, 0x7f, 0x42, 0x34, 0x6a, 0x09, 0x08,
    0xf2, 0x22, 0xc1, 0x7e, 0x8b, 0xff, 0x95, 0x34, 0x40, 0x02, 0xf7, 0xbd, 0xd9, 0x00, 0x00, 0x9d,
    0x00, 0x02, 0x3e, 0x00, 0x19, 0xb4, 0xcc, 0x4f, 0x99, 0xac, 0x01, 0x10, 0x4a, 0x8a, 0x6d, 0xda,
    0x00, 0x2b, 0xb3, 0xdd, 0xa0, 0x03, 0xe2, 0x77, 0x2e, 0x3b, 0x84, 0xce, 0x20, 0x0e, 0x66, 0x00,
    0x13, 0x62, 0x16, 0x00, 0x23, 0x5c, 0x57, 0x70, 0x25, 0xdb, 0x2c, 0x01, 0xce, 0x0a, 0xec, 0x01,
    0xc2, 0x01, 0xff, 0xc1, 0x75, 0x06, 0xf0, 0x57, 0x60, 0x62, 0x12, 0xc0, 0x01, 0x3e, 0x80, 0x48,
    0xff, 0x9e, 0x28, 0x47, 0xec, 0x8e, 0xaa, 0xf9, 0x9b, 0x8d, 0x54, 0x59, 0x1d, 0xff, 0xf3, 0x3c,
    0x80, 0xac, 0xd5, 0xdf, 0x90, 0x00, 0xa4, 0xc0, 0x06, 0x7e, 0x00, 0x08, 0x95, 0xc4, 0xa3, 0xf6,
    0x21, 0x80, 0x0c, 0xc1, 0x4e, 0x25, 0xca, 0x5d, 0x08, 0x03, 0x74, 0xbd, 0xac, 0x1d, 0xe0, 0x46,
    0x04, 0xcd, 0x5b, 0x23, 0xb9, 0x1a, 0x5c, 0x01, 0xdc, 0x13, 0xed, 0xcd, 0x11, 0x6c, 0x01, 0x65,
    0x26, 0xc4, 0x9d, 0x5e, 0x62, 0x80, 0x1c, 0xc1, 0x8e, 0x85, 0xb3, 0x2d, 0x30, 0x00, 0x80, 0x78,
    0xc8, 0x86, 0x01, 0x3e, 0x86, 0x3a, 0x06, 0xa2, 0x34, 0x02, 0x24, 0x40, 0x05, 0x83, 0xba, 0x1d,
    0x02, 0x27, 0x0d, 0x3a, 0x96, 0xee, 0x22, 0x25, 0x9e, 0x4f, 0x7f, 0xfc, 0xcc, 0x70, 0x15, 0x9a,
    0xbb, 0xf2, 0x00, 0x00, 0xa0, 0xc0, 0x32, 0x3b, 0x08, 0x06, 0x37, 0x00, 0xc3, 0xa1, 0x40, 0x0c,
    0xe4, 0xae, 0x55, 0xb5, 0x8c, 0x88, 0x19, 0xc9, 0x5c, 0xb5, 0x84, 0x38, 0x0c, 0x4a, 0xa7, 0x35,
    0x31, 0x98, 0x19, 0xc4, 0x6c, 0xc0, 0x5e, 0x28, 0x00, 0xc4, 0x52, 0x09, 0xb7, 0x74, 0xb0, 0x00,
    0x4d, 0xac, 0x01, 0xac, 0x18, 0xe6, 0x04, 0xaa, 0x96, 0x00, 0x18, 0x80, 0x4a, 0x3e, 0x00, 0x65,
    0x40, 0x1e, 0x0c, 0x70, 0x7c, 0xc3, 0xa1, 0x08, 0x30, 0x50, 0x01, 0xa2, 0x8f, 0x16, 0x10, 0xda,
    0x86, 0xdd, 0x53, 0x39, 0x36, 0x8d, 0x78, 0x72, 0x7b, 0xfd, 0x9f, 0xf9, 0x98, 0xa0, 0x05, 0x9a,
    0xbb, 0xf2, 0x00, 0x00, 0x0d, 0x00, 0x99, 0xe0, 0x0e, 0x23, 0x42, 0x4d, 0x8f, 0xe2, 0x11, 0x00,
    0x3b, 0xc7, 0x89, 0x66, 0x93, 0xb7, 0x84, 0x33, 0x05, 0x8e, 0x13, 0x43, 0xb8, 0x42, 0x51, 0x27,
    0x0c, 0x1f, 0x65, 0x44, 0xc0, 0x0e, 0xe1, 0x81, 0x83, 0x0e, 0x94, 0x18, 0x11, 0x1c, 0x6d, 0x43,
    0xac, 0x2d, 0x70, 0x01, 0xaa, 0x1f, 0x01, 0xd6, 0x04, 0x20, 0x11, 0x80, 0x26, 0x81, 0x36, 0x58,
    0xfc, 0x00, 0x3c, 0x0c, 0xad, 0xe4, 0xd5, 0xcc, 0x40, 0xcc, 0x20, 0x5d, 0x9f, 0x15, 0x39, 0x34,
    0x6e, 0x38, 0x55, 0x21, 0xfe, 0xa0, 0x19, 0xb8, 0xb7, 0xb9, 0xfe, 0xed, 0xff, 0x85, 0xd4, 0x00,
    0xb3, 0x57, 0x7e, 0x30, 0x00, 0x08, 0xff, 0x80, 0x35, 0xff, 0xff, 0x00, 0x74, 0x77, 0x7b, 0x00,
    0x3f, 0xf9, 0x1e, 0xab, 0xe4, 0x00, 0xed, 0x3f, 0xf4, 0xc7, 0xfb, 0x10, 0x03, 0x3c, 0xd5, 0x2d,
    0x2a, 0xb0, 0x07, 0x69, 0x00, 0x0c, 0x8b, 0x08, 0x04, 0x42, 0x40, 0x04, 0xff, 0xca, 0x01, 0x28,
    0x28, 0x01, 0xf7, 0x72, 0x00, 0x55, 0x16, 0x60, 0x1f, 0xd0, 0xcf, 0x5b, 0x44, 0x64, 0x23, 0x89,
    0x64, 0x13, 0xe8, 0x3b, 0x3f, 0xe5, 0x2d, 0x20, 0x00, 0xbd, 0xef, 0x76, 0x40, 0x02, 0x2e, 0x12,
    0x2e, 0x10, 0x07, 0x72, 0x7b, 0x93, 0xfd, 0xd7, 0xc0, 0x05, 0xd7, 0xe0, 0x0a, 0xcc, 0xac, 0x03,
    0xfb, 0x22, 0x2d, 0x00, 0xdd, 0x9e, 0x00, 0x1d, 0xd8, 0x80, 0x2d, 0xe0, 0x8d, 0x0d, 0x55, 0xbc,
    0x02, 0x73, 0x06, 0x10, 0x9e, 0xea, 0x00, 0x2a, 0x00, 0x66, 0x02, 0x7c, 0xbb, 0x9a, 0x01, 0xd9,
    0x80, 0x00, 0xba, 0x4c, 0x08, 0x07, 0xf7, 0x58, 0xe0, 0x80, 0x0c, 0x6e, 0xc0, 0x12, 0x9f, 0x80,
    0x10, 0xb1, 0xba, 0x07, 0x67, 0x3a, 0x60, 0x1a, 0xba, 0xdc, 0xd0, 0x7f, 0x8b, 0x11, 0x04, 0x80,
    0x1b, 0x6d, 0x88, 0x0b, 0x10, 0x02, 0x33, 0x88, 0x01, 0x04, 0x01, 0xd3, 0xf1, 0xfc, 0x04, 0xee,
    0x55, 0x08, 0x05, 0xf7, 0xe0, 0x08, 0x4c, 0xc5, 0x28, 0x07, 0xca, 0x81, 0x38, 0x68, 0x01, 0x7e,
    0x78, 0xdd, 0x03, 0xc4, 0x00, 0x29, 0xe0, 0x8f, 0xc4, 0x98, 0x74, 0x00, 0x90, 0xc1, 0xc8, 0xae,
    0x57, 0x70, 0x05, 0xa6, 0x1d, 0x8f, 0x95, 0x4f, 0xbc, 0x30, 0x0d, 0x3f, 0xc3, 0x1d, 0x84, 0x02,
    0x01, 0x9c, 0xe4, 0x3b, 0xa9, 0x42, 0x00, 0x08, 0x55, 0x04, 0x03, 0xe4, 0x5d, 0x71, 0xe1, 0x05,
    0x5b, 0x40, 0x0d, 0x5d, 0x70, 0x80, 0x0c, 0xc9, 0x80, 0x04, 0x80, 0x1d, 0xd3, 0x36, 0x40, 0x00,
    0x00, 0xf4, 0xa8, 0x07, 0xf3, 0x36, 0x26, 0x62, 0x80, 0x70, 0xcf, 0x71, 0xff, 0xbe, 0x00, 0x3e,
    0xbb, 0xec, 0x00, 0xfd, 0x77, 0xde, 0x01, 0xfa, 0xab, 0xb8, 0x0a, 0x80, 0x3a, 0x23, 0xbc, 0x3b,
    0x00, 0x3a, 0xab, 0xa0, 0x91, 0x80, 0x1b, 0xe3, 0xdd, 0xd8, 0x50, 0x01, 0x6f, 0x76, 0xf6, 0x38,
    0x00, 0xfc, 0x2d, 0x83, 0x88, 0x01, 0xe3, 0x9f, 0xfa, 0x45, 0xc0, 0x31, 0x77, 0xf7, 0xc9, 0x6f,
    0xd2, 0x80, 0x45, 0xf8, 0xe2, 0x00, 0xdf, 0xe8, 0x00, 0x80, 0x00, 0xf3, 0x30, 0x03, 0xe6, 0x77,
    0xd5, 0xae, 0xf9, 0x80, 0x3f, 0xf8, 0x8c, 0x20, 0x1f, 0x85, 0x80, 0x2a, 0xf1, 0x13, 0x80, 0x8b,
    0xec, 0x03, 0xb5, 0x54, 0x24, 0xaa, 0xd0, 0x0f, 0x74, 0xc9, 0xd6, 0x65, 0xc0, 0x1e, 0x8a, 0xa2,
    0x22, 0xa9, 0x00, 0x1e, 0xdd, 0x9d, 0xb7, 0x61, 0x00, 0xd9, 0xdb, 0xa7, 0x6d, 0xd7, 0x60, 0x00,
    0xf7, 0x79, 0xdb, 0x77, 0x90, 0xf3, 0x39, 0xdb, 0x33, 0x90, 0x04, 0x78, 0x00, 0x23, 0xc0, 0x1f,
    0x44, 0x80, 0x78, 0x00, 0x9c, 0xc0, 0x28, 0x30, 0x0c, 0x28, 0x8c, 0x44, 0x18, 0x28, 0x80, 0x62,
    0xee, 0x35, 0xf5, 0x89, 0x09, 0x9c, 0x07, 0x3c, 0xd7, 0xd4, 0x83, 0xff, 0x61, 0x87, 0xe3, 0xf7,
    0xa7, 0x47, 0x6e, 0x09, 0x80, 0x2d, 0xb0, 0xfd, 0x5e, 0x10, 0xd4, 0x02, 0xb6, 0xc3, 0xed, 0x11,
    0x00, 0x38, 0x02, 0xb6, 0xc3, 0x13, 0x06, 0xc3, 0x50, 0x02, 0x53, 0xf0, 0x90, 0x11, 0x10, 0x02,
    0x1c, 0xd6, 0xcd, 0x00, 0x52, 0x8a, 0x00, 0x17, 0xb8, 0xd7, 0xdc, 0x36, 0x89, 0x80, 0x02, 0x55,
    0x1e, 0x2a, 0x76, 0x09, 0x5e, 0x80, 0x3e, 0xf8, 0x60, 0x05, 0x32, 0x80, 0x56, 0x81, 0x8c, 0x01,
    0x0e, 0x28, 0x00, 0xa4, 0x80, 0x3f, 0x85, 0x10, 0xa8, 0x83, 0x5a, 0xad, 0x20, 0x7d, 0xc2, 0xde,
    0x46, 0xff, 0xd8, 0x05, 0xdc, 0x2d, 0xe6, 0x35, 0x5e, 0x00, 0x4e, 0x0f, 0xf9, 0xc0, 0x3f, 0xad,
    0xb4, 0x86, 0x67, 0xc8, 0x00, 0xb6, 0xd2, 0x0f, 0xf3, 0x0f, 0xf9, 0x80, 0x16, 0xda, 0x62, 0xc4,
    0x48, 0x66, 0x10, 0x2d, 0x2f, 0x09, 0x07, 0xd0, 0xb8, 0x00, 0xb3, 0x4b, 0x35, 0xcd, 0x58, 0x68,
    0xc1, 0xfb, 0x85, 0xbc, 0x93, 0x21, 0x0b, 0x90, 0x5a, 0xa1, 0x45, 0x1a, 0xe5, 0xec, 0x28, 0x80,
    0x79, 0xdd, 0xd1, 0xfc, 0xa8, 0x01, 0x69, 0x81, 0xc2, 0x99, 0x05, 0x28, 0x00, 0xa8, 0x40, 0x02,
    0x3e, 0x01, 0x44, 0x3a, 0x25, 0x9f, 0x98, 0xfd, 0x02, 0xee, 0x1f, 0x70, 0x61, 0x37, 0x49, 0x60,
    0x7d, 0xc3, 0xee, 0x22, 0xb2, 0xa9, 0xd8, 0x06, 0x70, 0x37, 0xd0, 0x3a, 0xed, 0xc2, 0x00, 0x1b,
    0x1b, 0x20, 0x1b, 0x33, 0x58, 0x80, 0x06, 0xc6, 0xcb, 0xbc, 0x66, 0x43, 0xea, 0x03, 0x63, 0x65,
    0xbf, 0x18, 0x73, 0xea, 0x2b, 0x45, 0x20, 0xad, 0x09, 0x90, 0xc0, 0x5b, 0xa3, 0xfd, 0x02, 0xe7,
    0x1e, 0x20, 0x7e, 0xe1, 0xf7, 0x11, 0x58, 0xf5, 0x94, 0x16, 0xa8, 0x73, 0x4a, 0x66, 0x1e, 0x33,
    0x08, 0x07, 0xae, 0x20, 0x44, 0x88, 0x38, 0x05, 0xe4, 0x13, 0x77, 0xe6, 0x00, 0x0d, 0x00, 0x62,
    0x90, 0x0c, 0x28, 0x9c, 0x00, 0x25, 0x40, 0x08, 0xfb, 0xc3, 0xb9, 0x37, 0x61, 0xfb, 0xb1, 0x97,
    0x78, 0x77, 0x2f, 0xf3, 0xbf, 0x60, 0x82, 0x88, 0x32, 0x4b, 0x34, 0xda, 0xc0, 0x40, 0xd4, 0xec,
    0x0d, 0xa0, 0x0a, 0x38, 0x40, 0xec, 0xe8, 0x29, 0xa8, 0x13, 0x51, 0x40, 0xe0, 0xa0, 0x26, 0x4c,
    0x3b, 0xf2, 0x80, 0xd4, 0x74, 0x80, 0x2d, 0x6e, 0xc0, 0x01, 0x8f, 0x18, 0xa0, 0x04, 0xab, 0x08,
    0x01, 0x63, 0xc6, 0x20, 0x21, 0x06, 0xc6, 0x00, 0x4b, 0xa2, 0xbb, 0x05, 0x16, 0xc6, 0xb0, 0x07,
    0xd8, 0x56, 0x2d, 0x56, 0xa0, 0x01, 0xc0, 0x06, 0xc0, 0x04, 0x9a, 0xa0, 0x00, 0x86, 0xc0, 0x28,
    0x34, 0x30, 0x09, 0xaa, 0xd2, 0xa8, 0x86, 0xcf, 0xc6, 0x00, 0x49, 0xe1, 0x99, 0x28, 0x81, 0xf5,
    0x81, 0x44, 0xf0, 0xcc, 0xad, 0xe6, 0xa4, 0x8c, 0xd3, 0x2e, 0x29, 0x99, 0xd6, 0x66, 0x21, 0x9f,
    0x82, 0xff, 0x51, 0x09, 0xa2, 0x04, 0x22, 0x12, 0x31, 0x0b, 0xe1, 0x0a, 0x30, 0x05, 0x18, 0x18,
    0xea, 0x12, 0xa8, 0x50, 0x02, 0xdc, 0x3c, 0x20, 0x52, 0x89, 0x00, 0xc7, 0xc1, 0xc2, 0x02, 0x6c,
    0xa2, 0x00, 0xaa, 0x18, 0x24, 0xa2, 0x91, 0x83, 0x30, 0x66, 0x3c, 0x62, 0x1f, 0x74, 0xc5, 0xa6,
    0x37, 0x6a, 0x2b, 0x80, 0xd5, 0x8c, 0x74, 0x00, 0x87, 0xc0, 0xf4, 0xc1, 0xbf, 0x44, 0x00, 0x0c,
    0x80, 0x04, 0x7e, 0x01, 0x34, 0x41, 0x9a, 0x73, 0x3c, 0x85, 0x3c, 0x73, 0x28, 0xaf, 0x89, 0xc5,
    0x43, 0xee, 0x1f, 0x49, 0x59, 0x4b, 0x4f, 0x80, 0x27, 0x43, 0x3e, 0x20, 0xc8, 0x08, 0xe0, 0x01,
    0xb1, 0xc0, 0x22, 0x8c, 0xc2, 0x40, 0x01, 0xb1, 0xc0, 0x9b, 0x51, 0x49, 0x90, 0x00, 0x6c, 0x6c,
    0x06, 0xca, 0x0d, 0x0c, 0x41, 0x64, 0xaa, 0xd6, 0xbf, 0xab, 0x10, 0x4b, 0x7c, 0xf4, 0xd3, 0xb8,
    0x33, 0xdc, 0x07, 0xef, 0x3e, 0xe0, 0x11, 0x05, 0x88, 0x80, 0xb5, 0x65, 0x54, 0x32, 0x20, 0xb1,
    0x10, 0x40, 0x38, 0xbb, 0xa1, 0x9e, 0xe2, 0x00, 0x07, 0x80, 0xb3, 0x3e, 0x50, 0x00, 0x14, 0x80,
    0x74, 0x88, 0x04, 0x28, 0x9c, 0x00, 0x67, 0x70, 0x04, 0x7d, 0xa7, 0xd8, 0x09, 0x79, 0x4c, 0x00,
    0x2e, 0xd3, 0xeb, 0x49, 0xe2, 0xeb, 0x70, 0x04, 0xf0, 0x6f, 0xd0, 0xf6, 0xf8, 0xdb, 0x00, 0x2d,
    0xb1, 0x7f, 0x37, 0x6c, 0xd6, 0x03, 0xa6, 0xf0, 0x8d, 0xde, 0xa0, 0x01, 0x5b, 0x70, 0x17, 0x8e,
    0x0e, 0x30, 0x01, 0xf9, 0x7f, 0xc0, 0x1f, 0x86, 0x20, 0x50, 0x81, 0xe5, 0x87, 0x80, 0x05, 0x88,
    0x14, 0x58, 0x79, 0x69, 0xe8, 0x01, 0x2f, 0x8a, 0xe4, 0x03, 0xff, 0x88, 0xc0, 0xd4, 0xe0, 0x11,
    0x68, 0x02, 0x8a, 0x82, 0xaa, 0x00, 0x00, 0x14, 0x80, 0x74, 0x90, 0x04, 0x28, 0x85, 0x44, 0x00,
    0x21, 0x60, 0x02, 0x2e, 0xd2, 0xec, 0x19, 0x1c, 0xc8, 0x80, 0xfb, 0x4f, 0xb3, 0x07, 0xa8, 0x49,
    0xea, 0x15, 0xc1, 0xba, 0xc2, 0xdd, 0x87, 0xd4, 0x0f, 0x1b, 0x01, 0xc4, 0x32, 0xa2, 0x02, 0x07,
    0xcd, 0xe1, 0x98, 0xfc, 0xa3, 0x60, 0x01, 0x43, 0x70, 0x03, 0xf4, 0x03, 0xcf, 0xcb, 0xfc, 0x1d,
    0xc0, 0x0e, 0x18, 0x92, 0x85, 0x0f, 0xe0, 0x0e, 0x58, 0x92, 0x88, 0x07, 0xf0, 0x08, 0x04, 0x97,
    0xeb, 0x74, 0x0c, 0xc0, 0x82, 0x00, 0xfe, 0x18, 0xf1, 0xc0, 0x10, 0x01, 0xd0, 0x02, 0xce, 0xd8,
    0x73, 0x00, 0x00, 0xf5, 0x10, 0x07, 0xfe, 0x3b, 0x00, 0xf9, 0x3f, 0xf3, 0x33, 0xff, 0x28, 0x01,
    0x3e, 0xdb, 0xff, 0x3c, 0xfa, 0x80, 0x65, 0x72, 0x00, 0x99, 0x00, 0x21, 0x66, 0x39, 0x53, 0x32,
    0x0d, 0x19, 0x82, 0x7f, 0xf2, 0x8d, 0xd0, 0xa7, 0xfc, 0x65, 0x33, 0xc8, 0x89, 0x9e, 0x20, 0x23,
    0x3e, 0x13, 0x3c, 0x40, 0x05, 0xff, 0xc8, 0xff, 0xfa, 0x80, 0x0f, 0x99, 0x9d, 0xb3, 0x34, 0x00,
    0x7f, 0xf5, 0xe2, 0x40, 0x3c, 0x00, 0x85, 0x58, 0x02, 0x90, 0x0c, 0x75, 0xbd, 0xe0, 0x1c, 0xc0,
    0x11, 0x4f, 0x85, 0x33, 0xf7, 0x1e, 0x3b, 0x84, 0x26, 0x60, 0x09, 0xe6, 0xbb, 0x89, 0xa4, 0xb7,
    0x41, 0x76, 0x23, 0xf0, 0x17, 0x30, 0x7f, 0xf0, 0x7f, 0x84, 0x00, 0x72, 0xe6, 0x24, 0x8a, 0x08,
    0x8a, 0x87, 0xd5, 0x6f, 0x40, 0x57, 0x06, 0x59, 0xcc, 0x2c, 0x66, 0x14, 0x2f, 0xdb, 0x24, 0x91,
    0x0e, 0x48, 0x81, 0x00, 0x4c, 0xa0, 0x13, 0xfc, 0x57, 0xfe, 0x30, 0x0f, 0x35, 0xd9, 0x66, 0xec,
    0x40, 0x0e, 0xe6, 0x00, 0x7f, 0xdd, 0xcf, 0xa0, 0x0f, 0xee, 0x00, 0x0b, 0x00, 0x54, 0xa0, 0x10,
    0x01, 0x60, 0x00, 0xc8, 0x04, 0xe4, 0x01, 0x0d, 0x90, 0x00, 0x80, 0x21, 0xb0, 0x02, 0x69, 0xe5,
    0x18, 0x05, 0x96, 0xfa, 0x88, 0x5e, 0x99, 0x43, 0x4a, 0xc4, 0xf3, 0xa0, 0x10, 0xe1, 0x60, 0x8b,
    0x1f, 0x48, 0x00, 0x24, 0x8e, 0x6a, 0xad, 0x10, 0x05, 0x68, 0xa1, 0xdb, 0xdb, 0x88, 0x02, 0x55,
    0xb1, 0x16, 0xca, 0x24, 0xb8, 0x01, 0x5e, 0xb6, 0xa5, 0x25, 0x2b, 0xc4, 0x7e, 0x96, 0xcc, 0x23,
    0xd3, 0xf7, 0x35, 0x00, 0x08, 0x80, 0x40, 0x50, 0xd4, 0xdc, 0x46, 0x5a, 0x67, 0x20, 0x67, 0x06,
    0xb0, 0xe3, 0x00, 0xe1, 0xab, 0x0b, 0x6c, 0x54, 0x00, 0xe1, 0xc2, 0x0c, 0x1c, 0xc0, 0x81, 0xd0,
    0x00, 0x00, 0xeb, 0x00, 0x58, 0x80, 0x7a, 0xee, 0x4b, 0xb2, 0x55, 0xe1, 0x00, 0x4b, 0x10, 0x09,
    0x90, 0xc4, 0x88, 0x07, 0x5d, 0x82, 0xa8, 0x37, 0x46, 0x01, 0xc2, 0x20, 0x0c, 0x20, 0x1e, 0xbc,
    0xc5, 0x6e, 0xab, 0x36, 0xc0, 0x21, 0xaf, 0xff, 0xeb, 0x00, 0x86, 0x4c, 0xfe, 0xd9, 0x00, 0x18,
    0x0e, 0xef, 0xc8, 0x40, 0x01, 0x08, 0xaf, 0xf5, 0xf7, 0x68, 0x30, 0x57, 0xa3, 0x9b, 0x43, 0xe1,
    0x78, 0x30, 0xac, 0x03, 0x66, 0x18, 0x59, 0xc1, 0x01, 0x8a, 0xa8, 0x3c, 0x6e, 0x70, 0x7f, 0x88,
    0xf4, 0x17, 0xad, 0xcc, 0x0e, 0x77, 0xc8, 0x03, 0x00, 0xff, 0xe0, 0xc5, 0x89, 0x55, 0x7c, 0xa0,
    0x0b, 0x2a, 0x3f, 0xf0, 0x9f, 0xf8, 0x08, 0x02, 0x98, 0x15, 0x50, 0x62, 0xa8, 0x80, 0x38, 0xc0,
    0x27, 0x60, 0x00, 0x80, 0x09, 0x54, 0x60, 0x01, 0x32, 0x00, 0x18, 0x80, 0xfc, 0xc8, 0x00, 0xa6,
    0x20, 0x11, 0x81, 0xd4, 0x80, 0x5f, 0x40, 0x13, 0x08, 0x07, 0x95, 0x9c, 0x02, 0x26, 0x00, 0xe4,
    0xbe, 0x12, 0xab, 0x32, 0x00, 0x0e, 0x32, 0xe1, 0x81, 0x7f, 0x60, 0x00, 0x74, 0x67, 0x54, 0xc8,
    0x8e, 0xe2, 0x42, 0x22, 0xc2, 0xe8, 0x47, 0x76, 0x8f, 0x10, 0x04, 0x20, 0x08, 0x48, 0x03, 0xe1,
    0xf2, 0x00, 0x2f, 0x90, 0x07, 0x96, 0xf8, 0x00, 0x91, 0xc0, 0x1f, 0x37, 0x00, 0x48, 0x6a, 0x01,
    0xf1, 0x00, 0x4a, 0x32, 0x01, 0x85, 0x10, 0x60, 0x16, 0x30, 0x90, 0x04, 0x5d, 0x12, 0x00, 0x16,
    0xb5, 0xa0, 0x08, 0xea, 0x40, 0x26, 0x53, 0xa6, 0x10, 0x0f, 0x92, 0x64, 0x04, 0xf4, 0x20, 0x1c,
    0xb5, 0x64, 0x00, 0x87, 0xc2, 0x02, 0xe7, 0x6d, 0x50, 0x08, 0x72, 0xc8, 0x9f, 0xdc, 0xf9, 0x76,
    0x55, 0x33, 0xf1, 0x9a, 0xd4, 0xf3, 0x83, 0xb3, 0x1d, 0xfe, 0x10, 0x00, 0xf0, 0xc9, 0x80, 0x7a,
    0x94, 0x01, 0x38, 0x2d, 0x77, 0x50, 0x02, 0x26, 0x40, 0xdb, 0x00, 0x08, 0xf7, 0x00, 0x16, 0x60,
    0x04, 0x02, 0x13, 0x50, 0x0e, 0x50, 0x0f, 0xf2, 0x6e, 0x9c, 0x03, 0xfc, 0xbe, 0x9e, 0x01, 0xfe,
    0x12, 0x10, 0x0c, 0x64, 0x01, 0xfc, 0x83, 0xdf, 0xe0, 0x24, 0x00, 0xf0, 0xc6, 0x63, 0x41, 0xb2,
    0x00, 0x21, 0x25, 0x72, 0x00, 0x92, 0x54, 0x01, 0x44, 0x4c, 0x52, 0x17, 0xe1, 0x23, 0x23, 0x1b,
    0x8f, 0xce, 0xfc, 0xac, 0xff, 0x09, 0xd8, 0x00, 0xe7, 0x3b, 0xad, 0xd6, 0x18, 0x03, 0x10, 0x0c,
    0x24, 0x8d, 0x2c, 0x00, 0x5d, 0x10, 0x3e, 0xce, 0xeb, 0xd0, 0x00, 0xc9, 0x40, 0x03, 0xdc, 0xa8,
    0x62, 0x00, 0xa3, 0xc0, 0x3f, 0xf8, 0x28, 0x00, 0x39, 0x9f, 0x19, 0xaa, 0x8e, 0x00, 0x3c, 0xc0,
    0xae, 0x60, 0x4b, 0xcf, 0x41, 0x98, 0xaa, 0xc7, 0x55, 0x10, 0xae, 0x00, 0x08, 0x80, 0x1f, 0xfb,
    0x3c, 0x03, 0xfe, 0x25, 0x70, 0x0f, 0xc3, 0xce, 0x8c, 0x20, 0x10, 0x80, 0x45, 0x98, 0x8b, 0x16,
    0x54, 0x1f, 0x67, 0x30, 0xa7, 0x5c, 0xff, 0xf6, 0x70, 0x80, 0x01, 0x00, 0xf8, 0x4d, 0x8c, 0x01,
    0x72, 0x00, 0x7c, 0xde, 0xff, 0x98, 0x01, 0x6a, 0xe1, 0xc9, 0x9d, 0xcc, 0x95, 0x00, 0x0f, 0x20,
    0x04, 0x64, 0x51, 0x88, 0x04, 0x46, 0x00, 0x5e, 0xed, 0xae, 0x07, 0x10, 0x40, 0x3b, 0xec, 0xc7,
    0x03, 0x80, 0xf9, 0x98, 0x04, 0xfa, 0x02, 0x18, 0x40, 0x9c, 0xc0, 0x0a, 0xfa, 0x78, 0xf2, 0x01,
    0xe4, 0x32, 0x1c, 0x20, 0x30, 0x0f, 0x7d, 0x25, 0xdb, 0x2b, 0x0c, 0x00, 0x27, 0xba, 0x7d, 0xec,
    0x27, 0x87, 0x03, 0xc3, 0x0a, 0x7c, 0x14, 0x42, 0x99, 0xc1, 0x51, 0x5c, 0x1f, 0xfe, 0xe1, 0x04,
    0x20, 0x0e, 0x94, 0x00, 0xe2, 0xf2, 0x00, 0x85, 0x98, 0x01, 0xcd, 0x5e, 0x13, 0xbe, 0x1f, 0xba,
    0x50, 0x09, 0xf8, 0x0e, 0xbf, 0xb3, 0x02, 0x01, 0xc6, 0x01, 0x08, 0xe0, 0x09, 0xbf, 0xce, 0x00,
    0xe5, 0x5c, 0x20, 0x06, 0xf6, 0x00, 0x97, 0x33, 0x18, 0x07, 0xeb, 0x99, 0xc4, 0x01, 0xff, 0xca,
    0xab, 0xbc, 0x40, 0x10, 0xae, 0x84, 0x74, 0x46, 0xd4, 0x02, 0xc4, 0x3c, 0x40, 0x12, 0x11, 0x02,
    0x9b, 0xa4, 0x4c, 0x67, 0x67, 0xe6, 0x3a, 0x59, 0x64, 0x00, 0x95, 0xbd, 0xdb, 0x74, 0xa0, 0x01,
    0x00, 0xf5, 0x18, 0x07, 0x45, 0x00, 0x09, 0x59, 0x59, 0x54, 0x01, 0x48, 0x48, 0x54, 0xfb, 0x66,
    0x28, 0x03, 0x5d, 0x00, 0x2e, 0x67, 0x00, 0x70, 0x98, 0x03, 0x22, 0x30, 0x04, 0xbb, 0xa9, 0x00,
    0x0f, 0x76, 0x90, 0x02, 0x7d, 0x98, 0x00, 0xc8, 0xbc, 0x02, 0x46, 0x01, 0x2e, 0xee, 0x8a, 0x00,
    0xfa, 0xe6, 0x72, 0x00, 0x7e, 0xf2, 0x2c, 0x01, 0xc6, 0x21, 0xc9, 0xdd, 0x93, 0x80, 0x13, 0x61,
    0x67, 0xfd, 0xdb, 0xc8, 0xc8, 0x99, 0x7f, 0x91, 0xdf, 0xdc, 0xff, 0x38, 0x01, 0x00, 0x84, 0x8b,
    0xc0, 0x14, 0x50, 0x02, 0x7e, 0x67, 0x60, 0x05, 0x23, 0x20, 0x05, 0xbb, 0xa8, 0x03, 0xab, 0xc0,
    0x0d, 0x99, 0x80, 0x38, 0x58, 0x00, 0xd9, 0x98, 0x02, 0x3c, 0xc3, 0x80, 0x16, 0xee, 0xd0, 0x08,
    0xbe, 0xf8, 0x00, 0x93, 0xd3, 0xd3, 0x20, 0x13, 0x10, 0x08, 0x4b, 0x26, 0xee, 0x00, 0xfe, 0x8d,
    0x7e, 0x20, 0x0f, 0x1a, 0x66, 0xb5, 0x79, 0x80, 0x5c, 0xa2, 0x55, 0xd8, 0x09, 0x0c, 0x03, 0x65,
    0x7a, 0x26, 0xc6, 0x64, 0x13, 0x3d, 0x4f, 0xbd, 0x9f, 0x10, 0xfe, 0xf0, 0x05, 0x20, 0x00, 0xc0,
    0x04, 0x52, 0x01, 0x1f, 0x88, 0x09, 0xa8, 0x02, 0xc4, 0x02, 0x65, 0xa0, 0x2e, 0xc2, 0x47, 0xb2,
    0x00, 0xa2, 0x03, 0xd2, 0xb9, 0x25, 0xf0, 0x01, 0x8c, 0x73, 0x22, 0x9c, 0xc5, 0x02, 0xff, 0x9c,
    0x48, 0xa0, 0x22, 0xc2, 0xbe, 0xe0, 0xdf, 0xf1, 0xdf, 0xfc, 0x40, 0x19, 0xf7, 0x5e, 0x0d, 0x9b,
    0xa3, 0x00, 0xfa, 0x60, 0xf4, 0x40, 0x3e, 0x2b, 0x17, 0x8b, 0xd1, 0x00, 0x09, 0xf1, 0xe6, 0x28,
    0x00, 0xe8, 0xc0, 0x58, 0x66, 0xf8, 0x51, 0x11, 0x12, 0xcc, 0xce, 0x91, 0x51, 0x9f, 0xf6, 0x63,
    0xa5, 0x96, 0x40, 0x09, 0x5b, 0xdd, 0xb7, 0x4a, 0x01, 0x00, 0xc5, 0x21, 0x60, 0x1d, 0x8c, 0x08,
    0x20, 0xa0, 0xa0, 0x68, 0x00, 0xfb, 0x53, 0x80, 0x0e, 0x82, 0x00, 0x17, 0x03, 0xa3, 0x00, 0x48,
    0xec, 0x01, 0x1a, 0x84, 0x00, 0x61, 0xe0, 0x01, 0xdd, 0x98, 0x14, 0x03, 0x19, 0x00, 0x0a, 0x0b,
    0x8a, 0x69, 0xc0, 0x19, 0x62, 0x02, 0x7c, 0x1d, 0xc9, 0x20, 0x05, 0x65, 0x00, 0x76, 0x3d, 0x68,
    0x04, 0xf0, 0x01, 0xea, 0x74, 0x00, 0x21, 0xc1, 0x80, 0x3c, 0x58, 0x2c, 0x01, 0x1f, 0x04, 0x61,
    0x2a, 0x5b, 0xe4, 0x52, 0x4c, 0x69, 0x91, 0x32, 0xff, 0x23, 0xbf, 0xb9, 0xfe, 0x70, 0x01, 0x00,
    0xf0, 0x92, 0x39, 0x00, 0x36, 0x00, 0xae, 0xd9, 0xf3, 0x82, 0x01, 0x6a, 0xb8, 0x44, 0x3d, 0x76,
    0xd4, 0x44, 0x03, 0xe6, 0x93, 0x2e, 0x49, 0x9c, 0x40, 0x02, 0x46, 0xac, 0x13, 0x66, 0x45, 0x18,
    0xb3, 0x0d, 0x2f, 0x35, 0xb2, 0x3e, 0x08, 0xfe, 0xac, 0xc8, 0x2c, 0x3f, 0x31, 0xe0, 0x53, 0x60,
    0xf1, 0x29, 0x3a, 0x88, 0x32, 0x00, 0xe1, 0x65, 0x34, 0xad, 0xf0, 0x0f, 0x1c, 0x78, 0x1b, 0x71,
    0x00, 0x5e, 0x4d, 0xd2, 0x80, 0xd9, 0x7a, 0x00, 0x85, 0x3b, 0xb3, 0x08, 0x9f, 0x7d, 0xc8, 0x89,
    0xf3, 0xfe, 0xef, 0xfe, 0xe6, 0x2c, 0x20, 0x29, 0xce, 0xed, 0xba, 0x40, 0x01, 0x00, 0xff, 0xe0,
    0xeb, 0x04, 0xee, 0xdf, 0xbb, 0x84, 0x3a, 0xd6, 0x77, 0x19, 0x9b, 0xb8, 0x40, 0xa4, 0x41, 0x70,
    0x03, 0x3c, 0x00, 0x48, 0x8b, 0xef, 0x97, 0x68, 0xc9, 0x04, 0xbb, 0x2d, 0xd9, 0xfa, 0xe4, 0xec,
    0x41, 0x60, 0x48, 0xf3, 0xf4, 0x00, 0xaa, 0x00, 0x09, 0x90, 0x17, 0xd3, 0x4a, 0xb4, 0x28, 0x07,
    0x0b, 0xe7, 0x69, 0xf7, 0xc0, 0x80, 0x6a, 0xf8, 0x91, 0x42, 0x26, 0x08, 0x00, 0xb6, 0xec, 0xb9,
    0xae, 0x80, 0x20, 0x38, 0x1b, 0x90, 0x93, 0x2e, 0x45, 0x63, 0x32, 0x53, 0xe7, 0x67, 0x7f, 0xbb,
    0xfc, 0x20, 0x00, 0xf8, 0xa8, 0x03, 0xd4, 0xc0, 0x24, 0x40, 0x67, 0x22, 0x80, 0x11, 0xb6, 0xd3,
    0x33, 0xe4, 0xcc, 0x60, 0x57, 0xcf, 0x5f, 0xfe, 0xb3, 0x00, 0x94, 0x0f, 0x33, 0xc0, 0x03, 0xdd,
    0x38, 0x1f, 0xff, 0x70, 0x00, 0xfd, 0x7c, 0x00, 0x23, 0xc6, 0x01, 0x17, 0x80, 0x0b, 0xff, 0xb0,
    0x40, 0x3c, 0xa5, 0x55, 0x9c, 0xc0, 0x3e, 0x23, 0x3c, 0x01, 0xdc, 0x40, 0x6b, 0x99, 0x88, 0xc0,
    0x14, 0x44, 0xc0, 0xed, 0xdd, 0xc4, 0x43, 0x1b, 0x8f, 0xce, 0xff, 0xb3, 0xfc, 0x27, 0x60, 0x03,
    0x9c, 0xee, 0xb7, 0x58, 0x60, 0x01, 0x00, 0x8d, 0x13, 0xc4, 0x00, 0xd7, 0x00, 0x5e, 0xee, 0xfb,
    0x40, 0x06, 0xdb, 0x84, 0x62, 0xff, 0x3d, 0xb0, 0x00, 0x7b, 0xc0, 0xc6, 0x76, 0x10, 0x0c, 0x02,
    0x28, 0x0d, 0xd9, 0xd0, 0x3b, 0x80, 0x71, 0x04, 0x00, 0x6d, 0xb1, 0xdf, 0x80, 0x5e, 0x7a, 0x00,
    0xda, 0x63, 0xaf, 0x00, 0x1b, 0xe8, 0x05, 0x56, 0xb9, 0x7c, 0x01, 0xfa, 0x20, 0x97, 0x1e, 0x01,
    0xfa, 0xa8, 0xb5, 0x48, 0x00, 0xde, 0x42, 0x01, 0xd1, 0xc8, 0x03, 0x63, 0xba, 0x92, 0x25, 0x25,
    0xf6, 0x99, 0x12, 0x1b, 0x42, 0x7b, 0xa8, 0x87, 0x38, 0x01, 0x00, 0xf4, 0x98, 0x07, 0x53, 0x81,
    0x2a, 0xc8, 0x85, 0x58, 0x42, 0xa8, 0xcf, 0x99, 0x1e, 0x66, 0x30, 0x1f, 0x15, 0xaa, 0x8f, 0x6a,
    0x96, 0x40, 0x02, 0x70, 0xca, 0xa1, 0xed, 0x7d, 0x82, 0x5d, 0xa0, 0x01, 0x32, 0x2f, 0x9a, 0x00,
    0x2c, 0x61, 0x80, 0x26, 0x45, 0xd3, 0x40, 0x01, 0x33, 0x00, 0x2f, 0x4c, 0x53, 0xe2, 0xc0, 0x3c,
    0x84, 0xc6, 0xd6, 0x24, 0x01, 0xc3, 0x35, 0xa1, 0x9f, 0x2e, 0x01, 0x13, 0xb8, 0x34, 0x40, 0x05,
    0xa2, 0x00, 0xad, 0x4a, 0xf2, 0x24, 0xb9, 0x17, 0x05, 0xc7, 0x72, 0x3a, 0x3f, 0xbf, 0xc2, 0x01,
    0x00, 0xce, 0x10, 0x80, 0x1d, 0x50, 0x00, 0x4b, 0x02, 0x10, 0x0e, 0xa4, 0x70, 0x82, 0xe5, 0xbe,
    0xe4, 0x80, 0x07, 0x89, 0x9f, 0xb8, 0xb7, 0xdc, 0x90, 0x08, 0x94, 0xb5, 0x10, 0xda, 0x89, 0x09,
    0x33, 0x0c, 0xdf, 0xba, 0x51, 0xdd, 0x88, 0x7e, 0xad, 0xef, 0x77, 0xd0, 0x66, 0x9b, 0x00, 0x5c,
    0x77, 0x6a, 0x20, 0x0f, 0xaa, 0xb8, 0xc0, 0x3f, 0x09, 0x9e, 0x00, 0xef, 0x10, 0xec, 0x88, 0xcc,
    0x20, 0x09, 0x52, 0xb2, 0x89, 0x9d, 0x0c, 0x64, 0x4c, 0xbf, 0xc8, 0xef, 0xee, 0x7f, 0x9c, 0x04,
    0x20, 0x0e, 0xb1, 0x00, 0xe1, 0xf1, 0x67, 0x79, 0x25, 0xde, 0x00, 0x2a, 0x59, 0x08, 0xc1, 0xc2,
    0x30, 0x05, 0x12, 0xb9, 0x90, 0x66, 0x4a, 0x01, 0x09, 0x83, 0xc4, 0x02, 0x60, 0x58, 0x17, 0xfc,
    0xe0, 0x53, 0x20, 0xf9, 0x50, 0x02, 0xfb, 0x80, 0x0a, 0xec, 0x3b, 0x6a, 0x01, 0xfb, 0x30, 0x3b,
    0x8c, 0x20, 0x1c, 0x7f, 0xdc, 0x0f, 0xef, 0x60, 0x0e, 0x9e, 0xe8, 0x3f, 0xba, 0x30, 0x13, 0xeb,
    0xcc, 0x87, 0x73, 0x23, 0x2c, 0xc1, 0xda, 0x90, 0xc1, 0x91, 0xa1, 0xba, 0xbd, 0x77, 0x3f, 0xd1,
    0x98, 0xe8, 0x65, 0x80, 0x02, 0xde, 0xf7, 0x6d, 0xc5, 0x05, 0x10, 0x0c, 0x34, 0x01, 0xec, 0xb0,
    0x2a, 0xa5, 0xad, 0x54, 0x20, 0x09, 0x65, 0x28, 0x84, 0x8c, 0x41, 0x00, 0x36, 0xa6, 0x77, 0x3c,
    0x7b, 0x83, 0xa8, 0x00, 0x11, 0x66, 0x5c, 0x39, 0x81, 0xd4, 0x6f, 0xf3, 0x9e, 0x63, 0x87, 0x30,
    0x60, 0x06, 0xf7, 0x01, 0x5c, 0xe1, 0xcc, 0x21, 0x00, 0x71, 0x0c, 0x80, 0xb5, 0xf1, 0x80, 0x7a,
    0x47, 0xc7, 0xd9, 0x00, 0x3c, 0xf9, 0xfe, 0x09, 0x97, 0x38, 0x00, 0x53, 0x8f, 0x15, 0x46, 0x09,
    0x82, 0x05, 0x88, 0x7e, 0x8d, 0xf2, 0x24, 0x51, 0xba, 0xc5, 0x77, 0x25, 0xab, 0xf3, 0xa1, 0x96,
    0x00, 0x0b, 0x7b, 0xdd, 0xb7, 0x14, 0x01, 0x00, 0x8c, 0xfe, 0x20, 0x06, 0xc0, 0x0e, 0x4c, 0xa2,
    0x65, 0xf6, 0x00, 0xd5, 0x70, 0x2a, 0xa3, 0xc5, 0x50, 0x02, 0x1f, 0x30, 0x02, 0xd9, 0x75, 0x00,
    0x71, 0x20, 0x01, 0x24, 0xbe, 0x00, 0x21, 0x66, 0x18, 0x01, 0xe1, 0xa6, 0x04, 0x00, 0x7f, 0x56,
    0x62, 0x84, 0x57, 0x88, 0x00, 0xa6, 0xc1, 0x98, 0x25, 0x7d, 0x80, 0x1f, 0x1e, 0x81, 0x91, 0x80,
    0x7e, 0xa4, 0x13, 0xbf, 0xf0, 0x07, 0x79, 0x21, 0x95, 0x52, 0xf6, 0xf8, 0x01, 0x2a, 0x6a, 0xe6,
    0x42, 0x7f, 0x26, 0x45, 0x64, 0xf7, 0xc7, 0x67, 0xc4, 0x3c, 0x40, 0x03, 0x00, 0xca, 0x44, 0x30,
    0x0e, 0xfa, 0x00, 0x0d, 0x98, 0xe8, 0x80, 0x6d, 0x69, 0x09, 0x36, 0x40, 0xb7, 0x70, 0x00, 0x7a,
    0x8d, 0xdc, 0x23, 0x60, 0x88, 0x02, 0x21, 0xe2, 0xd4, 0x40, 0x22, 0x1c, 0x05, 0x98, 0xf6, 0xf7,
    0x10, 0x08, 0x83, 0x80, 0x32, 0xb5, 0x82, 0xaa, 0x0a, 0xa3, 0x00, 0xd2, 0x00, 0x51, 0xba, 0x0d,
    0xd3, 0x80, 0x7d, 0x1b, 0xa0, 0xdd, 0x38, 0x07, 0xdb, 0x10, 0x08, 0x88, 0x80, 0x02, 0x63, 0xdb,
    0xdc, 0x9e, 0xe8, 0x06, 0xd0, 0xb3, 0x06, 0x4a, 0xa2, 0x21, 0x88, 0x03, 0x27, 0xc3, 0xa3, 0xb9,
    0x10, 0xe0, 0x00, 0xe3, 0x3f, 0xc0, 0x09, 0x60, 0x06, 0x5d, 0xf5, 0x68, 0x02, 0xf6, 0x84, 0x57,
    0x7d, 0xa0, 0x11, 0x5f, 0x88, 0xab, 0xea, 0xa9, 0x60, 0x0c, 0xa2, 0x29, 0x5f, 0x9f, 0x78, 0x03,
    0xdd, 0x38, 0x1d, 0x24, 0x64, 0x3e, 0x01, 0xfa, 0xf9, 0x8d, 0x67, 0x9f, 0xe6, 0x00, 0x05, 0xe0,
    0xcc, 0x5a, 0xa0, 0x55, 0x1c, 0x03, 0x8c, 0x87, 0xfc, 0x1f, 0xe3, 0x10, 0x0d, 0x5b, 0x99, 0x06,
    0x64, 0x60, 0x0e, 0x35, 0x54, 0x44, 0x11, 0x11, 0x05, 0x11, 0xa2, 0x90, 0x8a, 0x84, 0x8c, 0x8c,
    0x6e, 0x3f, 0x3b, 0xfd, 0x79, 0xfe, 0x13, 0xb0, 0x01, 0xce, 0x77, 0x5b, 0xac, 0x30, 0x00, 0xe3,
    0x50, 0x02, 0xa8, 0x02, 0x1b, 0x30, 0x0a, 0x00, 0x1c, 0x67, 0x08, 0xbb, 0x57, 0x78, 0xb6, 0xdb,
    0x26, 0x44, 0x0b, 0x4d, 0x81, 0xd8, 0x37, 0x10, 0xb3, 0x00, 0x21, 0x88, 0x33, 0x23, 0xe7, 0xf0,
    0x17, 0x74, 0xe0, 0x01, 0xb6, 0x98, 0x1f, 0x04, 0xf4, 0xf0, 0x03, 0x30, 0x09, 0x10, 0x02, 0x22,
    0x10, 0x11, 0x00, 0x9c, 0xd2, 0xca, 0x80, 0x67, 0x50, 0x75, 0xbb, 0x55, 0xa0, 0x06, 0xaa, 0x01,
    0x18, 0x07, 0xc2, 0x88, 0x0b, 0x21, 0x9b, 0x10, 0x0a, 0x89, 0x10, 0xbf, 0xc3, 0x7c, 0x86, 0x46,
    0x37, 0x1f, 0xe8, 0xcf, 0xce, 0xff, 0x09, 0xd8, 0x00, 0xe7, 0x3b, 0xad, 0xd6, 0x18, 0x00, 0xc6,
    0x89, 0xf8, 0x01, 0x6c, 0x13, 0xd9, 0x9e, 0xb0, 0x04, 0xc2, 0x06, 0x55, 0x13, 0x2a, 0x82, 0x00,
    0x2b, 0x29, 0x18, 0x81, 0x74, 0x55, 0x00, 0x25, 0x63, 0x02, 0x20, 0x19, 0x03, 0x00, 0x99, 0x88,
    0x26, 0xec, 0x79, 0x66, 0xc0, 0xb1, 0xd4, 0x00, 0x99, 0x1f, 0x4b, 0x00, 0x12, 0xe8, 0x02, 0x99,
    0x1f, 0x4b, 0x00, 0x7d, 0x28, 0x83, 0xc4, 0xc6, 0x00, 0xe6, 0xdd, 0x80, 0xb7, 0x50, 0x20, 0x56,
    0x8b, 0x11, 0x1f, 0xc4, 0x42, 0x5f, 0x31, 0xf6, 0xec, 0xa2, 0xe8, 0xa6, 0x6b, 0x54, 0xcc, 0x6f,
    0x17, 0xe7, 0xf8, 0x40, 0x05, 0x20, 0x09, 0x13, 0x8c, 0x02, 0x1f, 0x20, 0x2a, 0xcc, 0xba, 0x40,
    0x24, 0xbf, 0x00, 0x1e, 0xea, 0x7c, 0x03, 0x9b, 0xc0, 0x06, 0x5c, 0xa0, 0x1f, 0x10, 0x00, 0x9c,
    0xc0, 0x39, 0x7f, 0xce, 0x78, 0x3a, 0xb3, 0x09, 0x40, 0xbe, 0xe0, 0x05, 0xde, 0xeb, 0xf4, 0x40,
    0x3e, 0x1e, 0xb9, 0xa0, 0x0f, 0xf3, 0x47, 0x00, 0x7f, 0xcb, 0x7f, 0xc0, 0x18, 0x53, 0x80, 0x03,
    0x57, 0x60, 0xf2, 0x02, 0xcb, 0x38, 0xd2, 0x51, 0x12, 0xc6, 0x9a, 0x2b, 0xd7, 0x6f, 0xfe, 0xd9,
    0x86, 0x64, 0x00, 0x16, 0xf7, 0xbb, 0x6e, 0x28, 0x01, 0x00, 0x86, 0x84, 0x00, 0xc8, 0x01, 0x6b,
    0x00, 0x04, 0xd8, 0x0a, 0xd4, 0x02, 0xdb, 0x59, 0xd7, 0xae, 0xc3, 0xcd, 0x30, 0x1e, 0x19, 0xde,
    0xc0, 0xfe, 0xdd, 0x18, 0x00, 0xd0, 0x23, 0x30, 0x1b, 0x9a, 0x20, 0x77, 0x68, 0x01, 0xad, 0xec,
    0xc1, 0x80, 0x0a, 0x30, 0x80, 0x17, 0x7c, 0x20, 0x01, 0x32, 0x00, 0xae, 0xf8, 0x40, 0x3f, 0x5d,
    0xf0, 0x80, 0x7e, 0xba, 0xac, 0x20, 0x18, 0x98, 0x3b, 0x6a, 0xb2, 0x80, 0x06, 0xb1, 0x30, 0x3e,
    0x26, 0x51, 0xe8, 0x46, 0x6b, 0x8d, 0x0e, 0xfe, 0xe4, 0x7f, 0x84, 0x01, 0x00, 0xf5, 0x10, 0x07,
    0x54, 0x80, 0x2a, 0xa4, 0x9a, 0xa1, 0x80, 0x29, 0x5c, 0x2e, 0xe3, 0xfb, 0xb1, 0x80, 0x07, 0x8e,
    0xb7, 0x34, 0xe7, 0x37, 0x0c, 0x00, 0x49, 0x58, 0x1d, 0xcd, 0x0e, 0xc3, 0x13, 0x31, 0x24, 0x0c,
    0x42, 0x42, 0xa0, 0x16, 0x39, 0x5b, 0x23, 0x9b, 0xe7, 0x30, 0x09, 0x68, 0x07, 0x11, 0x0d, 0x44,
    0x08, 0x03, 0x87, 0x32, 0x2f, 0xcc, 0x30, 0x07, 0x46, 0x64, 0x5d, 0x99, 0x10, 0x12, 0xe4, 0xe6,
    0x45, 0xd9, 0x91, 0x13, 0xe7, 0xb2, 0x15, 0x29, 0x91, 0x58, 0xcd, 0x4a, 0xac, 0xec, 0xed, 0xfe,
    0xcf, 0x10, 0x01, 0x00, 0xe6, 0x50, 0x0f, 0x6c, 0x00, 0xd5, 0x22, 0x6a, 0x8c, 0x01, 0x6a, 0xb8,
    0xdc, 0x06, 0xde, 0xf0, 0x04, 0x3e, 0x77, 0xbc, 0x5b, 0xab, 0x4c, 0x30, 0x01, 0x25, 0xd9, 0x57,
    0xd8, 0x62, 0xcc, 0x30, 0xcd, 0x88, 0xcc, 0x20, 0x7f, 0x56, 0x03, 0xf7, 0x6d, 0xb2, 0x10, 0x29,
    0xb0, 0x3c, 0xdc, 0xc1, 0x65, 0xb0, 0x07, 0xac, 0x40, 0x40, 0x3f, 0x88, 0x80, 0x3e, 0x02, 0x20,
    0x0d, 0xe2, 0x16, 0x66, 0xd0, 0x33, 0x10, 0x0d, 0x21, 0xe9, 0x3b, 0x3b, 0x31, 0xc0, 0x94, 0x32,
    0xbb, 0x91, 0xde, 0xbd, 0xfe, 0x00, 0x00, 0xfd, 0x62, 0x01, 0xd4, 0xc0, 0x35, 0x52, 0x55, 0x46,
    0x00, 0x8d, 0xb0, 0x88, 0x86, 0x22, 0x20, 0x01, 0x5f, 0x57, 0x74, 0x1f, 0xdc, 0xd2, 0x00, 0x96,
    0xfe, 0x65, 0x73, 0x36, 0x11, 0xee, 0x9c, 0x23, 0x08, 0xb5, 0x80, 0x0f, 0xd7, 0xc0, 0x1e, 0xab,
    0x20, 0x06, 0x2f, 0x00, 0x67, 0xf6, 0xc5, 0x2b, 0x00, 0x79, 0xfc, 0x41, 0x85, 0xd4, 0x03, 0x97,
    0x32, 0x0e, 0x26, 0x20, 0x0b, 0x88, 0x3e, 0x84, 0x0a, 0xbd, 0xc0, 0x14, 0x44, 0x96, 0x21, 0xa1,
    0x13, 0xa9, 0x18, 0xdc, 0x7e, 0x77, 0xdf, 0xe7, 0xf8, 0x4e, 0xc0, 0x07, 0x39, 0xdd, 0x6e, 0xb0,
    0xc0, 0x03, 0x00, 0xe2, 0x90, 0x0e, 0x1f, 0x90, 0x79, 0x95, 0xbd, 0x4c, 0xc4, 0x3a, 0xb0, 0x9a,
    0xbf, 0x5c, 0x9f, 0xa6, 0x03, 0xd4, 0x42, 0xde, 0x26, 0x06, 0xe2, 0x00, 0x22, 0x2c, 0x10, 0xc7,
    0x2f, 0xc0, 0x09, 0x98, 0x81, 0xbb, 0xc0, 0x7f, 0xc0, 0x05, 0x8e, 0x50, 0x02, 0xa0, 0xe2, 0x08,
    0x01, 0x2d, 0x00, 0x21, 0x81, 0xf4, 0x70, 0x0f, 0xe2, 0xc8, 0xe0, 0x0f, 0xf2, 0x45, 0x7b, 0x80,
    0x44, 0xb8, 0x04, 0x4c, 0x99, 0x74, 0xe8, 0x17, 0xcf, 0x48, 0xaa, 0x91, 0x19, 0x00, 0x66, 0xa5,
    0x56, 0x76, 0x77, 0x6c, 0xf1, 0x01, 0x00, 0x09, 0x9c, 0x26, 0x71, 0x00, 0x36, 0x02, 0x62, 0xf8,
    0xb6, 0xeb, 0xc0, 0x1a, 0xae, 0x02, 0x01, 0xc2, 0x01, 0x0f, 0x98, 0x6d, 0xc8, 0x1d, 0xda, 0x04,
    0x00, 0x49, 0xb7, 0x10, 0x66, 0x44, 0x24, 0xc5, 0x98, 0x6b, 0x9b, 0x4b, 0x05, 0x78, 0x47, 0xf5,
    0x69, 0x97, 0x6c, 0xe7, 0xc9, 0x02, 0x9b, 0x04, 0xca, 0xa6, 0x4a, 0xe4, 0x80, 0x74, 0xd5, 0xda,
    0xbd, 0x6a, 0x86, 0x01, 0xae, 0x2d, 0xa3, 0x16, 0x60, 0x80, 0x1e, 0x43, 0x3b, 0x64, 0xfd, 0xc4,
    0x10, 0x95, 0x3e, 0x19, 0x31, 0x27, 0x90, 0x22, 0xb2, 0x7c, 0xa3, 0xb3, 0xfa, 0x34, 0x40, 0x01,
    0x00, 0x84, 0x60, 0x05, 0x00, 0x6c, 0x40, 0x6c, 0xdf, 0x20, 0x14, 0x00, 0xba, 0x88, 0x17, 0x09,
    0x71, 0xe3, 0x10, 0x0e, 0x04, 0x03, 0x32, 0xec, 0x2a, 0x00, 0x18, 0xc1, 0xb4, 0x83, 0x93, 0x68,
    0x09, 0x54, 0x3d, 0x1b, 0xcd, 0x7c, 0xf0, 0x83, 0x90, 0xa5, 0xb3, 0x24, 0xe1, 0x89, 0x53, 0x96,
    0x07, 0x6a, 0x36, 0x71, 0xe7, 0x00, 0xda, 0xc2, 0x64, 0x7a, 0xe5, 0xa6, 0x01, 0x17, 0x80, 0x4b,
    0x0b, 0xf0, 0x40, 0x2f, 0x88, 0x18, 0xa0, 0x1e, 0x2c, 0x4f, 0xca, 0x8e, 0x03, 0xd1, 0x53, 0x6b,
    0x88, 0x70, 0xf4, 0x45, 0xfd, 0xe0, 0x06, 0x20, 0x25, 0x5f, 0x8c, 0x00, 0x7e, 0x2f, 0xc1, 0x01,
    0x27, 0x96, 0x00, 0x55, 0x50, 0x00, 0xc0, 0x02, 0x01, 0xe8, 0x97, 0xe3, 0x80, 0x83, 0xcb, 0x00,
    0xc7, 0xd3, 0x3f, 0x79, 0xaf, 0xf9, 0xb1, 0x13, 0xed, 0x35, 0xf7, 0x00, 0x2d, 0xd5, 0x66, 0x00,
    0xfd, 0x33, 0x44, 0x00, 0x3f, 0x61, 0x3f, 0x94, 0xaa, 0x00, 0x75, 0x69, 0x22, 0x37, 0x58, 0xa0,
    0x01, 0x3e, 0xbc, 0x34, 0xb3, 0xfd, 0x80, 0x2c, 0x22, 0x5a, 0x04, 0xc9, 0x0e, 0x74, 0xd9, 0x26,
    0xf3, 0xd2, 0xf3, 0x1f, 0xd2, 0xc9, 0x20, 0x06, 0xbd, 0xee, 0xb7, 0x58, 0xa0, 0x05, 0x20, 0x0e,
    0xa1, 0x00, 0xe1, 0xf2, 0x0a, 0x98, 0x39, 0x8e, 0x00, 0x92, 0xfc, 0x04, 0xc0, 0x40, 0x02, 0x01,
    0x9b, 0xc0, 0x3f, 0xf8, 0x24, 0x01, 0xfe, 0x5f, 0xf3, 0xae, 0xe7, 0xbf, 0xf4, 0xb0, 0x2f, 0xb8,
    0x49, 0xf0, 0x67, 0xf2, 0xc0, 0x80, 0x6d, 0xc0, 0x5e, 0xa0, 0xbf, 0x10, 0x0d, 0x20, 0x58, 0x96,
    0x22, 0x82, 0x00, 0xd1, 0x3a, 0x67, 0x10, 0xc9, 0x00, 0x9f, 0x1d, 0x66, 0x2e, 0xc5, 0xc0, 0x02,
    0xc3, 0x37, 0x1c, 0x82, 0xc0, 0x2a, 0x1b, 0xac, 0x54, 0x17, 0xfa, 0x9d, 0xdd, 0x0c, 0xb0, 0x00,
    0x5b, 0xde, 0xed, 0xb8, 0xa0, 0x01, 0x1f, 0x00, 0x7c, 0x7f, 0xee, 0xff, 0x70, 0x67, 0xfd, 0xc4,
    0x7d, 0xe1, 0xdc, 0x00, 0xb3, 0xe8, 0x88, 0x01, 0xff, 0x74, 0x00, 0xdd, 0x05, 0xd8, 0x03, 0x23,
    0xa0, 0x0c, 0x71, 0x47, 0x80, 0x6e, 0xa0, 0x08, 0xc5, 0x8d, 0x40, 0x34, 0x59, 0x00, 0xbf, 0x33,
    0xc8, 0x06, 0x28, 0x90, 0x09, 0x9c, 0x00, 0x20, 0x19, 0x54, 0x22, 0x70, 0xe7, 0xa0, 0x0e, 0x10,
    0x08, 0xc9, 0x00, 0x4c, 0x00, 0xbd, 0xec, 0x21, 0x12, 0x25, 0x6c, 0x00, 0x5f, 0xf4, 0x01, 0xbb,
    0x1e, 0x2f, 0x00, 0x42, 0x20, 0x01, 0xe0, 0x97, 0x6a, 0x86, 0x98, 0x06, 0x0d, 0xff, 0xe9, 0xbf,
    0xfc, 0x61, 0x97, 0xfe, 0x1e, 0x90, 0xaf, 0xc2, 0x30, 0x5f, 0x00, 0xfd, 0x34, 0x00, 0x12, 0x00,
    0xf8, 0x9d, 0xc0, 0x0d, 0x36, 0x60, 0xb2, 0x00, 0x2e, 0x80, 0x2e, 0x3f, 0xb0, 0xe2, 0x00, 0x55,
    0x0c, 0x00, 0xd3, 0x40, 0x08, 0x60, 0x01, 0xcf, 0x80, 0x43, 0xd0, 0x20, 0x1c, 0x82, 0x40, 0x34,
    0xaa, 0x00, 0xfc, 0x22, 0xd1, 0x80, 0x0f, 0x5e, 0x89, 0xaa, 0xa8, 0x00, 0x20, 0x1a, 0x3b, 0x01,
    0x24, 0x33, 0x8c, 0x40, 0x23, 0x30, 0x07, 0x6f, 0xe0, 0x02, 0x90, 0x03, 0x00, 0x91, 0xc0, 0x3f,
    0xc2, 0x41, 0x24, 0x41, 0x3f, 0xee, 0x88, 0x2b, 0xe4, 0xff, 0xd0, 0x09, 0xda, 0x64, 0x16, 0x3f,
    0xbe, 0x12, 0x01, 0x55, 0x00, 0x2b, 0xa0, 0x55, 0x00, 0x42, 0x8c, 0x02, 0xa0, 0x4b, 0x5e, 0xa0,
    0x04, 0x71, 0x02, 0xfd, 0x0f, 0x7d, 0xf7, 0x04, 0x64, 0x03, 0xab, 0xbe, 0xa7, 0x01, 0xf8, 0x00,
    0x3f, 0xe6, 0x5e, 0xc0, 0x11, 0x90, 0x80, 0x1b, 0x76, 0x40, 0x0c, 0x20, 0x1f, 0xfa, 0xbd, 0xc4,
    0x00, 0x93, 0x33, 0x80, 0x57, 0xf2, 0x01, 0x36, 0x64, 0xc0, 0x10, 0x88, 0x02, 0x7a, 0x55, 0xad,
    0x8e, 0x80, 0x30, 0x00, 0xc2, 0x6c, 0xa0, 0x1e, 0x2b, 0xce, 0xe4, 0x70, 0x37, 0xf7, 0x3d, 0x0a,
    0x77, 0x0a, 0xe1, 0x41, 0xbb, 0xc5, 0x46, 0x6b, 0x8e, 0xee, 0x00, 0x99, 0x04, 0x5c, 0x30, 0x72,
    0xd2, 0x01, 0x5c, 0x80, 0x80, 0x7f, 0x18, 0x98, 0x24, 0xa4, 0x1c, 0x9c, 0xf0, 0x1b, 0x30, 0x17,
    0xdf, 0x8e, 0xce, 0xf8, 0x01, 0x30, 0x03, 0x4b, 0x46, 0xe6, 0xe0, 0x11, 0x11, 0x03, 0xeb, 0xc0,
    0x60, 0x40, 0x3c, 0x2c, 0xc5, 0x36, 0x75, 0x00, 0x46, 0x8a, 0x93, 0xcc, 0x8b, 0xb2, 0x04, 0x2b,
    0xb4, 0x45, 0xff, 0x6f, 0x6d, 0x88, 0x11, 0x80, 0x0e, 0x19, 0x08, 0x02, 0x78, 0x00, 0xc0, 0x00,
    0x99, 0x00, 0x04, 0x01, 0xf1, 0x13, 0x0c, 0x93, 0xa3, 0xbb, 0x20, 0x5f, 0x25, 0x74, 0xc8, 0x27,
    0xb0, 0x14, 0x27, 0x1e, 0xec, 0xea, 0x01, 0x53, 0x09, 0xc4, 0x17, 0x60, 0xdc, 0x00, 0x2b, 0x20,
    0x3d, 0xc5, 0x54, 0x79, 0x00, 0x19, 0x04, 0x09, 0x8d, 0xe5, 0x15, 0x00, 0x0a, 0xa4, 0x02, 0xaa,
    0x26, 0xce, 0x90, 0x00, 0xbe, 0x41, 0xc8, 0x6e, 0xa8, 0x40, 0x18, 0xc4, 0xd6, 0x03, 0x37, 0x46,
    0x01, 0xe7, 0x00, 0xb3, 0x74, 0x60, 0x14, 0xe0, 0xa8, 0x05, 0x75, 0x42, 0x00, 0xaa, 0x30, 0x40,
    0x2e, 0x99, 0x28, 0x04, 0x68, 0x20, 0x17, 0xa1, 0x9a, 0xce, 0x58, 0x03, 0x13, 0x3f, 0x09, 0x17,
    0x01, 0xc7, 0xf7, 0x3e, 0x17, 0xff, 0x68, 0x15, 0xfa, 0x23, 0xad, 0x37, 0x70, 0x05, 0x10, 0x44,
    0x4b, 0x80, 0x7e, 0x5f, 0x77, 0x76, 0x00, 0x7f, 0x29, 0x1b, 0x81, 0x5d, 0xe0, 0x0c, 0xbc, 0x01,
    0x0b, 0x7f, 0xc0, 0x1b, 0x5f, 0x20, 0x02, 0x44, 0xac, 0x02, 0x91, 0x58, 0x00, 0xf2, 0x00, 0x59,
    0x97, 0x00, 0x78, 0x84, 0x01, 0x99, 0x70, 0x07, 0x96, 0x40, 0x17, 0x77, 0x00, 0x42, 0x00, 0xde,
    0x00, 0x55, 0x5e, 0x26, 0x3d, 0xfe, 0x67, 0x0c, 0x11, 0x8e, 0x83, 0x3f, 0xec, 0x10, 0x04, 0x10,
    0x0f, 0xfd, 0x98, 0x5d, 0xff, 0xfc, 0xa1, 0x1c, 0x1b, 0xfe, 0x1f, 0x4c, 0xff, 0x28, 0x00, 0xd4,
    0x48, 0x80, 0x4e, 0xc4, 0x40, 0x38, 0x10, 0x7c, 0xe1, 0xe2, 0x9f, 0xf0, 0x10, 0xf9, 0x83, 0x61,
    0x61, 0x6f, 0x80, 0x06, 0x74, 0xc0, 0x08, 0xe0, 0xe8, 0xe0, 0x18, 0xc4, 0x12, 0x20, 0x1f, 0x9c,
    0x01, 0x96, 0x81, 0x74, 0x81, 0x26, 0x40, 0x1a, 0x78, 0x1f, 0xfb, 0xb6, 0x00, 0x48, 0x2a, 0x0d,
    0xdd, 0xd8, 0x01, 0x45, 0x80, 0x11, 0xdf, 0xac, 0x00, 0x2c, 0xc0, 0x03, 0x80, 0x70, 0x80, 0x06,
    0x80, 0x0f, 0x4e, 0xfd, 0x18, 0x00, 0x12, 0x2e, 0x10, 0x47, 0x00, 0xcb, 0x3f, 0xd9, 0x2c, 0x47,
    0xa4, 0x40, 0x02, 0x5a, 0xc1, 0x5a, 0xf4, 0xbf, 0x70, 0x00, 0x2c, 0x78, 0x2c, 0x38, 0x91, 0xa0,
    0x1a, 0xc4, 0x6c, 0x41, 0x44, 0x00, 0x0e, 0x01, 0xb2, 0x97, 0x02, 0xd8, 0x40, 0xa7, 0x80, 0x1c,
    0x47, 0xda, 0x70, 0xee, 0xc9, 0x60, 0x61, 0x17, 0x96, 0xc8, 0x78, 0x91, 0x80, 0x1a, 0x01, 0x73,
    0xaa, 0x8b, 0x55, 0x28, 0x2e, 0xe6, 0x2c, 0x7b, 0x8e, 0xee, 0xe3, 0x82, 0xe6, 0x57, 0xe8, 0x82,
    0xd4, 0x41, 0x02, 0xe6, 0x56, 0x01, 0xfc, 0x5b, 0xb5, 0x88, 0x07, 0xc3, 0xa2, 0x33, 0x30, 0x01,
    0x2c, 0x01, 0x13, 0x3e, 0x10, 0x19, 0x10, 0x09, 0x67, 0xa3, 0xa4, 0x82, 0x01, 0x28, 0x00, 0x94,
    0xf0, 0xf4, 0x6c, 0xb6, 0xce, 0xa0, 0x34, 0xf0, 0xf4, 0x52, 0x5d, 0x09, 0x02, 0x62, 0x9a, 0x82,
    0x1d, 0x31, 0xe3, 0xe2, 0x02, 0x25, 0xe1, 0x07, 0xb4, 0x41, 0x50, 0x04, 0x22, 0x00, 0x2d, 0xc5,
    0x05, 0x22, 0x01, 0x84, 0xb9, 0xd3, 0xfc, 0xd1, 0x0a, 0x40, 0x68, 0x09, 0x71, 0xb5, 0x8c, 0x40,
    0x09, 0x33, 0x24, 0x52, 0x73, 0x01, 0x60, 0x02, 0x66, 0x48, 0xb7, 0x15, 0x4e, 0x00, 0x92, 0xee,
    0x40, 0x2b, 0x12, 0x93, 0x00, 0x25, 0x54, 0xf7, 0xf9, 0x96, 0xf2, 0x95, 0x88, 0xd3, 0x2d, 0x60,
    0x03, 0xea, 0x80, 0x03, 0x55, 0xe1, 0x56, 0x62, 0x00, 0x57, 0xb2, 0x01, 0xa4, 0x3b, 0x40, 0x39,
    0xe7, 0xce, 0x59, 0x94, 0x96, 0x01, 0x09, 0x08, 0x7f, 0x05, 0x43, 0x48, 0x05, 0xb4, 0x21, 0x08,
    0x3f, 0x82, 0x40, 0x16, 0x44, 0x3e, 0x4f, 0xee, 0x30, 0x02, 0xcf, 0xc3, 0x2f, 0x9d, 0xd7, 0xf3,
    0x02, 0xfe, 0x65, 0x54, 0x47, 0x8a, 0x3d, 0x45, 0xb2, 0x11, 0xcc, 0x62, 0x35, 0x20, 0x01, 0xe3,
    0x03, 0xa0, 0x7b, 0x88, 0x01, 0xd7, 0xf0, 0x22, 0xac, 0xc0, 0x80, 0x77, 0x70, 0xd1, 0x03, 0xfe,
    0x10, 0x0e, 0xff, 0xfc, 0x20, 0x1b, 0xe2, 0x3f, 0x70, 0x80, 0x00, 0xe1, 0x23, 0x56, 0x85, 0x00,
    0x87, 0x37, 0x37, 0xfd, 0xa3, 0xae, 0x00, 0x15, 0x89, 0x88, 0x3a, 0xe1, 0x8b, 0x20, 0x9e, 0xef,
    0x32, 0xee, 0xf1, 0x94, 0xf8, 0x8c, 0x00, 0x11, 0xba, 0x48, 0x01, 0x5d, 0x76, 0x65, 0xbb, 0x6d,
    0x00, 0x75, 0x44, 0x1d, 0x22, 0x12, 0x01, 0xe8, 0xbb, 0x25, 0x5d, 0xbc, 0x03, 0x96, 0x33, 0x0f,
    0x59, 0x8f, 0x70, 0x08, 0x76, 0x22, 0x44, 0x44, 0x5c, 0x20, 0x03, 0xdd, 0xcc, 0xbb, 0xb9, 0x40,
    0x45, 0x55, 0x99, 0x6a, 0xb3, 0x89, 0x4c, 0xf0, 0x1c, 0xcf, 0x10, 0x01, 0x1f, 0x00, 0x7e, 0xed,
    0xcf, 0xde, 0x8e, 0xed, 0xe4, 0x05, 0x97, 0x38, 0x53, 0xfd, 0xc5, 0x82, 0x03, 0xaa, 0x5d, 0x18,
    0x4e, 0x59, 0xb8, 0x05, 0x08, 0x88, 0x30, 0x89, 0x5e, 0x00, 0xcc, 0x22, 0x60, 0x78, 0xd4, 0x98,
    0x40, 0x7d, 0x55, 0x6a, 0x1f, 0x93, 0x42, 0x80, 0x26, 0x56, 0x93, 0x25, 0x7c, 0x66, 0x1a, 0x06,
    0xea, 0x5b, 0x74, 0x20, 0x12, 0xb0, 0x03, 0xfc, 0xcf, 0xfe, 0x10, 0x09, 0x20, 0x00, 0x44, 0xf1,
    0x31, 0x20, 0x0f, 0x1c, 0xd5, 0x1f, 0x21, 0x80, 0x3e, 0xef, 0xfb, 0x6c, 0x3a, 0x34, 0x02, 0x37,
    0x52, 0x00, 0x93, 0xfc, 0xe0, 0x10, 0x00, 0x12, 0xaf, 0xe2, 0x00, 0xd5, 0xe0, 0x1e, 0xfa, 0x00,
    0xe6, 0xcc, 0xf3, 0x00, 0x7c, 0x23, 0xe0, 0x0c, 0x2b, 0xb5, 0xdd, 0xea, 0xd5, 0x13, 0x22, 0x08,
    0xfe, 0x22, 0x19, 0x3e, 0xe6, 0xea, 0xed, 0xbb, 0x5b, 0x90, 0x01, 0x8f, 0x74, 0xee, 0xdd, 0x11,
    0x00, 0x3b, 0x51, 0x04, 0x44, 0x46, 0x00, 0x75, 0xfc, 0xc9, 0x55, 0x32, 0xe7, 0x00, 0x87, 0x8c,
    0xe0, 0x01, 0x9c, 0x04, 0x01, 0x55, 0x65, 0x55, 0x56, 0x30, 0x4d, 0xff, 0xca, 0xaf, 0xfd, 0xa8,
    0x00, 0xf2, 0x48, 0x07, 0xfc, 0x74, 0x86, 0x01, 0xfc, 0xbb, 0x73, 0xcc, 0x01, 0xe3, 0xb8, 0xd5,
    0x4f, 0xab, 0x30, 0x01, 0xde, 0x32, 0x5c, 0x42, 0x95, 0xf6, 0xcc, 0xb3, 0x67, 0xf8, 0xcd, 0xdf,
    0x1f, 0xa4, 0x2e, 0x48, 0xcc, 0x23, 0x66, 0x20, 0xb0, 0x82, 0x55, 0x64, 0x5a, 0xac, 0x80, 0x06,
    0xf2, 0xee, 0x33, 0xf7, 0x0b, 0xd8, 0x00, 0x4a, 0xa7, 0x42, 0x22, 0x3a, 0xa1, 0x00, 0x6b, 0x90,
    0x0d, 0xf0, 0x20, 0x12, 0x20, 0x8d, 0x0c, 0x91, 0x45, 0x10, 0x00, 0xff, 0x8b, 0xc4, 0x5e, 0x5f,
    0xf0, 0x80, 0x00, 0x91, 0xc0, 0x32, 0xb0, 0x07, 0x0c, 0xd1, 0x80, 0x45, 0xe0, 0x18, 0x76, 0xa7,
    0x9c, 0x03, 0xe1, 0xc7, 0x47, 0x9f, 0x00, 0xf8, 0x6c, 0x7b, 0x9f, 0x22, 0x2f, 0x01, 0x10, 0x01,
    0xaa, 0xab, 0x4e, 0xe3, 0xb7, 0x71, 0xc2, 0xed, 0x54, 0xb2, 0xff, 0x43, 0x7f, 0x9c, 0x26, 0x15,
    0x5e, 0xa0, 0x1f, 0x91, 0x7f, 0xda, 0x20, 0x1f, 0x93, 0x00, 0x0a, 0x60, 0x1f, 0x8b, 0x40, 0x16,
    0x60, 0x1f, 0x9b, 0xaa, 0x71, 0x40, 0x3f, 0x76, 0x7f, 0x5b, 0x00, 0x7e, 0x85, 0x20, 0x0e, 0x68,
    0x00, 0x80, 0x00, 0x9c, 0xc0, 0x02, 0x0e, 0x60, 0x1c, 0x73, 0x21, 0x0b, 0x5c, 0x60, 0x0c, 0x7d,
    0xba, 0xc2, 0x73, 0x72, 0x43, 0x03, 0xd5, 0x04, 0xa6, 0x3d, 0x2b, 0xf9, 0x02, 0xb3, 0xdf, 0x03,
    0x7b, 0x59, 0xba, 0x01, 0x5b, 0x4f, 0x72, 0xa0, 0x0f, 0xae, 0xc9, 0xf6, 0x17, 0x0d, 0xf1, 0x02,
    0x09, 0x85, 0x9f, 0x1f, 0xf1, 0x87, 0xf8, 0x00, 0x8c, 0x2d, 0xe8, 0xea, 0x20, 0xee, 0x20, 0x5d,
    0x05, 0xc0, 0x05, 0x2a, 0x08, 0x04, 0x7c, 0x02, 0x31, 0xb4, 0x3c, 0x00, 0x05, 0xf1, 0x2f, 0xdf,
    0x6c, 0xa1, 0x20, 0x07, 0xfb, 0xf2, 0xae, 0x94, 0x07, 0xd1, 0x01, 0x08, 0x20, 0x7a, 0x80, 0x11,
    0x62, 0x00, 0x00, 0xa0, 0xc0, 0x21, 0x1c, 0x01, 0x95, 0xe8, 0x41, 0x7f, 0x31, 0xc0, 0x12, 0x5e,
    0x0e, 0x18, 0x36, 0xe8, 0x40, 0x09, 0x72, 0x17, 0x67, 0x2f, 0x00, 0xe6, 0x9c, 0xd8, 0x04, 0xc3,
    0x00, 0xe2, 0x6b, 0x39, 0x65, 0x74, 0x00, 0x1d, 0x20, 0xdd, 0x8f, 0xaf, 0xf8, 0x02, 0xfe, 0x61,
    0x89, 0x38, 0xfa, 0xfe, 0xeb, 0x30, 0x41, 0x06, 0x0d, 0x20, 0x7d, 0xd4, 0x08, 0x00, 0xd4, 0x1d,
    0x40, 0x3f, 0xb0, 0x02, 0xd1, 0x00, 0xf8, 0x8f, 0x8e, 0x3c, 0xc2, 0xab, 0x00, 0x5f, 0xf6, 0xd1,
    0x07, 0x74, 0xa0, 0x02, 0x85, 0x10, 0x0b, 0x11, 0x28, 0x80, 0x00, 0x00, 0x9c, 0x80, 0x04, 0x5c,
    0x20, 0x12, 0xc5, 0x81, 0xe7, 0x75, 0xf4, 0x00, 0x48, 0xd3, 0xb7, 0x2c, 0xca, 0x40, 0x0b, 0x76,
    0x19, 0x21, 0x28, 0x8b, 0x80, 0x09, 0x1b, 0x91, 0xac, 0x7b, 0xb1, 0x00, 0x05, 0xec, 0x6d, 0x00,
    0x55, 0x6c, 0x00, 0x15, 0xd8, 0x6e, 0x80, 0xfb, 0xaa, 0x00, 0x14, 0x40, 0x63, 0x80, 0xf8, 0xff,
    0xb8, 0x00, 0x91, 0x00, 0x68, 0x04, 0xad, 0x32, 0x10, 0xd4, 0x0b, 0xd0, 0x0a, 0xa0, 0x70, 0x41,
    0x0c, 0x38, 0x40, 0x22, 0x62, 0x00, 0x15, 0xf0, 0xd6, 0x38, 0xce, 0xe9, 0xe4, 0x4c, 0x3b, 0x99,
    0x3a, 0xdf, 0xe4, 0xc2, 0x20, 0xc2, 0x88, 0x02, 0x6d, 0x88, 0x06, 0xcc, 0x00, 0xa4, 0x03, 0x50,
    0x42, 0x00, 0x68, 0x75, 0x00, 0x98, 0xab, 0x88, 0x00, 0xa9, 0x93, 0x0b, 0x45, 0xfe, 0x7e, 0x35,
    0xa9, 0x1f, 0x07, 0x9a, 0x1f, 0x6e, 0x36, 0x8e, 0xd8, 0xa2, 0x35, 0x1f, 0xf0, 0x91, 0xbd, 0x15,
    0x92, 0xd6, 0x50, 0x6c, 0x31, 0x5e, 0x95, 0xc0, 0xfa, 0xbd, 0x0e, 0xa1, 0x47, 0x94, 0x52, 0x21,
    0x40, 0x8d, 0x00, 0x10, 0x40, 0xa8, 0xb2, 0x57, 0x2d, 0xea, 0x04, 0x40, 0xc7, 0x1d, 0x52, 0xd4,
    0xf5, 0x0c, 0x00, 0x61, 0x22, 0xc2, 0x57, 0x18, 0x11, 0x20, 0xe9, 0x40, 0xac, 0x1d, 0x91, 0xc0,
    0x1f, 0xd8, 0xd7, 0xd9, 0xb7, 0xf0, 0x84, 0xe8, 0x20, 0x0b, 0xc5, 0x07, 0xec, 0x30, 0x00, 0xa8,
    0x02, 0x37, 0x02, 0x90, 0x0d, 0x08, 0xc0, 0x07, 0xd0, 0x12, 0x00, 0x95, 0x59, 0xb3, 0x2a, 0x5e,
    0xd4, 0xe0, 0x5a, 0x81, 0x81, 0x9a, 0x5e, 0xd4, 0xe0, 0x67, 0xed, 0x8b, 0x22, 0x09, 0x3b, 0x88,
    0x4e, 0x28, 0xac, 0xe6, 0x9f, 0xa0, 0x39, 0x0a, 0xf4, 0xae, 0x2f, 0x77, 0xb1, 0x4a, 0x3c, 0xe2,
    0xc3, 0xb7, 0x6c, 0x90, 0x04, 0x10, 0xb2, 0x80, 0xe6, 0x56, 0x01, 0x11, 0x03, 0x10, 0x06, 0xee,
    0xa0, 0x0b, 0x00, 0x1e, 0x20, 0x33, 0x35, 0x80, 0x08, 0x90, 0x74, 0x80, 0x04, 0x4b, 0x80, 0x37,
    0xf6, 0x38, 0x00, 0x46, 0x30, 0x01, 0x3a, 0x08, 0x05, 0xee, 0xf5, 0x40, 0x00, 0x00, 0xa4, 0x00,
    0x46, 0x7c, 0x20, 0x14, 0x3a, 0x82, 0x4c, 0xee, 0x40, 0x02, 0xa6, 0x4c, 0x35, 0x56, 0x40, 0x02,
    0xd4, 0x8f, 0x82, 0x66, 0x67, 0x00, 0x34, 0x76, 0xc5, 0x26, 0x66, 0x70, 0x01, 0xbd, 0x15, 0x9f,
    0x77, 0x3d, 0xa1, 0x5e, 0x95, 0xce, 0xf7, 0x0f, 0xfb, 0x50, 0xa3, 0xca, 0x2a, 0xe4, 0x02, 0x5f,
    0x10, 0x82, 0x05, 0x48, 0x04, 0x3a, 0xed, 0x10, 0x22, 0x06, 0x38, 0x54, 0x0b, 0xf8, 0x80, 0x30,
    0x01, 0xa5, 0x1d, 0xe5, 0xd0, 0xe0, 0x5b, 0x07, 0x96, 0x58, 0x60, 0x7b, 0xa5, 0x0f, 0xfa, 0xe2,
    0x97, 0x40, 0x45, 0x4a, 0x4e, 0x80, 0x19, 0x33, 0x40, 0x30, 0x00, 0x88, 0xcf, 0xf0, 0x07, 0x77,
    0xcc, 0xfa, 0x80, 0x3d, 0x37, 0x7e, 0x80, 0x0f, 0x4d, 0x57, 0x90, 0x03, 0xd3, 0x55, 0xe5, 0x00,
    0xf4, 0x6e, 0xf9, 0x40, 0x3d, 0x39, 0x9e, 0x50, 0x02, 0x77, 0x0e, 0xbb, 0xfb, 0xbc, 0x88, 0xee,
    0x07, 0xf4, 0xaf, 0x73, 0x16, 0x90, 0x03, 0xcc, 0x10, 0xff, 0xa8, 0x01, 0xfa, 0x52, 0x7d, 0x80,
    0x31, 0x03, 0x56, 0xc6, 0xbe, 0x41, 0x80, 0x4a, 0x5d, 0xf9, 0x43, 0x3a, 0x3c, 0x80, 0x07, 0xd9,
    0x51, 0x00, 0x8e, 0x75, 0x00, 0x22, 0xe1, 0x11, 0x17, 0x4c, 0xa2, 0x1e, 0x8f, 0xf1, 0x09, 0xe0,
    0xd9, 0x93, 0x00, 0x1e, 0x65, 0xa0, 0x0d, 0xaa, 0x30, 0x01, 0xea, 0x98, 0x00, 0xdb, 0xb3, 0x80,
    0x1e, 0xed, 0xe0, 0x0d, 0x88, 0x03, 0x10, 0x44, 0x38, 0x01, 0xd5, 0x51, 0xe6, 0x2a, 0x9e, 0x01,
    0x35, 0xdc, 0xb7, 0x67, 0x00, 0xcf, 0x32, 0xc2, 0xa9, 0x60, 0x0c, 0x24, 0xf6, 0xa2, 0x42, 0x01,
    0x8a, 0xbb, 0x48, 0x03, 0xea, 0xdb, 0x31, 0x00, 0xfa, 0x1c, 0x20, 0xd2, 0x3a, 0xd2, 0x90, 0x02,
    0xaa, 0x14, 0xe7, 0x40, 0x22, 0xe1, 0x11, 0x17, 0x4c, 0xa2, 0x1e, 0x8f, 0xf1, 0x09, 0xe0, 0xc9,
    0x93, 0x00, 0x1e, 0x65, 0xa0, 0x0d, 0xbb, 0x38, 0x01, 0xae, 0xde, 0x00, 0xdc, 0xc3, 0x80, 0x1b,
    0x31, 0xe0, 0x0d, 0xcc, 0x1b, 0x29, 0xee, 0xb0, 0x01, 0xd8, 0x00, 0xbb, 0x08, 0xb6, 0x40, 0x26,
    0xd6, 0xdd, 0x36, 0xb0, 0x07, 0x38, 0x3b, 0x1b, 0x80, 0x75, 0x48, 0xcc, 0x1c, 0xd0, 0x06, 0x88,
    0x1d, 0xd1, 0xdc, 0x00, 0x74, 0xd0, 0x07, 0x38, 0x04, 0xa0, 0xc0, 0x06, 0x1e, 0xb5, 0xa5, 0x55,
    0x00, 0x06, 0xc7, 0xfa, 0x40, 0x22, 0xe1, 0x11, 0x17, 0x4c, 0xa2, 0x1e, 0x8f, 0xf1, 0x09, 0xe0,
    0xd9, 0x93, 0x00, 0x1e, 0x65, 0xa0, 0x0d, 0xaa, 0x30, 0x01, 0xea, 0x98, 0x00, 0xdb, 0xb3, 0x80,
    0x1e, 0xed, 0xe0, 0x0d, 0x88, 0x03, 0x10, 0x44, 0x38, 0x01, 0xd5, 0x3c, 0xe1, 0xd3, 0x5e, 0x01,
    0xab, 0xb3, 0x1f, 0x40, 0x1f, 0x6d, 0xdb, 0x00, 0x3f, 0x64, 0xca, 0xc0, 0x3f, 0x75, 0x54, 0x01,
    0xfa, 0x33, 0x15, 0xc0, 0x1e, 0xce, 0xcc, 0x8b, 0xad, 0x29, 0x01, 0x4c, 0x02, 0x5c, 0xe8, 0x22,
    0xe1, 0x11, 0x17, 0x4c, 0xae, 0xde, 0x8f, 0xf7, 0x69, 0xe0, 0xcd, 0xd3, 0x00, 0x1b, 0x75, 0x80,
    0x0e, 0x33, 0x38, 0x01, 0xcc, 0xde, 0x00, 0x11, 0x80, 0x27, 0x11, 0x00, 0x77, 0x23, 0xa1, 0x70,
    0x06, 0xc6, 0xb3, 0x22, 0x25, 0x35, 0x80, 0x4b, 0xef, 0xda, 0x3c, 0xa0, 0x19, 0x3b, 0x89, 0x5d,
    0xc4, 0x00, 0xcf, 0x10, 0x59, 0x88, 0x38, 0x06, 0x6a, 0xd3, 0x40, 0xb6, 0x00, 0xcb, 0xbd, 0xb5,
    0xba, 0x07, 0x00, 0x93, 0x24, 0x41, 0xf6, 0xea, 0xe9, 0x44, 0x40, 0x18, 0x6f, 0x9c, 0x22, 0xe1,
    0x11, 0x17, 0x74, 0xdd, 0xbd, 0x1f, 0xee, 0xd1, 0xe1, 0x99, 0x30, 0x01, 0xb3, 0x1a, 0x00, 0xf0,
    0x03, 0x80, 0x7e, 0x3c, 0xc0, 0x80, 0x1b, 0x31, 0xa0, 0x0e, 0xb2, 0x94, 0x76, 0xab, 0xe0, 0x03,
    0x28, 0x6a, 0xd9, 0x48, 0x30, 0x04, 0x6e, 0x2d, 0xea, 0x46, 0x01, 0xb8, 0x06, 0xe5, 0xc9, 0x80,
    0x34, 0xc5, 0x72, 0x47, 0x20, 0x06, 0x6d, 0xb0, 0x14, 0xd7, 0x00, 0xcf, 0x88, 0x40, 0x01, 0x71,
    0x00, 0x8b, 0xed, 0x45, 0x22, 0xb5, 0xf8, 0xc2, 0x9c, 0x20, 0xc2, 0x7e, 0x80, 0x28, 0x00, 0x11,
    0x7f, 0xa4, 0x3b, 0xbd, 0xfe, 0x0b, 0x44, 0x66, 0x7b, 0xc2, 0x0f, 0x98, 0x8b, 0x84, 0x00, 0x82,
    0xd3, 0x2f, 0xc9, 0x93, 0x00, 0x65, 0xbb, 0x9e, 0xec, 0xe0, 0x1c, 0x44, 0x13, 0x22, 0x00, 0x7a,
    0x65, 0x49, 0x32, 0x20, 0x0e, 0xbb, 0x9e, 0xec, 0x40, 0x1f, 0xfc, 0x4a, 0xdd, 0x43, 0xee, 0xa8,
    0x03, 0x56, 0xeb, 0xb9, 0xba, 0xa1, 0x00, 0xfe, 0x7f, 0xc4, 0xd3, 0x00, 0xf3, 0xf7, 0xc8, 0x23,
    0x38, 0x40, 0x3e, 0xef, 0xf6, 0xcb, 0xf7, 0x75, 0x07, 0xe1, 0xd7, 0xb7, 0xfd, 0x02, 0x00, 0x64,
    0x20, 0xf1, 0x18, 0xc0, 0x2b, 0xb0, 0x07, 0xf9, 0x6c, 0x01, 0xe4, 0x51, 0x80, 0x50, 0xa6, 0x0d,
    0xff, 0x40, 0x06, 0xbb, 0x04, 0xee, 0xd6, 0x00, 0x72, 0xdf, 0x00, 0xfc, 0x5c, 0x0c, 0x01, 0xf9,
    0x72, 0x84, 0x3c, 0x46, 0x30, 0x0f, 0x9b, 0xfe, 0x80, 0x0f, 0xa7, 0xba, 0xb1, 0xd3, 0x00, 0xa1,
    0xc0, 0x25, 0xa0, 0x22, 0x84, 0x01, 0x22, 0x00, 0x72, 0x0f, 0xef, 0xc0, 0x34, 0x10, 0x05, 0xb0,
    0x03, 0x6d, 0x02, 0xa8, 0x01, 0xfb, 0x74, 0x4c, 0x71, 0x10, 0xf2, 0x01, 0xb2, 0x48, 0x3f, 0xfc,
    0x06, 0xe0, 0x01, 0x77, 0x09, 0x3b, 0xc3, 0xa6, 0x07, 0x5d, 0xc3, 0x0b, 0x30, 0x0f, 0x22, 0x90,
    0x03, 0xa4, 0x03, 0xfe, 0x57, 0x20, 0x0c, 0xf9, 0x60, 0x1b, 0x88, 0x03, 0x27, 0xb8, 0x06, 0x30,
    0x0e, 0x31, 0x00, 0xfc, 0xe0, 0x1f, 0xcf, 0xc4, 0x40, 0xc1, 0x00, 0xb0, 0x41, 0xff, 0x84, 0x00,
    0x33, 0x88, 0x00, 0x34, 0x01, 0xdb, 0xfe, 0xc1, 0x0a, 0x78, 0x88, 0x80, 0x19, 0x4e, 0x34, 0xb1,
    0xa0, 0xa6, 0x01, 0x6d, 0x50, 0xdb, 0xc5, 0x78, 0x40, 0x06, 0xe7, 0x73, 0x26, 0xb5, 0x30, 0x08,
    0x80, 0xd2, 0x7d, 0x2c, 0xf6, 0x48, 0x06, 0x21, 0xb9, 0xf1, 0x37, 0xfc, 0x60, 0x04, 0x5b, 0x9d,
    0xc2, 0xce, 0xe0, 0x80, 0x98, 0x12, 0x77, 0x03, 0xb9, 0x60, 0x07, 0x8b, 0x24, 0x22, 0x01, 0x14,
    0x00, 0x6b, 0x54, 0x2e, 0xe0, 0x77, 0x46, 0x01, 0x9f, 0xba, 0x0e, 0xe8, 0xc0, 0x3f, 0xf8, 0x3e,
    0x01, 0xf6, 0x80, 0x60, 0x23, 0x38, 0x08, 0xbc, 0x21, 0x3f, 0xed, 0x5e, 0xee, 0xc4, 0x00, 0x7e,
    0x02, 0x07, 0xe6, 0x48, 0x01, 0x95, 0xc4, 0x2a, 0x22, 0x60, 0x0d, 0xfa, 0x00, 0x1d, 0xd8, 0x03,
    0xb3, 0x40, 0x16, 0xab, 0x30, 0x06, 0x64, 0x20, 0xde, 0xe9, 0x40, 0x39, 0xdc, 0x15, 0x44, 0xef,
    0x00, 0x9c, 0x98, 0x41, 0xd1, 0xce, 0xf8, 0x40, 0x12, 0xa8, 0x01, 0x2e, 0xea, 0xc4, 0x1e, 0xe4,
    0x03, 0x49, 0x98, 0x03, 0xe1, 0xaa, 0x47, 0x5b, 0x80, 0x71, 0x19, 0xbe, 0x0f, 0x6c, 0xe8, 0xc0,
    0x05, 0xd4, 0xa2, 0x07, 0x86, 0x23, 0x31, 0x00, 0x4e, 0xa0, 0x1b, 0xfe, 0xc1, 0x00, 0x1c, 0x00,
    0x76, 0xca, 0x47, 0x72, 0x8f, 0xb9, 0xe8, 0x00, 0xfe, 0x08, 0xee, 0xe4, 0x00, 0x1b, 0xa6, 0x84,
    0x47, 0x6b, 0x01, 0xb2, 0x21, 0x7b, 0xb9, 0xc8, 0x01, 0x1e, 0x06, 0xcd, 0xc2, 0x01, 0x1a, 0xc7,
    0x7f, 0xbb, 0xfb, 0x8a, 0x06, 0x60, 0x8e, 0x5a, 0xc2, 0xee, 0x28, 0x3f, 0xd8, 0x01, 0xdc, 0x01,
    0xe4, 0xc5, 0x05, 0x02, 0x00, 0x91, 0x00, 0x19, 0x6e, 0x40, 0x31, 0x98, 0x02, 0x79, 0xa4, 0x02,
    0x1e, 0xa4, 0xc1, 0x07, 0xc4, 0x00, 0xb3, 0xb4, 0xc0, 0x33, 0x88, 0x02, 0x1a, 0x00, 0xdb, 0x1f,
    0x80, 0x15, 0x22, 0x00, 0x35, 0xd9, 0x80, 0x14, 0x39, 0x2a, 0x01, 0xae, 0x8a, 0xc2, 0x8b, 0xe2,
    0x02, 0x06, 0xe5, 0xc3, 0xae, 0xe5, 0x51, 0x20, 0x13, 0x96, 0x48, 0x7c, 0x87, 0xd2, 0x80, 0xc4,
    0x00, 0xde, 0x8d, 0xdc, 0x01, 0x95, 0xeb, 0x31, 0xe5, 0x99, 0x20, 0x12, 0x04, 0x77, 0x24, 0x7b,
    0xf9, 0x41, 0x7a, 0x4a, 0x5d, 0x8c, 0xdc, 0x02, 0x0f, 0x68, 0xae, 0xa0, 0x01, 0x8e, 0x00, 0xc3,
    0x1c, 0x01, 0x95, 0x94, 0x02, 0x1c, 0x2b, 0xf7, 0x00, 0x52, 0xf8, 0x04, 0x21, 0x59, 0x40, 0x18,
    0x33, 0x88, 0x02, 0x66, 0x00, 0x6d, 0x8f, 0xc3, 0x66, 0x6e, 0x33, 0x10, 0x01, 0x72, 0x81, 0xdc,
    0x71, 0xee, 0x08, 0x05, 0xfc, 0x71, 0x04, 0xc8, 0x82, 0x80, 0x05, 0xd3, 0x76, 0x69, 0xdd, 0x88,
    0x00, 0xc9, 0x98, 0x4c, 0xf7, 0xec, 0x20, 0x18, 0xf0, 0xa0, 0x21, 0xfe, 0x40, 0x08, 0xd6, 0xb2,
    0x5d, 0x97, 0xf4, 0x00, 0x26, 0x14, 0xa5, 0xdc, 0x20, 0x90, 0x02, 0xc5, 0xbf, 0x71, 0xd7, 0xb9,
    0x20, 0x04, 0xb5, 0x6c, 0xc3, 0x56, 0x62, 0x00, 0x31, 0x16, 0x1e, 0x22, 0x84, 0x02, 0x8e, 0xe9,
    0x55, 0xdd, 0x27, 0x80, 0x2b, 0x33, 0xf2, 0x80, 0x22, 0xc0, 0x46, 0x7c, 0x21, 0xfd, 0xcc, 0x0e,
    0x9a, 0xab, 0x90, 0x01, 0xb2, 0x80, 0x0d, 0xcc, 0x84, 0x03, 0x7f, 0x00, 0x3c, 0xce, 0x00, 0xc6,
    0xe8, 0x01, 0x08, 0xe0, 0x0c, 0x26, 0x11, 0xa4, 0x54, 0x38, 0x00, 0xe2, 0x19, 0x13, 0x3d, 0xcc,
    0x00, 0x45, 0xdb, 0x5d, 0xde, 0x60, 0x33, 0x01, 0xca, 0x7e, 0x7e, 0x78, 0x01, 0xfd, 0xfe, 0xa8,
    0xdc, 0x5e, 0x60, 0x04, 0xcb, 0xe7, 0xb9, 0x98, 0x44, 0x01, 0x89, 0xfb, 0x8e, 0x2a, 0xcc, 0x00,
    0xed, 0xf0, 0xaa, 0xa3, 0xc3, 0xc4, 0x01, 0x24, 0x4c, 0x1b, 0xc5, 0x00, 0x23, 0x31, 0x23, 0x00,
    0x18, 0xc0, 0x2f, 0xfc, 0x5e, 0x00, 0xc5, 0x17, 0x10, 0xca, 0x50, 0x7d, 0xd0, 0x66, 0x3c, 0x02,
    0xdb, 0x07, 0xdd, 0x00, 0x32, 0x04, 0x09, 0xcc, 0x02, 0x20, 0xc1, 0x75, 0x03, 0x03, 0xd7, 0xe9,
    0x3d, 0x8a, 0x10, 0x18, 0x9e, 0xae, 0x1f, 0xed, 0x94, 0x00, 0x2b, 0xbb, 0xa9, 0x77, 0xfc, 0x20,
    0x01, 0x51, 0x13, 0xce, 0x44, 0x9e, 0x80, 0x13, 0xe4, 0x00, 0x89, 0x88, 0x02, 0x5b, 0x50, 0x01,
    0x16, 0x10, 0x0f, 0xc2, 0x38, 0xc0, 0x3e, 0x3d, 0xdc, 0xa0, 0x0c, 0x00, 0x8f, 0x26, 0x76, 0xc8,
    0x00, 0x33, 0x88, 0x18, 0xc1, 0x40, 0x36, 0xc7, 0xf8, 0x2e, 0x2a, 0x26, 0x62, 0x0b, 0xa5, 0x74,
    0xa6, 0x51, 0xa7, 0x00, 0xb7, 0xf2, 0xb5, 0x68, 0xd1, 0xc8, 0x09, 0xdb, 0x6c, 0x2c, 0x82, 0xe0,
    0x00, 0x40, 0x6c, 0x68, 0x05, 0xe4, 0x60, 0x14, 0xc5, 0x99, 0xa6, 0x5e, 0xf8, 0x80, 0x07, 0x74,
    0xc5, 0xde, 0x9c, 0x50, 0x17, 0x14, 0xdd, 0x77, 0x37, 0x52, 0x20, 0x9d, 0x0d, 0x3b, 0x69, 0xb3,
    0x60, 0x05, 0xb4, 0x44, 0x00, 0x6f, 0x50, 0x0c, 0x33, 0xe0, 0x1a, 0x60, 0x80, 0x21, 0x93, 0x98,
    0xd0, 0x2e, 0x2f, 0x00, 0x90, 0x23, 0x1c, 0x00, 0x60, 0x03, 0x38, 0x80, 0x27, 0x40, 0x0e, 0xc8,
    0xfc, 0x59, 0x95, 0xcc, 0xce, 0x00, 0x1b, 0xa7, 0x76, 0xaf, 0xf1, 0xf2, 0x00, 0x6d, 0xd2, 0x99,
    0x22, 0x5e, 0x84, 0x00, 0x27, 0x41, 0x14, 0x08, 0xa3, 0x84, 0x02, 0x30, 0x37, 0xad, 0xdd, 0x4a,
    0x40, 0x01, 0x88, 0x01, 0x4c, 0xe0, 0x70, 0x0c, 0x8a, 0x03, 0x55, 0x84, 0x03, 0x0a, 0x00, 0x7f,
    0xe4, 0xfb, 0x1c, 0xbf, 0x3b, 0xe5, 0x00, 0x96, 0xd3, 0x3f, 0xd4, 0xbf, 0xed, 0x50, 0x0c, 0x3b,
    0xb5, 0xae, 0xec, 0xa0, 0x1c, 0x23, 0x18, 0x08, 0xc0, 0x0f, 0x00, 0xf2, 0x50, 0x06, 0x33, 0x84,
    0x10, 0x15, 0xc1, 0x08, 0x36, 0x3a, 0x82, 0x14, 0xf8, 0x60, 0x02, 0xa5, 0xd4, 0xbc, 0xf2, 0x94,
    0x71, 0x00, 0x2b, 0x9f, 0x9b, 0x21, 0x86, 0x80, 0x15, 0xc5, 0xf1, 0x98, 0x8f, 0xf0, 0x20, 0xcc,
    0x19, 0x8e, 0xf2, 0xde, 0xd2, 0x03, 0xb9, 0xb4, 0x05, 0xc1, 0x0e, 0x20, 0x01, 0x98, 0x1e, 0x65,
    0xb6, 0xf0, 0x40, 0x66, 0x18, 0x98, 0x6e, 0x82, 0x82, 0x05, 0xcc, 0x07, 0xdd, 0xb0, 0x40, 0x40,
    0x0d, 0x6d, 0x58, 0xac, 0xfe, 0x5e, 0xa0, 0x18, 0xa7, 0x87, 0x74, 0x5c, 0xa0, 0x10, 0xf4, 0x18,
    0x06, 0x10, 0xf1, 0x01, 0xc4, 0x00, 0xda, 0x40, 0x33, 0x84, 0x02, 0x37, 0x00, 0xdb, 0x1f, 0xb4,
    0x33, 0x17, 0x33, 0x19, 0xad, 0x28, 0xd2, 0x96, 0x37, 0x62, 0x00, 0x23, 0xd8, 0xa2, 0x3a, 0x7f,
    0x04, 0x0d, 0x84, 0x9e, 0xb7, 0x40, 0x5e, 0x60, 0x4c, 0xcd, 0xbf, 0x43, 0x9d, 0x31, 0x01, 0xae,
    0x81, 0x3d, 0xff, 0x47, 0x10, 0x01, 0x4c, 0x03, 0x19, 0x98, 0x02, 0x15, 0x10, 0x08, 0xf3, 0x1a,
    0x01, 0x26, 0xc8, 0x04, 0x7b, 0xac, 0x00, 0x96, 0xcc, 0x02, 0x39, 0xb3, 0x00, 0xe3, 0x82, 0x8a,
    0x03, 0xd9, 0x10, 0x0a, 0xe6, 0xf2, 0xfb, 0xef, 0x53, 0x00, 0x10, 0x80, 0xb9, 0xdd, 0x94, 0x00,
    0x99, 0x40, 0xdc, 0x03, 0xf0, 0xc0, 0x90, 0x49, 0x91, 0x42, 0x01, 0x51, 0xfc, 0xc0, 0x44, 0xcc,
    0x40, 0x08, 0x47, 0xdd, 0x61, 0xee, 0xdc, 0x60, 0xa8, 0xc0, 0x66, 0x00, 0x19, 0xc2, 0x00, 0x5d,
    0x17, 0xee, 0x59, 0xf7, 0x5a, 0x01, 0x08, 0x55, 0x50, 0x75, 0x54, 0x00, 0x75, 0x6e, 0xa0, 0x77,
    0x73, 0x00, 0x13, 0xea, 0xbf, 0x73, 0x00, 0x04, 0x32, 0x38, 0x46, 0xd8, 0x00, 0xca, 0xf6, 0xc8,
    0x49, 0xaf, 0x84, 0x01, 0xc5, 0xaf, 0x58, 0x94, 0x22, 0x00, 0x17, 0x75, 0x9b, 0xae, 0xbe, 0x8f,
    0xd0, 0x2f, 0xec, 0x96, 0x21, 0x58, 0xbe, 0xd0, 0x00, 0x99, 0x80, 0x70, 0x01, 0xf8, 0xa0, 0x51,
    0x98, 0xa8, 0x91, 0x00, 0x07, 0x8b, 0xb7, 0xc3, 0x37, 0x66, 0x01, 0xa2, 0x7e, 0xe1, 0x07, 0x75,
    0xe8, 0x04, 0x6e, 0x46, 0x6e, 0x03, 0x39, 0x40, 0x07, 0x00, 0x9f, 0xea, 0x1f, 0xfa, 0x40, 0x39,
    0x6a, 0x9e, 0x55, 0x55, 0x88, 0x06, 0x5a, 0xa7, 0x8d, 0x56, 0xb0, 0x12, 0xd9, 0x99, 0x52, 0x67,
    0x40, 0x94, 0xff, 0xa7, 0x19, 0xf2, 0x67, 0x11, 0xdd, 0xa4, 0x88, 0xac, 0x44, 0x9b, 0xb1, 0x82,
    0x56, 0x76, 0x17, 0x67, 0xfa, 0x94, 0x52, 0x37, 0xdc, 0x03, 0x36, 0xff, 0x12, 0x63, 0x88, 0x02,
    0x58, 0x02, 0x5b, 0x30, 0x00, 0x23, 0x00, 0x66, 0x49, 0x10, 0x00, 0x9e, 0x79, 0x88, 0x0d, 0xa8,
    0x48, 0x00, 0xe1, 0x55, 0xce, 0x14, 0x2c, 0x22, 0x72, 0x25, 0xb7, 0xd0, 0x3a, 0x38, 0x21, 0x80,
    0x48, 0xe6, 0x00, 0x37, 0xc7, 0x5f, 0x72, 0x49, 0xf1, 0x15, 0x40, 0x5c, 0xa7, 0x48, 0xaf, 0x9d,
    0x96, 0xe8, 0x17, 0x18, 0xf0, 0x17, 0x39, 0x6b, 0xe0, 0x39, 0x4b, 0x54, 0x53, 0xbd, 0x6b, 0xe4,
    0x2a, 0xd2, 0x6c, 0x81, 0x60, 0x07, 0x00, 0x0b, 0x0d, 0x70, 0x63, 0x16, 0x02, 0x8a, 0x1e, 0x64,
    0x43, 0x12, 0xa2, 0x00, 0x58, 0x86, 0x42, 0xfc, 0x19, 0x9f, 0x51, 0x89, 0x00, 0x7e, 0xf7, 0xc0,
    0x2d, 0xe2, 0x00, 0x4d, 0xbb, 0xe3, 0x03, 0x3e, 0x00, 0x41, 0x90, 0x06, 0xf9, 0xaa, 0x60, 0x0b,
    0x3f, 0x88, 0x06, 0x89, 0x90, 0x01, 0x91, 0x51, 0xc4, 0x02, 0x89, 0x90, 0x0c, 0xa6, 0x35, 0xe2,
    0x07, 0xf3, 0x6d, 0xc8, 0xde, 0x9f, 0xea, 0x05, 0xe0, 0x66, 0x10, 0xc9, 0x05, 0xd0, 0x00, 0xba,
    0x3a, 0x9e, 0xd9, 0xc7, 0xdc, 0x10, 0x15, 0x35, 0x60, 0x07, 0x51, 0x4d, 0x08, 0x15, 0x9d, 0xa0,
    0x03, 0x18, 0x69, 0x84, 0x32, 0x42, 0x60, 0xc0, 0xc4, 0xc0, 0x40, 0x04, 0x40, 0x2b, 0x20, 0xf7,
    0x2a, 0x71, 0x49, 0xb1, 0xe3, 0x50, 0xe9, 0x28, 0x94, 0x7f, 0xf6, 0xf5, 0x78, 0x17, 0xc6, 0x7b,
    0x1b, 0x21, 0x02, 0x45, 0xc3, 0x36, 0x20, 0x00, 0x31, 0xc0, 0x04, 0xc6, 0xe0, 0x18, 0x6c, 0x0d,
    0x88, 0x6c, 0x2d, 0x88, 0x01, 0x21, 0x4d, 0x8b, 0x21, 0x45, 0xf6, 0x08, 0xc0, 0x1b, 0x98, 0x02,
    0x3e, 0x05, 0xb6, 0xa1, 0xea, 0xb6, 0xa2, 0xe5, 0x01, 0x66, 0x50, 0xf3, 0x35, 0x45, 0xca, 0x01,
    0xf6, 0x00, 0x04, 0x0f, 0xc8, 0x0b, 0xab, 0xa6, 0x8b, 0xaf, 0x6a, 0xcc, 0x1b, 0xb3, 0x7b, 0x99,
    0xdc, 0xcb, 0x31, 0x07, 0xd9, 0x09, 0xdd, 0x63, 0xa4, 0x80, 0x73, 0x54, 0xdb, 0xf9, 0x58, 0x80,
    0x61, 0x33, 0x32, 0xd0, 0x13, 0x21, 0x01, 0x77, 0xc7, 0xfb, 0xb7, 0x6c, 0x9f, 0x12, 0xfe, 0xb8,
    0x40, 0x01, 0xbd, 0x6e, 0x84, 0x00, 0x9c, 0xc0, 0x22, 0x65, 0x10, 0x01, 0x44, 0x33, 0xe2, 0x04,
    0xa3, 0xac, 0x00, 0x3f, 0xee, 0x4f, 0x79, 0xd2, 0x5f, 0x88, 0x0f, 0x1f, 0xf8, 0x35, 0x0b, 0xb5,
    0xb0, 0xc0, 0x02, 0x02, 0x00, 0x81, 0xd8, 0x9d, 0x30, 0x01, 0xfc, 0x08, 0x48, 0x27, 0xf2, 0x00,
    0x33, 0xb9, 0xfd, 0x88, 0x3c, 0xaa, 0xe1, 0x02, 0xe1, 0x6e, 0x11, 0xaa, 0x97, 0x42, 0x12, 0x29,
    0xa3, 0x46, 0x0d, 0x98, 0x61, 0x03, 0x57, 0x05, 0x60, 0x00, 0x88, 0x04, 0x02, 0x95, 0xca, 0x00,
    0x9f, 0x71, 0xc4, 0x01, 0x1b, 0x7a, 0x01, 0x4e, 0xdc, 0xa0, 0x00, 0x84, 0x50, 0xe6, 0x1f, 0xb5,
    0xee, 0x18, 0x00, 0x1c, 0xc0, 0xfb, 0x36, 0x30, 0x01, 0x90, 0x28, 0x00, 0x32, 0x30, 0x04, 0x9a,
    0xd9, 0xed, 0x61, 0x6f, 0xac, 0x00, 0x4d, 0x29, 0xa2, 0xb3, 0x02, 0xe1, 0x10, 0x05, 0x73, 0xf2,
    0x12, 0x79, 0x73, 0x88, 0x1f, 0xa4, 0x91, 0x6a, 0xfa, 0xf1, 0xa8, 0x07, 0x49, 0x16, 0xca, 0x68,
    0x7c, 0x82, 0x0f, 0x69, 0x19, 0x18, 0xfc, 0xe9, 0xc6, 0x1b, 0xa3, 0x5d, 0x10, 0x4a, 0x4a, 0xa1,
    0x01, 0x90, 0xf1, 0x38, 0x13, 0x16, 0x30, 0xac, 0x49, 0x54, 0xf8, 0x38, 0xb8, 0x08, 0x2e, 0x40,
    0xae, 0x60, 0x15, 0xd7, 0x1c, 0x40, 0xe6, 0xc3, 0x04, 0x16, 0x57, 0x64, 0xcb, 0xa5, 0x22, 0x48,
    0x1f, 0xeb, 0x7c, 0x4b, 0x50, 0x00, 0xa6, 0xf4, 0xcd, 0x88, 0x3d, 0xdf, 0xfc, 0x85, 0xff, 0xce,
    0xbf, 0xfc, 0xa2, 0x45, 0xc7, 0xe4, 0x5c, 0x21, 0x3f, 0xf9, 0xa3, 0xff, 0x50, 0x05, 0x3d, 0xfe,
    0x68, 0xef, 0xf4, 0x80, 0x75, 0xc8, 0x80, 0x22, 0x88, 0x03, 0xd5, 0xf6, 0x00, 0x9f, 0x90, 0x0f,
    0x23, 0x50, 0x01, 0x16, 0xc0, 0x3d, 0xb6, 0x40, 0x0d, 0xc3, 0x00, 0xf4, 0xfd, 0x80, 0x26, 0x28,
    0x03, 0xe4, 0x90, 0x09, 0x24, 0x03, 0xf8, 0x40, 0x0f, 0xd1, 0x80, 0x08, 0x70, 0x0a, 0x1c, 0x1f,
    0xb8, 0xc0, 0x03, 0x3f, 0xf0, 0x0c, 0xce, 0xef, 0x99, 0xc2, 0x99, 0x99, 0x99, 0x99, 0x92, 0xc4,
    0x73, 0x88, 0xf5, 0x82, 0x6e, 0x81, 0x33, 0xf7, 0x48, 0x0e, 0x51, 0x06, 0x00, 0x54, 0x40, 0x9e,
    0x5a, 0x66, 0x00, 0x5c, 0xc9, 0xa4, 0x13, 0xfd, 0x9a, 0x5b, 0xfe, 0x40, 0x02, 0xee, 0xd9, 0x8d,
    0xd4, 0x50, 0x01, 0x37, 0x7e, 0x50, 0x08, 0x73, 0x3e, 0x20, 0x09, 0xf3, 0x3e, 0x20, 0x0b, 0x37,
    0x7e, 0x50, 0x0a, 0x26, 0x7e, 0xd8, 0x00, 0x01, 0x33, 0xff, 0x00, 0x47, 0x55, 0xbb, 0xea, 0xb0,
    0x80, 0x1f, 0x33, 0x33, 0x33, 0x32, 0x00, 0x2c, 0x8b, 0x00, 0x91, 0x6b, 0x00, 0x93, 0x74, 0x07,
    0x9f, 0xba, 0x40, 0x09, 0xca, 0x20, 0xc0, 0x09, 0x88, 0x13, 0x80, 0x25, 0x22, 0x0c, 0x00, 0x98,
    0x83, 0xc8, 0x04, 0x3b, 0xa0, 0xf0, 0xfd, 0xd1, 0x00, 0x70, 0x8f, 0xe7, 0x00, 0x14, 0xef, 0xff,
    0xea, 0x92, 0x3a, 0xa7, 0xb7, 0xd5, 0x35, 0xfa, 0xa8, 0x62, 0x6f, 0x0e, 0xae, 0xe1, 0x68, 0x53,
    0x10, 0x07, 0x11, 0xcf, 0x6e, 0xbe, 0x2d, 0x00, 0x2a, 0xcb, 0xaa, 0x4c, 0x3b, 0xb1, 0x00, 0x02,
    0x2f, 0xf0, 0x00, 0x62, 0x37, 0xf4, 0x46, 0x10, 0x6d, 0xdc, 0x2f, 0xbb, 0x98, 0x24, 0xcf, 0x31,
    0x19, 0xe9, 0x00, 0x3f, 0x70, 0xcb, 0xb3, 0xb8, 0xe0, 0x0a, 0x72, 0x20, 0x80, 0x38, 0x88, 0xd4,
    0x08, 0xb7, 0x64, 0xd3, 0x4b, 0xb3, 0xa0, 0x02, 0xbe, 0x26, 0x26, 0x51, 0xfc, 0x01, 0xaf, 0xfc,
    0xc9, 0xfe, 0xb0, 0x0e, 0xe2, 0x20, 0x19, 0x13, 0xc0, 0x38, 0xbf, 0xcc, 0xcf, 0xf1, 0x81, 0x90,
    0x17, 0x5d, 0x9d, 0x2e, 0xd3, 0xd4, 0x81, 0x2a, 0x44, 0xf5, 0xff, 0xca, 0xe0, 0x1c, 0xbb, 0xbd,
    0x82, 0x00, 0x19, 0xff, 0x80, 0x21, 0x99, 0xdd, 0xf3, 0x38, 0x40, 0x0c, 0x45, 0x85, 0xc8, 0xb4,
    0x80, 0x27, 0x33, 0x31, 0x66, 0x66, 0x00, 0x9f, 0xfd, 0x85, 0xdb, 0xfe, 0x70, 0x0b, 0x18, 0xcd,
    0xc0, 0x0f, 0x33, 0x36, 0x00, 0x09, 0xee, 0xc9, 0xa6, 0x97, 0x67, 0x20, 0x1d, 0xfe, 0xe7, 0xdd,
    0x7f, 0x73, 0xf4, 0x87, 0x7f, 0xf1, 0xdf, 0xfe, 0xc2, 0x00, 0x6c, 0xcb, 0x5b, 0xb3, 0xa7, 0x10,
    0x03, 0x5d, 0x86, 0xec, 0x5d, 0x68, 0x01, 0xff, 0xce, 0xa4, 0x60, 0x0b, 0x80, 0x1c, 0x00, 0xc2,
    0xbf, 0x30, 0x00, 0x19, 0xff, 0x80, 0x21, 0xaa, 0xdf, 0xea, 0xac, 0x20, 0x08, 0x33, 0xc2, 0x06,
    0x7a, 0x00, 0x0f, 0x3d, 0xc9, 0x44, 0x77, 0x52, 0xe0, 0x04, 0x02, 0x23, 0x8f, 0x89, 0x10, 0x10,
    0x01, 0x4b, 0xfe, 0x30, 0x06, 0xff, 0x96, 0x80, 0x03, 0xe0, 0x0e, 0x2d, 0x10, 0x07, 0xb8, 0x00,
    0xdf, 0x7f, 0xd9, 0x8f, 0xfc, 0xa0, 0x11, 0xb8, 0x8f, 0xc0, 0x40, 0x01, 0x38, 0xac, 0xc5, 0x66,
    0x5b, 0x66, 0x0a, 0x96, 0x57, 0x68, 0x09, 0xd7, 0x93, 0x0a, 0xf2, 0x02, 0x43, 0xdf, 0xb9, 0x30,
    0x57, 0x5a, 0x19, 0xd0, 0x7d, 0x9c, 0xd3, 0x5a, 0x08, 0xeb, 0x96, 0x10, 0x49, 0xc3, 0x00, 0x19,
    0xff, 0x80, 0x21, 0xaa, 0xdf, 0xea, 0xac, 0x20, 0x08, 0x00, 0xff, 0x40, 0x01, 0xeb, 0x75, 0x4a,
    0x9b, 0xb5, 0x38, 0x80, 0x04, 0xcc, 0xc3, 0xe4, 0x66, 0x10, 0x0b, 0x9f, 0xb8, 0x40, 0x01, 0xee,
    0x27, 0x08, 0x01, 0x7b, 0x5e, 0x44, 0xb3, 0x06, 0x80, 0x31, 0x0b, 0xe8, 0x48, 0x33, 0xb3, 0x80,
    0x1b, 0xc6, 0x6d, 0x60, 0xff, 0x88, 0x00, 0x2b, 0xc2, 0x8c, 0x61, 0x77, 0x68, 0x04, 0xa6, 0x95,
    0xec, 0x13, 0x35, 0x00, 0x12, 0x68, 0x0b, 0x50, 0x3f, 0xeb, 0x00, 0x26, 0x88, 0x00, 0x48, 0x33,
    0x2d, 0x00, 0x84, 0x2d, 0x00, 0x1f, 0x11, 0x55, 0x80, 0x00, 0x19, 0xff, 0x80, 0x21, 0xaa, 0xdf,
    0xea, 0xac, 0x20, 0x0b, 0x33, 0xc2, 0x23, 0x3d, 0x00, 0x04, 0x8c, 0xc7, 0x25, 0x7e, 0x62, 0x5c,
    0x00, 0xe0, 0x18, 0x40, 0x40, 0x02, 0xe0, 0x09, 0x11, 0x83, 0x8b, 0x3c, 0x45, 0x20, 0x05, 0xfc,
    0xc4, 0xbb, 0x99, 0x72, 0x0c, 0x02, 0x4b, 0xb0, 0xbf, 0x2f, 0x70, 0x0c, 0x00, 0x29, 0x98, 0x02,
    0xdf, 0xc8, 0xa0, 0x08, 0x61, 0x11, 0x05, 0x7f, 0x75, 0xb4, 0x60, 0x42, 0x04, 0x66, 0x07, 0xfd,
    0x2f, 0x20, 0x01, 0x8e, 0x9b, 0x15, 0x54, 0x4e, 0x25, 0x56, 0x5b, 0x8e, 0x15, 0x76, 0x20, 0x01,
    0x6e, 0xae, 0xa1, 0x27, 0x6e, 0xde, 0x40, 0x00, 0xf3, 0x30, 0x03, 0xe3, 0xcc, 0xd1, 0x0c, 0xcc,
    0xa0, 0x03, 0xdd, 0xce, 0xdb, 0xb9, 0x40, 0x28, 0xaa, 0x91, 0x6a, 0xa8, 0x00, 0x0a, 0x6f, 0xfc,
    0xe9, 0xff, 0x6a, 0x09, 0xee, 0xf1, 0x86, 0xef, 0x19, 0x4d, 0x88, 0xfe, 0xb9, 0x20, 0x00, 0xae,
    0x67, 0x91, 0xc0, 0x38, 0xff, 0xfc, 0x40, 0x1e, 0x3a, 0xaf, 0x28, 0x07, 0x8e, 0xab, 0xca, 0x01,
    0xe3, 0xbb, 0xf2, 0x80, 0x7f, 0xd3, 0x8a, 0xe0, 0x18, 0xfc, 0x03, 0x46, 0xf1, 0x00, 0x00, 0x00,
    0xa4, 0x80, 0x26, 0x50, 0x0c, 0x31, 0x07, 0xb8, 0x50, 0xbc, 0x75, 0x00, 0xb3, 0x07, 0xf8, 0xd0,
    0xff, 0x98, 0x00, 0x0f, 0x79, 0xd7, 0xd2, 0xda, 0x34, 0x00, 0x06, 0x60, 0xe6, 0x29, 0xb3, 0x43,
    0xe8, 0x16, 0xa8, 0x99, 0x49, 0x7a, 0x59, 0x40, 0x04, 0xc0, 0x0c, 0x53, 0x23, 0xbf, 0x75, 0x0c,
    0xea, 0xa2, 0x36, 0xe8, 0x3f, 0x05, 0xc0, 0x15, 0x10, 0x22, 0x33, 0x00, 0x44, 0xc4, 0x00, 0x8a,
    0xa1, 0x05, 0xc8, 0xfd, 0x00, 0x69, 0xbb, 0x18, 0x4d, 0x95, 0x6c, 0x80, 0x53, 0x54, 0x30, 0x0e,
    0x13, 0x00, 0xc5, 0x66, 0x2f, 0xa0, 0x20, 0x1a, 0x10, 0xa7, 0x81, 0xb3, 0x40, 0x30, 0x00, 0xc3,
    0x60, 0x09, 0x20, 0x0f, 0xe4, 0x00, 0x20, 0x80, 0x74, 0x4c, 0xac, 0x03, 0x4c, 0xe2, 0x0d, 0xff,
    0x68, 0x06, 0x2f, 0xf8, 0xc1, 0x59, 0xa0, 0x0d, 0x6c, 0xd0, 0x82, 0xbb, 0xa4, 0x03, 0x5b, 0xb9,
    0x80, 0x2f, 0xf0, 0x07, 0x0f, 0xf8, 0x40, 0x0b, 0x10, 0x90, 0x0d, 0x51, 0x07, 0x01, 0x44, 0xc0,
    0x19, 0x51, 0x22, 0x3f, 0xfb, 0x80, 0x35, 0x7f, 0xce, 0x57, 0x75, 0x00, 0x6f, 0xbb, 0x94, 0x03,
    0xff, 0xa8, 0x3a, 0x00, 0xf3, 0x00, 0xc0, 0x2d, 0xdf, 0xfc, 0x65, 0xdd, 0xc1, 0x5d, 0xdc, 0x40,
    0x64, 0x50, 0x92, 0x91, 0x63, 0x10, 0x8f, 0xfb, 0x07, 0x3b, 0xfe, 0x80, 0x0a, 0x79, 0xa7, 0xb8,
    0xd1, 0xcc, 0x01, 0xf6, 0x44, 0x14, 0x03, 0xfc, 0x5b, 0xa7, 0x00, 0xff, 0x72, 0x20, 0x80, 0x3f,
    0xd5, 0x53, 0x80, 0x7f, 0xaa, 0xec, 0xe0, 0x1f, 0x5c, 0xa5, 0xcc, 0x93, 0x65, 0x00, 0x33, 0x7d,
    0x53, 0xfd, 0x7b, 0xee, 0x01, 0x4d, 0xb3, 0x7e, 0xa9, 0x00, 0x00, 0x86, 0x80, 0x35, 0x90, 0x06,
    0x88, 0x92, 0x23, 0x25, 0xc4, 0x00, 0x1d, 0xd0, 0x77, 0x61, 0xee, 0x80, 0x0c, 0xc5, 0x01, 0x1c,
    0x0a, 0xcc, 0x00, 0xc7, 0x03, 0x98, 0x18, 0x30, 0x0e, 0x7b, 0xcc, 0x33, 0x33, 0x17, 0x00, 0x1b,
    0x36, 0x64, 0xee, 0x99, 0x6a, 0x00, 0x70, 0x8c, 0x66, 0x11, 0x80, 0x38, 0xf6, 0x64, 0x88, 0x99,
    0x6a, 0x80, 0x43, 0x35, 0x52, 0x2d, 0x55, 0x02, 0x09, 0xff, 0xce, 0xdf, 0xfc, 0x88, 0xee, 0xe6,
    0x67, 0x77, 0x20, 0x07, 0xff, 0x22, 0x64, 0x01, 0xe0, 0x05, 0x50, 0x50, 0x00, 0x98, 0x98, 0x02,
    0x3f, 0xf3, 0xa3, 0x82, 0xf3, 0x68, 0x07, 0x84, 0x04, 0x2e, 0xc0, 0x10, 0x81, 0xe0, 0x88, 0xd8,
    0xce, 0x00, 0x0e, 0x08, 0x26, 0x5c, 0x84, 0x00, 0x6b, 0x51, 0x14, 0xd9, 0x7c, 0x80, 0x64, 0x18,
    0x00, 0xa1, 0xf3, 0xa8, 0x00, 0x65, 0x40, 0x13, 0x89, 0xf8, 0x88, 0x22, 0x98, 0x40, 0x26, 0xe7,
    0x22, 0x00, 0x2e, 0x40, 0x3a, 0x75, 0xa5, 0xc0, 0x06, 0x01, 0x08, 0x24, 0xeb, 0x4d, 0x00, 0x79,
    0x19, 0x6b, 0xde, 0xa4, 0x02, 0x77, 0x09, 0x18, 0x07, 0xf1, 0x07, 0x53, 0x80, 0x12, 0xc0, 0x2d,
    0x01, 0xcf, 0xd2, 0x00, 0xf4, 0xa8, 0x07, 0xc6, 0xef, 0x8a, 0x1d, 0xf2, 0x00, 0x6e, 0xc0, 0xca,
    0x0c, 0xd0, 0x0c, 0x6f, 0x4a, 0xce, 0xfb, 0xdd, 0x00, 0x4c, 0xc0, 0x6e, 0x66, 0x62, 0x63, 0x30,
    0x94, 0x44, 0xdb, 0x10, 0xd5, 0x88, 0x88, 0xee, 0xff, 0xf1, 0x80, 0x13, 0xf7, 0x7d, 0xce, 0x01,
    0xc9, 0xbb, 0xe4, 0x00, 0xf2, 0xd5, 0x79, 0xc0, 0x3c, 0x53, 0x3e, 0x60, 0x0f, 0x9d, 0xfc, 0x01,
    0xf0, 0xee, 0xf9, 0x80, 0x39, 0x72, 0x67, 0xd8, 0xc0, 0x00, 0x00, 0x31, 0x00, 0x20, 0xc0, 0x95,
    0x61, 0x04, 0xc7, 0x4d, 0x1a, 0xd4, 0xe2, 0xb3, 0x08, 0x6f, 0x53, 0x00, 0x18, 0x18, 0xc9, 0x05,
    0x86, 0x50, 0x6e, 0x8c, 0x00, 0x5a, 0x01, 0x55, 0xf8, 0x0f, 0x09, 0x82, 0x1a, 0x02, 0x6c, 0x00,
    0xc9, 0xae, 0x05, 0x92, 0x8d, 0x68, 0x0c, 0xb9, 0xe7, 0x0f, 0x58, 0x8a, 0x4c, 0xd6, 0x3b, 0x85,
    0x3e, 0x60, 0x03, 0x9c, 0xf3, 0xbf, 0xf5, 0x9f, 0xfa, 0x4c, 0xd7, 0x5f, 0x75, 0xfe, 0xab, 0xfd,
    0xb3, 0x02, 0x7a, 0x00, 0xf6, 0x91, 0x00, 0x30, 0x8f, 0xce, 0x01, 0xf7, 0x77, 0x84, 0x03, 0x93,
    0x26, 0x7d, 0x8e, 0x00, 0x13, 0x00, 0x09, 0x17, 0xc0, 0xb0, 0x00, 0x7e, 0xe7, 0xef, 0x74, 0x60,
    0x19, 0xb3, 0x10, 0x99, 0x91, 0x80, 0x75, 0x64, 0x2e, 0x62, 0x80, 0x09, 0xdc, 0x86, 0xed, 0xec,
    0xf6, 0x00, 0x27, 0x72, 0x02, 0x6a, 0xa8, 0x00, 0xfd, 0xf1, 0x17, 0x00, 0x7e, 0xda, 0xab, 0xc0,
    0x30, 0xb3, 0x87, 0xe6, 0x60, 0x01, 0xaf, 0xf9, 0x40, 0x47, 0x70, 0x03, 0x67, 0xe4, 0xab, 0x88,
    0x9b, 0xf2, 0x14, 0xe2, 0x05, 0xe8, 0x87, 0x0a, 0x10, 0x0c, 0xbf, 0xd8, 0x61, 0x1d, 0x28, 0x01,
    0x2e, 0xb8, 0x80, 0x47, 0xa8, 0x00, 0xe1, 0x1f, 0xe0, 0x22, 0xcf, 0xba, 0xce, 0xdd, 0x9c, 0xff,
    0x31, 0xe1, 0x98, 0x92, 0xcc, 0x98, 0xf6, 0x1f, 0x5a, 0x72, 0x4f, 0x31, 0x60, 0x1f, 0x14, 0x6f,
    0x67, 0x28, 0x07, 0xef, 0x99, 0xa0, 0x03, 0xfb, 0xae, 0xe9, 0x00, 0xf8, 0x83, 0x15, 0x6b, 0x00,
    0xdc, 0x9b, 0x01, 0xc6, 0x76, 0x80, 0x13, 0x55, 0x5f, 0x40, 0x01, 0x18, 0xc0, 0x0d, 0xdb, 0x04,
    0x1b, 0xda, 0x5b, 0xd2, 0x04, 0x60, 0x10, 0x89, 0xf1, 0xfd, 0x48, 0x03, 0x93, 0x3f, 0xc8, 0x0f,
    0xd0, 0xa0, 0x19, 0x36, 0x04, 0x02, 0x3d, 0x50, 0x00, 0x85, 0x44, 0x7f, 0x00, 0x45, 0x84, 0xd9,
    0x97, 0x66, 0x48, 0x0d, 0x96, 0xee, 0xdd, 0x5a, 0x6e, 0xc8, 0x5b, 0xa6, 0x00, 0x5e, 0x5b, 0x66,
    0x2c, 0x0a, 0xcc, 0x18, 0x5b, 0xb7, 0x59, 0xec, 0x01, 0xab, 0x04, 0x26, 0xee, 0x80, 0x08, 0xf0,
    0x28, 0x01, 0x15, 0x54, 0x00, 0x07, 0xaa, 0x80, 0x15, 0x4c, 0xe0, 0x00, 0xeb, 0x03, 0x18, 0x65,
    0xdd, 0xe0, 0x1c, 0x90, 0x20, 0x4a, 0xb6, 0x80, 0x65, 0xaa, 0x14, 0x78, 0x00, 0x7a, 0x00, 0x66,
    0xe9, 0x07, 0x58, 0x98, 0x2c, 0x40, 0xc3, 0xd1, 0x18, 0x1e, 0x80, 0xfd, 0x2a, 0x52, 0x20, 0x9b,
    0x02, 0x01, 0x1e, 0xa8, 0x00, 0x91, 0x40, 0x02, 0x3e, 0x00, 0xc4, 0x40, 0x06, 0xeb, 0x3f, 0x74,
    0x81, 0x5d, 0x13, 0xba, 0xcc, 0x53, 0x66, 0x10, 0x07, 0x62, 0x7d, 0xa3, 0x25, 0x73, 0x40, 0x3c,
    0xda, 0x53, 0xdb, 0x86, 0x01, 0x7d, 0xd7, 0x98, 0x75, 0x54, 0x20, 0x14, 0xf7, 0x80, 0x86, 0xc4,
    0x40, 0x1b, 0x60, 0xd9, 0x43, 0x2a, 0xa0, 0x09, 0xe8, 0xb1, 0xc4, 0x37, 0x32, 0x00, 0x84, 0xa0,
    0xcc, 0x00, 0xf1, 0x18, 0x00, 0x20, 0x08, 0x75, 0x6f, 0x12, 0x26, 0xc0, 0x3b, 0xa4, 0xa7, 0x94,
    0x1c, 0xd9, 0x40, 0x05, 0xc3, 0x40, 0x53, 0xd8, 0x83, 0x96, 0xa8, 0x88, 0x10, 0x05, 0xd8, 0x80,
    0x03, 0x8a, 0x00, 0xa0, 0x40, 0x48, 0xbc, 0x01, 0x1b, 0xa8, 0x4f, 0x73, 0x3f, 0xb8, 0x80, 0x0f,
    0xa9, 0x48, 0xcc, 0x1f, 0x66, 0x10, 0x29, 0x17, 0xe5, 0x77, 0x0f, 0xf2, 0xc1, 0x83, 0x28, 0xb8,
    0x07, 0x3b, 0x39, 0x81, 0xe9, 0x19, 0x0d, 0xca, 0xaa, 0x90, 0x00, 0x99, 0xa8, 0x0c, 0x0a, 0xee,
    0x80, 0x0a, 0x63, 0x7f, 0x04, 0xa6, 0x6a, 0x00, 0xaa, 0xed, 0xaa, 0x27, 0x99, 0x80, 0x22, 0x51,
    0xb8, 0x00, 0x08, 0xc4, 0x01, 0x1f, 0x62, 0x91, 0xd6, 0x11, 0x3e, 0xc0, 0x03, 0x6d, 0xe0, 0x7a,
    0xae, 0x6a, 0x60, 0x1a, 0x81, 0x7f, 0x70, 0x13, 0xe1, 0x40, 0x21, 0x75, 0xd7, 0x00, 0x8b, 0x54,
    0x00, 0xf8, 0x47, 0xc0, 0x9f, 0xfd, 0x1b, 0xaf, 0xcd, 0xd2, 0xa7, 0xff, 0x46, 0x60, 0xe7, 0x30,
    0xa1, 0x35, 0x54, 0x86, 0x60, 0xe3, 0x30, 0x00, 0x49, 0x99, 0xc0, 0xb7, 0xb3, 0x48, 0x02, 0x23,
    0x30, 0x05, 0x75, 0x4b, 0x00, 0xdb, 0x98, 0x00, 0xa2, 0x30, 0x05, 0xdf, 0xb3, 0x40, 0x0a, 0xac,
    0x01, 0x35, 0x0f, 0x88, 0x03, 0x33, 0x00, 0x4e, 0xa0, 0xe8, 0x00, 0x21, 0x11, 0x00, 0x45, 0x28,
    0x36, 0xb3, 0xc4, 0x4e, 0x90, 0x4d, 0xbf, 0x4e, 0x7e, 0x46, 0x45, 0x20, 0x5e, 0xe5, 0xc3, 0xf8,
    0xe8, 0x9f, 0xca, 0x89, 0x80, 0x47, 0xb0, 0x20, 0x02, 0xc5, 0x00, 0xa4, 0x40, 0x48, 0xbc, 0x22,
    0x22, 0x22, 0x93, 0xf7, 0x33, 0x1d, 0xc5, 0x2e, 0xe1, 0x47, 0x06, 0x60, 0xab, 0x30, 0x87, 0x98,
    0x2e, 0xc6, 0xac, 0x38, 0xca, 0x00, 0x76, 0x97, 0xea, 0xb7, 0xfb, 0x3d, 0xc0, 0x05, 0xa7, 0x94,
    0x61, 0x15, 0x48, 0x00, 0x84, 0x80, 0xb8, 0x01, 0xf1, 0x0f, 0x00, 0x9e, 0x4e, 0x0c, 0x83, 0x6a,
    0x9a, 0x01, 0x51, 0x83, 0xc2, 0x07, 0xe6, 0x3c, 0x02, 0x34, 0x2a, 0xf2, 0x01, 0x1c, 0x00, 0x2e,
    0xf0, 0x48, 0x0a, 0xe2, 0x27, 0xd8, 0x2d, 0x98, 0x01, 0x4f, 0x91, 0x91, 0x4c, 0x1d, 0x80, 0x21,
    0xc0, 0xc1, 0x3f, 0x95, 0x00, 0xbc, 0x87, 0x60, 0x40, 0x05, 0x8a, 0x01, 0x33, 0xc0, 0x23, 0xe0,
    0x04, 0xfd, 0x53, 0x4e, 0xa9, 0x98, 0xaa, 0x18, 0x01, 0x73, 0x00, 0x33, 0x0d, 0x71, 0x26, 0x00,
    0x33, 0x80, 0x17, 0x05, 0xf1, 0x00, 0x08, 0x7b, 0x80, 0x11, 0x7f, 0x8c, 0x02, 0xa8, 0xbb, 0x69,
    0x00, 0x0c, 0xc0, 0x12, 0x4c, 0x46, 0xb0, 0x2c, 0xc1, 0x80, 0x12, 0x64, 0x5b, 0x54, 0x0c, 0xbb,
    0x68, 0x04, 0x8a, 0x1e, 0xea, 0x15, 0xdc, 0xb0, 0x0b, 0x80, 0x3a, 0x53, 0xb8, 0x96, 0x00, 0x2a,
    0x2c, 0x67, 0xce, 0x22, 0x7e, 0x88, 0x9f, 0xdf, 0xd1, 0xa5, 0x84, 0x4f, 0x26, 0x8a, 0x59, 0xf9,
    0xdc, 0xdd, 0xd2, 0xcb, 0x00, 0x05, 0x8b, 0xb6, 0x67, 0x20, 0x00, 0xa0, 0xc0, 0x04, 0x5e, 0x01,
    0x55, 0x14, 0xaa, 0x77, 0x3f, 0x3b, 0x88, 0x79, 0x06, 0x68, 0xcc, 0x95, 0xb3, 0x08, 0x52, 0x71,
    0x63, 0x0f, 0xac, 0xb9, 0xa2, 0x0a, 0x4d, 0x0c, 0xbf, 0x1d, 0xb8, 0x60, 0x0b, 0x4f, 0x20, 0xd0,
    0x9a, 0xa8, 0x40, 0x29, 0xb3, 0xd8, 0x0a, 0x88, 0x84, 0x02, 0x7a, 0x94, 0x00, 0x6d, 0x54, 0x01,
    0x9a, 0x2a, 0x04, 0x0f, 0x32, 0x00, 0xcb, 0x9d, 0x44, 0x02, 0x38, 0x00, 0x44, 0x5d, 0x7d, 0x5c,
    0x02, 0x26, 0xc8, 0xaa, 0x0b, 0x64, 0xb1, 0x39, 0xb2, 0x80, 0x0e, 0xaf, 0xb1, 0x6b, 0x71, 0x07,
    0x30, 0xa8, 0x55, 0x02, 0x15, 0x64, 0x00, 0x1b, 0x50, 0x01, 0x22, 0xe1, 0x22, 0xe1, 0x0a, 0xfe,
    0xcc, 0x74, 0xf7, 0xef, 0x71, 0x40, 0x1d, 0x89, 0x79, 0x19, 0x2b, 0x98, 0x40, 0x03, 0xe2, 0x4e,
    0x16, 0x4a, 0x66, 0x00, 0x33, 0xf6, 0x08, 0x83, 0x7b, 0x08, 0x03, 0x2c, 0xc8, 0xc0, 0xaa, 0xa1,
    0x00, 0xc5, 0x76, 0x30, 0x28, 0x88, 0x40, 0x0e, 0x02, 0xaa, 0x30, 0x1a, 0xa8, 0x40, 0x26, 0x8d,
    0xeb, 0x10, 0xcc, 0x84, 0x00, 0x41, 0xdb, 0xfc, 0x00, 0x11, 0x80, 0x02, 0x68, 0x60, 0x02, 0x75,
    0xd2, 0xd9, 0x04, 0x46, 0x50, 0x02, 0xd8, 0xc1, 0xcf, 0xc0, 0x1b, 0x49, 0x44, 0x1d, 0xb0, 0x16,
    0x6a, 0xa4, 0x07, 0xc4, 0x2d, 0x60, 0x0a, 0xd4, 0x03, 0x07, 0x12, 0x2f, 0xc2, 0x12, 0x96, 0x7c,
    0xfd, 0xcc, 0xc7, 0x71, 0x07, 0xc4, 0x1d, 0x11, 0x98, 0x2a, 0xcc, 0x29, 0x7c, 0x9f, 0x13, 0x56,
    0x14, 0xe6, 0x00, 0xec, 0x05, 0xf9, 0xdb, 0xb9, 0xba, 0x20, 0x2d, 0x92, 0x8f, 0x60, 0x9a, 0xa5,
    0x80, 0x50, 0xb6, 0xf0, 0xe1, 0xf1, 0x10, 0x00, 0x90, 0x2c, 0x20, 0x83, 0x6a, 0xa0, 0x01, 0xe6,
    0x0b, 0x9a, 0x83, 0xf3, 0x20, 0x01, 0xee, 0x82, 0x72, 0x00, 0x48, 0xa0, 0x08, 0x5c, 0xe5, 0x06,
    0x78, 0x45, 0xd0, 0x02, 0xf1, 0xfe, 0x94, 0xd4, 0x55, 0x80, 0x05, 0xb8, 0x44, 0xd8, 0x1c, 0x22,
    0x65, 0x31, 0xd1, 0x00, 0x07, 0x24, 0x40, 0x03, 0x8c, 0x01, 0x22, 0xe1, 0x1f, 0x00, 0x36, 0x2e,
    0xec, 0x7d, 0xce, 0xdd, 0x18, 0x03, 0x7f, 0xe3, 0x4c, 0xe3, 0xcc, 0x18, 0x00, 0x48, 0xa0, 0x06,
    0x71, 0x6e, 0x80, 0x2d, 0xff, 0x8c, 0x07, 0x7b, 0x40, 0x29, 0x3b, 0xb0, 0x79, 0x05, 0xdc, 0x60,
    0x33, 0xb4, 0xe5, 0x68, 0x15, 0x51, 0x81, 0xbd, 0xcf, 0xa8, 0x20, 0x4c, 0xc6, 0x04, 0x48, 0xab,
    0x0d, 0x70, 0xbb, 0x80, 0x06, 0x9a, 0xb2, 0xdd, 0x80, 0xab, 0x00, 0x0e, 0x21, 0x39, 0x05, 0x57,
    0xc2, 0x29, 0x00, 0x41, 0x48, 0x2e, 0x20, 0xa3, 0xef, 0x82, 0xa0, 0xbb, 0x8d, 0xff, 0x74, 0x14,
    0x6a, 0xa9, 0x0b, 0x14, 0x0a, 0xa0, 0x80, 0x2d, 0x40, 0x00, 0xff, 0xe2, 0x6f, 0xff, 0xec, 0x00,
    0xed, 0xff, 0xb6, 0xaf, 0x00, 0x3c, 0x99, 0xbd, 0xcc, 0x20, 0x0f, 0x93, 0x74, 0xf3, 0x26, 0x00,
    0xf8, 0x73, 0x5e, 0x36, 0xc0, 0x3e, 0x11, 0x6b, 0xc6, 0x38, 0x88, 0x03, 0x18, 0x07, 0xfe, 0x10,
    0x32, 0xd7, 0xbc, 0x03, 0x30, 0x04, 0x44, 0x1e, 0xd7, 0xb9, 0x81, 0x00, 0xc8, 0xa0, 0x18, 0xc2,
    0x44, 0xcc, 0xc1, 0x54, 0xbe, 0xe2, 0x57, 0x8b, 0x3d, 0x8a, 0x31, 0xd7, 0x73, 0x72, 0xf4, 0x39,
    0xcd, 0x2c, 0x04, 0x03, 0x85, 0xd3, 0x90, 0x00, 0x08, 0xfe, 0x00, 0xe7, 0xff, 0xfb, 0x86, 0x5c,
    0x00, 0xfd, 0xcb, 0xc7, 0xee, 0x1d, 0x03, 0x80, 0x16, 0x7b, 0x8c, 0xc0, 0x02, 0x82, 0xc8, 0x00,
    0x85, 0x2d, 0x00, 0x2d, 0x7c, 0xd0, 0x03, 0xe0, 0x07, 0x91, 0xef, 0x55, 0x32, 0x53, 0x30, 0x19,
    0x94, 0xe8, 0xa2, 0xfd, 0x2f, 0xf8, 0x3f, 0xc0, 0x3c, 0x23, 0x18, 0x19, 0xc0, 0x66, 0x6f, 0x39,
    0x00, 0xb3, 0x40, 0x38, 0x99, 0xec, 0x00, 0x4a, 0x80, 0x1d, 0xa3, 0x9e, 0x00, 0x96, 0x10, 0x0e,
    0x45, 0x53, 0xb9, 0x1e, 0x40, 0x21, 0x00, 0x0e, 0xc6, 0x9a, 0x60, 0x80, 0x5c, 0x01, 0x1e, 0xfa,
    0x00, 0x00, 0xf2, 0xb8, 0x07, 0xfc, 0x97, 0x48, 0x01, 0xfc, 0xf3, 0x1f, 0x10, 0x10, 0x0e, 0x4c,
    0xcc, 0x9a, 0x1e, 0xe4, 0x07, 0xb0, 0x6d, 0x8f, 0x18, 0xa3, 0xd8, 0xa7, 0xd8, 0x19, 0xba, 0xed,
    0xc1, 0x9f, 0x50, 0x30, 0x06, 0xe6, 0x6d, 0x00, 0x08, 0x07, 0x6e, 0x66, 0xd0, 0x0f, 0xd9, 0xbb,
    0xb0, 0x50, 0x03, 0xd9, 0xb7, 0x59, 0xe7, 0xc0, 0x1f, 0x9f, 0xf3, 0x13, 0x40, 0x18, 0x41, 0xe2,
    0xbb, 0xd6, 0x4c, 0x03, 0x28, 0xe7, 0xf9, 0xca, 0xe7, 0x84, 0x02, 0x4e, 0xa7, 0x41, 0x00, 0x2e,
    0x88, 0x00, 0x00, 0xa8, 0x40, 0x3c, 0x46, 0x01, 0x4b, 0xd0, 0x83, 0xcd, 0xef, 0x58, 0x02, 0x4f,
    0x31, 0xa3, 0x3b, 0x3b, 0x90, 0x0e, 0x77, 0x8f, 0x46, 0x08, 0x40, 0x19, 0xb2, 0x8e, 0xf8, 0x83,
    0x33, 0x50, 0x0f, 0x6f, 0xc2, 0x00, 0x07, 0xb9, 0x22, 0x01, 0x5e, 0xf8, 0x04, 0x8c, 0x44, 0xc0,
    0x0a, 0x33, 0x80, 0x2c, 0xd0, 0xb4, 0x00, 0xa3, 0x38, 0x04, 0xd5, 0x10, 0x06, 0x01, 0x46, 0x5e,
    0x13, 0x05, 0x52, 0x40, 0x38, 0xad, 0x54, 0x60, 0x01, 0x00, 0xc9, 0x1d, 0x73, 0xb8, 0xd5, 0x70,
    0xa0, 0x07, 0x9c, 0x7f, 0x70, 0xaf, 0x4e, 0x93, 0x0b, 0x40, 0x01, 0xe2, 0x61, 0x01, 0xe1, 0x80,
    0x00, 0xa1, 0x00, 0x28, 0x30, 0x0f, 0x32, 0xca, 0x00, 0x14, 0x40, 0x3a, 0x2f, 0xfa, 0x58, 0x48,
    0x4c, 0xe0, 0x73, 0xc8, 0x7f, 0x14, 0x1f, 0xfb, 0x0d, 0xba, 0x9e, 0x64, 0x9d, 0x1d, 0xba, 0x13,
    0x12, 0x26, 0x60, 0x11, 0x5e, 0x51, 0x54, 0x01, 0x3e, 0xe9, 0x4f, 0x45, 0xc0, 0x1c, 0x01, 0x36,
    0x61, 0x40, 0xc0, 0xb5, 0x14, 0x02, 0x6c, 0xc2, 0x80, 0x08, 0x54, 0x03, 0x9b, 0x27, 0x50, 0x29,
    0x85, 0x00, 0x38, 0x76, 0x00, 0xda, 0xe6, 0x00, 0x2c, 0x5c, 0x00, 0x3e, 0xc1, 0x2b, 0xc8, 0x05,
    0x1b, 0x10, 0xa8, 0x60, 0x05, 0x2a, 0x82, 0xd4, 0x00, 0x7a, 0xc0, 0x10, 0xe2, 0x80, 0x00, 0xa8,
    0x03, 0xa4, 0x40, 0x3a, 0x5e, 0x84, 0x44, 0x43, 0x72, 0x20, 0x02, 0x4f, 0x0b, 0x63, 0xa4, 0x76,
    0x70, 0x1c, 0xef, 0x62, 0x8f, 0xee, 0xf1, 0x03, 0x65, 0x15, 0x8d, 0xc6, 0xed, 0xdc, 0x01, 0xed,
    0xff, 0x68, 0x87, 0xee, 0x8c, 0x80, 0x2b, 0xd9, 0x00, 0x95, 0x60, 0x0e, 0x8c, 0xe0, 0x0b, 0xb7,
    0x4a, 0x01, 0xa3, 0x38, 0x02, 0xfd, 0xd8, 0x80, 0x28, 0xca, 0xa0, 0x03, 0x32, 0xea, 0x00, 0xc5,
    0x48, 0x00, 0x89, 0x97, 0x00, 0x49, 0x1d, 0x5e, 0x00, 0xa7, 0x77, 0x80, 0x4d, 0x38, 0xfe, 0x01,
    0xfd, 0x48, 0x00, 0x40, 0xa8, 0x77, 0x54, 0x00, 0x00, 0x99, 0x80, 0x19, 0x60, 0x03, 0xc9, 0x06,
    0x00, 0x18, 0xc0, 0x08, 0xf3, 0x1c, 0x1d, 0x99, 0x14, 0x66, 0x10, 0xbb, 0xac, 0xf7, 0x5f, 0xde,
    0xe9, 0x44, 0x9e, 0xaa, 0x53, 0xaa, 0x9c, 0x84, 0x01, 0xe5, 0xdc, 0x8c, 0xee, 0x17, 0x80, 0x71,
    0x2a, 0xf8, 0x80, 0x3c, 0x95, 0x5e, 0x40, 0x0f, 0x54, 0xcf, 0xa8, 0x03, 0xd1, 0xbb, 0xe8, 0x00,
    0xf4, 0x6e, 0xfa, 0x00, 0x3d, 0x53, 0x3e, 0xa0, 0x0f, 0x2e, 0x67, 0x94, 0x03, 0xae, 0x15, 0x7d,
    0x16, 0x00, 0x00, 0xf8, 0x4d, 0xa4, 0x80, 0x34, 0xde, 0x6f, 0x7c, 0x7f, 0x80, 0x3a, 0xa3, 0xb1,
    0x99, 0x72, 0xc4, 0x00, 0x28, 0xbb, 0x54, 0xa2, 0x22, 0x38, 0x8f, 0xba, 0xf6, 0x11, 0x37, 0xf7,
    0x46, 0x2c, 0xc4, 0xb9, 0x55, 0x45, 0xab, 0x30, 0x40, 0x0d, 0x94, 0xe0, 0x06, 0x8e, 0x91, 0x03,
    0xda, 0x70, 0x60, 0x03, 0x15, 0x1f, 0x99, 0xbb, 0x8e, 0x00, 0xee, 0x00, 0x2b, 0xfc, 0x60, 0x60,
    0x03, 0x3f, 0x08, 0x08, 0x07, 0x11, 0x78, 0x40, 0x3e, 0x44, 0xf0, 0x80, 0x7d, 0x55, 0xe2, 0x00,
    0xe2, 0xc9, 0x9f, 0x7a, 0x80, 0x00, 0x02, 0x33, 0xc2, 0x00, 0x84, 0x00, 0xd3, 0x1f, 0xd2, 0xa0,
    0x02, 0x20, 0x07, 0x45, 0x2d, 0x20, 0x07, 0xf7, 0x5b, 0x60, 0x80, 0x7f, 0x74, 0x36, 0x2f, 0xf9,
    0x67, 0xfc, 0xc0, 0x0e, 0x86, 0xd5, 0xff, 0x19, 0x7f, 0x98, 0x01, 0xd0, 0xda, 0x20, 0x02, 0x31,
    0x00, 0xdf, 0x2b, 0x6c, 0x06, 0x65, 0x50, 0x05, 0x3d, 0xf0, 0x62, 0x08, 0x8c, 0xc0, 0x05, 0x15,
    0x42, 0x20, 0x85, 0x6a, 0xa8, 0x00, 0x26, 0x3e, 0x6c, 0x6c, 0x12, 0x22, 0x50, 0x4f, 0xf3, 0xab,
    0x9c, 0x74, 0x74, 0xc0, 0xa3, 0xb2, 0x6b, 0x64, 0x9a, 0xc2, 0xba, 0x08, 0x81, 0x77, 0x54, 0xe0,
    0x05, 0x0a, 0x50, 0x02, 0x33, 0xc2, 0x23, 0x3e, 0x00, 0x74, 0x77, 0xca, 0xb7, 0x7f, 0xda, 0x01,
    0x42, 0xd5, 0xa0, 0x56, 0x64, 0x01, 0xbd, 0x6f, 0x48, 0x03, 0xfb, 0x96, 0xf0, 0x80, 0x3f, 0xbd,
    0xaf, 0x08, 0x31, 0x9a, 0x00, 0xde, 0xd7, 0x85, 0xe1, 0x97, 0xcc, 0x01, 0x7b, 0x5e, 0x30, 0x65,
    0x9c, 0x40, 0x01, 0xb9, 0xf3, 0x62, 0x38, 0xc8, 0x02, 0xb9, 0x83, 0xd1, 0x22, 0x02, 0xd0, 0x00,
    0x4c, 0x7c, 0xd8, 0xd5, 0x41, 0x6c, 0x20, 0x9f, 0xe7, 0x57, 0xd5, 0x10, 0x34, 0xb0, 0x77, 0x32,
    0xd3, 0x1f, 0x80, 0x56, 0xca, 0x42, 0x09, 0x3b, 0x68, 0x01, 0x0e, 0x28, 0x02, 0x33, 0xc2, 0x89,
    0xc4, 0x00, 0x98, 0xef, 0x85, 0x8f, 0xee, 0x4d, 0x80, 0x50, 0x95, 0x44, 0x97, 0xb9, 0x08, 0x00,
    0xbd, 0x2e, 0xc0, 0xb7, 0xbd, 0x22, 0x01, 0x72, 0xc5, 0x02, 0x60, 0x03, 0x4c, 0x02, 0xf6, 0x8b,
    0xaf, 0xe4, 0x9e, 0xf5, 0x00, 0x7b, 0x45, 0xc6, 0x9a, 0x68, 0xd2, 0x80, 0x3d, 0xa3, 0x12, 0x80,
    0x34, 0x00, 0x2b, 0x7f, 0x9c, 0x19, 0xdd, 0x8e, 0x01, 0x5c, 0x4d, 0xb9, 0xb6, 0xac, 0x6a, 0x80,
    0x98, 0x03, 0x09, 0x33, 0x0b, 0x29, 0x00, 0x9f, 0xd2, 0x86, 0x04, 0x6f, 0xa5, 0xc2, 0x8c, 0xc4,
    0xb7, 0x8e, 0x85, 0x1c, 0x46, 0x10, 0x02, 0x4d, 0x4e, 0x5c, 0xc3, 0x4b, 0x80, 0x02, 0x33, 0xc2,
    0x00, 0xa5, 0x00, 0xd3, 0x1d, 0xf0, 0x41, 0x01, 0x06, 0x01, 0xa1, 0x6a, 0x86, 0xc9, 0x7d, 0xc3,
    0x00, 0xbd, 0x6e, 0xa2, 0x12, 0xaf, 0x5a, 0xc0, 0x0e, 0xab, 0xb7, 0x56, 0x4f, 0xf6, 0x20, 0x03,
    0xe6, 0x31, 0xc3, 0x5b, 0x35, 0x88, 0x01, 0xf3, 0x18, 0xb3, 0x8d, 0xb9, 0x40, 0x17, 0xcd, 0xe6,
    0x1e, 0x1f, 0xa0, 0x02, 0xad, 0xfe, 0x50, 0x79, 0x7f, 0x90, 0x0a, 0xe2, 0x16, 0x7b, 0xda, 0x6d,
    0x5a, 0x02, 0x63, 0xd8, 0xec, 0x7a, 0xce, 0xa6, 0x09, 0xfe, 0x64, 0x02, 0x95, 0x98, 0xb6, 0x07,
    0x66, 0x25, 0xb5, 0x06, 0x89, 0x7d, 0x29, 0x00, 0x16, 0xae, 0xd2, 0x20, 0x02, 0xc5, 0x02, 0x2e,
    0x00, 0x0d, 0x90, 0x06, 0xee, 0x67, 0x40, 0x02, 0xde, 0x44, 0x03, 0x6a, 0x75, 0x04, 0x8e, 0x6e,
    0x8c, 0x02, 0xc4, 0xf9, 0xc4, 0x19, 0xf7, 0xe4, 0x00, 0x62, 0x7c, 0xff, 0xa6, 0xa9, 0x18, 0xa0,
    0x0c, 0x4f, 0x86, 0x89, 0x09, 0x94, 0x08, 0x03, 0x13, 0xe3, 0x78, 0x98, 0x6d, 0x40, 0x2a, 0x49,
    0xa0, 0x11, 0x00, 0x0c, 0x02, 0xf8, 0xbf, 0x7c, 0xc0, 0x31, 0x5d, 0x80, 0x15, 0x7a, 0x60, 0x81,
    0xa7, 0x6a, 0xe0, 0x7c, 0x00, 0x21, 0x13, 0x98, 0x2b, 0x00, 0x14, 0xf6, 0x99, 0xe5, 0xf1, 0xe8,
    0x68, 0x19, 0x15, 0x3c, 0xd2, 0x2f, 0xaa, 0xc8, 0x80, 0x13, 0x6c, 0x60, 0x84, 0xb8, 0x41, 0x00,
    0x02, 0x44, 0x88, 0x01, 0x05, 0x22, 0x01, 0x2f, 0xef, 0xd2, 0x52, 0xcb, 0xd4, 0x80, 0x6e, 0xd0,
    0x2d, 0x5f, 0x5a, 0x40, 0x0b, 0x34, 0x02, 0xb5, 0x85, 0xa0, 0x00, 0xe6, 0xb6, 0x9f, 0xa2, 0x24,
    0xa0, 0x00, 0x41, 0xd1, 0xe2, 0x02, 0x18, 0xb4, 0xa0, 0x44, 0x88, 0x8c, 0x0c, 0xf8, 0x8c, 0x7e,
    0xf2, 0xfa, 0x3f, 0xfb, 0x8c, 0x01, 0x57, 0x40, 0x0b, 0x22, 0xbf, 0x40, 0x24, 0x85, 0x00, 0x88,
    0xa3, 0x00, 0xcb, 0x48, 0x03, 0x3e, 0x66, 0x5a, 0x00, 0xae, 0x6c, 0x00, 0xce, 0xc0, 0xa6, 0x01,
    0x9a, 0x4a, 0xf4, 0x32, 0x97, 0x14, 0x1d, 0x99, 0xcb, 0x79, 0xb9, 0x99, 0x40, 0x00, 0xf3, 0xa0,
    0x07, 0x85, 0x57, 0xb7, 0xd5, 0x78, 0x4f, 0x33, 0x8c, 0xb3, 0x38, 0x0a, 0x64, 0x01, 0xfa, 0x24,
    0x40, 0x02, 0xd5, 0x5e, 0x73, 0x00, 0xf5, 0xdf, 0x84, 0x03, 0x87, 0x2e, 0xfd, 0x84, 0x01, 0x57,
    0x77, 0xfa, 0x80, 0x2b, 0xd9, 0x9f, 0x6c, 0x00, 0x70, 0xd1, 0x9d, 0x92, 0x01, 0xfc, 0x89, 0x60,
    0x07, 0xf0, 0xd5, 0x5a, 0xa0, 0x1f, 0x0d, 0xcc, 0xe8, 0xab, 0xd0, 0x05, 0xa0, 0x20, 0x07, 0x56,
    0xb8, 0x00, 0x00, 0x22, 0xae, 0x20, 0x09, 0x84, 0x02, 0x92, 0x2c, 0x02, 0xd9, 0xc2, 0x01, 0xbc,
    0x02, 0x29, 0x1d, 0xb5, 0x00, 0xc3, 0xdd, 0x0c, 0x95, 0x43, 0x00, 0xd0, 0x29, 0x91, 0x21, 0xf6,
    0x6d, 0x80, 0x60, 0x6a, 0x48, 0x65, 0xa9, 0x33, 0x02, 0x14, 0xff, 0x62, 0x69, 0x72, 0x3b, 0x22,
    0x2e, 0xdf, 0xf3, 0xf9, 0x6e, 0x85, 0xd8, 0x40, 0x35, 0xa8, 0x07, 0xe1, 0x66, 0x29, 0x8e, 0xee,
    0xc7, 0x61, 0x00, 0x0f, 0x43, 0xed, 0x48, 0x10, 0x80, 0x47, 0x94, 0xfd, 0x79, 0xa7, 0x20, 0x11,
    0xf4, 0x6e, 0xa6, 0xba, 0x87, 0x75, 0x82, 0x7a, 0xb7, 0xb6, 0xe6, 0xb3, 0x9b, 0xa1, 0x00, 0xce,
    0xc0, 0x1f, 0xf2, 0x44, 0x37, 0x63, 0x00, 0xf1, 0x55, 0x3b, 0x6c, 0x4c, 0x03, 0x8f, 0x0f, 0x62,
    0x12, 0xf1, 0x07, 0x00, 0x16, 0x9a, 0x6e, 0x89, 0x7b, 0x7e, 0x80, 0x05, 0xef, 0xea, 0xa2, 0x22,
    0xa9, 0x00, 0x30, 0x85, 0xe6, 0x19, 0x99, 0x8e, 0x00, 0xf4, 0x66, 0x1a, 0x73, 0x1c, 0x01, 0xee,
    0x88, 0x25, 0xc4, 0x28, 0x03, 0xbb, 0x7b, 0x95, 0x4e, 0xe7, 0xd8, 0x06, 0xf3, 0x7d, 0x64, 0xc6,
    0x2b, 0x10, 0x03, 0x31, 0x45, 0x04, 0x9c, 0xd1, 0x68, 0x0a, 0x38, 0x00, 0x66, 0x0a, 0x50, 0x86,
    0x42, 0xf3, 0x00, 0x61, 0x03, 0xb0, 0x03, 0x50, 0x00, 0xf4, 0xa0, 0x07, 0xe5, 0xaa, 0x9b, 0xaa,
    0xa3, 0x00, 0xda, 0x71, 0x0d, 0x88, 0x85, 0x80, 0x39, 0x26, 0x7c, 0xa0, 0x1e, 0x5a, 0xaf, 0x28,
    0x07, 0x96, 0xab, 0xc0, 0xc0, 0x1c, 0xfd, 0xdf, 0x32, 0x88, 0x04, 0x24, 0x5f, 0xc6, 0x01, 0x3f,
    0xff, 0xe0, 0x20, 0x05, 0xc6, 0x66, 0xde, 0xce, 0xb0, 0x01, 0xfa, 0x42, 0x60, 0xbd, 0x21, 0x38,
    0x02, 0xac, 0x1c, 0xef, 0xca, 0x84, 0xc8, 0x09, 0x58, 0x34, 0x4e, 0x40, 0x15, 0x4d, 0x02, 0xc1,
    0x06, 0x20, 0x30, 0x79, 0xc4, 0x00, 0x03, 0x44, 0xc6, 0x48, 0x9c, 0x00, 0x53, 0x3c, 0xcc, 0x33,
    0xe1, 0x03, 0xbd, 0xd6, 0x1b, 0xde, 0xeb, 0x38, 0x40, 0xd0, 0xbb, 0x04, 0x1b, 0x37, 0xc8, 0x00,
    0x5b, 0x22, 0x59, 0x3a, 0xc4, 0xd8, 0x00, 0x18, 0xd9, 0xb7, 0x6a, 0xc9, 0xeb, 0x10, 0x00, 0xd5,
    0x85, 0x50, 0x56, 0xa9, 0x02, 0x00, 0x72, 0x20, 0x11, 0x1c, 0x4b, 0xb8, 0x00, 0x36, 0xef, 0x1e,
    0xe3, 0x27, 0x20, 0x04, 0x2b, 0x87, 0xd7, 0x60, 0xe8, 0xaf, 0x00, 0x6e, 0x81, 0x2a, 0x8e, 0x13,
    0x02, 0xc0, 0x28, 0x81, 0x49, 0x85, 0x09, 0xa7, 0x46, 0x47, 0x1b, 0x58, 0xb7, 0x4f, 0xcc, 0x52,
    0x2c, 0x86, 0x62, 0xa1, 0x27, 0x73, 0x1a, 0x40, 0x00, 0xf1, 0x50, 0x07, 0xc9, 0x77, 0xa5, 0x6e,
    0xf8, 0x40, 0x86, 0x65, 0x93, 0xb3, 0x1b, 0x32, 0x10, 0x01, 0xbd, 0x4d, 0x3d, 0x56, 0x40, 0x0c,
    0x24, 0x20, 0xda, 0x86, 0x24, 0x01, 0x99, 0x84, 0x6f, 0xae, 0x8a, 0xe0, 0x1b, 0xfc, 0x15, 0xa3,
    0x25, 0xfc, 0x40, 0x22, 0xf3, 0x55, 0x74, 0x8e, 0x1e, 0x10, 0x7f, 0x88, 0x3b, 0xd4, 0x6c, 0x40,
    0x40, 0x04, 0x41, 0xcb, 0xca, 0xce, 0x70, 0x0c, 0xee, 0x19, 0xba, 0x2f, 0x7a, 0x60, 0x00, 0x99,
    0x1e, 0x42, 0xe2, 0xc1, 0xc1, 0x03, 0xa0, 0x49, 0xbf, 0x81, 0x64, 0xc5, 0x83, 0x58, 0x55, 0x25,
    0xd9, 0x50, 0xda, 0x00, 0x00, 0xd0, 0x60, 0x03, 0x90, 0x0e, 0x28, 0x82, 0xcc, 0x42, 0x5e, 0x20,
    0x60, 0x03, 0xee, 0x01, 0xf7, 0x0c, 0xdd, 0xc1, 0x01, 0x25, 0x50, 0xf2, 0xab, 0x81, 0x54, 0x22,
    0x28, 0x89, 0xf3, 0xb9, 0x8d, 0x11, 0x11, 0xdc, 0x7f, 0xce, 0xef, 0xfa, 0x2c, 0xc0, 0x11, 0xd9,
    0x86, 0x66, 0x63, 0xbc, 0x03, 0xb7, 0x30, 0xcc, 0xcc, 0x80, 0x3d, 0xb9, 0x86, 0x66, 0x63, 0xc0,
    0x3d, 0xb9, 0x86, 0x66, 0x63, 0xc0, 0x3b, 0x7f, 0x74, 0x44, 0xdd, 0x75, 0x80, 0x64, 0x07, 0xe8,
    0x86, 0x21, 0x18, 0x05, 0x7f, 0xec, 0x70, 0x02, 0xef, 0x7d, 0x80, 0x2b, 0x5c, 0x80, 0x39, 0x2e,
    0xc0, 0x00, 0x1a, 0x27, 0xe3, 0x00, 0xd1, 0xfb, 0xa8, 0x86, 0xeb, 0xbc, 0x03, 0xba, 0x20, 0xa9,
    0x10, 0xf0, 0x0f, 0x4d, 0x51, 0x16, 0xa9, 0x20, 0x1e, 0x9b, 0xb2, 0xd5, 0xda, 0x00, 0x38, 0x63,
    0x74, 0xd3, 0xba, 0x97, 0x00, 0xd5, 0xbb, 0x3b, 0x6e, 0xd6, 0x01, 0xb3, 0x33, 0xb6, 0x66, 0x30,
    0x0b, 0x33, 0x34, 0xe6, 0x63, 0x03, 0xee, 0xe6, 0x9e, 0xee, 0x43, 0xe9, 0xcf, 0xae, 0xfa, 0xec,
    0x8e, 0x40, 0x4a, 0x20, 0xa0, 0x05, 0x09, 0xd3, 0x00, 0xcc, 0x80, 0x40, 0x02, 0xaa, 0x1e, 0x81,
    0x16, 0x20, 0x03, 0x80, 0x16, 0x80, 0x5c, 0x20, 0x04, 0x4e, 0x20, 0x03, 0x28, 0x06, 0x9c, 0x8d,
    0xd5, 0x80, 0x38, 0x80, 0x3b, 0xd7, 0x0c, 0x03, 0xfd, 0xe1, 0x98, 0x00, 0xd5, 0x52, 0x80, 0x30,
    0x3c, 0xc0, 0x32, 0x77, 0x1c, 0x13, 0x93, 0x7f, 0xc0, 0x17, 0x22, 0x08, 0x33, 0xc4, 0xfc, 0x84,
    0x6f, 0x11, 0x00, 0x08, 0x82, 0x22, 0x18, 0xf4, 0x5c, 0xf0, 0x12, 0x11, 0x07, 0xe8, 0x46, 0xeb,
    0x00, 0x05, 0x9d, 0x7f, 0xeb, 0x00, 0xf8, 0xc7, 0x4b, 0x05, 0x00, 0x3f, 0x23, 0x69, 0xa6, 0x06,
    0x44, 0x24, 0x00, 0x88, 0x2e, 0xb3, 0xb0, 0x07, 0xf8, 0x02, 0x48, 0x16, 0x21, 0x08, 0xb7, 0x74,
    0x78, 0x00, 0x00, 0xa0, 0x81, 0x98, 0x05, 0x20, 0x19, 0xdc, 0x9c, 0xf5, 0xaf, 0xca, 0xec, 0x00,
    0xa2, 0x99, 0x14, 0xf1, 0x4c, 0x8a, 0xc0, 0x0e, 0x9f, 0x86, 0x7b, 0xf1, 0xd0, 0x01, 0x43, 0xa1,
    0xdd, 0x8f, 0x8a, 0x40, 0x28, 0xe0, 0x12, 0x20, 0x87, 0x48, 0x06, 0x4a, 0x0b, 0x2d, 0xa1, 0xb4,
    0x00, 0xe9, 0x28, 0x4b, 0x81, 0x80, 0x0c, 0x33, 0x9b, 0x8e, 0xdb, 0xf9, 0x04, 0x01, 0x8c, 0xe0,
    0x01, 0x9c, 0x01, 0x15, 0x77, 0x60, 0x1e, 0xed, 0x24, 0x4b, 0x1f, 0xa3, 0xb9, 0x2b, 0x80, 0xa2,
    0x0a, 0x24, 0x16, 0x02, 0x42, 0x3d, 0xd0, 0x02, 0xa0, 0x01, 0xc0, 0x0d, 0x20, 0x6d, 0x00, 0x00,
    0xa1, 0x00, 0x32, 0xb8, 0x04, 0x4e, 0xe5, 0xe7, 0x70, 0x00, 0xf4, 0x03, 0x08, 0xc6, 0x22, 0x88,
    0x6b, 0xc4, 0x0c, 0x8c, 0x03, 0x17, 0x70, 0x45, 0xdc, 0x10, 0x2e, 0x41, 0xe1, 0x66, 0x63, 0x34,
    0x40, 0x20, 0x19, 0x9d, 0xda, 0xce, 0xe0, 0x06, 0xfe, 0xe8, 0xd7, 0x32, 0xbe, 0x90, 0x08, 0x9d,
    0xc2, 0x1e, 0xef, 0x0b, 0x00, 0x0f, 0xa6, 0x42, 0x48, 0x0a, 0x4d, 0x40, 0x0a, 0x7b, 0x80, 0x40,
    0x88, 0x74, 0x90, 0x00, 0x84, 0xaf, 0x44, 0x14, 0x09, 0x80, 0x04, 0xcf, 0x0d, 0x1a, 0xb8, 0x8f,
    0x8a, 0x0d, 0xd9, 0xd9, 0xc9, 0x10, 0x99, 0x44, 0x15, 0x21, 0x90, 0x82, 0x35, 0x40, 0x0b, 0xaa,
    0x00, 0xf4, 0x28, 0x07, 0xe1, 0xba, 0xa3, 0x75, 0x52, 0xc4, 0x03, 0x1a, 0xee, 0xa7, 0x37, 0x48,
    0x01, 0xf0, 0x8f, 0x80, 0x3f, 0x19, 0xf8, 0x03, 0xc6, 0xf9, 0x9e, 0x60, 0x0c, 0x9a, 0x67, 0x11,
    0x0c, 0xed, 0x30, 0x08, 0x48, 0xa7, 0x02, 0x28, 0x5c, 0x03, 0x7f, 0xce, 0x1f, 0xf0, 0x06, 0x78,
    0x22, 0xbb, 0x84, 0x54, 0x38, 0x1c, 0x77, 0x2b, 0xba, 0x9a, 0xee, 0x41, 0x9a, 0xe8, 0xd6, 0xee,
    0xe2, 0xbb, 0x8c, 0x6f, 0x42, 0xc0, 0x3f, 0x86, 0xb2, 0x04, 0x02, 0x2f, 0x00, 0xc0, 0x00, 0xff,
    0xc2, 0x40, 0x1f, 0xc7, 0x19, 0xd8, 0x01, 0xc2, 0xb3, 0xd8, 0xe6, 0x02, 0x01, 0x15, 0xf5, 0x30,
    0x80, 0x7e, 0x54, 0x00, 0xf1, 0x90, 0x07, 0xe1, 0x5a, 0xec, 0x60, 0x0f, 0x35, 0xf5, 0x28, 0x80,
    0x7e, 0xd4, 0x00, 0xff, 0xe9, 0x0b, 0x3b, 0x00, 0x7f, 0x0e, 0x4c, 0x10, 0x0c, 0x5d, 0x00, 0x63,
    0x20, 0x08, 0x75, 0xd0, 0x80, 0x31, 0x49, 0x01, 0xd0, 0x06, 0x16, 0x00, 0x9b, 0x7f, 0x13, 0x5d,
    0x1b, 0x48, 0x03, 0xf0, 0x50, 0x37, 0x7f, 0xc6, 0x0b, 0x54, 0xf8, 0xab, 0xbd, 0x51, 0xf5, 0x41,
    0xe5, 0x1d, 0xcc, 0xda, 0x2b, 0xc2, 0x09, 0xe0, 0x1f, 0xbd, 0x00, 0x76, 0x00, 0x3f, 0x46, 0x89,
    0x6c, 0x0f, 0x77, 0x86, 0x34, 0x8d, 0xb0, 0x26, 0x23, 0x48, 0x63, 0x18, 0xf0, 0x89, 0xd9, 0xb3,
    0x88, 0xb8, 0x4a, 0x34, 0x03, 0xf6, 0xc1, 0x13, 0x2c, 0x55, 0x7c, 0x37, 0x84, 0x7c, 0xa1, 0x55,
    0xe0, 0x5e, 0x30, 0x46, 0x62, 0x02, 0x33, 0x7c, 0x97, 0x32, 0xb1, 0xb9, 0x9f, 0xac, 0x03, 0x18,
    0x07, 0xf0, 0x80, 0x46, 0x20, 0x1f, 0x0f, 0xee, 0xb8, 0x7f, 0x77, 0xef, 0xcd, 0xd7, 0x8f, 0xee,
    0xfd, 0x84, 0x00, 0x13, 0x10, 0x0f, 0x88, 0x03, 0xff, 0x85, 0x31, 0x09, 0x29, 0x88, 0xfa, 0x47,
    0xba, 0x0e, 0xef, 0xc3, 0x0c, 0xc7, 0x27, 0x66, 0xfa, 0x00, 0x3f, 0xf8, 0x48, 0x44, 0x33, 0x88,
    0xbe, 0x40, 0x00, 0xff, 0x85, 0x40, 0x3f, 0xe1, 0xca, 0x80, 0x0f, 0xe1, 0xc2, 0x05, 0x00, 0xfc,
    0x38, 0x40, 0x5e, 0x5a, 0xc0, 0x18, 0x70, 0x80, 0xbc, 0xbc, 0xa5, 0xc0, 0x03, 0x84, 0x05, 0xe4,
    0x0a, 0x00, 0x87, 0x1c, 0x20, 0x2f, 0x20, 0x04, 0x38, 0x02, 0x3c, 0x80, 0xbc, 0x80, 0x34, 0x38,
    0x00, 0x40, 0xbc, 0x80, 0x3d, 0x0e, 0x00, 0x2f, 0x20, 0x0f, 0xd1, 0x03, 0xf2, 0x00, 0xf0, 0x00,
    0xff, 0x3f, 0x30, 0x04, 0x37, 0xa5, 0x43, 0x2c, 0x03, 0x48, 0x55, 0x20, 0x09, 0x6a, 0x40, 0x39,
    0x4b, 0x00, 0x4a, 0x01, 0xe8, 0x82, 0x50, 0x04, 0x5a, 0x20, 0x01, 0xe0, 0x08, 0x9c, 0x00, 0x34,
    0x80, 0x40, 0x09, 0x60, 0xb4, 0x03, 0xcb, 0x00, 0x4a, 0xb0, 0x1e, 0x8a, 0x58, 0x00, 0xba, 0x34,
    0x40, 0x09, 0x72, 0xe0, 0x00, 0xf1, 0x98, 0x03, 0xfe, 0x1c, 0xc0, 0x80, 0x7c, 0x98, 0x20, 0x18,
    0x71, 0x00, 0x24, 0xb3, 0x60, 0x0c, 0xc7, 0x68, 0x00, 0x90, 0x46, 0x00, 0xcc, 0x81, 0x20, 0xa4,
    0x34, 0x20, 0x18, 0x68, 0x49, 0x70, 0x1c, 0x40, 0x3c, 0x2e, 0x18, 0x41, 0xc0, 0x1f, 0xb8, 0x08,
    0x01, 0xe0, 0x01, 0x77, 0x08, 0x07, 0x18, 0x20, 0x05, 0x10, 0x00, 0xac, 0x0e, 0xc0, 0xd8, 0x03,
    0xca, 0x61, 0x66, 0xc1, 0x2e, 0x01, 0x9e, 0x81, 0x4c, 0x21, 0x02, 0x3a, 0xed, 0xd0, 0x09, 0x60,
    0x01, 0xb7, 0x01, 0x44, 0x08, 0x3d, 0x88, 0x06, 0x8e, 0xa8, 0x85, 0x74, 0x00, 0x40, 0x00, 0xff,
    0xe3, 0xcf, 0xfa, 0x40, 0x3f, 0xca, 0x00, 0x50, 0x0f, 0x26, 0x36, 0x18, 0x00, 0xf1, 0xb1, 0x00,
    0x12, 0x72, 0x60, 0x18, 0xe4, 0xe4, 0x14, 0x80, 0x32, 0xa8, 0x03, 0x12, 0xa3, 0x00, 0x57, 0x54,
    0xb0, 0x09, 0x90, 0x68, 0x00, 0x48, 0x00, 0x42, 0x00, 0x58, 0x83, 0x80, 0x0c, 0x40, 0x02, 0x60,
    0x06, 0x04, 0xb0, 0x00, 0xd1, 0x12, 0x84, 0x01, 0x68, 0xc0, 0x19, 0x37, 0x48, 0x01, 0x98, 0x98,
    0x08, 0x03, 0xc4, 0x0c, 0x41, 0x15, 0xb4, 0x20, 0x01, 0xad, 0xa8, 0x00, 0x0a, 0x82, 0xa8, 0x00,
    0xaa, 0x05, 0x10, 0x0f, 0x7c, 0x43, 0xc0, 0x38, 0x00, 0xf9, 0x08, 0x00, 0x8c, 0x20, 0x1f, 0xaa,
    0xf5, 0x82, 0x64, 0x80, 0x1e, 0x1c, 0x53, 0x19, 0x90, 0x07, 0xe3, 0xc3, 0x6e, 0xc3, 0x62, 0x00,
    0xf2, 0xe1, 0x46, 0xe7, 0x71, 0x40, 0x06, 0x01, 0x45, 0x0d, 0x8d, 0x89, 0xe7, 0x40, 0x42, 0x85,
    0x39, 0x6e, 0xa4, 0x02, 0x1b, 0x1a, 0x0a, 0x73, 0x4f, 0x86, 0x00, 0xf4, 0xee, 0x88, 0x93, 0x68,
    0x80, 0x0f, 0xce, 0x3a, 0xa0, 0x1e, 0x39, 0x90, 0x80, 0x7f, 0xe4, 0x66, 0x10, 0x07, 0xff, 0x30,
    0x8b, 0x78, 0x01, 0x88, 0xa3, 0x00, 0x00, 0xe1, 0x44, 0x08, 0x07, 0xfa, 0xae, 0xd4, 0x01, 0xff,
    0xf3, 0x8f, 0xf2, 0x00, 0x13, 0xfd, 0x00, 0x1a, 0x88, 0x03, 0xc5, 0x40, 0x18, 0xbc, 0x80, 0x31,
    0x79, 0x00, 0x71, 0x79, 0x00, 0x0b, 0xc8, 0x02, 0x79, 0x9a, 0xfc, 0x89, 0xf7, 0x33, 0x3c, 0x33,
    0x69, 0xee, 0x4b, 0x36, 0x80, 0x0e, 0x4c, 0xc2, 0x00, 0x7f, 0xf0, 0x95, 0xe4, 0xc1, 0x91, 0x3f,
    0x09, 0xeb, 0xb0, 0x00, 0x91, 0xdf, 0xf1, 0x00, 0x71, 0xdc, 0x47, 0xef, 0x10, 0x0d, 0xe1, 0x37,
    0x7e, 0x62, 0x80, 0x09, 0xcd, 0x98, 0x89, 0xe9, 0x36, 0x40, 0x38, 0x28, 0x00, 0xfd, 0xe1, 0x23,
    0xe0, 0xaa, 0x42, 0x00, 0xc6, 0x8e, 0x85, 0x26, 0x0f, 0x76, 0xf0, 0x08, 0xb2, 0xec, 0x80, 0x60,
    0x1c, 0x52, 0xee, 0x90, 0x0f, 0xfc, 0xd1, 0x04, 0x00, 0xff, 0xe5, 0x38, 0x07, 0xff, 0x04, 0x78,
    0x00, 0xff, 0xc6, 0x60, 0x08, 0x63, 0x7f, 0xdb, 0x02, 0x1b, 0x80, 0x04, 0xf7, 0x20, 0x01, 0x3f,
    0xa9, 0x80, 0x12, 0xc5, 0x33, 0xfd, 0x8a, 0x34, 0x60, 0x09, 0x07, 0xb3, 0x00, 0x15, 0x38, 0x08,
    0x31, 0x1c, 0x00, 0x45, 0xde, 0xc0, 0x17, 0x14, 0x80, 0x63, 0x22, 0x19, 0x15, 0x1a, 0xa0, 0x18,
    0x77, 0x7c, 0xac, 0xd9, 0x40, 0x38, 0x58, 0xea, 0x67, 0x51, 0x00, 0x68, 0x9b, 0x00, 0x99, 0xdc,
    0x60, 0x11, 0x38, 0x58, 0x04, 0x97, 0x02, 0x00, 0x3f, 0x16, 0x30, 0x24, 0x2c, 0xb7, 0x8b, 0xc2,
    0x48, 0x00, 0xad, 0xc1, 0x21, 0xd0, 0x5e, 0xc4, 0x15, 0xc2, 0x3a, 0xa2, 0x15, 0xf0, 0x01, 0x00,
    0xe1, 0x40, 0x0c, 0x39, 0x60, 0x10, 0xe1, 0x05, 0xee, 0xbc, 0x80, 0x08, 0x44, 0x10, 0x0f, 0xfe,
    0x65, 0xcc, 0x9c, 0x02, 0x46, 0x64, 0x48, 0x07, 0x9a, 0x4c, 0x00, 0xe1, 0x40, 0x0f, 0xc3, 0xb6,
    0x01, 0xf0, 0xe9, 0x80, 0x75, 0xee, 0xbc, 0xc0, 0x23, 0x20, 0x42, 0x20, 0x80, 0x6b, 0xc2, 0x00,
    0xfd, 0x00, 0x80, 0x1f, 0x8c, 0x48, 0x03, 0xf5, 0xb2, 0x5c, 0xc9, 0xc0, 0x34, 0x48, 0x23, 0x32,
    0x20, 0x01, 0xfe, 0x78, 0x30, 0x0c, 0x00, 0xff, 0x9d, 0xc0, 0x1f, 0x85, 0x00, 0x31, 0x44, 0x80,
    0x78, 0x72, 0xc0, 0x03, 0x09, 0x6c, 0xc0, 0x0c, 0x38, 0x40, 0x19, 0x71, 0x5e, 0x06, 0xf7, 0x5e,
    0x40, 0x11, 0x9b, 0x0e, 0x24, 0x1d, 0x08, 0x82, 0x01, 0xaf, 0x0e, 0x5c, 0x57, 0xc0, 0x3f, 0x41,
    0xa2, 0x04, 0x44, 0x40, 0x0f, 0xc6, 0x44, 0x70, 0x01, 0x88, 0x07, 0xeb, 0x64, 0xe3, 0x17, 0x2b,
    0x99, 0x38, 0x06, 0x89, 0x75, 0x84, 0x2b, 0x46, 0x64, 0x48, 0x06, 0x28, 0x94, 0x84, 0x30, 0x0c,
    0xd2, 0x60, 0x02, 0xe7, 0xb2, 0x90, 0x0f, 0x36, 0x00, 0x43, 0x6d, 0xa4, 0x01, 0xff, 0xa3, 0x0c,
    0x00, 0x27, 0x7f, 0xfc, 0x5f, 0x11, 0xff, 0xbc, 0x86, 0xf0, 0x80, 0x3f, 0x10, 0x22, 0x0d, 0x40,
    0x31, 0x00, 0x72, 0x11, 0x10, 0x02, 0x5d, 0x80, 0x0c, 0x3b, 0xa3, 0x00, 0x2d, 0x03, 0xc0, 0x06,
    0x1b, 0xa0, 0x5a, 0x00, 0x9c, 0xc0, 0x03, 0x48, 0xb9, 0x40, 0x1c, 0xe0, 0x05, 0x40, 0x01, 0x80,
    0x7f, 0x2d, 0xdf, 0xf9, 0x41, 0xc5, 0x13, 0xfc, 0x2e, 0x00, 0xc4, 0x20, 0x1f, 0x0e, 0x58, 0x07,
    0xce, 0x2a, 0x20, 0x1e, 0xb0, 0x03, 0x00, 0x73, 0x10, 0x02, 0x48, 0x02, 0x28, 0x00, 0x86, 0x40,
    0x29, 0x10, 0x0c, 0x8a, 0x0a, 0x80, 0x1e, 0xb1, 0xe0, 0x0f, 0x85, 0xd4, 0x50, 0x03, 0xde, 0x07,
    0xe0, 0x1f, 0x29, 0x03, 0x00, 0x76, 0x78, 0x56, 0x69, 0x00, 0x0d, 0x52, 0x46, 0xb4, 0x80, 0xb8,
    0x00, 0xda, 0xe8, 0xb3, 0x84, 0x00, 0x16, 0x30, 0x0e, 0x30, 0x59, 0x80, 0x0d, 0x58, 0xc0, 0x1c,
    0x36, 0xa0, 0x20, 0x18, 0x69, 0x00, 0x3c, 0x3a, 0x80, 0x1e, 0x7c, 0x30, 0x0f, 0x8c, 0x80, 0x3f,
    0xf8, 0xc9, 0x00, 0x1f, 0xcf, 0x20, 0x1f, 0xcd, 0x40, 0x1f, 0xcb, 0x62, 0x00, 0x62, 0x20, 0x04,
    0x9a, 0x88, 0x13, 0x00, 0xff, 0xb7, 0x2c, 0xc0, 0x3f, 0x8c, 0x13, 0x20, 0x40, 0x3f, 0xe7, 0xf6,
    0x00, 0xff, 0x86, 0x70, 0xc0, 0x3f, 0xe3, 0xc9, 0x10, 0x0f, 0xf9, 0xbd, 0x80, 0x3f, 0xe1, 0x92,
    0x00, 0xff, 0x88, 0xc0, 0x3f, 0xcf, 0x82, 0x01, 0xf9, 0x76, 0x04, 0x03, 0xe2, 0xba, 0x20, 0x0f,
    0x86, 0x35, 0x00, 0x38, 0x40, 0x0b, 0x8e, 0x01, 0xf4, 0x2d, 0xd1, 0x00, 0x7e, 0x16, 0x68, 0xc0,
    0x02, 0xcd, 0x18, 0x6c, 0xcd, 0x82, 0x1b, 0x33, 0x60, 0x98, 0x06, 0x50, 0x30, 0x0c, 0xa0, 0x1f,
    0xff, 0xf0, 0x0f, 0xfe, 0x88, 0x80, 0x67, 0x01, 0x00, 0xcf, 0x06, 0x44, 0x63, 0x08, 0x32, 0x23,
    0x18, 0x15, 0x66, 0xfe, 0x20, 0xda, 0x99, 0xfe, 0xd1, 0x30, 0x0f, 0xf9, 0x40, 0x3f, 0xff, 0xe0,
    0x1f, 0xfd, 0x11, 0x00, 0xff, 0x9e, 0x08, 0xbf, 0xcc, 0x60, 0x03, 0x10, 0x0c, 0x4c, 0x47, 0x9a,
    0x20, 0x12, 0xca, 0xb8, 0x1e, 0x10, 0x07, 0xe2, 0xc3, 0x00, 0xfc, 0x3a, 0x80, 0x1f, 0x86, 0xf0,
    0x03, 0xf9, 0x00, 0x3f, 0x84, 0x03, 0xf2, 0xc8, 0x07, 0xcd, 0x40, 0x1f, 0x3c, 0x80, 0x7d, 0x10,
    0x00, 0xe5, 0x49, 0x70, 0x08, 0x88, 0x20, 0x00, 0xe2, 0x30, 0x0f, 0xf2, 0x6e, 0x38, 0x07, 0xe3,
    0xa0, 0x04, 0x30, 0x07, 0x8b, 0x44, 0x02, 0x95, 0x00, 0xc5, 0xe2, 0x01, 0xd4, 0x80, 0x01, 0xe2,
    0x00, 0xfa, 0x8c, 0x28, 0xc0, 0x3f, 0x0e, 0x8b, 0x00, 0x7f, 0x84, 0xfa, 0x23, 0xfd, 0x64, 0xbd,
    0xdf, 0xec, 0x09, 0x66, 0xff, 0x3a, 0x00, 0x7f, 0xf0, 0x54, 0x8b, 0xfc, 0x6a, 0x00, 0xf0, 0x80,
    0x79, 0x3a, 0x80, 0x32, 0x58, 0x08, 0x04, 0x96, 0x07, 0x40, 0x04, 0xb0, 0x3d, 0x10, 0x4b, 0x03,
    0xd1, 0x02, 0xb0, 0x2d, 0x10, 0x01, 0x20, 0x12, 0x00, 0x6b, 0x40, 0xa5, 0x00, 0xd6, 0x81, 0x4a,
    0x01, 0xad, 0x02, 0x94, 0x03, 0x5a, 0x04, 0x00, 0x75, 0xb4, 0x80, 0x01, 0x10, 0x07, 0x0e, 0x60,
    0x80, 0x38, 0xcb, 0xc8, 0x02, 0x1d, 0x12, 0xf2, 0x00, 0x8f, 0x44, 0xbc, 0x80, 0x23, 0xd1, 0x2f,
    0x20, 0x08, 0xf4, 0x0b, 0xc0, 0x35, 0x00, 0x28, 0x02, 0x96, 0x07, 0x70, 0x02, 0x58, 0x1e, 0x00,
    0x12, 0xc0, 0xf0, 0x00, 0x26, 0x07, 0x80, 0x08, 0xa6, 0x20, 0x01, 0x80, 0x00, 0xe4, 0x50, 0x0f,
    0xf1, 0x5d, 0x30, 0x07, 0xf0, 0x80, 0x04, 0x03, 0xff, 0xa6, 0xb1, 0x14, 0x80, 0x32, 0x22, 0x70,
    0xa7, 0x79, 0x40, 0x08, 0xef, 0x41, 0x98, 0x03, 0xfc, 0x22, 0xce, 0xea, 0xc0, 0x11, 0xdd, 0x88,
    0x04, 0x67, 0x00, 0x84, 0x60, 0x0f, 0xfe, 0xa1, 0x19, 0x20, 0x07, 0x58, 0x8f, 0xf3, 0x85, 0x3b,
    0xff, 0xa0, 0xcc, 0x01, 0xfe, 0x11, 0x67, 0x77, 0xfc, 0x40, 0x00, 0xe2, 0x67, 0x72, 0x88, 0x07,
    0xe4, 0xcd, 0x9a, 0x9a, 0xea, 0x20, 0x0e, 0x9b, 0x35, 0xdd, 0x76, 0x1a, 0xe3, 0x00, 0x52, 0xc0,
    0x94, 0x53, 0x6f, 0xa2, 0x29, 0x60, 0x66, 0x00, 0x20, 0x00, 0xa9, 0x67, 0x20, 0x09, 0x38, 0x00,
    0x8e, 0x74, 0xc0, 0x0a, 0x60, 0x14, 0xa8, 0x04, 0x20, 0x40, 0x11, 0x08, 0x05, 0xb2, 0x20, 0x07,
    0xb2, 0x00, 0x22, 0xf8, 0x00, 0xdc, 0xb4, 0x42, 0x07, 0x2e, 0xe6, 0x50, 0x3d, 0x00, 0x1e, 0x18,
    0xe4, 0x11, 0x2e, 0x41, 0xb4, 0x40, 0x22, 0xcb, 0x54, 0x98, 0x76, 0xc9, 0x10, 0x00, 0x11, 0x00,
    0x7f, 0xf1, 0x37, 0x0c, 0x03, 0xff, 0x87, 0x65, 0x8c, 0x00, 0x25, 0x77, 0x28, 0x80, 0x79, 0xec,
    0x66, 0xb3, 0x6a, 0x93, 0x5d, 0x24, 0x01, 0xc9, 0x86, 0xa6, 0xbd, 0xbd, 0x64, 0xd8, 0x80, 0x1c,
    0x58, 0xc0, 0x88, 0xab, 0x7f, 0x11, 0x5a, 0x00, 0x4f, 0x63, 0x34, 0x14, 0x88, 0xd3, 0x60, 0x05,
    0x08, 0x0c, 0x26, 0x1a, 0xe1, 0x08, 0x0a, 0x70, 0x00, 0x64, 0x04, 0xc0, 0xb4, 0x0b, 0x14, 0x00,
    0x62, 0x01, 0x68, 0x03, 0xc0, 0x02, 0x80, 0x35, 0x01, 0x32, 0x00, 0x2a, 0x80, 0x07, 0x40, 0x09,
    0x20, 0x03, 0xe1, 0x08, 0x25, 0x00, 0x65, 0xc3, 0x2c, 0x85, 0x43, 0xc4, 0x06, 0x30, 0x0e, 0x3c,
    0xa4, 0x5a, 0xa2, 0x8d, 0xb9, 0x6a, 0x80, 0x79, 0x6b, 0x7f, 0x94, 0x01, 0x14, 0x14, 0xa0, 0x1f,
    0xfc, 0x25, 0xc6, 0x40, 0x00, 0xf8, 0x84, 0x03, 0xff, 0x82, 0xbb, 0xe4, 0x01, 0xff, 0xa0, 0x06,
    0x00, 0x3f, 0xe7, 0x20, 0x02, 0x98, 0x07, 0xf1, 0x48, 0x06, 0xf0, 0x0f, 0xe8, 0x12, 0x76, 0x03,
    0x60, 0x0f, 0x8d, 0x41, 0xa2, 0x44, 0x20, 0x40, 0x3d, 0xe0, 0x1c, 0x20, 0x32, 0x01, 0xca, 0x60,
    0x07, 0x01, 0x00, 0x9c, 0x80, 0x21, 0x80, 0x08, 0x84, 0x80, 0x34, 0x00, 0x52, 0x40, 0x10, 0xc4,
    0x00, 0x32, 0xa0, 0x13, 0x80, 0x64, 0x9b, 0x10, 0x0d, 0x01, 0x00, 0x1c, 0xa6, 0xc2, 0x01, 0x8d,
    0x90, 0x03, 0x87, 0x24, 0x03, 0xd9, 0x08, 0x9f, 0xfc, 0x29, 0x00, 0xff, 0x09, 0x00, 0x7f, 0xe6,
    0xd5, 0x09, 0x99, 0xc0, 0x32, 0xcd, 0x85, 0x2b, 0x35, 0x10, 0x00, 0x2d, 0x31, 0x80, 0x21, 0xdc,
    0xa0, 0xe8, 0x8a, 0x04, 0x30, 0x04, 0xc4, 0x29, 0xd5, 0xe8, 0x12, 0xec, 0x16, 0x80, 0x14, 0x4e,
    0x89, 0xd0, 0x36, 0xa0, 0x06, 0x2d, 0x13, 0xe5, 0x05, 0xb0, 0x00, 0x88, 0xbc, 0x4b, 0xb9, 0x69,
    0x8d, 0x61, 0xfd, 0xa4, 0x4f, 0x27, 0x0b, 0x70, 0x4a, 0x10, 0x00, 0xf9, 0x05, 0x18, 0x06, 0x1e,
    0xdd, 0x79, 0x00, 0x07, 0x35, 0xc1, 0x28, 0x48, 0x82, 0x01, 0xc5, 0x8b, 0x42, 0x00, 0xe7, 0xa0,
    0x0f, 0xf4, 0x41, 0x6c, 0x03, 0xf4, 0x38, 0x01, 0x2c, 0x03, 0xd0, 0xe0, 0xd4, 0x09, 0x60, 0x1a,
    0x1c, 0x1a, 0x56, 0x81, 0x2c, 0x00, 0xee, 0x06, 0x90, 0x02, 0xd0, 0x25, 0x87, 0x03, 0x48, 0x06,
    0x5a, 0x06, 0x09, 0xb9, 0x00, 0xf2, 0xe6, 0x00, 0x4c, 0x30, 0x0f, 0x0d, 0x38, 0x79, 0xe9, 0x80,
    0x61, 0xd5, 0x90, 0x92, 0x1d, 0x30, 0x00, 0xe9, 0x85, 0x01, 0x79, 0x0e, 0x98, 0xe9, 0x85, 0xa0,
    0x00, 0xbc, 0x87, 0x74, 0x61, 0x68, 0x01, 0x8b, 0xc8, 0x4c, 0x2d, 0x00, 0x3c, 0x5e, 0x41, 0x68,
    0x01, 0xf8, 0xb3, 0x08, 0x01, 0xc0, 0x00, 0x0b, 0x88, 0x07, 0xff, 0x08, 0x76, 0x34, 0x42, 0x26,
    0x7c, 0xc0, 0x10, 0xe9, 0x81, 0xe8, 0xa3, 0x37, 0xac, 0x02, 0xa3, 0x30, 0x19, 0xab, 0x37, 0x78,
    0x80, 0x36, 0xbd, 0x05, 0x3e, 0x81, 0x17, 0x00, 0x73, 0x40, 0x05, 0x0c, 0x01, 0xff, 0xca, 0x20,
    0x0c, 0x40, 0x1f, 0xf2, 0x6c, 0x00, 0x23, 0x50, 0x03, 0x6c, 0xcf, 0x31, 0xb9, 0x11, 0xcd, 0x40,
    0x06, 0x08, 0xcd, 0xcb, 0xa6, 0x00, 0x3d, 0x10, 0x02, 0xee, 0xfc, 0xe3, 0xa6, 0x6d, 0x10, 0x0c,
    0x45, 0xf0, 0x00, 0x73, 0x02, 0x00, 0x27, 0x7e, 0x00, 0xfd, 0xf1, 0x1d, 0x40, 0x1f, 0x10, 0x07,
    0x2e, 0x5d, 0xf2, 0x80, 0x7c, 0x68, 0x9d, 0x60, 0x1f, 0xfc, 0x11, 0x00, 0xff, 0xfd, 0x38, 0x07,
    0xfe, 0x70, 0x00, 0xf0, 0x88, 0x03, 0xfe, 0x2c, 0xc1, 0x00, 0x7f, 0x17, 0x91, 0x3c, 0x80, 0x3e,
    0x2f, 0x20, 0x01, 0x79, 0x00, 0x71, 0x79, 0x00, 0x62, 0xf2, 0x00, 0xd4, 0x40, 0x1e, 0x2a, 0x00,
    0xd1, 0xfe, 0x40, 0x02, 0x7f, 0xa0, 0x03, 0xff, 0xc0, 0xf3, 0x32, 0x00, 0x64, 0x99, 0x9e, 0x19,
    0xa8, 0x85, 0xda, 0x20, 0xcd, 0x40, 0x06, 0x3c, 0x99, 0x61, 0x80, 0x7f, 0x88, 0x80, 0xaf, 0x26,
    0x0c, 0x89, 0xf8, 0x4f, 0x5d, 0x80, 0x00, 0xff, 0x10, 0x80, 0x7f, 0xc9, 0xbd, 0x8c, 0x01, 0xfd,
    0xc0, 0x03, 0x80, 0x0f, 0xc4, 0xa0, 0x11, 0x80, 0x7e, 0x70, 0x0c, 0xc0, 0x1f, 0x95, 0xc0, 0x2c,
    0x00, 0xfe, 0x83, 0x00, 0x20, 0x07, 0xf2, 0x18, 0x21, 0x80, 0x7e, 0x29, 0x00, 0x40, 0x04, 0x92,
    0x60, 0x02, 0xf2, 0x07, 0x30, 0x5c, 0xb6, 0xd2, 0x5c, 0x20, 0x48, 0x00, 0x41, 0x80, 0x07, 0x28,
    0x41, 0x68, 0x02, 0x60, 0x0c, 0x20, 0x08, 0xa1, 0x00, 0xb0, 0x03, 0x97, 0x5c, 0x03, 0x95, 0x67,
    0xae, 0xa2, 0x00, 0xf0, 0x02, 0x53, 0x00, 0xfe, 0x4c, 0xac, 0x80, 0x08, 0x67, 0x68, 0x64, 0x60,
    0x9c, 0x80, 0x75, 0x89, 0x80, 0xc9, 0xdc, 0x02, 0x2d, 0x30, 0x3d, 0x17, 0x2e, 0x50, 0x5d, 0x30,
    0x3d, 0x10, 0x86, 0x30, 0x04, 0x98, 0x1e, 0x88, 0x00, 0x67, 0x64, 0x02, 0x2d, 0x10, 0x0c, 0x4b,
    0x40, 0x11, 0x20, 0x06, 0x4c, 0xa3, 0x02, 0x00, 0x52, 0x80, 0x52, 0x30, 0x41, 0xf2, 0x00, 0xa5,
    0x00, 0x19, 0x3b, 0x80, 0x5a, 0x80, 0x14, 0xa0, 0xe5, 0xca, 0x46, 0x0b, 0x40, 0x0a, 0x18, 0x62,
    0x5f, 0x00, 0x97, 0x67, 0x04, 0x00, 0x85, 0x13, 0x18, 0x80, 0x79, 0xae, 0xf4, 0x3d, 0x88, 0x07,
    0xfc, 0x94, 0x0f, 0x2c, 0x01, 0xce, 0x93, 0xa3, 0x0d, 0xe0, 0x1c, 0x7d, 0xba, 0x20, 0x0f, 0xe3,
    0x44, 0x38, 0x07, 0xff, 0xdc, 0xc0, 0x3f, 0x9c, 0x00, 0xa7, 0xbb, 0xf7, 0x18, 0x05, 0x7b, 0xba,
    0x48, 0x82, 0x0c, 0x89, 0xf6, 0x00, 0x60, 0x15, 0x66, 0xf2, 0x88, 0x05, 0xb5, 0x33, 0xea, 0xf2,
    0x00, 0x19, 0x4c, 0xf9, 0x87, 0x08, 0x00, 0xcd, 0xf6, 0x80, 0xf8, 0x07, 0xfe, 0x24, 0x07, 0x22,
    0xf8, 0x03, 0x8f, 0x77, 0xd2, 0x01, 0xfc, 0x68, 0x01, 0xfe, 0x5c, 0xb9, 0x00, 0xfe, 0xc0, 0x02,
    0x80, 0x7f, 0x50, 0x85, 0x00, 0x70, 0x80, 0x47, 0xdc, 0x60, 0x0c, 0xf0, 0x45, 0xc6, 0x45, 0x98,
    0xc0, 0x89, 0x9f, 0xf8, 0x9d, 0x9b, 0xff, 0x55, 0x7f, 0xe5, 0x5f, 0xfe, 0x08, 0x99, 0xff, 0xe0,
    0xcc, 0xff, 0xc8, 0xa8, 0x9f, 0xf3, 0x55, 0xdf, 0xfc, 0x40, 0x1f, 0xfc, 0x1c, 0xdd, 0xff, 0x88,
    0xc8, 0xbf, 0xe1, 0xed, 0xdf, 0xf8, 0xc0, 0x27, 0x7f, 0xfc, 0x5f, 0x11, 0xff, 0xbc, 0x03, 0xff,
    0x85, 0xe8, 0x01, 0xfe, 0x4f, 0xe8, 0x70, 0x0f, 0xcf, 0x1c, 0x7b, 0xd6, 0x20, 0x18, 0x6f, 0xb4,
    0xc0, 0x67, 0xb1, 0x00, 0x09, 0x9d, 0x22, 0x01, 0x97, 0xe2, 0xa9, 0x1e, 0xa0, 0x1f, 0x16, 0x77,
    0x30, 0x80, 0x3f, 0xc8, 0x80, 0x0f, 0x38, 0x07, 0xfe, 0x70, 0x03, 0x44, 0x8c, 0x02, 0x2c, 0xbb,
    0xb0, 0x40, 0x0c, 0x01, 0x8c, 0x40, 0x04, 0x01, 0xac, 0x02, 0xe0, 0x0c, 0xa0, 0x11, 0x00, 0x6f,
    0xdd, 0x3b, 0x00, 0x62, 0x28, 0x08, 0x03, 0xc4, 0xf2, 0xcc, 0x50, 0x0a, 0x41, 0xe6, 0x5c, 0x00,
    0x44, 0x00, 0x6c, 0x00, 0x48, 0x07, 0x20, 0x39, 0x00, 0x71, 0x8c, 0x80, 0x72, 0x04, 0x08, 0x07,
    0x33, 0x40, 0x18, 0x00, 0x84, 0xc0, 0x3f, 0x23, 0x33, 0x36, 0xd9, 0x86, 0x01, 0xae, 0x64, 0x3e,
    0x93, 0x28, 0x00, 0xf8, 0xfc, 0x03, 0xff, 0x4d, 0xdd, 0x00, 0x1f, 0x30, 0xcc, 0xe5, 0x60, 0x0e,
    0xef, 0x22, 0x84, 0xe5, 0xc0, 0x3f, 0xc4, 0x98, 0x40, 0x1f, 0x94, 0xb7, 0x46, 0x01, 0xf8, 0x66,
    0x65, 0x00, 0xff, 0xe0, 0x88, 0x07, 0xfe, 0xfd, 0xd3, 0x00, 0x7f, 0x09, 0x10, 0x40, 0x3f, 0xf8,
    0x38, 0x89, 0xf2, 0x80, 0x00, 0xe1, 0x20, 0x0f, 0xfa, 0xf0, 0x03, 0xf8, 0x61, 0x06, 0x4c, 0x03,
    0xc5, 0x8e, 0x20, 0xd8, 0xa0, 0x1d, 0x24, 0x01, 0xd6, 0x20, 0x10, 0xa0, 0x07, 0x85, 0x00, 0x25,
    0x00, 0xfc, 0x40, 0x10, 0x80, 0x7e, 0xe0, 0x0b, 0x40, 0x3f, 0x28, 0x04, 0xa0, 0x1f, 0x8c, 0xc1,
    0x24, 0x01, 0xfd, 0xe0, 0x80, 0x1f, 0xe3, 0x2d, 0xdf, 0xfb, 0x88, 0x08, 0xaa, 0xdd, 0x49, 0x14,
    0x20, 0x1d, 0x2c, 0xb2, 0x01, 0xc0, 0x27, 0x7f, 0xfe, 0x10, 0xfc, 0x47, 0xff, 0x0c, 0x89, 0x6a,
    0xd6, 0x35, 0x07, 0x67, 0x14, 0x04, 0x02, 0x85, 0xe8, 0x08, 0x4c, 0x8c, 0x48, 0x01, 0x1f, 0xb4,
    0x79, 0xf5, 0xa7, 0xa5, 0xf0, 0x07, 0x7e, 0xa6, 0xb5, 0xf1, 0x75, 0x80, 0x79, 0xad, 0x98, 0xb8,
    0xc6, 0xd8, 0x01, 0x85, 0xec, 0xe8, 0x6f, 0x86, 0x6c, 0xdc, 0x02, 0x58, 0x4d, 0x77, 0xf2, 0x74,
    0x00, 0x49, 0x6d, 0x77, 0xf3, 0xce, 0x00, 0x1c, 0x10, 0x49, 0x13, 0xc2, 0x46, 0x3c, 0x00, 0xff,
    0xc6, 0x01, 0xff, 0x36, 0x62, 0xc0, 0x3e, 0x17, 0xd9, 0x30, 0x60, 0x0e, 0x28, 0xf8, 0x20, 0x0a,
    0x80, 0x22, 0x9d, 0x71, 0x00, 0xc2, 0xc0, 0x97, 0xac, 0x01, 0xf3, 0x0d, 0x5a, 0x00, 0x7f, 0x50,
    0x38, 0x07, 0xf9, 0x88, 0x25, 0x9b, 0x84, 0x03, 0x50, 0x01, 0x26, 0x78, 0xc0, 0x24, 0x30, 0x0f,
    0xfd, 0xe0, 0x1f, 0xf8, 0xd0, 0x03, 0xff, 0x48, 0x07, 0xfe, 0x25, 0x00, 0xff, 0x4a, 0xf0, 0x07,
    0x24, 0x4e, 0x02, 0x00, 0xb6, 0xef, 0x8b, 0x10, 0x03, 0xf8, 0x69, 0x00, 0x3f, 0x86, 0x8c, 0x03,
    0xc3, 0x76, 0xa1, 0x00, 0xf6, 0xcc, 0xca, 0x01, 0xe1, 0x22, 0x80, 0x3f, 0xff, 0xe0, 0x13, 0x22,
    0x7f, 0x18, 0x00, 0xf1, 0xab, 0x2a, 0x08, 0x07, 0xf2, 0x57, 0x65, 0x4d, 0x5f, 0x63, 0x88, 0x06,
    0x2b, 0xb2, 0x88, 0x09, 0x10, 0x40, 0xe3, 0xd8, 0x00, 0xb8, 0x80, 0x95, 0xdc, 0xdd, 0x76, 0x38,
    0x8a, 0x6c, 0x60, 0x4b, 0x2d, 0x44, 0x03, 0x1c, 0x7b, 0x82, 0x23, 0xdf, 0x0c, 0x16, 0xb7, 0xfb,
    0x20, 0x86, 0x2e, 0x54, 0xa0, 0x4f, 0x29, 0x48, 0x04, 0xdf, 0x60, 0x11, 0x80, 0x37, 0x98, 0x35,
    0x65, 0xc1, 0x03, 0xa8, 0x07, 0xb9, 0xb6, 0x54, 0xd1, 0xf6, 0x20, 0xa0, 0x1e, 0x29, 0x20, 0x28,
    0x60, 0x03, 0xb8, 0x03, 0xfe, 0xf7, 0x95, 0x00, 0xff, 0xe1, 0x18, 0x00, 0xc0, 0x3f, 0xf8, 0x56,
    0x6a, 0xe0, 0x1f, 0x49, 0x9f, 0xfe, 0x14, 0x08, 0x53, 0x37, 0xff, 0x09, 0xe4, 0x04, 0xf7, 0x7f,
    0xf6, 0x03, 0x28, 0x3a, 0x6e, 0xff, 0xc2, 0x31, 0x00, 0x7f, 0xf0, 0x8a, 0x80, 0x3f, 0xf8, 0x83,
    0x80, 0x19, 0x62, 0x3f, 0xe3, 0x70, 0x09, 0x6b, 0xbb, 0xfe, 0x80, 0x46, 0x51, 0x66, 0xff, 0xca,
    0x1c, 0x35, 0xbb, 0xff, 0xc2, 0xe5, 0x00, 0x49, 0x9f, 0xfe, 0x14, 0x08, 0x53, 0x37, 0xff, 0x09,
    0xe4, 0x04, 0xf7, 0x7f, 0xf6, 0x03, 0x28, 0x3a, 0x6e, 0xfe, 0x42, 0x20, 0x8c, 0x40, 0x1f, 0xfc,
    0x22, 0xa0, 0x0f, 0xfe, 0x20, 0xe0, 0x06, 0x58, 0x8f, 0xca, 0x00, 0x37, 0x00, 0x96, 0xbb, 0xbf,
    0x54, 0xca, 0x01, 0x19, 0x45, 0x9b, 0xff, 0x28, 0x70, 0xd6, 0xef, 0xff, 0x0b, 0x94, 0x00, 0x49,
    0x9f, 0xfe, 0x14, 0x08, 0x53, 0x37, 0xff, 0x09, 0xe4, 0x04, 0xf7, 0x7f, 0xf6, 0x03, 0x28, 0x3a,
    0x6e, 0xf4, 0x91, 0x70, 0x8c, 0x40, 0x1f, 0xfc, 0x22, 0xa0, 0x0f, 0xfe, 0x20, 0xe0, 0x06, 0x58,
    0x8e, 0xd0, 0x0e, 0x37, 0x00, 0x96, 0xbb, 0xbb, 0xe6, 0x7a, 0x01, 0x19, 0x45, 0x9b, 0xff, 0x28,
    0x70, 0xd6, 0xef, 0xff, 0x0b, 0x94, 0x00, 0x49, 0x9f, 0xfe, 0x14, 0x08, 0x53, 0x37, 0xff, 0x09,
    0xe4, 0x04, 0xf7, 0x7f, 0xf6, 0x03, 0x28, 0x3a, 0x6e, 0xc0, 0x45, 0xf0, 0x8c, 0x40, 0x1f, 0xfc,
    0x22, 0xa0, 0x0f, 0xfe, 0x20, 0xe0, 0x06, 0x58, 0x88, 0xc0, 0x3e, 0x37, 0x00, 0x96, 0xbb, 0xa8,
    0x99, 0xfa, 0x01, 0x19, 0x45, 0x9b, 0xff, 0x28, 0x70, 0xd6, 0xef, 0xff, 0x0b, 0x94, 0x00, 0x49,
    0x9f, 0xfe, 0x14, 0x08, 0x53, 0x37, 0xff, 0x09, 0xe4, 0x04, 0xf7, 0x7f, 0xf6, 0x03, 0x28, 0x39,
    0x17, 0xfe, 0x11, 0x88, 0x03, 0xff, 0x84, 0x54, 0x01, 0xff, 0xc4, 0x1c, 0x00, 0xff, 0xe2, 0x1b,
    0x80, 0x4b, 0x33, 0xff, 0xa0, 0x11, 0x94, 0x59, 0xbf, 0xf2, 0x87, 0x0d, 0x6e, 0xff, 0xf0, 0xb9,
    0x40, 0x00, 0xfe, 0x57, 0x10, 0x0f, 0xfe, 0x0b, 0xd5, 0x22, 0x40, 0x3f, 0xf4, 0x66, 0x04, 0x38,
    0x03, 0xe1, 0x10, 0x00, 0x5a, 0x9b, 0xf1, 0x80, 0x3c, 0xfd, 0xea, 0x12, 0xc2, 0x02, 0x60, 0x12,
    0xc8, 0x84, 0x80, 0xdd, 0x9d, 0x2e, 0xfe, 0x86, 0xf4, 0x20, 0x02, 0x7d, 0xca, 0xe7, 0xff, 0x28,
    0x32, 0xf3, 0x3d, 0xa2, 0x16, 0xf1, 0x13, 0xab, 0x60, 0x4a, 0x60, 0x40, 0x25, 0x74, 0x3c, 0xc3,
    0x91, 0x00, 0x3f, 0xdf, 0x5c, 0x66, 0xd0, 0x0f, 0xfc, 0x7f, 0x00, 0x1f, 0xfc, 0x41, 0x5d, 0xd5,
    0x80, 0x60, 0x00, 0xc2, 0x66, 0x20, 0x0f, 0x0c, 0xf6, 0x63, 0x74, 0x80, 0x1b, 0x58, 0x0e, 0x00,
    0xac, 0xc0, 0x0c, 0x60, 0x13, 0xb0, 0x02, 0x00, 0x1a, 0x04, 0x00, 0x2a, 0x50, 0x41, 0x05, 0x08,
    0xa0, 0x18, 0xb1, 0x02, 0x11, 0x05, 0x0f, 0x14, 0xd0, 0x83, 0x18, 0x05, 0x4c, 0x36, 0x80, 0x11,
    0x80, 0x46, 0xa1, 0x80, 0x18, 0x40, 0x07, 0x8e, 0x43, 0x20, 0x01, 0x02, 0x09, 0x8a, 0x1e, 0x72,
    0x06, 0x04, 0x0a, 0x60, 0x28, 0xd2, 0x12, 0x0a, 0x00, 0x84, 0x38, 0xc1, 0xc0, 0x07, 0x20, 0x16,
    0x98, 0x1c, 0x00, 0x4d, 0xae, 0xf2, 0xce, 0x08, 0x00, 0x00, 0xc4, 0x88, 0x30, 0x0e, 0x56, 0x63,
    0xed, 0xdb, 0x25, 0x9a, 0x1a, 0x99, 0x40, 0x06, 0x69, 0x99, 0x6a, 0x67, 0xfe, 0x54, 0xdd, 0xff,
    0x10, 0x9a, 0x27, 0xf8, 0x80, 0x36, 0x02, 0x40, 0x49, 0x00, 0x78, 0x40, 0x40, 0x06, 0x20, 0x1f,
    0xfe, 0xe1, 0x01, 0x00, 0x18, 0x80, 0x46, 0x00, 0xc0, 0x48, 0x09, 0x20, 0x30, 0x19, 0x44, 0xfc,
    0xca, 0x00, 0x00, 0xff, 0x08, 0x80, 0x3f, 0xe4, 0xfe, 0x50, 0x0f, 0xe3, 0xb1, 0x0a, 0x50, 0x0f,
    0x90, 0x18, 0x02, 0x80, 0x0f, 0x25, 0xed, 0x30, 0x01, 0x00, 0x39, 0x2c, 0x07, 0x69, 0x92, 0x40,
    0x32, 0x58, 0x04, 0x3b, 0x56, 0x01, 0x92, 0xc0, 0x39, 0x4c, 0x03, 0x25, 0x80, 0x72, 0x58, 0x06,
    0x4b, 0x00, 0xe4, 0xb0, 0x0c, 0x96, 0x01, 0xc9, 0x60, 0x1d, 0xe0, 0x1c, 0x96, 0x01, 0xe7, 0x00,
    0xc9, 0x60, 0x1f, 0x10, 0x04, 0x96, 0x01, 0xf9, 0xd5, 0xe6, 0xc0, 0x3f, 0x80, 0x00, 0xc4, 0xef,
    0xff, 0x20, 0x06, 0x3c, 0x88, 0xff, 0xad, 0x00, 0x07, 0xa2, 0x01, 0x10, 0x04, 0x40, 0x18, 0xc0,
    0xf4, 0x40, 0x25, 0xd7, 0x07, 0xd5, 0x00, 0xc7, 0xa2, 0x01, 0x9c, 0xa2, 0xe0, 0x9c, 0x03, 0x70,
    0x80, 0x71, 0x78, 0xa0, 0xf9, 0x00, 0x64, 0x00, 0xf9, 0x44, 0x05, 0x40, 0x3a, 0x58, 0x03, 0x96,
    0x0b, 0x0a, 0x14, 0x03, 0xa5, 0x80, 0x33, 0xaf, 0x9f, 0xab, 0x80, 0x7a, 0x58, 0x02, 0x2a, 0x20,
    0x2a, 0x20, 0x0f, 0xa5, 0xc4, 0x03, 0xfc, 0x6c, 0x00, 0x89, 0x13, 0x84, 0x02, 0x4d, 0xbb, 0xef,
    0x20, 0x4b, 0x73, 0x64, 0x43, 0x0a, 0xa5, 0x84, 0xae, 0xe6, 0x34, 0x01, 0x60, 0x1f, 0xfc, 0x1c,
    0x7a, 0x99, 0x50, 0x07, 0x10, 0x8f, 0x00, 0x7f, 0xfe, 0x08, 0x03, 0xf8, 0x79, 0x51, 0x3e, 0x76,
    0x00, 0xff, 0xe0, 0xd1, 0x80, 0x42, 0x20, 0x0f, 0xa9, 0x5c, 0x00, 0x7f, 0x00, 0x1f, 0x20, 0x04,
    0x9a, 0x20, 0x1f, 0xf2, 0x50, 0x83, 0xee, 0xfc, 0x20, 0x0d, 0x10, 0x00, 0x91, 0x7c, 0x00, 0x79,
    0x50, 0x02, 0x55, 0x7f, 0x18, 0x53, 0x01, 0x2a, 0xff, 0x00, 0x53, 0x18, 0x01, 0xfe, 0x27, 0x26,
    0x86, 0x70, 0x70, 0x08, 0x40, 0x4c, 0x0c, 0x40, 0x41, 0x80, 0x12, 0x05, 0x44, 0xc8, 0x29, 0xc6,
    0x25, 0x11, 0x29, 0x3d, 0x19, 0xa9, 0xc0, 0x06, 0x60, 0x03, 0x00, 0x88, 0x18, 0x88, 0x00, 0x22,
    0x0c, 0x80, 0x24, 0x40, 0x00, 0x94, 0xc0, 0x0e, 0x01, 0xde, 0x00, 0x2d, 0x00, 0xe6, 0x20, 0x62,
    0x00, 0x26, 0x60, 0xf7, 0x25, 0xb2, 0x53, 0x74, 0x7b, 0xa5, 0xbd, 0x80, 0x13, 0x71, 0x11, 0x30,
    0x8e, 0x62, 0x11, 0x30, 0x88, 0x27, 0x29, 0xf3, 0x07, 0xf8, 0xb1, 0xb3, 0x7b, 0xa3, 0xdd, 0x28,
    0x03, 0x98, 0x09, 0xc0, 0x38, 0xc4, 0x04, 0xc0, 0x20, 0x00, 0x84, 0x40, 0x1e, 0x49, 0x00, 0xe2,
    0xc3, 0x20, 0x0a, 0x30, 0x83, 0x28, 0x4d, 0xf2, 0xed, 0xe4, 0x46, 0x13, 0x00, 0x0c, 0x1a, 0x1e,
    0xa0, 0x06, 0x1f, 0x6b, 0xd7, 0x10, 0x01, 0x57, 0x54, 0xe0, 0x80, 0x42, 0xfe, 0x12, 0x20, 0x18,
    0x50, 0xa3, 0x14, 0x88, 0xaf, 0xf3, 0x73, 0xba, 0x9b, 0x50, 0x7c, 0xa7, 0xc5, 0x00, 0xc3, 0xc0,
    0x10, 0x06, 0x94, 0x00, 0xce, 0x20, 0x06, 0xca, 0x84, 0x00, 0x1e, 0x88, 0x02, 0xa4, 0xe7, 0x40,
    0x11, 0x00, 0x08, 0x48, 0x04, 0x81, 0x08, 0x80, 0x10, 0x98, 0x08, 0x83, 0xe0, 0x98, 0xc2, 0xe8,
    0x3f, 0xca, 0x66, 0xf0, 0xf5, 0x70, 0xcd, 0x59, 0x95, 0x5b, 0x7f, 0x04, 0x63, 0xb5, 0x89, 0x90,
    0x13, 0x00, 0x43, 0x4e, 0x02, 0x00, 0x31, 0x00, 0x9a, 0x80, 0x19, 0xa0, 0x8a, 0x00, 0x1b, 0x60,
    0x03, 0x1e, 0x6c, 0x00, 0x07, 0x00, 0x35, 0x65, 0x88, 0x00, 0x91, 0x8c, 0x03, 0xcf, 0x1d, 0xc5,
    0x00, 0xea, 0xf8, 0xac, 0x00, 0xfd, 0xbc, 0x01, 0xc9, 0x34, 0x2e, 0x01, 0xde, 0xa3, 0x60, 0x07,
    0x30, 0x7b, 0x85, 0x40, 0x18, 0x12, 0x8f, 0x7b, 0xa5, 0x64, 0x26, 0x12, 0x05, 0xbb, 0x4c, 0x02,
    0x83, 0x80, 0x04, 0x01, 0x22, 0x2a, 0xa7, 0x72, 0x63, 0x19, 0x80, 0x9b, 0xf9, 0xac, 0x58, 0xe0,
    0x44, 0x7f, 0x84, 0x46, 0x6e, 0xe2, 0xa8, 0x00, 0x0d, 0x90, 0x02, 0xcc, 0x81, 0x1e, 0x00, 0x1f,
    0x60, 0x12, 0xb8, 0x00, 0xcc, 0x20, 0x07, 0x10, 0x09, 0xc4, 0x02, 0x23, 0x00, 0x84, 0x90, 0x02,
    0xbe, 0x00, 0x9d, 0xc8, 0x01, 0x74, 0x88, 0x00, 0xfc, 0x40, 0x2b, 0x10, 0x01, 0x1d, 0x80, 0x50,
    0xe8, 0x01, 0x5f, 0x80, 0x4e, 0xa0, 0x10, 0x99, 0x80, 0x21, 0x70, 0x08, 0x5c, 0x02, 0x32, 0x00,
    0x21, 0x08, 0x03, 0xac, 0x00, 0x8e, 0xe0, 0x19, 0xe0, 0x00, 0xf9, 0x80, 0x00, 0x00, 0xc8, 0x80,
    0x0f, 0xc4, 0x40, 0x0c, 0x40, 0x1f, 0x89, 0x31, 0x00, 0x44, 0x09, 0x6a, 0xdd, 0xf7, 0xdb, 0x7f,
    0x2e, 0x05, 0x7a, 0xcb, 0x96, 0x40, 0x13, 0x59, 0x9a, 0x98, 0x00, 0x77, 0xfe, 0xbb, 0x67, 0xd9,
    0xac, 0x49, 0x08, 0x0c, 0xc9, 0x58, 0xc0, 0x21, 0x00, 0x13, 0x00, 0x7f, 0xf0, 0x99, 0x80, 0x18,
    0x00, 0xe2, 0x20, 0x07, 0xf9, 0x54, 0x01, 0xff, 0xdd, 0x1b, 0xbd, 0x54, 0xbb, 0xc2, 0x28, 0x8c,
    0x88, 0x88, 0xc2, 0x06, 0x7b, 0xb8, 0x67, 0x80, 0x3f, 0xfa, 0x42, 0x20, 0x0e, 0x00, 0x18, 0x02,
    0x31, 0xc2, 0xcf, 0x80, 0xd7, 0x02, 0x4d, 0x43, 0x68, 0x00, 0x1b, 0xbf, 0xf0, 0x8a, 0x23, 0xfc,
    0x20, 0x02, 0x09, 0xd4, 0xf2, 0x60, 0x00, 0xff, 0xc8, 0x80, 0x0f, 0xf9, 0x31, 0x00, 0x3f, 0xc9,
    0x90, 0x01, 0xfe, 0x4c, 0x80, 0x0f, 0xf2, 0x64, 0x00, 0x7f, 0x93, 0x20, 0x03, 0xfc, 0x99, 0x00,
    0x1f, 0xe4, 0xc8, 0x00, 0xff, 0x26, 0x40, 0x07, 0xf9, 0x32, 0x00, 0x3f, 0xc9, 0x90, 0x01, 0xfe,
    0x4c, 0x80, 0x0f, 0xf1, 0xe4, 0x00, 0x7f, 0xc5, 0x00, 0x1f, 0xf8, 0x00, 0x13, 0x30, 0x80, 0x26,
    0xcd, 0xd6, 0x30, 0x14, 0xdd, 0xe9, 0x25, 0x35, 0x00, 0x29, 0xae, 0xa0, 0x06, 0x4d, 0x6f, 0x00,
    0xde, 0xce, 0x01, 0xe7, 0x1e, 0x00, 0xdc, 0x38, 0x80, 0x19, 0x31, 0xc2, 0x40, 0x12, 0x0e, 0x3e,
    0xbd, 0xc5, 0xf1, 0x02, 0xcc, 0xc4, 0x00, 0x00, 0x89, 0x00, 0x33, 0xe6, 0xc8, 0x06, 0x48, 0x60,
    0x0e, 0x34, 0xf0, 0x0f, 0xff, 0x08, 0x8c, 0x02, 0x34, 0x77, 0x20, 0xbb, 0x9a, 0x00, 0x1b, 0x29,
    0x00, 0x06, 0xf7, 0x3b, 0x14, 0x18, 0x7e, 0xae, 0x6c, 0x5e, 0x84, 0x00, 0xa2, 0x40, 0x1c, 0x20,
    0x40, 0x1d, 0x0a, 0x20, 0x19, 0xd6, 0x00, 0x33, 0x4e, 0x90, 0x04, 0xf1, 0x46, 0x01, 0x55, 0x35,
    0x44, 0x68, 0x52, 0xce, 0xea, 0x80, 0x00, 0x1b, 0x30, 0x80, 0x05, 0x7d, 0x9b, 0xa7, 0x07, 0xcd,
    0xab, 0xb4, 0x0a, 0xb8, 0x04, 0xa0, 0x60, 0x18, 0xac, 0xc8, 0x00, 0x9b, 0xa1, 0xd0, 0x09, 0x66,
    0x4f, 0x40, 0x10, 0xa3, 0x6a, 0xa8, 0x80, 0x30, 0x91, 0x26, 0x88, 0x00, 0xc6, 0x94, 0x79, 0xdf,
    0x74, 0x63, 0x3d, 0x9d, 0xaa, 0x00, 0x00, 0xc2, 0x84, 0x01, 0xeb, 0xb2, 0x80, 0x73, 0x3a, 0x00,
    0x71, 0x44, 0x80, 0x7b, 0x99, 0x00, 0x3a, 0x5e, 0x00, 0x39, 0x1e, 0x40, 0x3d, 0x21, 0xfb, 0xa5,
    0x9d, 0x1f, 0xde, 0xe9, 0x5f, 0x84, 0x8c, 0xf0, 0x71, 0x80, 0x7f, 0x80, 0x04, 0x4f, 0x08, 0x54,
    0xc4, 0x63, 0x01, 0xfc, 0xcc, 0x42, 0x06, 0x01, 0xc6, 0x09, 0x10, 0x50, 0x08, 0x73, 0xbe, 0x2c,
    0x0b, 0xa5, 0x9f, 0xd1, 0x40, 0x38, 0x8f, 0x40, 0x3c, 0x5d, 0x52, 0x20, 0x34, 0x0f, 0x07, 0xdd,
    0x36, 0x89, 0x57, 0xe7, 0x61, 0x80, 0x00, 0x91, 0x94, 0x40, 0x03, 0x95, 0x93, 0xe6, 0x16, 0xff,
    0x59, 0x64, 0x6b, 0x22, 0x00, 0x51, 0x43, 0x24, 0x53, 0x00, 0x73, 0xe7, 0xfb, 0x6c, 0x41, 0x22,
    0xeb, 0xd9, 0x82, 0x88, 0x00, 0x0a, 0x6e, 0x28, 0x80, 0x46, 0x64, 0x2b, 0x10, 0x45, 0xd0, 0xe1,
    0xee, 0x54, 0xa0, 0x15, 0xf6, 0x73, 0x00, 0x34, 0x4f, 0x1d, 0xc4, 0x75, 0xd4, 0x66, 0x69, 0x28,
    0x00, 0xc3, 0x72, 0x20, 0x1a, 0x11, 0x00, 0x18, 0x5a, 0x00, 0x39, 0x8c, 0x80, 0x3b, 0x10, 0x03,
    0xcb, 0xa0, 0x1c, 0x42, 0xc0, 0x1c, 0x20, 0x20, 0x10, 0x00, 0x13, 0x30, 0x80, 0x27, 0xcf, 0xf6,
    0x40, 0x14, 0x64, 0xcb, 0x1c, 0x98, 0x48, 0x00, 0x44, 0x64, 0x39, 0x10, 0x33, 0x28, 0x7b, 0xfd,
    0x76, 0x88, 0xbe, 0x33, 0x4e, 0x42, 0x5d, 0x89, 0xfd, 0xdc, 0x44, 0x00, 0x85, 0x37, 0x18, 0xc0,
    0x06, 0xf8, 0xd3, 0xbb, 0xa5, 0x81, 0xfb, 0xfd, 0xce, 0x00, 0x00, 0x1b, 0x28, 0x80, 0x55, 0xdf,
    0xde, 0x80, 0xc9, 0x93, 0x73, 0x43, 0x8e, 0x20, 0x07, 0x07, 0x33, 0x00, 0x65, 0xec, 0x44, 0x00,
    0xc2, 0x0a, 0xcd, 0x77, 0x82, 0x88, 0x3f, 0x7f, 0x43, 0xf0, 0x04, 0x20, 0x84, 0xe5, 0x22, 0x09,
    0x2e, 0x20, 0x5d, 0xca, 0x58, 0x02, 0xbe, 0xce, 0x80, 0x00, 0x4c, 0x42, 0x32, 0x6e, 0x60, 0x10,
    0x0f, 0xf2, 0xf2, 0x80, 0x4b, 0xca, 0x4c, 0x42, 0x32, 0x6e, 0x60, 0x10, 0x0f, 0x8a, 0xd5, 0xd3,
    0x96, 0x84, 0x3f, 0x28, 0x9a, 0xe0, 0x00, 0x00, 0xfe, 0x17, 0x10, 0x0f, 0xcd, 0x9c, 0x01, 0xf3,
    0x6e, 0x7c, 0x88, 0x06, 0x5d, 0xcf, 0xa2, 0x00, 0xcb, 0xbf, 0xd4, 0x40, 0x18, 0xf2, 0x3a, 0x8c,
    0x03, 0xc7, 0x03, 0x06, 0x01, 0xf9, 0x33, 0xbe, 0x8c, 0x03, 0xf2, 0xe7, 0xf5, 0x10, 0x07, 0xe5,
    0xdc, 0xfa, 0x20, 0x0f, 0xcd, 0xb9, 0xe6, 0x01, 0xfc, 0xda, 0x60, 0x06, 0x6f, 0xf0, 0x0f, 0x77,
    0xf8, 0x45, 0x11, 0xfe, 0x10, 0x44, 0xff, 0x00, 0xff, 0xff, 0x84, 0x17, 0x10, 0x0f, 0xf7, 0x63,
    0x00, 0x7e, 0x19, 0xfc, 0xd6, 0x00, 0xfc, 0x55, 0xf9, 0xaa, 0x01, 0xf8, 0xab, 0xbf, 0x54, 0x03,
    0xf1, 0xd7, 0x46, 0x18, 0x07, 0xc7, 0x03, 0x06, 0x01, 0xc7, 0x5f, 0xd8, 0x80, 0x18, 0xab, 0xbf,
    0x14, 0x03, 0x15, 0x7e, 0x6a, 0x80, 0x71, 0xfe, 0x6b, 0x00, 0x7c, 0x7a, 0xc0, 0x1f, 0xc0, 0x01,
    0x79, 0x82, 0x03, 0xfe, 0xf3, 0xc1, 0x2a, 0x96, 0xb3, 0x71, 0x40, 0x08, 0xcc, 0x01, 0xa9, 0x54,
    0x01, 0x43, 0x50, 0x04, 0x6f, 0xa2, 0x01, 0x9c, 0x40, 0x31, 0xc0, 0x07, 0x25, 0x08, 0x06, 0x24,
    0x00, 0xe6, 0xe1, 0x00, 0x00, 0xc6, 0xf3, 0x0a, 0x01, 0xc5, 0x70, 0x3b, 0xac, 0xd3, 0x00, 0x17,
    0xf5, 0xb2, 0x2c, 0xcb, 0x84, 0x3a, 0x14, 0x04, 0x80, 0x51, 0x59, 0x1d, 0x41, 0xb3, 0xb1, 0x82,
    0xf3, 0x74, 0x07, 0x79, 0x80, 0x30, 0x27, 0x25, 0x0a, 0xa0, 0x81, 0x28, 0x13, 0xb8, 0x40, 0xc8,
    0x04, 0x04, 0x13, 0x1d, 0x83, 0x79, 0x68, 0xcc, 0xd6, 0xd9, 0x80, 0x7c, 0xd9, 0x94, 0x76, 0x8b,
    0x30, 0xc1, 0xe0, 0x92, 0xe0, 0x40, 0x6b, 0x9c, 0x40, 0x08, 0x80, 0x0c, 0x9f, 0xd9, 0xba, 0xe7,
    0x00, 0x80, 0x00, 0xc8, 0x60, 0x1f, 0x1d, 0xe8, 0x80, 0x7a, 0xd8, 0x9c, 0x03, 0xcd, 0xb7, 0x40,
    0x1c, 0xa6, 0x8c, 0x64, 0x01, 0xb9, 0x40, 0x52, 0x80, 0x21, 0x4d, 0x22, 0x63, 0x00, 0x4c, 0x31,
    0xfe, 0xa1, 0x50, 0x05, 0x4e, 0xee, 0x5f, 0x03, 0x25, 0x00, 0xde, 0xa3, 0x48, 0x40, 0x19, 0x45,
    0x80, 0x34, 0x4c, 0x40, 0x14, 0xd7, 0xfa, 0x33, 0x02, 0x00, 0x4b, 0xb6, 0x78, 0x58, 0x07, 0x85,
    0x44, 0x03, 0xc6, 0xfa, 0x00, 0x5e, 0xe7, 0xe3, 0xb0, 0x01, 0x7f, 0xdb, 0x65, 0x80, 0x10, 0x88,
    0x92, 0xc9, 0x40, 0x3e, 0x10, 0x08, 0x46, 0x3a, 0x14, 0x05, 0xee, 0xb4, 0x34, 0x40, 0x00, 0xc8,
    0xcc, 0x30, 0x0c, 0x7b, 0x5b, 0xb5, 0x88, 0x16, 0xa7, 0xdd, 0xbf, 0x44, 0x21, 0x64, 0x40, 0x02,
    0xc0, 0x04, 0xe0, 0x0f, 0x88, 0x58, 0x03, 0xe3, 0x07, 0x00, 0xf8, 0x44, 0x60, 0x1f, 0x9a, 0x84,
    0x03, 0xe9, 0x0d, 0x40, 0x15, 0xd4, 0x01, 0xc5, 0xaf, 0xeb, 0xa4, 0x00, 0x0c, 0xf6, 0xeb, 0x9c,
    0x00, 0x44, 0xc4, 0x01, 0xa6, 0x51, 0x0d, 0xd3, 0x00, 0x57, 0x98, 0xfb, 0x97, 0x00, 0xf3, 0x4c,
    0x84, 0x03, 0xce, 0x28, 0x01, 0xe1, 0x22, 0x00, 0x7c, 0x62, 0x01, 0xe2, 0x12, 0x00, 0xf4, 0x12,
    0x00, 0x04, 0x96, 0xd3, 0x80, 0x13, 0xdb, 0x05, 0x86, 0x00, 0x04, 0x4f, 0x18, 0xdc, 0xc4, 0x6b,
    0x00, 0x76, 0x66, 0x80, 0x0f, 0xfe, 0x36, 0xf7, 0x50, 0x01, 0x5e, 0x65, 0x20, 0x13, 0x11, 0x42,
    0x01, 0xff, 0x39, 0x16, 0x10, 0x05, 0xee, 0xf0, 0x44, 0xfa, 0x2a, 0x23, 0x78, 0x4e, 0x66, 0xb0,
    0x0f, 0xfe, 0x1d, 0x56, 0x90, 0x03, 0xe6, 0x60, 0x06, 0xb3, 0x4a, 0x01, 0xff, 0xca, 0x00, 0x85,
    0x59, 0x84, 0x01, 0x9b, 0xe3, 0x76, 0xa0, 0x03, 0xcd, 0xed, 0xdb, 0x70, 0x06, 0x64, 0xa0, 0x11,
    0x30, 0x20, 0xb0, 0x07, 0xc4, 0x40, 0x08, 0x95, 0x61, 0x00, 0xe4, 0xee, 0x52, 0x99, 0x08, 0x01,
    0xae, 0xc4, 0x08, 0x30, 0x01, 0xfa, 0x9a, 0x8c, 0x05, 0x0c, 0x00, 0x98, 0x39, 0xfd, 0x4c, 0x80,
    0x03, 0xbe, 0xdd, 0x74, 0x00, 0x14, 0x10, 0x0e, 0x41, 0x2b, 0x30, 0x0c, 0x56, 0x40, 0x1f, 0xfd,
    0x4d, 0xee, 0xda, 0x01, 0xaf, 0x33, 0x58, 0x06, 0x62, 0x2c, 0xc0, 0x1f, 0xfd, 0x40, 0x24, 0x4f,
    0x12, 0x44, 0x2a, 0x91, 0x05, 0x6c, 0xc2, 0x23, 0x30, 0xe0, 0x1f, 0xfe, 0x41, 0x18, 0x00, 0x23,
    0x4f, 0x71, 0x55, 0xdc, 0x90, 0x00, 0xe2, 0x30, 0x0e, 0xb8, 0x00, 0xff, 0xf1, 0x98, 0xae, 0x18,
    0x22, 0x31, 0x55, 0x9f, 0x6e, 0xc1, 0x3d, 0xbd, 0x20, 0x33, 0x00, 0x61, 0x41, 0xa9, 0x00, 0x87,
    0x74, 0x20, 0x18, 0x75, 0xa4, 0x03, 0x0e, 0xbd, 0x00, 0x61, 0xa1, 0xb0, 0x0c, 0x34, 0xc4, 0x60,
    0x19, 0x1b, 0x1f, 0x84, 0x02, 0x2f, 0x18, 0x08, 0x00, 0x9c, 0x80, 0x1c, 0xc8, 0x01, 0xe3, 0x79,
    0x10, 0x0f, 0x40, 0x40, 0x32, 0x00, 0xe8, 0xa0, 0x0f, 0xff, 0x58, 0x91, 0x61, 0x06, 0xdd, 0xd8,
    0x43, 0x00, 0xf1, 0xa4, 0xe0, 0x80, 0x61, 0xc9, 0x02, 0x60, 0x0c, 0xc4, 0x00, 0xa9, 0x00, 0xd3,
    0x40, 0x03, 0x32, 0x80, 0x14, 0x88, 0x00, 0x1b, 0x90, 0x04, 0xc8, 0x03, 0x39, 0x19, 0x89, 0x40,
    0x30, 0xb5, 0x52, 0x40, 0x3d, 0x4e, 0xe6, 0x00, 0xf1, 0x23, 0x88, 0x07, 0xd5, 0x20, 0x18, 0x04,
    0x10, 0x0e, 0x41, 0x2b, 0xa0, 0x0c, 0x56, 0x60, 0x06, 0x60, 0x07, 0xe9, 0x82, 0x00, 0xf9, 0x5f,
    0x80, 0x3e, 0x38, 0x17, 0x00, 0xf8, 0x66, 0x0c, 0x03, 0xe4, 0x6f, 0x30, 0x0f, 0xa0, 0x58, 0x03,
    0xe1, 0x99, 0x00, 0x7e, 0x46, 0x00, 0x00, 0x91, 0x98, 0x80, 0x18, 0xf2, 0xb7, 0x55, 0x86, 0x03,
    0xad, 0xf7, 0x6f, 0x6d, 0x19, 0x3a, 0x10, 0x00, 0xd1, 0xca, 0x28, 0x07, 0x95, 0x0b, 0x80, 0x3d,
    0xc4, 0x01, 0xfe, 0x5f, 0x00, 0xf7, 0xae, 0xb9, 0x00, 0x62, 0x7d, 0x65, 0xf5, 0x00, 0x27, 0xab,
    0x05, 0xad, 0xff, 0xa9, 0x6c, 0x02, 0x8e, 0xdd, 0x74, 0x00, 0x00, 0x24, 0x48, 0xc8, 0x02, 0x5a,
    0x88, 0x7e, 0xe8, 0xc0, 0x05, 0x99, 0x72, 0x70, 0x07, 0x86, 0x88, 0x80, 0x1e, 0x60, 0x30, 0x12,
    0x21, 0xb5, 0xb0, 0x81, 0x66, 0x3b, 0x62, 0x40, 0x07, 0xdc, 0xdb, 0x60, 0x0f, 0xfe, 0x88, 0x00,
    0x91, 0x98, 0x60, 0x1c, 0x79, 0x5b, 0xb6, 0x10, 0x00, 0x75, 0xbe, 0xed, 0xed, 0xe2, 0x12, 0x74,
    0x20, 0x01, 0xb0, 0x90, 0x45, 0x00, 0xe1, 0x54, 0x02, 0xe0, 0x0f, 0x71, 0x00, 0x7f, 0xe5, 0xf0,
    0x0f, 0x7a, 0x86, 0xb9, 0x00, 0x62, 0x7e, 0x06, 0x5f, 0x30, 0x02, 0x7a, 0x28, 0x02, 0xd7, 0x7b,
    0x95, 0x50, 0x06, 0x8e, 0x90, 0xd7, 0x00, 0xf9, 0xdb, 0x2a, 0x24, 0x40, 0x3a, 0x37, 0x41, 0xc0,
    0x24, 0x4c, 0x40, 0x12, 0xd4, 0x45, 0x9a, 0x80, 0x02, 0xcc, 0xb9, 0x28, 0x03, 0xea, 0x12, 0x00,
    0xf2, 0x89, 0x00, 0xb3, 0x1e, 0xa2, 0x00, 0x03, 0xcc, 0x48, 0xe3, 0x00, 0x0a, 0xa9, 0x68, 0x01,
    0xf2, 0xab, 0x80, 0x3e, 0xb1, 0x70, 0x0f, 0x0c, 0xc1, 0x80, 0x00, 0x12, 0xb2, 0x00, 0x68, 0xde,
    0xd9, 0xe4, 0x04, 0x7c, 0xbb, 0x6d, 0xb8, 0x10, 0x98, 0x04, 0xa6, 0x08, 0x18, 0x80, 0x1c, 0x58,
    0xf7, 0xb0, 0x40, 0x11, 0x5e, 0xd2, 0xe2, 0x00, 0x62, 0x7d, 0x49, 0x01, 0x00, 0xef, 0x20, 0xdb,
    0x41, 0x03, 0x95, 0x0e, 0x2a, 0xef, 0xc6, 0xb0, 0x29, 0xed, 0xd7, 0x50, 0x80, 0x14, 0x4f, 0xc2,
    0xb1, 0x15, 0x52, 0x22, 0x54, 0xcc, 0x91, 0x19, 0x92, 0x00, 0x7f, 0xff, 0xc0, 0x38, 0x14, 0x10,
    0x0e, 0x41, 0x3b, 0x30, 0x0c, 0x36, 0x40, 0x1f, 0xfe, 0x63, 0x01, 0x00, 0xc6, 0x02, 0x22, 0x40,
    0x0c, 0xa2, 0x41, 0x52, 0xa2, 0x25, 0x96, 0x00, 0x3b, 0x5f, 0x72, 0xda, 0x00, 0x28, 0xed, 0xd7,
    0x40, 0x00, 0x24, 0x00, 0xf2, 0x13, 0x59, 0x00, 0x61, 0xb6, 0x42, 0x50, 0x0c, 0xe4, 0x80, 0xb6,
    0x01, 0xb5, 0x40, 0x14, 0x66, 0x00, 0x12, 0x50, 0x00, 0x8e, 0xc0, 0x0a, 0x64, 0x01, 0x52, 0x80,
    0x2e, 0x80, 0x33, 0x91, 0x91, 0xb8, 0x06, 0x15, 0xaa, 0x28, 0x80, 0x77, 0x3a, 0xf8, 0x07, 0x90,
    0x0d, 0x40, 0x20, 0x23, 0x00, 0xc6, 0x60, 0x0c, 0x64, 0x9a, 0x01, 0xbf, 0x80, 0x37, 0x22, 0x04,
    0x80, 0x02, 0x46, 0x40, 0x02, 0x22, 0x11, 0x10, 0x00, 0xe8, 0xaa, 0x00, 0x39, 0x10, 0x1f, 0x00,
    0x19, 0xb9, 0x80, 0x06, 0x38, 0x03, 0x1c, 0x00, 0x8a, 0xa4, 0x10, 0x4c, 0x00, 0x21, 0x11, 0x0c,
    0x8a, 0x41, 0x24, 0x00, 0x11, 0x1f, 0x14, 0x00, 0x98, 0xa2, 0x40, 0x13, 0xe2, 0x60, 0x03, 0x5c,
    0xd0, 0x03, 0x62, 0x12, 0x00, 0x10, 0x2b, 0x00, 0x32, 0x12, 0x00, 0x64, 0x25, 0x00, 0x04, 0x20,
    0x0c, 0x48, 0x00, 0xcf, 0x10, 0x0b, 0xcc, 0x01, 0x01, 0x20, 0x07, 0x17, 0x00, 0xb9, 0xcc, 0xa7,
    0xc0, 0x31, 0xbf, 0xcb, 0x18, 0x07, 0x49, 0x2c, 0x80, 0x79, 0x00, 0x0a, 0x01, 0xc3, 0x17, 0x32,
    0x10, 0x0d, 0x0c, 0xae, 0x30, 0x01, 0x23, 0xc8, 0x03, 0xd9, 0x00, 0x66, 0x44, 0x00, 0x37, 0x91,
    0x14, 0x10, 0x0c, 0x28, 0x22, 0xf8, 0x00, 0xd3, 0xe2, 0x10, 0xc4, 0x00, 0x27, 0x80, 0x01, 0xb4,
    0x80, 0x21, 0x8c, 0x02, 0xb5, 0x43, 0x4b, 0x00, 0xc5, 0x31, 0xf2, 0x40, 0x1c, 0xc2, 0x26, 0x00,
    0xf0, 0xbb, 0x84, 0x03, 0xff, 0xaa, 0x24, 0x4f, 0x81, 0x22, 0x3a, 0xa4, 0x1b, 0x33, 0x40, 0x70,
    0x07, 0x0d, 0x49, 0x80, 0x75, 0x23, 0x80, 0x73, 0xb5, 0x80, 0x71, 0xc7, 0x08, 0x06, 0x1e, 0x83,
    0x00, 0xeb, 0x67, 0x00, 0xe7, 0x48, 0x22, 0xe0, 0x91, 0xcd, 0xde, 0x20, 0x0d, 0xbb, 0x30, 0x1d,
    0xd9, 0x80, 0x3f, 0xfc, 0xe3, 0x10, 0x40, 0xcb, 0xb3, 0x00, 0x44, 0x00, 0x7f, 0xe4, 0xc4, 0x00,
    0xff, 0xd1, 0x88, 0x01, 0xff, 0xa3, 0x10, 0x03, 0xff, 0x46, 0x20, 0x07, 0xfe, 0x8c, 0x40, 0x0f,
    0xfd, 0x18, 0x80, 0x1f, 0xfa, 0x31, 0x00, 0x3f, 0xf4, 0x62, 0x00, 0x7f, 0xe8, 0xc4, 0x00, 0xff,
    0xd1, 0x88, 0x01, 0xff, 0xa3, 0x10, 0x03, 0xff, 0x46, 0x18, 0x07, 0xfe, 0x82, 0x6b, 0xb6, 0x83,
    0x5d, 0x8c, 0x03, 0xff, 0xce, 0x91, 0x01, 0x06, 0xbb, 0x60, 0x00, 0x00, 0x08, 0x80, 0x21, 0xdd,
    0x18, 0x02, 0x63, 0xa4, 0x40, 0x99, 0xff, 0xe1, 0x00, 0x02, 0x10, 0x05, 0x68, 0x84, 0x5b, 0x80,
    0x01, 0x7a, 0xb8, 0x10, 0x06, 0x77, 0xf1, 0xe0, 0x03, 0x25, 0x55, 0x44, 0x80, 0x26, 0xf5, 0x40,
    0x10, 0xae, 0x09, 0xa1, 0x35, 0x4c, 0x73, 0x10, 0x0c, 0x60, 0x30, 0x20, 0xa9, 0xba, 0xcd, 0x40,
    0x05, 0x77, 0xea, 0xdb, 0x00, 0x12, 0x00, 0xf3, 0x70, 0x07, 0xff, 0x30, 0xa6, 0xe9, 0x00, 0x05,
    0xfd, 0xc0, 0xb4, 0x03, 0xc7, 0x5a, 0x58, 0x01, 0x10, 0x05, 0x86, 0x01, 0xff, 0xc2, 0xf3, 0x02,
    0x50, 0x03, 0x32, 0x41, 0x7f, 0xbe, 0x25, 0x5e, 0xeb, 0xb7, 0x98, 0x00, 0x00, 0x1c, 0xdd, 0x98,
    0x00, 0xd8, 0x1d, 0xb4, 0xa5, 0x31, 0x2a, 0xd8, 0xa8, 0x0e, 0x01, 0xe1, 0x00, 0xf1, 0x09, 0x80,
    0x72, 0x23, 0x8c, 0x00, 0xcc, 0x0a, 0x4c, 0xef, 0xa5, 0x01, 0x9e, 0xce, 0xc3, 0x00, 0xf8, 0x84,
    0x03, 0xee, 0x60, 0x0f, 0xfe, 0x41, 0x4e, 0x5a, 0x80, 0x45, 0x8b, 0x5b, 0xc6, 0x00, 0x82, 0xc6,
    0x65, 0x98, 0x01, 0x28, 0x03, 0xe1, 0x30, 0x0f, 0x8b, 0x00, 0x3e, 0xa6, 0x50, 0x03, 0x98, 0x01,
    0xdd, 0x5d, 0xcd, 0x40, 0x0a, 0x3b, 0x3e, 0xad, 0xc0, 0x00, 0x35, 0x5c, 0x90, 0x02, 0xaf, 0x3c,
    0x70, 0x95, 0x31, 0x92, 0x1e, 0x3c, 0x9d, 0x9a, 0x06, 0x10, 0xee, 0xc3, 0x46, 0x11, 0x1c, 0xd4,
    0x52, 0x20, 0x04, 0x22, 0x61, 0x76, 0xf4, 0x08, 0x15, 0xf7, 0xfb, 0x0c, 0x00, 0xe3, 0x42, 0x00,
    0xc5, 0xbd, 0xfe, 0x30, 0x0a, 0x1f, 0x6f, 0x4c, 0x02, 0x7c, 0x00, 0xc3, 0x12, 0x7b, 0x32, 0x50,
    0x1e, 0xf0, 0x2f, 0xf3, 0x00, 0x19, 0x87, 0x8c, 0xc3, 0x00, 0xff, 0xf1, 0x00, 0x01, 0x7b, 0xa9,
    0x98, 0x82, 0xb2, 0x39, 0x0f, 0x0c, 0x92, 0x8d, 0x21, 0x94, 0x40, 0x06, 0x00, 0x30, 0x08, 0x97,
    0x95, 0xa2, 0x40, 0x26, 0xbd, 0x1d, 0x50, 0x01, 0x11, 0x61, 0xcc, 0x02, 0x25, 0xde, 0xeb, 0x18,
    0x14, 0x3b, 0xf3, 0x17, 0x23, 0x86, 0x22, 0x22, 0x84, 0x5a, 0xd2, 0xcc, 0x98, 0xa0, 0x4f, 0xc1,
    0x16, 0x61, 0x00, 0x12, 0x00, 0xf2, 0x60, 0x07, 0xff, 0x30, 0x62, 0xe9, 0x00, 0x2c, 0x0e, 0x0b,
    0x20, 0x07, 0xc2, 0xd0, 0xa0, 0x00, 0x80, 0x22, 0x10, 0x0f, 0xfe, 0xa0, 0x00, 0x66, 0x11, 0x11,
    0x06, 0x67, 0xe0, 0x07, 0xfe, 0x00, 0xff, 0x6d, 0x00, 0x64, 0xd0, 0x0d, 0x2e, 0x01, 0x9d, 0x40,
    0x36, 0x68, 0x07, 0xff, 0x84, 0x57, 0x66, 0xeb, 0x09, 0x63, 0xf2, 0x70, 0x00, 0x21, 0x00, 0xf6,
    0x20, 0x07, 0xff, 0x38, 0x65, 0x00, 0x30, 0xe8, 0x20, 0x04, 0x34, 0xd2, 0x01, 0xa9, 0x68, 0x03,
    0x40, 0x14, 0x00, 0x66, 0xaf, 0x64, 0x00, 0xb8, 0x4e, 0x28, 0x40, 0x39, 0x92, 0x80, 0x21, 0x00,
    0xbd, 0x80, 0x3f, 0xfb, 0x42, 0x01, 0x9b, 0x00, 0x03, 0x0d, 0xdc, 0x92, 0xdc, 0xf8, 0x92, 0x5b,
    0xb3, 0x01, 0x4d, 0xc0, 0x83, 0xf7, 0xe9, 0xcd, 0x77, 0x35, 0xac, 0x00, 0x94, 0xd0, 0x8d, 0xae,
    0xd0, 0x80, 0x0d, 0x00, 0x89, 0x84, 0x00, 0x42, 0x01, 0xff, 0xe9, 0x37, 0x18, 0xba, 0x40, 0x6a,
    0xcf, 0xe0, 0xb2, 0x03, 0xf7, 0x5a, 0x14, 0x00, 0x10, 0x04, 0x62, 0x01, 0xe1, 0x00, 0xff, 0xe6,
    0x80, 0x01, 0x7b, 0xb3, 0x88, 0x16, 0x5e, 0xea, 0xf0, 0xac, 0x31, 0x99, 0x81, 0x6f, 0x40, 0x1a,
    0x9c, 0x04, 0x03, 0x08, 0x16, 0x00, 0x6c, 0x28, 0x56, 0x00, 0x32, 0xc2, 0x55, 0xff, 0xae, 0x90,
    0x17, 0x77, 0x28, 0x00, 0x46, 0x29, 0xca, 0x40, 0x38, 0xfe, 0x93, 0xb4, 0x03, 0xd7, 0x59, 0x58,
    0x01, 0x00, 0xd8, 0x40, 0x1f, 0x08, 0x07, 0xbc, 0xc0, 0x94, 0x00, 0xcc, 0x90, 0x3f, 0xfa, 0x25,
    0x40, 0x6b, 0xb7, 0x98, 0x03, 0x09, 0x00, 0x7f, 0xcd, 0xc0, 0x1e, 0x02, 0x8c, 0xb5, 0x64, 0x2c,
    0x4a, 0xde, 0x93, 0x82, 0xc6, 0x65, 0x98, 0x25, 0x00, 0x78, 0x4c, 0x03, 0xc5, 0x80, 0x1e, 0xa6,
    0x50, 0x16, 0x30, 0x77, 0x57, 0x73, 0xcc, 0x01, 0x1d, 0x9d, 0x20, 0x18, 0x48, 0x40, 0x3f, 0xf8,
    0xbe, 0xc0, 0x46, 0x05, 0xab, 0x62, 0xd9, 0x96, 0x69, 0x02, 0x1e, 0x33, 0x10, 0x06, 0xc0, 0x38,
    0xc4, 0x03, 0xff, 0x9a, 0x01, 0x8b, 0xb4, 0x18, 0x03, 0x0b, 0xfc, 0x10, 0x02, 0x5e, 0x88, 0x8b,
    0x01, 0x8b, 0xa5, 0x10, 0x09, 0xf3, 0x1d, 0xf2, 0x01, 0x13, 0x5e, 0x3b, 0x1c, 0x08, 0x06, 0x32,
    0x1f, 0xdd, 0x63, 0x28, 0xcf, 0x7f, 0xba, 0x00, 0x00, 0x1c, 0x80, 0x79, 0x94, 0x03, 0x2c, 0xf1,
    0x4c, 0xca, 0x3e, 0x27, 0xff, 0x32, 0x36, 0x8b, 0x34, 0x60, 0x1f, 0xfc, 0x61, 0x10, 0x07, 0x94,
    0x90, 0x00, 0x20, 0x03, 0x7b, 0xee, 0x58, 0x05, 0x1d, 0x9f, 0x40, 0x48, 0x00, 0xd2, 0x66, 0x50,
    0x0c, 0xec, 0x01, 0xff, 0xcc, 0x13, 0x00, 0xf2, 0x8a, 0x81, 0x58, 0x81, 0xb5, 0x7f, 0xb9, 0x00,
    0x13, 0xdb, 0xa5, 0xb5, 0x75, 0x00, 0xca, 0xe3, 0x00, 0x1a, 0x45, 0xcd, 0x00, 0x06, 0x4e, 0x2f,
    0xc0, 0x0a, 0x71, 0x0b, 0x51, 0x13, 0xd0, 0x00, 0x91, 0x9c, 0x8c, 0x02, 0xeb, 0xda, 0x00, 0xca,
    0x4a, 0xe0, 0x00, 0x84, 0x00, 0x9d, 0xc0, 0x12, 0x40, 0xf0, 0x05, 0x32, 0x10, 0x06, 0x8e, 0xa0,
    0x82, 0x2a, 0x90, 0x00, 0xfa, 0x80, 0x81, 0xba, 0xcf, 0x03, 0x04, 0x07, 0xc0, 0x47, 0x54, 0x0b,
    0x40, 0x06, 0xb9, 0x88, 0x88, 0x88, 0x8f, 0x00, 0x20, 0x4d, 0x80, 0x2f, 0x89, 0x00, 0x24, 0x55,
    0x00, 0x11, 0x50, 0x40, 0x29, 0x20, 0x00, 0xc9, 0x10, 0x24, 0x01, 0x66, 0x41, 0x0c, 0xea, 0xf6,
    0x00, 0x1e, 0x9b, 0x91, 0x00, 0x84, 0x00, 0xc0, 0x1b, 0xa1, 0xe4, 0x02, 0x97, 0x68, 0x78, 0x04,
    0x79, 0x01, 0xe6, 0x40, 0x75, 0x00, 0xc8, 0xe3, 0x60, 0x1a, 0x01, 0x81, 0x40, 0x06, 0x66, 0x09,
    0x90, 0x02, 0xd4, 0x41, 0x88, 0xc1, 0xb8, 0x00, 0x2d, 0x28, 0x68, 0x01, 0x52, 0x7d, 0x00, 0x62,
    0x44, 0x30, 0x07, 0x1a, 0x88, 0x06, 0x37, 0x90, 0x09, 0xb3, 0x60, 0xc0, 0x27, 0xff, 0x30, 0x06,
    0x09, 0x9f, 0x18, 0x7f, 0xe5, 0x42, 0x06, 0x68, 0xcb, 0x84, 0x02, 0x3b, 0xa3, 0x00, 0x8b, 0x61,
    0x00, 0x21, 0xe6, 0x60, 0x06, 0xa6, 0x91, 0x18, 0x19, 0x17, 0xbb, 0x40, 0x00, 0x3e, 0x28, 0x02,
    0x75, 0x40, 0x21, 0x00, 0xc2, 0x01, 0x18, 0x06, 0x31, 0x02, 0xd7, 0x00, 0x14, 0xa0, 0x04, 0x80,
    0x20, 0x1f, 0x8c, 0x40, 0x30, 0x80, 0x4b, 0x06, 0x00, 0xad, 0x00, 0x11, 0x2a, 0x80, 0x3f, 0xf9,
    0x8e, 0xe0, 0x5c, 0x70, 0x02, 0xec, 0x80, 0x42, 0x01, 0x84, 0x03, 0x8c, 0x02, 0x13, 0x00, 0xcf,
    0xa4, 0x00, 0x49, 0x20, 0x10, 0x40, 0x0f, 0x84, 0xc0, 0x21, 0x00, 0x8e, 0x14, 0x02, 0xda, 0x00,
    0x00, 0x84, 0xc0, 0x3f, 0xc3, 0x7d, 0xbc, 0xe0, 0x1c, 0x60, 0x38, 0x3d, 0xca, 0xa8, 0x40, 0x09,
    0xa4, 0x6b, 0x42, 0x09, 0x8d, 0x93, 0x75, 0x64, 0x48, 0x00, 0xc3, 0x90, 0x39, 0x85, 0x00,
];

#[rustfmt::skip]
static SOURCE_HAN_SANS_SC_14_CJK_GLYPHS: [twine_text::GlyphDsc; 1631] = [
    twine_text::GlyphDsc { bitmap_index: 0, adv_w: 0, box_w: 0, box_h: 0, ofs_x: 0, ofs_y: 0 }, // reserved
    twine_text::GlyphDsc { bitmap_index: 0, adv_w: 50, box_w: 0, box_h: 0, ofs_x: 0, ofs_y: 0 }, // U+0020 ' '
    twine_text::GlyphDsc { bitmap_index: 0, adv_w: 72, box_w: 3, box_h: 12, ofs_x: 1, ofs_y: -1 }, // U+0021 '!'
    twine_text::GlyphDsc { bitmap_index: 17, adv_w: 106, box_w: 5, box_h: 5, ofs_x: 1, ofs_y: 6 }, // U+0022 '"'
    twine_text::GlyphDsc { bitmap_index: 30, adv_w: 124, box_w: 8, box_h: 11, ofs_x: 0, ofs_y: 0 }, // U+0023 '#'
    twine_text::GlyphDsc { bitmap_index: 75, adv_w: 124, box_w: 7, box_h: 14, ofs_x: 0, ofs_y: -2 }, // U+0024 '$'
    twine_text::GlyphDsc { bitmap_index: 121, adv_w: 206, box_w: 13, box_h: 12, ofs_x: 0, ofs_y: -1 }, // U+0025 '%'
    twine_text::GlyphDsc { bitmap_index: 195, adv_w: 152, box_w: 10, box_h: 12, ofs_x: 0, ofs_y: -1 }, // U+0026 '&'
    twine_text::GlyphDsc { bitmap_index: 251, adv_w: 62, box_w: 2, box_h: 5, ofs_x: 1, ofs_y: 6 }, // U+0027 '\''
    twine_text::GlyphDsc { bitmap_index: 257, adv_w: 76, box_w: 4, box_h: 15, ofs_x: 1, ofs_y: -3 }, // U+0028 '('
    twine_text::GlyphDsc { bitmap_index: 287, adv_w: 76, box_w: 4, box_h: 15, ofs_x: 0, ofs_y: -3 }, // U+0029 ')'
    twine_text::GlyphDsc { bitmap_index: 319, adv_w: 105, box_w: 6, box_h: 6, ofs_x: 0, ofs_y: 6 }, // U+002A '*'
    twine_text::GlyphDsc { bitmap_index: 337, adv_w: 124, box_w: 8, box_h: 8, ofs_x: 0, ofs_y: 1 }, // U+002B '+'
    twine_text::GlyphDsc { bitmap_index: 361, adv_w: 62, box_w: 4, box_h: 5, ofs_x: 0, ofs_y: -3 }, // U+002C ','
    twine_text::GlyphDsc { bitmap_index: 372, adv_w: 78, box_w: 5, box_h: 2, ofs_x: 0, ofs_y: 3 }, // U+002D '-'
    twine_text::GlyphDsc { bitmap_index: 377, adv_w: 62, box_w: 2, box_h: 3, ofs_x: 1, ofs_y: -1 }, // U+002E '.'
    twine_text::GlyphDsc { bitmap_index: 380, adv_w: 88, box_w: 6, box_h: 15, ofs_x: 0, ofs_y: -3 }, // U+002F '/'
    twine_text::GlyphDsc { bitmap_index: 418, adv_w: 124, box_w: 8, box_h: 12, ofs_x: 0, ofs_y: -1 }, // U+0030 '0'
    twine_text::GlyphDsc { bitmap_index: 466, adv_w: 124, box_w: 6, box_h: 11, ofs_x: 1, ofs_y: 0 }, // U+0031 '1'
    twine_text::GlyphDsc { bitmap_index: 486, adv_w: 124, box_w: 8, box_h: 11, ofs_x: 0, ofs_y: 0 }, // U+0032 '2'
    twine_text::GlyphDsc { bitmap_index: 525, adv_w: 124, box_w: 7, box_h: 12, ofs_x: 0, ofs_y: -1 }, // U+0033 '3'
    twine_text::GlyphDsc { bitmap_index: 567, adv_w: 124, box_w: 8, box_h: 11, ofs_x: 0, ofs_y: 0 }, // U+0034 '4'
    twine_text::GlyphDsc { bitmap_index: 602, adv_w: 124, box_w: 8, box_h: 12, ofs_x: 0, ofs_y: -1 }, // U+0035 '5'
    twine_text::GlyphDsc { bitmap_index: 646, adv_w: 124, box_w: 8, box_h: 12, ofs_x: 0, ofs_y: -1 }, // U+0036 '6'
    twine_text::GlyphDsc { bitmap_index: 694, adv_w: 124, box_w: 8, box_h: 11, ofs_x: 0, ofs_y: 0 }, // U+0037 '7'
    twine_text::GlyphDsc { bitmap_index: 727, adv_w: 124, box_w: 8, box_h: 12, ofs_x: 0, ofs_y: -1 }, // U+0038 '8'
    twine_text::GlyphDsc { bitmap_index: 777, adv_w: 124, box_w: 7, box_h: 12, ofs_x: 0, ofs_y: -1 }, // U+0039 '9'
    twine_text::GlyphDsc { bitmap_index: 820, adv_w: 62, box_w: 2, box_h: 9, ofs_x: 1, ofs_y: -1 }, // U+003A ':'
    twine_text::GlyphDsc { bitmap_index: 829, adv_w: 62, box_w: 4, box_h: 11, ofs_x: 0, ofs_y: -3 }, // U+003B ';'
    twine_text::GlyphDsc { bitmap_index: 850, adv_w: 124, box_w: 8, box_h: 7, ofs_x: 0, ofs_y: 2 }, // U+003C '<'
    twine_text::GlyphDsc { bitmap_index: 876, adv_w: 124, box_w: 8, box_h: 5, ofs_x: 0, ofs_y: 3 }, // U+003D '='
    twine_text::GlyphDsc { bitmap_index: 889, adv_w: 124, box_w: 8, box_h: 7, ofs_x: 0, ofs_y: 2 }, // U+003E '>'
    twine_text::GlyphDsc { bitmap_index: 915, adv_w: 106, box_w: 6, box_h: 12, ofs_x: 0, ofs_y: -1 }, // U+003F '?'
    twine_text::GlyphDsc { bitmap_index: 948, adv_w: 212, box_w: 13, box_h: 14, ofs_x: 0, ofs_y: -3 }, // U+0040 '@'
    twine_text::GlyphDsc { bitmap_index: 1033, adv_w: 136, box_w: 9, box_h: 11, ofs_x: 0, ofs_y: 0 }, // U+0041 'A'
    twine_text::GlyphDsc { bitmap_index: 1076, adv_w: 147, box_w: 8, box_h: 11, ofs_x: 1, ofs_y: 0 }, // U+0042 'B'
    twine_text::GlyphDsc { bitmap_index: 1116, adv_w: 143, box_w: 9, box_h: 12, ofs_x: 0, ofs_y: -1 }, // U+0043 'C'
    twine_text::GlyphDsc { bitmap_index: 1162, adv_w: 154, box_w: 8, box_h: 11, ofs_x: 1, ofs_y: 0 }, // U+0044 'D'
    twine_text::GlyphDsc { bitmap_index: 1200, adv_w: 132, box_w: 7, box_h: 11, ofs_x: 1, ofs_y: 0 }, // U+0045 'E'
    twine_text::GlyphDsc { bitmap_index: 1227, adv_w: 124, box_w: 7, box_h: 11, ofs_x: 1, ofs_y: 0 }, // U+0046 'F'
    twine_text::GlyphDsc { bitmap_index: 1251, adv_w: 154, box_w: 9, box_h: 12, ofs_x: 0, ofs_y: -1 }, // U+0047 'G'
    twine_text::GlyphDsc { bitmap_index: 1303, adv_w: 163, box_w: 8, box_h: 11, ofs_x: 1, ofs_y: 0 }, // U+0048 'H'
    twine_text::GlyphDsc { bitmap_index: 1325, adv_w: 66, box_w: 2, box_h: 11, ofs_x: 1, ofs_y: 0 }, // U+0049 'I'
    twine_text::GlyphDsc { bitmap_index: 1331, adv_w: 120, box_w: 7, box_h: 12, ofs_x: 0, ofs_y: -1 }, // U+004A 'J'
    twine_text::GlyphDsc { bitmap_index: 1353, adv_w: 145, box_w: 8, box_h: 11, ofs_x: 1, ofs_y: 0 }, // U+004B 'K'
    twine_text::GlyphDsc { bitmap_index: 1392, adv_w: 122, box_w: 7, box_h: 11, ofs_x: 1, ofs_y: 0 }, // U+004C 'L'
    twine_text::GlyphDsc { bitmap_index: 1404, adv_w: 182, box_w: 9, box_h: 11, ofs_x: 1, ofs_y: 0 }, // U+004D 'M'
    twine_text::GlyphDsc { bitmap_index: 1447, adv_w: 162, box_w: 8, box_h: 11, ofs_x: 1, ofs_y: 0 }, // U+004E 'N'
    twine_text::GlyphDsc { bitmap_index: 1481, adv_w: 166, box_w: 10, box_h: 12, ofs_x: 0, ofs_y: -1 }, // U+004F 'O'
    twine_text::GlyphDsc { bitmap_index: 1536, adv_w: 142, box_w: 8, box_h: 11, ofs_x: 1, ofs_y: 0 }, // U+0050 'P'
    twine_text::GlyphDsc { bitmap_index: 1568, adv_w: 166, box_w: 10, box_h: 14, ofs_x: 0, ofs_y: -3 }, // U+0051 'Q'
    twine_text::GlyphDsc { bitmap_index: 1631, adv_w: 142, box_w: 8, box_h: 11, ofs_x: 1, ofs_y: 0 }, // U+0052 'R'
    twine_text::GlyphDsc { bitmap_index: 1670, adv_w: 134, box_w: 8, box_h: 12, ofs_x: 0, ofs_y: -1 }, // U+0053 'S'
    twine_text::GlyphDsc { bitmap_index: 1716, adv_w: 134, box_w: 8, box_h: 11, ofs_x: 0, ofs_y: 0 }, // U+0054 'T'
    twine_text::GlyphDsc { bitmap_index: 1730, adv_w: 162, box_w: 8, box_h: 12, ofs_x: 1, ofs_y: -1 }, // U+0055 'U'
    twine_text::GlyphDsc { bitmap_index: 1758, adv_w: 129, box_w: 8, box_h: 11, ofs_x: 0, ofs_y: 0 }, // U+0056 'V'
    twine_text::GlyphDsc { bitmap_index: 1801, adv_w: 197, box_w: 12, box_h: 11, ofs_x: 0, ofs_y: 0 }, // U+0057 'W'
    twine_text::GlyphDsc { bitmap_index: 1868, adv_w: 128, box_w: 8, box_h: 11, ofs_x: 0, ofs_y: 0 }, // U+0058 'X'
    twine_text::GlyphDsc { bitmap_index: 1911, adv_w: 119, box_w: 8, box_h: 11, ofs_x: 0, ofs_y: 0 }, // U+0059 'Y'
    twine_text::GlyphDsc { bitmap_index: 1943, adv_w: 135, box_w: 8, box_h: 11, ofs_x: 0, ofs_y: 0 }, // U+005A 'Z'
    twine_text::GlyphDsc { bitmap_index: 1980, adv_w: 76, box_w: 4, box_h: 15, ofs_x: 1, ofs_y: -3 }, // U+005B '['
    twine_text::GlyphDsc { bitmap_index: 1993, adv_w: 88, box_w: 6, box_h: 15, ofs_x: 0, ofs_y: -3 }, // U+005C '\\'
    twine_text::GlyphDsc { bitmap_index: 2029, adv_w: 76, box_w: 4, box_h: 15, ofs_x: 0, ofs_y: -3 }, // U+005D ']'
    twine_text::GlyphDsc { bitmap_index: 2042, adv_w: 124, box_w: 6, box_h: 7, ofs_x: 1, ofs_y: 4 }, // U+005E '^'
    twine_text::GlyphDsc { bitmap_index: 2064, adv_w: 125, box_w: 8, box_h: 1, ofs_x: 0, ofs_y: -2 }, // U+005F '_'
    twine_text::GlyphDsc { bitmap_index: 2067, adv_w: 136, box_w: 4, box_h: 4, ofs_x: 2, ofs_y: 8 }, // U+0060 '`'
    twine_text::GlyphDsc { bitmap_index: 2076, adv_w: 126, box_w: 7, box_h: 9, ofs_x: 0, ofs_y: -1 }, // U+0061 'a'
    twine_text::GlyphDsc { bitmap_index: 2108, adv_w: 138, box_w: 7, box_h: 13, ofs_x: 1, ofs_y: -1 }, // U+0062 'b'
    twine_text::GlyphDsc { bitmap_index: 2143, adv_w: 114, box_w: 7, box_h: 9, ofs_x: 0, ofs_y: -1 }, // U+0063 'c'
    twine_text::GlyphDsc { bitmap_index: 2173, adv_w: 139, box_w: 8, box_h: 13, ofs_x: 0, ofs_y: -1 }, // U+0064 'd'
    twine_text::GlyphDsc { bitmap_index: 2214, adv_w: 124, box_w: 8, box_h: 9, ofs_x: 0, ofs_y: -1 }, // U+0065 'e'
    twine_text::GlyphDsc { bitmap_index: 2250, adv_w: 73, box_w: 5, box_h: 12, ofs_x: 0, ofs_y: 0 }, // U+0066 'f'
    twine_text::GlyphDsc { bitmap_index: 2271, adv_w: 126, box_w: 8, box_h: 12, ofs_x: 0, ofs_y: -4 }, // U+0067 'g'
    twine_text::GlyphDsc { bitmap_index: 2319, adv_w: 136, box_w: 7, box_h: 12, ofs_x: 1, ofs_y: 0 }, // U+0068 'h'
    twine_text::GlyphDsc { bitmap_index: 2343, adv_w: 62, box_w: 2, box_h: 11, ofs_x: 1, ofs_y: 0 }, // U+0069 'i'
    twine_text::GlyphDsc { bitmap_index: 2351, adv_w: 62, box_w: 4, box_h: 15, ofs_x: -1, ofs_y: -4 }, // U+006A 'j'
    twine_text::GlyphDsc { bitmap_index: 2370, adv_w: 124, box_w: 7, box_h: 12, ofs_x: 1, ofs_y: 0 }, // U+006B 'k'
    twine_text::GlyphDsc { bitmap_index: 2402, adv_w: 64, box_w: 3, box_h: 13, ofs_x: 1, ofs_y: -1 }, // U+006C 'l'
    twine_text::GlyphDsc { bitmap_index: 2413, adv_w: 207, box_w: 11, box_h: 8, ofs_x: 1, ofs_y: 0 }, // U+006D 'm'
    twine_text::GlyphDsc { bitmap_index: 2441, adv_w: 137, box_w: 7, box_h: 8, ofs_x: 1, ofs_y: 0 }, // U+006E 'n'
    twine_text::GlyphDsc { bitmap_index: 2459, adv_w: 136, box_w: 8, box_h: 9, ofs_x: 0, ofs_y: -1 }, // U+006F 'o'
    twine_text::GlyphDsc { bitmap_index: 2496, adv_w: 139, box_w: 7, box_h: 12, ofs_x: 1, ofs_y: -4 }, // U+0070 'p'
    twine_text::GlyphDsc { bitmap_index: 2531, adv_w: 139, box_w: 8, box_h: 12, ofs_x: 0, ofs_y: -4 }, // U+0071 'q'
    twine_text::GlyphDsc { bitmap_index: 2571, adv_w: 87, box_w: 5, box_h: 8, ofs_x: 1, ofs_y: 0 }, // U+0072 'r'
    twine_text::GlyphDsc { bitmap_index: 2584, adv_w: 105, box_w: 7, box_h: 9, ofs_x: 0, ofs_y: -1 }, // U+0073 's'
    twine_text::GlyphDsc { bitmap_index: 2615, adv_w: 84, box_w: 6, box_h: 12, ofs_x: 0, ofs_y: -1 }, // U+0074 't'
    twine_text::GlyphDsc { bitmap_index: 2642, adv_w: 136, box_w: 7, box_h: 9, ofs_x: 1, ofs_y: -1 }, // U+0075 'u'
    twine_text::GlyphDsc { bitmap_index: 2665, adv_w: 117, box_w: 8, box_h: 8, ofs_x: 0, ofs_y: 0 }, // U+0076 'v'
    twine_text::GlyphDsc { bitmap_index: 2696, adv_w: 180, box_w: 11, box_h: 8, ofs_x: 0, ofs_y: 0 }, // U+0077 'w'
    twine_text::GlyphDsc { bitmap_index: 2740, adv_w: 112, box_w: 7, box_h: 8, ofs_x: 0, ofs_y: 0 }, // U+0078 'x'
    twine_text::GlyphDsc { bitmap_index: 2768, adv_w: 117, box_w: 8, box_h: 12, ofs_x: 0, ofs_y: -4 }, // U+0079 'y'
    twine_text::GlyphDsc { bitmap_index: 2812, adv_w: 106, box_w: 7, box_h: 8, ofs_x: 0, ofs_y: 0 }, // U+007A 'z'
    twine_text::GlyphDsc { bitmap_index: 2839, adv_w: 76, box_w: 5, box_h: 15, ofs_x: 0, ofs_y: -3 }, // U+007B '{'
    twine_text::GlyphDsc { bitmap_index: 2874, adv_w: 60, box_w: 2, box_h: 16, ofs_x: 1, ofs_y: -4 }, // U+007C '|'
    twine_text::GlyphDsc { bitmap_index: 2880, adv_w: 76, box_w: 5, box_h: 15, ofs_x: 0, ofs_y: -3 }, // U+007D '}'
    twine_text::GlyphDsc { bitmap_index: 2914, adv_w: 124, box_w: 8, box_h: 3, ofs_x: 0, ofs_y: 4 }, // U+007E '~'
    twine_text::GlyphDsc { bitmap_index: 2926, adv_w: 83, box_w: 5, box_h: 5, ofs_x: 0, ofs_y: 6 }, // U+00B0 '°'
    twine_text::GlyphDsc { bitmap_index: 2939, adv_w: 224, box_w: 4, box_h: 4, ofs_x: 5, ofs_y: 3 }, // U+2022 '•'
    twine_text::GlyphDsc { bitmap_index: 0, adv_w: 224, box_w: 0, box_h: 0, ofs_x: 0, ofs_y: 0 }, // U+3000 '\u{3000}'
    twine_text::GlyphDsc { bitmap_index: 2948, adv_w: 224, box_w: 5, box_h: 5, ofs_x: 0, ofs_y: -1 }, // U+3001 '、'
    twine_text::GlyphDsc { bitmap_index: 2960, adv_w: 224, box_w: 5, box_h: 5, ofs_x: 0, ofs_y: -1 }, // U+3002 '。'
    twine_text::GlyphDsc { bitmap_index: 2973, adv_w: 224, box_w: 8, box_h: 8, ofs_x: 3, ofs_y: 1 }, // U+3003 '〃'
    twine_text::GlyphDsc { bitmap_index: 3007, adv_w: 224, box_w: 14, box_h: 14, ofs_x: 0, ofs_y: -2 }, // U+3004 '〄'
    twine_text::GlyphDsc { bitmap_index: 3094, adv_w: 224, box_w: 11, box_h: 13, ofs_x: 1, ofs_y: -1 }, // U+3005 '々'
    twine_text::GlyphDsc { bitmap_index: 3152, adv_w: 224, box_w: 11, box_h: 12, ofs_x: 2, ofs_y: -1 }, // U+3006 '〆'
    twine_text::GlyphDsc { bitmap_index: 3207, adv_w: 224, box_w: 14, box_h: 13, ofs_x: 0, ofs_y: -1 }, // U+3007 '〇'
    twine_text::GlyphDsc { bitmap_index: 3281, adv_w: 224, box_w: 6, box_h: 14, ofs_x: 8, ofs_y: -2 }, // U+3008 '〈'
    twine_text::GlyphDsc { bitmap_index: 3319, adv_w: 224, box_w: 6, box_h: 14, ofs_x: 0, ofs_y: -2 }, // U+3009 '〉'
    twine_text::GlyphDsc { bitmap_index: 3357, adv_w: 224, box_w: 7, box_h: 14, ofs_x: 7, ofs_y: -2 }, // U+300A '《'
    twine_text::GlyphDsc { bitmap_index: 3406, adv_w: 224, box_w: 7, box_h: 14, ofs_x: 0, ofs_y: -2 }, // U+300B '》'
    twine_text::GlyphDsc { bitmap_index: 3456, adv_w: 224, box_w: 5, box_h: 10, ofs_x: 9, ofs_y: 2 }, // U+300C '「'
    twine_text::GlyphDsc { bitmap_index: 3469, adv_w: 224, box_w: 5, box_h: 10, ofs_x: 0, ofs_y: -2 }, // U+300D '」'
    twine_text::GlyphDsc { bitmap_index: 3482, adv_w: 224, box_w: 6, box_h: 10, ofs_x: 8, ofs_y: 2 }, // U+300E '『'
    twine_text::GlyphDsc { bitmap_index: 3500, adv_w: 224, box_w: 6, box_h: 11, ofs_x: 0, ofs_y: -2 }, // U+300F '』'
    twine_text::GlyphDsc { bitmap_index: 3520, adv_w: 224, box_w: 5, box_h: 14, ofs_x: 9, ofs_y: -2 }, // U+3010 '【'
    twine_text::GlyphDsc { bitmap_index: 3550, adv_w: 224, box_w: 5, box_h: 14, ofs_x: 0, ofs_y: -2 }, // U+3011 '】'
    twine_text::GlyphDsc { bitmap_index: 3580, adv_w: 224, box_w: 10, box_h: 11, ofs_x: 2, ofs_y: 0 }, // U+3012 '〒'
    twine_text::GlyphDsc { bitmap_index: 3604, adv_w: 224, box_w: 12, box_h: 12, ofs_x: 1, ofs_y: -1 }, // U+3013 '〓'
    twine_text::GlyphDsc { bitmap_index: 3632, adv_w: 224, box_w: 5, box_h: 14, ofs_x: 9, ofs_y: -2 }, // U+3014 '〔'
    twine_text::GlyphDsc { bitmap_index: 3652, adv_w: 224, box_w: 5, box_h: 14, ofs_x: 0, ofs_y: -2 }, // U+3015 '〕'
    twine_text::GlyphDsc { bitmap_index: 3672, adv_w: 224, box_w: 6, box_h: 14, ofs_x: 8, ofs_y: -2 }, // U+3016 '〖'
    twine_text::GlyphDsc { bitmap_index: 3706, adv_w: 224, box_w: 6, box_h: 14, ofs_x: 0, ofs_y: -2 }, // U+3017 '〗'
    twine_text::GlyphDsc { bitmap_index: 3740, adv_w: 224, box_w: 5, box_h: 15, ofs_x: 9, ofs_y: -2 }, // U+3018 '〘'
    twine_text::GlyphDsc { bitmap_index: 3765, adv_w: 224, box_w: 5, box_h: 15, ofs_x: 0, ofs_y: -2 }, // U+3019 '〙'
    twine_text::GlyphDsc { bitmap_index: 3791, adv_w: 224, box_w: 5, box_h: 14, ofs_x: 9, ofs_y: -2 }, // U+301A '〚'
    twine_text::GlyphDsc { bitmap_index: 3804, adv_w: 224, box_w: 5, box_h: 14, ofs_x: 0, ofs_y: -2 }, // U+301B '〛'
    twine_text::GlyphDsc { bitmap_index: 3817, adv_w: 224, box_w: 14, box_h: 5, ofs_x: 0, ofs_y: 3 }, // U+301C '〜'
    twine_text::GlyphDsc { bitmap_index: 3848, adv_w: 224, box_w: 5, box_h: 6, ofs_x: 9, ofs_y: 6 }, // U+301D '〝'
    twine_text::GlyphDsc { bitmap_index: 3863, adv_w: 224, box_w: 5, box_h: 6, ofs_x: 0, ofs_y: 6 }, // U+301E '〞'
    twine_text::GlyphDsc { bitmap_index: 3878, adv_w: 224, box_w: 5, box_h: 7, ofs_x: 0, ofs_y: -2 }, // U+301F '〟'
    twine_text::GlyphDsc { bitmap_index: 3896, adv_w: 224, box_w: 14, box_h: 11, ofs_x: 0, ofs_y: 0 }, // U+3020 '〠'
    twine_text::GlyphDsc { bitmap_index: 3963, adv_w: 224, box_w: 2, box_h: 13, ofs_x: 6, ofs_y: -1 }, // U+3021 '〡'
    twine_text::GlyphDsc { bitmap_index: 3970, adv_w: 224, box_w: 6, box_h: 13, ofs_x: 4, ofs_y: -1 }, // U+3022 '〢'
    twine_text::GlyphDsc { bitmap_index: 3986, adv_w: 224, box_w: 9, box_h: 13, ofs_x: 3, ofs_y: -1 }, // U+3023 '〣'
    twine_text::GlyphDsc { bitmap_index: 4011, adv_w: 224, box_w: 12, box_h: 12, ofs_x: 1, ofs_y: -1 }, // U+3024 '〤'
    twine_text::GlyphDsc { bitmap_index: 4070, adv_w: 224, box_w: 8, box_h: 12, ofs_x: 3, ofs_y: -1 }, // U+3025 '〥'
    twine_text::GlyphDsc { bitmap_index: 4120, adv_w: 224, box_w: 13, box_h: 11, ofs_x: 0, ofs_y: 0 }, // U+3026 '〦'
    twine_text::GlyphDsc { bitmap_index: 4143, adv_w: 224, box_w: 13, box_h: 12, ofs_x: 0, ofs_y: -1 }, // U+3027 '〧'
    twine_text::GlyphDsc { bitmap_index: 4176, adv_w: 224, box_w: 12, box_h: 13, ofs_x: 1, ofs_y: -1 }, // U+3028 '〨'
    twine_text::GlyphDsc { bitmap_index: 4213, adv_w: 224, box_w: 12, box_h: 13, ofs_x: 1, ofs_y: -1 }, // U+3029 '〩'
    twine_text::GlyphDsc { bitmap_index: 4279, adv_w: 0, box_w: 3, box_h: 4, ofs_x: -14, ofs_y: -5 }, // U+302A '\u{302a}'
    twine_text::GlyphDsc { bitmap_index: 4286, adv_w: 0, box_w: 3, box_h: 3, ofs_x: -14, ofs_y: 12 }, // U+302B '\u{302b}'
    twine_text::GlyphDsc { bitmap_index: 4291, adv_w: 0, box_w: 3, box_h: 3, ofs_x: -3, ofs_y: 12 }, // U+302C '\u{302c}'
    twine_text::GlyphDsc { bitmap_index: 4296, adv_w: 0, box_w: 3, box_h: 4, ofs_x: -3, ofs_y: -5 }, // U+302D '\u{302d}'
    twine_text::GlyphDsc { bitmap_index: 4302, adv_w: 56, box_w: 3, box_h: 3, ofs_x: 0, ofs_y: 4 }, // U+302E '\u{302e}'
    twine_text::GlyphDsc { bitmap_index: 4307, adv_w: 56, box_w: 3, box_h: 6, ofs_x: 0, ofs_y: 2 }, // U+302F '\u{302f}'
    twine_text::GlyphDsc { bitmap_index: 4316, adv_w: 224, box_w: 14, box_h: 5, ofs_x: 0, ofs_y: 3 }, // U+3030 '〰'
    twine_text::GlyphDsc { bitmap_index: 4350, adv_w: 224, box_w: 9, box_h: 27, ofs_x: 2, ofs_y: -8 }, // U+3031 '〱'
    twine_text::GlyphDsc { bitmap_index: 4435, adv_w: 224, box_w: 10, box_h: 27, ofs_x: 2, ofs_y: -8 }, // U+3032 '〲'
    twine_text::GlyphDsc { bitmap_index: 4531, adv_w: 224, box_w: 8, box_h: 14, ofs_x: 2, ofs_y: -2 }, // U+3033 '〳'
    twine_text::GlyphDsc { bitmap_index: 4573, adv_w: 224, box_w: 10, box_h: 14, ofs_x: 2, ofs_y: -2 }, // U+3034 '〴'
    twine_text::GlyphDsc { bitmap_index: 4627, adv_w: 224, box_w: 9, box_h: 14, ofs_x: 2, ofs_y: -1 }, // U+3035 '〵'
    twine_text::GlyphDsc { bitmap_index: 4670, adv_w: 224, box_w: 14, box_h: 14, ofs_x: 0, ofs_y: -2 }, // U+3036 '〶'
    twine_text::GlyphDsc { bitmap_index: 4749, adv_w: 224, box_w: 14, box_h: 14, ofs_x: 0, ofs_y: -2 }, // U+3037 '〷'
    twine_text::GlyphDsc { bitmap_index: 4845, adv_w: 224, box_w: 14, box_h: 13, ofs_x: 0, ofs_y: -1 }, // U+3038 '〸'
    twine_text::GlyphDsc { bitmap_index: 4874, adv_w: 224, box_w: 14, box_h: 13, ofs_x: 0, ofs_y: -1 }, // U+3039 '〹'
    twine_text::GlyphDsc { bitmap_index: 4914, adv_w: 224, box_w: 14, box_h: 14, ofs_x: 0, ofs_y: -2 }, // U+303A '〺'
    twine_text::GlyphDsc { bitmap_index: 4985, adv_w: 224, box_w: 8, box_h: 14, ofs_x: 3, ofs_y: -2 }, // U+303B '〻'
    twine_text::GlyphDsc { bitmap_index: 5034, adv_w: 224, box_w: 12, box_h: 12, ofs_x: 1, ofs_y: -1 }, // U+303C '〼'
    twine_text::GlyphDsc { bitmap_index: 5079, adv_w: 224, box_w: 12, box_h: 11, ofs_x: 1, ofs_y: 0 }, // U+303D '〽'
    twine_text::GlyphDsc { bitmap_index: 5121, adv_w: 224, box_w: 14, box_h: 13, ofs_x: 0, ofs_y: -1 }, // U+303E '〾'
    twine_text::GlyphDsc { bitmap_index: 5204, adv_w: 224, box_w: 8, box_h: 12, ofs_x: 3, ofs_y: -1 }, // U+303F '〿'
    twine_text::GlyphDsc { bitmap_index: 5247, adv_w: 224, box_w: 10, box_h: 11, ofs_x: 2, ofs_y: -1 }, // U+3041 'ぁ'
    twine_text::GlyphDsc { bitmap_index: 5301, adv_w: 224, box_w: 12, box_h: 13, ofs_x: 1, ofs_y: -1 }, // U+3042 'あ'
    twine_text::GlyphDsc { bitmap_index: 5375, adv_w: 224, box_w: 10, box_h: 9, ofs_x: 2, ofs_y: -1 }, // U+3043 'ぃ'
    twine_text::GlyphDsc { bitmap_index: 5417, adv_w: 224, box_w: 12, box_h: 11, ofs_x: 1, ofs_y: -1 }, // U+3044 'い'
    twine_text::GlyphDsc { bitmap_index: 5470, adv_w: 224, box_w: 8, box_h: 10, ofs_x: 3, ofs_y: -1 }, // U+3045 'ぅ'
    twine_text::GlyphDsc { bitmap_index: 5508, adv_w: 224, box_w: 10, box_h: 12, ofs_x: 2, ofs_y: -1 }, // U+3046 'う'
    twine_text::GlyphDsc { bitmap_index: 5561, adv_w: 224, box_w: 10, box_h: 10, ofs_x: 2, ofs_y: -1 }, // U+3047 'ぇ'
    twine_text::GlyphDsc { bitmap_index: 5607, adv_w: 224, box_w: 12, box_h: 13, ofs_x: 1, ofs_y: -1 }, // U+3048 'え'
    twine_text::GlyphDsc { bitmap_index: 5670, adv_w: 224, box_w: 11, box_h: 10, ofs_x: 2, ofs_y: -1 }, // U+3049 'ぉ'
    twine_text::GlyphDsc { bitmap_index: 5722, adv_w: 224, box_w: 13, box_h: 13, ofs_x: 1, ofs_y: -1 }, // U+304A 'お'
    twine_text::GlyphDsc { bitmap_index: 5795, adv_w: 224, box_w: 13, box_h: 13, ofs_x: 1, ofs_y: -1 }, // U+304B 'か'
    twine_text::GlyphDsc { bitmap_index: 5867, adv_w: 224, box_w: 14, box_h: 13, ofs_x: 0, ofs_y: -1 }, // U+304C 'が'
    twine_text::GlyphDsc { bitmap_index: 5948, adv_w: 224, box_w: 10, box_h: 13, ofs_x: 2, ofs_y: -1 }, // U+304D 'き'
    twine_text::GlyphDsc { bitmap_index: 6010, adv_w: 224, box_w: 13, box_h: 13, ofs_x: 1, ofs_y: -1 }, // U+304E 'ぎ'
    twine_text::GlyphDsc { bitmap_index: 6086, adv_w: 224, box_w: 9, box_h: 13, ofs_x: 2, ofs_y: -1 }, // U+304F 'く'
    twine_text::GlyphDsc { bitmap_index: 6131, adv_w: 224, box_w: 10, box_h: 13, ofs_x: 2, ofs_y: -1 }, // U+3050 'ぐ'
    twine_text::GlyphDsc { bitmap_index: 6184, adv_w: 224, box_w: 12, box_h: 12, ofs_x: 1, ofs_y: -1 }, // U+3051 'け'
    twine_text::GlyphDsc { bitmap_index: 6248, adv_w: 224, box_w: 13, box_h: 13, ofs_x: 1, ofs_y: -1 }, // U+3052 'げ'
    twine_text::GlyphDsc { bitmap_index: 6320, adv_w: 224, box_w: 10, box_h: 11, ofs_x: 2, ofs_y: -1 }, // U+3053 'こ'
    twine_text::GlyphDsc { bitmap_index: 6359, adv_w: 224, box_w: 12, box_h: 13, ofs_x: 2, ofs_y: -1 }, // U+3054 'ご'
    twine_text::GlyphDsc { bitmap_index: 6411, adv_w: 224, box_w: 11, box_h: 13, ofs_x: 2, ofs_y: -1 }, // U+3055 'さ'
    twine_text::GlyphDsc { bitmap_index: 6471, adv_w: 224, box_w: 12, box_h: 14, ofs_x: 2, ofs_y: -1 }, // U+3056 'ざ'
    twine_text::GlyphDsc { bitmap_index: 6540, adv_w: 224, box_w: 10, box_h: 12, ofs_x: 3, ofs_y: -1 }, // U+3057 'し'
    twine_text::GlyphDsc { bitmap_index: 6576, adv_w: 224, box_w: 10, box_h: 12, ofs_x: 3, ofs_y: -1 }, // U+3058 'じ'
    twine_text::GlyphDsc { bitmap_index: 6622, adv_w: 224, box_w: 12, box_h: 13, ofs_x: 1, ofs_y: -1 }, // U+3059 'す'
    twine_text::GlyphDsc { bitmap_index: 6682, adv_w: 224, box_w: 14, box_h: 13, ofs_x: 0, ofs_y: -1 }, // U+305A 'ず'
    twine_text::GlyphDsc { bitmap_index: 6750, adv_w: 224, box_w: 13, box_h: 12, ofs_x: 0, ofs_y: -1 }, // U+305B 'せ'
    twine_text::GlyphDsc { bitmap_index: 6813, adv_w: 224, box_w: 14, box_h: 13, ofs_x: 0, ofs_y: -1 }, // U+305C 'ぜ'
    twine_text::GlyphDsc { bitmap_index: 6884, adv_w: 224, box_w: 12, box_h: 12, ofs_x: 1, ofs_y: -1 }, // U+305D 'そ'
    twine_text::GlyphDsc { bitmap_index: 6943, adv_w: 224, box_w: 12, box_h: 12, ofs_x: 1, ofs_y: -1 }, // U+305E 'ぞ'
    twine_text::GlyphDsc { bitmap_index: 7005, adv_w: 224, box_w: 12, box_h: 13, ofs_x: 1, ofs_y: -1 }, // U+305F 'た'
    twine_text::GlyphDsc { bitmap_index: 7073, adv_w: 224, box_w: 13, box_h: 12, ofs_x: 1, ofs_y: -1 }, // U+3060 'だ'
    twine_text::GlyphDsc { bitmap_index: 7146, adv_w: 224, box_w: 11, box_h: 13, ofs_x: 1, ofs_y: -1 }, // U+3061 'ち'
    twine_text::GlyphDsc { bitmap_index: 7209, adv_w: 224, box_w: 13, box_h: 13, ofs_x: 1, ofs_y: -1 }, // U+3062 'ぢ'
    twine_text::GlyphDsc { bitmap_index: 7282, adv_w: 224, box_w: 10, box_h: 9, ofs_x: 2, ofs_y: -1 }, // U+3063 'っ'
    twine_text::GlyphDsc { bitmap_index: 7319, adv_w: 224, box_w: 12, box_h: 10, ofs_x: 1, ofs_y: 0 }, // U+3064 'つ'
    twine_text::GlyphDsc { bitmap_index: 7367, adv_w: 224, box_w: 14, box_h: 13, ofs_x: 0, ofs_y: -1 }, // U+3065 'づ'
    twine_text::GlyphDsc { bitmap_index: 7433, adv_w: 224, box_w: 12, box_h: 12, ofs_x: 1, ofs_y: -1 }, // U+3066 'て'
    twine_text::GlyphDsc { bitmap_index: 7484, adv_w: 224, box_w: 12, box_h: 12, ofs_x: 1, ofs_y: -1 }, // U+3067 'で'
    twine_text::GlyphDsc { bitmap_index: 7541, adv_w: 224, box_w: 10, box_h: 12, ofs_x: 2, ofs_y: -1 }, // U+3068 'と'
    twine_text::GlyphDsc { bitmap_index: 7593, adv_w: 224, box_w: 12, box_h: 13, ofs_x: 2, ofs_y: -1 }, // U+3069 'ど'
    twine_text::GlyphDsc { bitmap_index: 7655, adv_w: 224, box_w: 12, box_h: 13, ofs_x: 1, ofs_y: -1 }, // U+306A 'な'
    twine_text::GlyphDsc { bitmap_index: 7726, adv_w: 224, box_w: 12, box_h: 12, ofs_x: 1, ofs_y: -1 }, // U+306B 'に'
    twine_text::GlyphDsc { bitmap_index: 7785, adv_w: 224, box_w: 13, box_h: 12, ofs_x: 1, ofs_y: -1 }, // U+306C 'ぬ'
    twine_text::GlyphDsc { bitmap_index: 7859, adv_w: 224, box_w: 14, box_h: 13, ofs_x: 0, ofs_y: -1 }, // U+306D 'ね'
    twine_text::GlyphDsc { bitmap_index: 7939, adv_w: 224, box_w: 12, box_h: 12, ofs_x: 1, ofs_y: -1 }, // U+306E 'の'
    twine_text::GlyphDsc { bitmap_index: 8006, adv_w: 224, box_w: 13, box_h: 12, ofs_x: 1, ofs_y: -1 }, // U+306F 'は'
    twine_text::GlyphDsc { bitmap_index: 8076, adv_w: 224, box_w: 13, box_h: 13, ofs_x: 1, ofs_y: -1 }, // U+3070 'ば'
    twine_text::GlyphDsc { bitmap_index: 8153, adv_w: 224, box_w: 13, box_h: 13, ofs_x: 1, ofs_y: -1 }, // U+3071 'ぱ'
    twine_text::GlyphDsc { bitmap_index: 8230, adv_w: 224, box_w: 13, box_h: 12, ofs_x: 1, ofs_y: -1 }, // U+3072 'ひ'
    twine_text::GlyphDsc { bitmap_index: 8300, adv_w: 224, box_w: 13, box_h: 13, ofs_x: 1, ofs_y: -1 }, // U+3073 'び'
    twine_text::GlyphDsc { bitmap_index: 8372, adv_w: 224, box_w: 13, box_h: 13, ofs_x: 1, ofs_y: -1 }, // U+3074 'ぴ'
    twine_text::GlyphDsc { bitmap_index: 8444, adv_w: 224, box_w: 14, box_h: 12, ofs_x: 0, ofs_y: -1 }, // U+3075 'ふ'
    twine_text::GlyphDsc { bitmap_index: 8511, adv_w: 224, box_w: 14, box_h: 12, ofs_x: 0, ofs_y: -1 }, // U+3076 'ぶ'
    twine_text::GlyphDsc { bitmap_index: 8584, adv_w: 224, box_w: 14, box_h: 12, ofs_x: 0, ofs_y: -1 }, // U+3077 'ぷ'
    twine_text::GlyphDsc { bitmap_index: 8658, adv_w: 224, box_w: 14, box_h: 9, ofs_x: 0, ofs_y: 0 }, // U+3078 'へ'
    twine_text::GlyphDsc { bitmap_index: 8706, adv_w: 224, box_w: 14, box_h: 11, ofs_x: 0, ofs_y: 0 }, // U+3079 'べ'
    twine_text::GlyphDsc { bitmap_index: 8767, adv_w: 224, box_w: 14, box_h: 10, ofs_x: 0, ofs_y: 0 }, // U+307A 'ぺ'
    twine_text::GlyphDsc { bitmap_index: 8826, adv_w: 224, box_w: 13, box_h: 12, ofs_x: 1, ofs_y: -1 }, // U+307B 'ほ'
    twine_text::GlyphDsc { bitmap_index: 8900, adv_w: 224, box_w: 13, box_h: 13, ofs_x: 1, ofs_y: -1 }, // U+307C 'ぼ'
    twine_text::GlyphDsc { bitmap_index: 8983, adv_w: 224, box_w: 13, box_h: 13, ofs_x: 1, ofs_y: -1 }, // U+307D 'ぽ'
    twine_text::GlyphDsc { bitmap_index: 9065, adv_w: 224, box_w: 11, box_h: 13, ofs_x: 2, ofs_y: -1 }, // U+307E 'ま'
    twine_text::GlyphDsc { bitmap_index: 9133, adv_w: 224, box_w: 13, box_h: 12, ofs_x: 1, ofs_y: -1 }, // U+307F 'み'
    twine_text::GlyphDsc { bitmap_index: 9204, adv_w: 224, box_w: 12, box_h: 13, ofs_x: 1, ofs_y: -1 }, // U+3080 'む'
    twine_text::GlyphDsc { bitmap_index: 9272, adv_w: 224, box_w: 12, box_h: 12, ofs_x: 1, ofs_y: -1 }, // U+3081 'め'
    twine_text::GlyphDsc { bitmap_index: 9343, adv_w: 224, box_w: 12, box_h: 13, ofs_x: 1, ofs_y: -1 }, // U+3082 'も'
    twine_text::GlyphDsc { bitmap_index: 9409, adv_w: 224, box_w: 11, box_h: 11, ofs_x: 1, ofs_y: -2 }, // U+3083 'ゃ'
    twine_text::GlyphDsc { bitmap_index: 9461, adv_w: 224, box_w: 13, box_h: 13, ofs_x: 0, ofs_y: -1 }, // U+3084 'や'
    twine_text::GlyphDsc { bitmap_index: 9527, adv_w: 224, box_w: 10, box_h: 11, ofs_x: 2, ofs_y: -2 }, // U+3085 'ゅ'
    twine_text::GlyphDsc { bitmap_index: 9580, adv_w: 224, box_w: 12, box_h: 13, ofs_x: 1, ofs_y: -1 }, // U+3086 'ゆ'
    twine_text::GlyphDsc { bitmap_index: 9649, adv_w: 224, box_w: 10, box_h: 10, ofs_x: 2, ofs_y: -1 }, // U+3087 'ょ'
    twine_text::GlyphDsc { bitmap_index: 9689, adv_w: 224, box_w: 11, box_h: 12, ofs_x: 1, ofs_y: -1 }, // U+3088 'よ'
    twine_text::GlyphDsc { bitmap_index: 9743, adv_w: 224, box_w: 10, box_h: 12, ofs_x: 2, ofs_y: -1 }, // U+3089 'ら'
    twine_text::GlyphDsc { bitmap_index: 9800, adv_w: 224, box_w: 10, box_h: 13, ofs_x: 2, ofs_y: -1 }, // U+308A 'り'
    twine_text::GlyphDsc { bitmap_index: 9858, adv_w: 224, box_w: 11, box_h: 12, ofs_x: 1, ofs_y: -1 }, // U+308B 'る'
    twine_text::GlyphDsc { bitmap_index: 9922, adv_w: 224, box_w: 14, box_h: 13, ofs_x: 0, ofs_y: -1 }, // U+308C 'れ'
    twine_text::GlyphDsc { bitmap_index: 9996, adv_w: 224, box_w: 11, box_h: 12, ofs_x: 1, ofs_y: -1 }, // U+308D 'ろ'
    twine_text::GlyphDsc { bitmap_index: 10055, adv_w: 224, box_w: 11, box_h: 11, ofs_x: 2, ofs_y: -1 }, // U+308E 'ゎ'
    twine_text::GlyphDsc { bitmap_index: 10106, adv_w: 224, box_w: 13, box_h: 13, ofs_x: 0, ofs_y: -1 }, // U+308F 'わ'
    twine_text::GlyphDsc { bitmap_index: 10176, adv_w: 224, box_w: 12, box_h: 12, ofs_x: 1, ofs_y: -1 }, // U+3090 'ゐ'
    twine_text::GlyphDsc { bitmap_index: 10243, adv_w: 224, box_w: 13, box_h: 12, ofs_x: 0, ofs_y: -1 }, // U+3091 'ゑ'
    twine_text::GlyphDsc { bitmap_index: 10313, adv_w: 224, box_w: 12, box_h: 13, ofs_x: 1, ofs_y: -1 }, // U+3092 'を'
    twine_text::GlyphDsc { bitmap_index: 10380, adv_w: 224, box_w: 13, box_h: 12, ofs_x: 1, ofs_y: -1 }, // U+3093 'ん'
    twine_text::GlyphDsc { bitmap_index: 10439, adv_w: 224, box_w: 13, box_h: 12, ofs_x: 1, ofs_y: -1 }, // U+3094 'ゔ'
    twine_text::GlyphDsc { bitmap_index: 10503, adv_w: 224, box_w: 11, box_h: 10, ofs_x: 2, ofs_y: -1 }, // U+3095 'ゕ'
    twine_text::GlyphDsc { bitmap_index: 10554, adv_w: 224, box_w: 11, box_h: 11, ofs_x: 2, ofs_y: -2 }, // U+3096 'ゖ'
    twine_text::GlyphDsc { bitmap_index: 10610, adv_w: 0, box_w: 4, box_h: 4, ofs_x: -4, ofs_y: 9 }, // U+3099 '\u{3099}'
    twine_text::GlyphDsc { bitmap_index: 10619, adv_w: 0, box_w: 4, box_h: 4, ofs_x: -4, ofs_y: 9 }, // U+309A '\u{309a}'
    twine_text::GlyphDsc { bitmap_index: 10627, adv_w: 224, box_w: 5, box_h: 4, ofs_x: 0, ofs_y: 8 }, // U+309B '゛'
    twine_text::GlyphDsc { bitmap_index: 10638, adv_w: 224, box_w: 4, box_h: 4, ofs_x: 0, ofs_y: 8 }, // U+309C '゜'
    twine_text::GlyphDsc { bitmap_index: 10646, adv_w: 224, box_w: 7, box_h: 9, ofs_x: 4, ofs_y: 0 }, // U+309D 'ゝ'
    twine_text::GlyphDsc { bitmap_index: 10675, adv_w: 224, box_w: 8, box_h: 11, ofs_x: 4, ofs_y: 0 }, // U+309E 'ゞ'
    twine_text::GlyphDsc { bitmap_index: 10714, adv_w: 224, box_w: 11, box_h: 13, ofs_x: 1, ofs_y: -1 }, // U+309F 'ゟ'
    twine_text::GlyphDsc { bitmap_index: 10775, adv_w: 224, box_w: 8, box_h: 4, ofs_x: 3, ofs_y: 3 }, // U+30A0 '゠'
    twine_text::GlyphDsc { bitmap_index: 10786, adv_w: 224, box_w: 11, box_h: 10, ofs_x: 2, ofs_y: -2 }, // U+30A1 'ァ'
    twine_text::GlyphDsc { bitmap_index: 10826, adv_w: 224, box_w: 12, box_h: 12, ofs_x: 1, ofs_y: -1 }, // U+30A2 'ア'
    twine_text::GlyphDsc { bitmap_index: 10875, adv_w: 224, box_w: 10, box_h: 11, ofs_x: 1, ofs_y: -2 }, // U+30A3 'ィ'
    twine_text::GlyphDsc { bitmap_index: 10909, adv_w: 224, box_w: 12, box_h: 12, ofs_x: 1, ofs_y: -1 }, // U+30A4 'イ'
    twine_text::GlyphDsc { bitmap_index: 10947, adv_w: 224, box_w: 10, box_h: 10, ofs_x: 2, ofs_y: -1 }, // U+30A5 'ゥ'
    twine_text::GlyphDsc { bitmap_index: 10989, adv_w: 224, box_w: 12, box_h: 13, ofs_x: 1, ofs_y: -1 }, // U+30A6 'ウ'
    twine_text::GlyphDsc { bitmap_index: 11046, adv_w: 224, box_w: 10, box_h: 9, ofs_x: 2, ofs_y: -1 }, // U+30A7 'ェ'
    twine_text::GlyphDsc { bitmap_index: 11072, adv_w: 224, box_w: 12, box_h: 10, ofs_x: 1, ofs_y: 0 }, // U+30A8 'エ'
    twine_text::GlyphDsc { bitmap_index: 11099, adv_w: 224, box_w: 11, box_h: 10, ofs_x: 2, ofs_y: -1 }, // U+30A9 'ォ'
    twine_text::GlyphDsc { bitmap_index: 11144, adv_w: 224, box_w: 12, box_h: 12, ofs_x: 1, ofs_y: -1 }, // U+30AA 'オ'
    twine_text::GlyphDsc { bitmap_index: 11198, adv_w: 224, box_w: 11, box_h: 13, ofs_x: 1, ofs_y: -1 }, // U+30AB 'カ'
    twine_text::GlyphDsc { bitmap_index: 11259, adv_w: 224, box_w: 13, box_h: 13, ofs_x: 1, ofs_y: -1 }, // U+30AC 'ガ'
    twine_text::GlyphDsc { bitmap_index: 11331, adv_w: 224, box_w: 12, box_h: 13, ofs_x: 1, ofs_y: -1 }, // U+30AD 'キ'
    twine_text::GlyphDsc { bitmap_index: 11395, adv_w: 224, box_w: 13, box_h: 13, ofs_x: 1, ofs_y: -1 }, // U+30AE 'ギ'
    twine_text::GlyphDsc { bitmap_index: 11466, adv_w: 224, box_w: 12, box_h: 13, ofs_x: 1, ofs_y: -1 }, // U+30AF 'ク'
    twine_text::GlyphDsc { bitmap_index: 11526, adv_w: 224, box_w: 14, box_h: 13, ofs_x: 0, ofs_y: -1 }, // U+30B0 'グ'
    twine_text::GlyphDsc { bitmap_index: 11595, adv_w: 224, box_w: 12, box_h: 13, ofs_x: 1, ofs_y: -1 }, // U+30B1 'ケ'
    twine_text::GlyphDsc { bitmap_index: 11652, adv_w: 224, box_w: 14, box_h: 13, ofs_x: 0, ofs_y: -1 }, // U+30B2 'ゲ'
    twine_text::GlyphDsc { bitmap_index: 11720, adv_w: 224, box_w: 10, box_h: 11, ofs_x: 2, ofs_y: -1 }, // U+30B3 'コ'
    twine_text::GlyphDsc { bitmap_index: 11743, adv_w: 224, box_w: 13, box_h: 13, ofs_x: 1, ofs_y: -1 }, // U+30B4 'ゴ'
    twine_text::GlyphDsc { bitmap_index: 11784, adv_w: 224, box_w: 13, box_h: 12, ofs_x: 0, ofs_y: -1 }, // U+30B5 'サ'
    twine_text::GlyphDsc { bitmap_index: 11843, adv_w: 224, box_w: 14, box_h: 13, ofs_x: 0, ofs_y: -1 }, // U+30B6 'ザ'
    twine_text::GlyphDsc { bitmap_index: 11909, adv_w: 224, box_w: 12, box_h: 12, ofs_x: 1, ofs_y: -1 }, // U+30B7 'シ'
    twine_text::GlyphDsc { bitmap_index: 11968, adv_w: 224, box_w: 13, box_h: 13, ofs_x: 1, ofs_y: -1 }, // U+30B8 'ジ'
    twine_text::GlyphDsc { bitmap_index: 12038, adv_w: 224, box_w: 12, box_h: 11, ofs_x: 1, ofs_y: -1 }, // U+30B9 'ス'
    twine_text::GlyphDsc { bitmap_index: 12089, adv_w: 224, box_w: 13, box_h: 13, ofs_x: 1, ofs_y: -1 }, // U+30BA 'ズ'
    twine_text::GlyphDsc { bitmap_index: 12153, adv_w: 224, box_w: 13, box_h: 12, ofs_x: 0, ofs_y: -1 }, // U+30BB 'セ'
    twine_text::GlyphDsc { bitmap_index: 12210, adv_w: 224, box_w: 14, box_h: 13, ofs_x: 0, ofs_y: -1 }, // U+30BC 'ゼ'
    twine_text::GlyphDsc { bitmap_index: 12277, adv_w: 224, box_w: 11, box_h: 12, ofs_x: 1, ofs_y: -1 }, // U+30BD 'ソ'
    twine_text::GlyphDsc { bitmap_index: 12329, adv_w: 224, box_w: 13, box_h: 13, ofs_x: 1, ofs_y: -1 }, // U+30BE 'ゾ'
    twine_text::GlyphDsc { bitmap_index: 12391, adv_w: 224, box_w: 12, box_h: 13, ofs_x: 1, ofs_y: -1 }, // U+30BF 'タ'
    twine_text::GlyphDsc { bitmap_index: 12457, adv_w: 224, box_w: 14, box_h: 13, ofs_x: 0, ofs_y: -1 }, // U+30C0 'ダ'
    twine_text::GlyphDsc { bitmap_index: 12531, adv_w: 224, box_w: 12, box_h: 12, ofs_x: 1, ofs_y: -1 }, // U+30C1 'チ'
    twine_text::GlyphDsc { bitmap_index: 12585, adv_w: 224, box_w: 14, box_h: 12, ofs_x: 0, ofs_y: -1 }, // U+30C2 'ヂ'
    twine_text::GlyphDsc { bitmap_index: 12647, adv_w: 224, box_w: 10, box_h: 11, ofs_x: 2, ofs_y: -2 }, // U+30C3 'ッ'
    twine_text::GlyphDsc { bitmap_index: 12695, adv_w: 224, box_w: 12, box_h: 12, ofs_x: 1, ofs_y: -1 }, // U+30C4 'ツ'
    twine_text::GlyphDsc { bitmap_index: 12756, adv_w: 224, box_w: 13, box_h: 13, ofs_x: 1, ofs_y: -1 }, // U+30C5 'ヅ'
    twine_text::GlyphDsc { bitmap_index: 12824, adv_w: 224, box_w: 12, box_h: 12, ofs_x: 1, ofs_y: -1 }, // U+30C6 'テ'
    twine_text::GlyphDsc { bitmap_index: 12871, adv_w: 224, box_w: 13, box_h: 13, ofs_x: 1, ofs_y: -1 }, // U+30C7 'デ'
    twine_text::GlyphDsc { bitmap_index: 12928, adv_w: 224, box_w: 8, box_h: 12, ofs_x: 4, ofs_y: -1 }, // U+30C8 'ト'
    twine_text::GlyphDsc { bitmap_index: 12959, adv_w: 224, box_w: 9, box_h: 12, ofs_x: 4, ofs_y: -1 }, // U+30C9 'ド'
    twine_text::GlyphDsc { bitmap_index: 13000, adv_w: 224, box_w: 12, box_h: 12, ofs_x: 1, ofs_y: -1 }, // U+30CA 'ナ'
    twine_text::GlyphDsc { bitmap_index: 13043, adv_w: 224, box_w: 12, box_h: 10, ofs_x: 1, ofs_y: 0 }, // U+30CB 'ニ'
    twine_text::GlyphDsc { bitmap_index: 13071, adv_w: 224, box_w: 11, box_h: 11, ofs_x: 1, ofs_y: -1 }, // U+30CC 'ヌ'
    twine_text::GlyphDsc { bitmap_index: 13124, adv_w: 224, box_w: 12, box_h: 13, ofs_x: 1, ofs_y: -1 }, // U+30CD 'ネ'
    twine_text::GlyphDsc { bitmap_index: 13187, adv_w: 224, box_w: 10, box_h: 12, ofs_x: 2, ofs_y: -1 }, // U+30CE 'ノ'
    twine_text::GlyphDsc { bitmap_index: 13230, adv_w: 224, box_w: 12, box_h: 10, ofs_x: 1, ofs_y: 0 }, // U+30CF 'ハ'
    twine_text::GlyphDsc { bitmap_index: 13281, adv_w: 224, box_w: 14, box_h: 13, ofs_x: 0, ofs_y: -1 }, // U+30D0 'バ'
    twine_text::GlyphDsc { bitmap_index: 13352, adv_w: 224, box_w: 14, box_h: 13, ofs_x: 0, ofs_y: -1 }, // U+30D1 'パ'
    twine_text::GlyphDsc { bitmap_index: 13424, adv_w: 224, box_w: 10, box_h: 12, ofs_x: 3, ofs_y: -1 }, // U+30D2 'ヒ'
    twine_text::GlyphDsc { bitmap_index: 13466, adv_w: 224, box_w: 11, box_h: 13, ofs_x: 2, ofs_y: -1 }, // U+30D3 'ビ'
    twine_text::GlyphDsc { bitmap_index: 13516, adv_w: 224, box_w: 12, box_h: 13, ofs_x: 2, ofs_y: -1 }, // U+30D4 'ピ'
    twine_text::GlyphDsc { bitmap_index: 13571, adv_w: 224, box_w: 11, box_h: 11, ofs_x: 2, ofs_y: -1 }, // U+30D5 'フ'
    twine_text::GlyphDsc { bitmap_index: 13612, adv_w: 224, box_w: 13, box_h: 13, ofs_x: 1, ofs_y: -1 }, // U+30D6 'ブ'
    twine_text::GlyphDsc { bitmap_index: 13667, adv_w: 224, box_w: 13, box_h: 13, ofs_x: 1, ofs_y: -1 }, // U+30D7 'プ'
    twine_text::GlyphDsc { bitmap_index: 13722, adv_w: 224, box_w: 14, box_h: 9, ofs_x: 0, ofs_y: 0 }, // U+30D8 'ヘ'
    twine_text::GlyphDsc { bitmap_index: 13768, adv_w: 224, box_w: 14, box_h: 11, ofs_x: 0, ofs_y: 0 }, // U+30D9 'ベ'
    twine_text::GlyphDsc { bitmap_index: 13828, adv_w: 224, box_w: 14, box_h: 11, ofs_x: 0, ofs_y: 0 }, // U+30DA 'ペ'
    twine_text::GlyphDsc { bitmap_index: 13889, adv_w: 224, box_w: 13, box_h: 12, ofs_x: 1, ofs_y: -1 }, // U+30DB 'ホ'
    twine_text::GlyphDsc { bitmap_index: 13948, adv_w: 224, box_w: 14, box_h: 13, ofs_x: 0, ofs_y: -1 }, // U+30DC 'ボ'
    twine_text::GlyphDsc { bitmap_index: 14020, adv_w: 224, box_w: 13, box_h: 13, ofs_x: 0, ofs_y: -1 }, // U+30DD 'ポ'
    twine_text::GlyphDsc { bitmap_index: 14088, adv_w: 224, box_w: 12, box_h: 11, ofs_x: 1, ofs_y: -1 }, // U+30DE 'マ'
    twine_text::GlyphDsc { bitmap_index: 14136, adv_w: 224, box_w: 10, box_h: 12, ofs_x: 2, ofs_y: -1 }, // U+30DF 'ミ'
    twine_text::GlyphDsc { bitmap_index: 14190, adv_w: 224, box_w: 13, box_h: 12, ofs_x: 1, ofs_y: -1 }, // U+30E0 'ム'
    twine_text::GlyphDsc { bitmap_index: 14250, adv_w: 224, box_w: 12, box_h: 12, ofs_x: 1, ofs_y: -1 }, // U+30E1 'メ'
    twine_text::GlyphDsc { bitmap_index: 14307, adv_w: 224, box_w: 12, box_h: 11, ofs_x: 1, ofs_y: -1 }, // U+30E2 'モ'
    twine_text::GlyphDsc { bitmap_index: 14356, adv_w: 224, box_w: 11, box_h: 11, ofs_x: 2, ofs_y: -2 }, // U+30E3 'ャ'
    twine_text::GlyphDsc { bitmap_index: 14404, adv_w: 224, box_w: 13, box_h: 13, ofs_x: 0, ofs_y: -1 }, // U+30E4 'ヤ'
    twine_text::GlyphDsc { bitmap_index: 14465, adv_w: 224, box_w: 10, box_h: 8, ofs_x: 2, ofs_y: 0 }, // U+30E5 'ュ'
    twine_text::GlyphDsc { bitmap_index: 14493, adv_w: 224, box_w: 12, box_h: 10, ofs_x: 1, ofs_y: 0 }, // U+30E6 'ユ'
    twine_text::GlyphDsc { bitmap_index: 14531, adv_w: 224, box_w: 9, box_h: 9, ofs_x: 2, ofs_y: -1 }, // U+30E7 'ョ'
    twine_text::GlyphDsc { bitmap_index: 14562, adv_w: 224, box_w: 10, box_h: 11, ofs_x: 2, ofs_y: -1 }, // U+30E8 'ヨ'
    twine_text::GlyphDsc { bitmap_index: 14598, adv_w: 224, box_w: 12, box_h: 12, ofs_x: 1, ofs_y: -1 }, // U+30E9 'ラ'
    twine_text::GlyphDsc { bitmap_index: 14647, adv_w: 224, box_w: 8, box_h: 12, ofs_x: 3, ofs_y: -1 }, // U+30EA 'リ'
    twine_text::GlyphDsc { bitmap_index: 14679, adv_w: 224, box_w: 14, box_h: 12, ofs_x: 0, ofs_y: -1 }, // U+30EB 'ル'
    twine_text::GlyphDsc { bitmap_index: 14735, adv_w: 224, box_w: 10, box_h: 12, ofs_x: 3, ofs_y: -1 }, // U+30EC 'レ'
    twine_text::GlyphDsc { bitmap_index: 14771, adv_w: 224, box_w: 11, box_h: 11, ofs_x: 2, ofs_y: -1 }, // U+30ED 'ロ'
    twine_text::GlyphDsc { bitmap_index: 14797, adv_w: 224, box_w: 10, box_h: 10, ofs_x: 2, ofs_y: -2 }, // U+30EE 'ヮ'
    twine_text::GlyphDsc { bitmap_index: 14835, adv_w: 224, box_w: 12, box_h: 11, ofs_x: 1, ofs_y: -1 }, // U+30EF 'ワ'
    twine_text::GlyphDsc { bitmap_index: 14881, adv_w: 224, box_w: 12, box_h: 12, ofs_x: 1, ofs_y: -1 }, // U+30F0 'ヰ'
    twine_text::GlyphDsc { bitmap_index: 14930, adv_w: 224, box_w: 12, box_h: 10, ofs_x: 1, ofs_y: 0 }, // U+30F1 'ヱ'
    twine_text::GlyphDsc { bitmap_index: 14968, adv_w: 224, box_w: 11, box_h: 12, ofs_x: 2, ofs_y: -1 }, // U+30F2 'ヲ'
    twine_text::GlyphDsc { bitmap_index: 15014, adv_w: 224, box_w: 11, box_h: 12, ofs_x: 2, ofs_y: -1 }, // U+30F3 'ン'
    twine_text::GlyphDsc { bitmap_index: 15066, adv_w: 224, box_w: 13, box_h: 13, ofs_x: 1, ofs_y: -1 }, // U+30F4 'ヴ'
    twine_text::GlyphDsc { bitmap_index: 15130, adv_w: 224, box_w: 10, box_h: 10, ofs_x: 2, ofs_y: -1 }, // U+30F5 'ヵ'
    twine_text::GlyphDsc { bitmap_index: 15174, adv_w: 224, box_w: 11, box_h: 11, ofs_x: 1, ofs_y: -2 }, // U+30F6 'ヶ'
    twine_text::GlyphDsc { bitmap_index: 15220, adv_w: 224, box_w: 13, box_h: 13, ofs_x: 1, ofs_y: -1 }, // U+30F7 'ヷ'
    twine_text::GlyphDsc { bitmap_index: 15277, adv_w: 224, box_w: 13, box_h: 13, ofs_x: 1, ofs_y: -1 }, // U+30F8 'ヸ'
    twine_text::GlyphDsc { bitmap_index: 15335, adv_w: 224, box_w: 14, box_h: 12, ofs_x: 0, ofs_y: 0 }, // U+30F9 'ヹ'
    twine_text::GlyphDsc { bitmap_index: 15390, adv_w: 224, box_w: 13, box_h: 13, ofs_x: 1, ofs_y: -1 }, // U+30FA 'ヺ'
    twine_text::GlyphDsc { bitmap_index: 15449, adv_w: 224, box_w: 4, box_h: 4, ofs_x: 5, ofs_y: 3 }, // U+30FB '・'
    twine_text::GlyphDsc { bitmap_index: 15458, adv_w: 224, box_w: 12, box_h: 3, ofs_x: 1, ofs_y: 4 }, // U+30FC 'ー'
    twine_text::GlyphDsc { bitmap_index: 15467, adv_w: 224, box_w: 7, box_h: 8, ofs_x: 4, ofs_y: 1 }, // U+30FD 'ヽ'
    twine_text::GlyphDsc { bitmap_index: 15490, adv_w: 224, box_w: 9, box_h: 10, ofs_x: 3, ofs_y: 1 }, // U+30FE 'ヾ'
    twine_text::GlyphDsc { bitmap_index: 15526, adv_w: 224, box_w: 10, box_h: 12, ofs_x: 2, ofs_y: -1 }, // U+30FF 'ヿ'
    twine_text::GlyphDsc { bitmap_index: 15542, adv_w: 224, box_w: 14, box_h: 3, ofs_x: 0, ofs_y: 4 }, // U+4E00 '一'
    twine_text::GlyphDsc { bitmap_index: 15552, adv_w: 224, box_w: 14, box_h: 13, ofs_x: 0, ofs_y: -1 }, // U+4E03 '七'
    twine_text::GlyphDsc { bitmap_index: 15604, adv_w: 224, box_w: 14, box_h: 13, ofs_x: 0, ofs_y: -2 }, // U+4E07 '万'
    twine_text::GlyphDsc { bitmap_index: 15672, adv_w: 224, box_w: 14, box_h: 14, ofs_x: 0, ofs_y: -2 }, // U+4E08 '丈'
    twine_text::GlyphDsc { bitmap_index: 15745, adv_w: 224, box_w: 14, box_h: 12, ofs_x: 0, ofs_y: -1 }, // U+4E09 '三'
    twine_text::GlyphDsc { bitmap_index: 15782, adv_w: 224, box_w: 14, box_h: 13, ofs_x: 0, ofs_y: -1 }, // U+4E0A '上'
    twine_text::GlyphDsc { bitmap_index: 15815, adv_w: 224, box_w: 14, box_h: 13, ofs_x: 0, ofs_y: -2 }, // U+4E0B '下'
    twine_text::GlyphDsc { bitmap_index: 15858, adv_w: 224, box_w: 14, box_h: 13, ofs_x: 0, ofs_y: -2 }, // U+4E0D '不'
    twine_text::GlyphDsc { bitmap_index: 15913, adv_w: 224, box_w: 13, box_h: 14, ofs_x: 0, ofs_y: -2 }, // U+4E13 '专'
    twine_text::GlyphDsc { bitmap_index: 15982, adv_w: 224, box_w: 14, box_h: 12, ofs_x: 0, ofs_y: -1 }, // U+4E14 '且'
    twine_text::GlyphDsc { bitmap_index: 16028, adv_w: 224, box_w: 14, box_h: 13, ofs_x: 0, ofs_y: -1 }, // U+4E16 '世'
    twine_text::GlyphDsc { bitmap_index: 16090, adv_w: 224, box_w: 14, box_h: 13, ofs_x: 0, ofs_y: -2 }, // U+4E21 '両'
    twine_text::GlyphDsc { bitmap_index: 16152, adv_w: 224, box_w: 14, box_h: 13, ofs_x: 0, ofs_y: -1 }, // U+4E26 '並'
    twine_text::GlyphDsc { bitmap_index: 16230, adv_w: 224, box_w: 12, box_h: 14, ofs_x: 1, ofs_y: -2 }, // U+4E2D '中'
    twine_text::GlyphDsc { bitmap_index: 16279, adv_w: 224, box_w: 14, box_h: 13, ofs_x: 0, ofs_y: -1 }, // U+4E3B '主'
    twine_text::GlyphDsc { bitmap_index: 16338, adv_w: 224, box_w: 14, box_h: 14, ofs_x: 0, ofs_y: -2 }, // U+4E45 '久'
    twine_text::GlyphDsc { bitmap_index: 16416, adv_w: 224, box_w: 14, box_h: 13, ofs_x: 0, ofs_y: -1 }, // U+4E4B '之'
    twine_text::GlyphDsc { bitmap_index: 16480, adv_w: 224, box_w: 14, box_h: 14, ofs_x: 0, ofs_y: -2 }, // U+4E4E '乎'
    twine_text::GlyphDsc { bitmap_index: 16548, adv_w: 224, box_w: 14, box_h: 13, ofs_x: 0, ofs_y: -1 }, // U+4E4F '乏'
    twine_text::GlyphDsc { bitmap_index: 16622, adv_w: 224, box_w: 14, box_h: 14, ofs_x: 0, ofs_y: -2 }, // U+4E57 '乗'
    twine_text::GlyphDsc { bitmap_index: 16718, adv_w: 224, box_w: 14, box_h: 14, ofs_x: 0, ofs_y: -2 }, // U+4E5D '九'
    twine_text::GlyphDsc { bitmap_index: 16783, adv_w: 224, box_w: 14, box_h: 13, ofs_x: 0, ofs_y: -1 }, // U+4E5F '也'
    twine_text::GlyphDsc { bitmap_index: 16853, adv_w: 224, box_w: 12, box_h: 13, ofs_x: 1, ofs_y: -2 }, // U+4E86 '了'
    twine_text::GlyphDsc { bitmap_index: 16888, adv_w: 224, box_w: 14, box_h: 14, ofs_x: 0, ofs_y: -2 }, // U+4E88 '予'
    twine_text::GlyphDsc { bitmap_index: 16951, adv_w: 224, box_w: 14, box_h: 14, ofs_x: 0, ofs_y: -2 }, // U+4E89 '争'
    twine_text::GlyphDsc { bitmap_index: 17030, adv_w: 224, box_w: 14, box_h: 14, ofs_x: 0, ofs_y: -2 }, // U+4E8B '事'
    twine_text::GlyphDsc { bitmap_index: 17111, adv_w: 224, box_w: 14, box_h: 10, ofs_x: 0, ofs_y: 0 }, // U+4E8C '二'
    twine_text::GlyphDsc { bitmap_index: 17132, adv_w: 224, box_w: 14, box_h: 12, ofs_x: 0, ofs_y: -1 }, // U+4E94 '五'
    twine_text::GlyphDsc { bitmap_index: 17199, adv_w: 224, box_w: 14, box_h: 13, ofs_x: 0, ofs_y: -1 }, // U+4E9B '些'
    twine_text::GlyphDsc { bitmap_index: 17272, adv_w: 224, box_w: 14, box_h: 13, ofs_x: 0, ofs_y: -1 }, // U+4EA1 '亡'
    twine_text::GlyphDsc { bitmap_index: 17311, adv_w: 224, box_w: 14, box_h: 14, ofs_x: 0, ofs_y: -2 }, // U+4EA4 '交'
    twine_text::GlyphDsc { bitmap_index: 17398, adv_w: 224, box_w: 14, box_h: 14, ofs_x: 0, ofs_y: -2 }, // U+4EA6 '亦'
    twine_text::GlyphDsc { bitmap_index: 17476, adv_w: 224, box_w: 14, box_h: 14, ofs_x: 0, ofs_y: -2 }, // U+4EAC '京'
    twine_text::GlyphDsc { bitmap_index: 17549, adv_w: 224, box_w: 14, box_h: 14, ofs_x: 0, ofs_y: -2 }, // U+4EBA '人'
    twine_text::GlyphDsc { bitmap_index: 17614, adv_w: 224, box_w: 14, box_h: 14, ofs_x: 0, ofs_y: -2 }, // U+4EC0 '什'
    twine_text::GlyphDsc { bitmap_index: 17664, adv_w: 224, box_w: 14, box_h: 14, ofs_x: 0, ofs_y: -2 }, // U+4ECA '今'
    twine_text::GlyphDsc { bitmap_index: 17737, adv_w: 224, box_w: 14, box_h: 14, ofs_x: 0, ofs_y: -2 }, // U+4ECB '介'
    twine_text::GlyphDsc { bitmap_index: 17803, adv_w: 224, box_w: 13, box_h: 14, ofs_x: 0, ofs_y: -2 }, // U+4ECD '仍'
    twine_text::GlyphDsc { bitmap_index: 17884, adv_w: 224, box_w: 14, box_h: 14, ofs_x: 0, ofs_y: -2 }, // U+4ED5 '仕'
    twine_text::GlyphDsc { bitmap_index: 17940, adv_w: 224, box_w: 14, box_h: 14, ofs_x: 0, ofs_y: -2 }, // U+4ED6 '他'
    twine_text::GlyphDsc { bitmap_index: 18021, adv_w: 224, box_w: 14, box_h: 14, ofs_x: 0, ofs_y: -2 }, // U+4ED8 '付'
    twine_text::GlyphDsc { bitmap_index: 18089, adv_w: 224, box_w: 14, box_h: 14, ofs_x: 0, ofs_y: -2 }, // U+4EE3 '代'
    twine_text::GlyphDsc { bitmap_index: 18169, adv_w: 224, box_w: 14, box_h: 14, ofs_x: 0, ofs_y: -2 }, // U+4EE4 '令'
    twine_text::GlyphDsc { bitmap_index: 18244, adv_w: 224, box_w: 13, box_h: 14, ofs_x: 1, ofs_y: -2 }, // U+4EE5 '以'
    twine_text::GlyphDsc { bitmap_index: 18320, adv_w: 224, box_w: 14, box_h: 14, ofs_x: 0, ofs_y: -2 }, // U+4EEE '仮'
    twine_text::GlyphDsc { bitmap_index: 18409, adv_w: 224, box_w: 14, box_h: 14, ofs_x: 0, ofs_y: -2 }, // U+4EF6 '件'
    twine_text::GlyphDsc { bitmap_index: 18478, adv_w: 224, box_w: 14, box_h: 14, ofs_x: 0, ofs_y: -2 }, // U+4EFB '任'
    twine_text::GlyphDsc { bitmap_index: 18549, adv_w: 224, box_w: 14, box_h: 14, ofs_x: 0, ofs_y: -2 }, // U+4EFD '份'
    twine_text::GlyphDsc { bitmap_index: 18636, adv_w: 224, box_w: 14, box_h: 13, ofs_x: 0, ofs_y: -1 }, // U+4F01 '企'
    twine_text::GlyphDsc { bitmap_index: 18703, adv_w: 224, box_w: 14, box_h: 14, ofs_x: 0, ofs_y: -2 }, // U+4F0A '伊'
    twine_text::GlyphDsc { bitmap_index: 18783, adv_w: 224, box_w: 14, box_h: 14, ofs_x: 0, ofs_y: -2 }, // U+4F11 '休'
    twine_text::GlyphDsc { bitmap_index: 18864, adv_w: 224, box_w: 14, box_h: 14, ofs_x: 0, ofs_y: -2 }, // U+4F1A '会'
    twine_text::GlyphDsc { bitmap_index: 18947, adv_w: 224, box_w: 14, box_h: 14, ofs_x: 0, ofs_y: -2 }, // U+4F1D '伝'
    twine_text::GlyphDsc { bitmap_index: 19023, adv_w: 224, box_w: 14, box_h: 14, ofs_x: 0, ofs_y: -2 }, // U+4F38 '伸'
    twine_text::GlyphDsc { bitmap_index: 19103, adv_w: 224, box_w: 14, box_h: 14, ofs_x: 0, ofs_y: -2 }, // U+4F3C '似'
    twine_text::GlyphDsc { bitmap_index: 19189, adv_w: 224, box_w: 14, box_h: 14, ofs_x: 0, ofs_y: -2 }, // U+4F46 '但'
    twine_text::GlyphDsc { bitmap_index: 19256, adv_w: 224, box_w: 14, box_h: 14, ofs_x: 0, ofs_y: -2 }, // U+4F4D '位'
    twine_text::GlyphDsc { bitmap_index: 19338, adv_w: 224, box_w: 14, box_h: 14, ofs_x: 0, ofs_y: -2 }, // U+4F4E '低'
    twine_text::GlyphDsc { bitmap_index: 19423, adv_w: 224, box_w: 14, box_h: 14, ofs_x: 0, ofs_y: -2 }, // U+4F4F '住'
    twine_text::GlyphDsc { bitmap_index: 19496, adv_w: 224, box_w: 14, box_h: 14, ofs_x: 0, ofs_y: -2 }, // U+4F53 '体'
    twine_text::GlyphDsc { bitmap_index: 19578, adv_w: 224, box_w: 14, box_h: 14, ofs_x: 0, ofs_y: -2 }, // U+4F55 '何'
    twine_text::GlyphDsc { bitmap_index: 19647, adv_w: 224, box_w: 14, box_h: 14, ofs_x: 0, ofs_y: -2 }, // U+4F59 '余'
    twine_text::GlyphDsc { bitmap_index: 19735, adv_w: 224, box_w: 14, box_h: 14, ofs_x: 0, ofs_y: -2 }, // U+4F5C '作'
    twine_text::GlyphDsc { bitmap_index: 19806, adv_w: 224, box_w: 14, box_h: 14, ofs_x: 0, ofs_y: -2 }, // U+4F60 '你'
    twine_text::GlyphDsc { bitmap_index: 19890, adv_w: 224, box_w: 14, box_h: 14, ofs_x: 0, ofs_y: -2 }, // U+4F7F '使'
    twine_text::GlyphDsc { bitmap_index: 19972, adv_w: 224, box_w: 14, box_h: 14, ofs_x: 0, ofs_y: -2 }, // U+4F86 '來'
    twine_text::GlyphDsc { bitmap_index: 20059, adv_w: 224, box_w: 13, box_h: 14, ofs_x: 0, ofs_y: -2 }, // U+4F8B '例'
    twine_text::GlyphDsc { bitmap_index: 20137, adv_w: 224, box_w: 14, box_h: 14, ofs_x: 0, ofs_y: -2 }, // U+4F9B '供'
    twine_text::GlyphDsc { bitmap_index: 20223, adv_w: 224, box_w: 14, box_h: 14, ofs_x: 0, ofs_y: -2 }, // U+4F9D '依'
    twine_text::GlyphDsc { bitmap_index: 20309, adv_w: 224, box_w: 14, box_h: 14, ofs_x: 0, ofs_y: -2 }, // U+4FA1 '価'
    twine_text::GlyphDsc { bitmap_index: 20372, adv_w: 224, box_w: 14, box_h: 14, ofs_x: 0, ofs_y: -2 }, // U+4FBF '便'
    twine_text::GlyphDsc { bitmap_index: 20459, adv_w: 224, box_w: 14, box_h: 14, ofs_x: 0, ofs_y: -2 }, // U+4FC2 '係'
    twine_text::GlyphDsc { bitmap_index: 20551, adv_w: 224, box_w: 14, box_h: 14, ofs_x: 0, ofs_y: -2 }, // U+4FDD '保'
    twine_text::GlyphDsc { bitmap_index: 20639, adv_w: 224, box_w: 14, box_h: 14, ofs_x: 0, ofs_y: -2 }, // U+4FE1 '信'
    twine_text::GlyphDsc { bitmap_index: 20707, adv_w: 224, box_w: 14, box_h: 14, ofs_x: 0, ofs_y: -2 }, // U+4FEE '修'
    twine_text::GlyphDsc { bitmap_index: 20797, adv_w: 224, box_w: 13, box_h: 14, ofs_x: 0, ofs_y: -2 }, // U+500B '個'
    twine_text::GlyphDsc { bitmap_index: 20868, adv_w: 224, box_w: 13, box_h: 14, ofs_x: 0, ofs_y: -2 }, // U+5011 '們'
    twine_text::GlyphDsc { bitmap_index: 20932, adv_w: 224, box_w: 14, box_h: 14, ofs_x: 0, ofs_y: -2 }, // U+5019 '候'
    twine_text::GlyphDsc { bitmap_index: 21018, adv_w: 224, box_w: 14, box_h: 14, ofs_x: 0, ofs_y: -2 }, // U+501F '借'
    twine_text::GlyphDsc { bitmap_index: 21098, adv_w: 224, box_w: 14, box_h: 14, ofs_x: 0, ofs_y: -2 }, // U+5024 '値'
    twine_text::GlyphDsc { bitmap_index: 21170, adv_w: 224, box_w: 14, box_h: 14, ofs_x: 0, ofs_y: -2 }, // U+503C '值'
    twine_text::GlyphDsc { bitmap_index: 21248, adv_w: 224, box_w: 14, box_h: 14, ofs_x: 0, ofs_y: -2 }, // U+505A '做'
    twine_text::GlyphDsc { bitmap_index: 21336, adv_w: 224, box_w: 14, box_h: 14, ofs_x: 0, ofs_y: -2 }, // U+505C '停'
    twine_text::GlyphDsc { bitmap_index: 21413, adv_w: 224, box_w: 14, box_h: 14, ofs_x: 0, ofs_y: -2 }, // U+5065 '健'
    twine_text::GlyphDsc { bitmap_index: 21507, adv_w: 224, box_w: 14, box_h: 14, ofs_x: 0, ofs_y: -2 }, // U+5074 '側'
    twine_text::GlyphDsc { bitmap_index: 21584, adv_w: 224, box_w: 14, box_h: 14, ofs_x: 0, ofs_y: -2 }, // U+5099 '備'
    twine_text::GlyphDsc { bitmap_index: 21670, adv_w: 224, box_w: 14, box_h: 14, ofs_x: 0, ofs_y: -2 }, // U+50B3 '傳'
    twine_text::GlyphDsc { bitmap_index: 21757, adv_w: 224, box_w: 14, box_h: 14, ofs_x: 0, ofs_y: -2 }, // U+50C5 '僅'
    twine_text::GlyphDsc { bitmap_index: 21847, adv_w: 224, box_w: 14, box_h: 14, ofs_x: 0, ofs_y: -2 }, // U+50CD '働'
    twine_text::GlyphDsc { bitmap_index: 21941, adv_w: 224, box_w: 14, box_h: 14, ofs_x: 0, ofs_y: -2 }, // U+50CF '像'
    twine_text::GlyphDsc { bitmap_index: 22031, adv_w: 224, box_w: 14, box_h: 14, ofs_x: 0, ofs_y: -2 }, // U+50D5 '僕'
    twine_text::GlyphDsc { bitmap_index: 22124, adv_w: 224, box_w: 14, box_h: 14, ofs_x: 0, ofs_y: -2 }, // U+50F9 '價'
    twine_text::GlyphDsc { bitmap_index: 22204, adv_w: 224, box_w: 14, box_h: 14, ofs_x: 0, ofs_y: -2 }, // U+5104 '億'
    twine_text::GlyphDsc { bitmap_index: 22289, adv_w: 224, box_w: 14, box_h: 14, ofs_x: 0, ofs_y: -2 }, // U+512A '優'
    twine_text::GlyphDsc { bitmap_index: 22375, adv_w: 224, box_w: 14, box_h: 14, ofs_x: 0, ofs_y: -2 }, // U+513F '儿'
    twine_text::GlyphDsc { bitmap_index: 22426, adv_w: 224, box_w: 14, box_h: 13, ofs_x: 0, ofs_y: -2 }, // U+5143 '元'
    twine_text::GlyphDsc { bitmap_index: 22490, adv_w: 224, box_w: 14, box_h: 13, ofs_x: 0, ofs_y: -2 }, // U+5144 '兄'
    twine_text::GlyphDsc { bitmap_index: 22556, adv_w: 224, box_w: 14, box_h: 14, ofs_x: 0, ofs_y: -2 }, // U+5145 '充'
    twine_text::GlyphDsc { bitmap_index: 22639, adv_w: 224, box_w: 14, box_h: 14, ofs_x: 0, ofs_y: -2 }, // U+5148 '先'
    twine_text::GlyphDsc { bitmap_index: 22721, adv_w: 224, box_w: 14, box_h: 14, ofs_x: 0, ofs_y: -2 }, // U+5149 '光'
    twine_text::GlyphDsc { bitmap_index: 22803, adv_w: 224, box_w: 14, box_h: 14, ofs_x: 0, ofs_y: -2 }, // U+514B '克'
    twine_text::GlyphDsc { bitmap_index: 22882, adv_w: 224, box_w: 14, box_h: 13, ofs_x: 0, ofs_y: -1 }, // U+514D '免'
    twine_text::GlyphDsc { bitmap_index: 22961, adv_w: 224, box_w: 14, box_h: 14, ofs_x: 0, ofs_y: -2 }, // U+5152 '兒'
    twine_text::GlyphDsc { bitmap_index: 23040, adv_w: 224, box_w: 14, box_h: 14, ofs_x: 0, ofs_y: -2 }, // U+515A '党'
    twine_text::GlyphDsc { bitmap_index: 23125, adv_w: 224, box_w: 14, box_h: 13, ofs_x: 0, ofs_y: -1 }, // U+5165 '入'
    twine_text::GlyphDsc { bitmap_index: 23187, adv_w: 224, box_w: 12, box_h: 14, ofs_x: 1, ofs_y: -2 }, // U+5167 '內'
    twine_text::GlyphDsc { bitmap_index: 23250, adv_w: 224, box_w: 14, box_h: 13, ofs_x: 0, ofs_y: -1 }, // U+5168 '全'
    twine_text::GlyphDsc { bitmap_index: 23322, adv_w: 224, box_w: 14, box_h: 14, ofs_x: 0, ofs_y: -2 }, // U+5169 '兩'
    twine_text::GlyphDsc { bitmap_index: 23400, adv_w: 224, box_w: 14, box_h: 13, ofs_x: 0, ofs_y: -2 }, // U+516B '八'
    twine_text::GlyphDsc { bitmap_index: 23470, adv_w: 224, box_w: 14, box_h: 13, ofs_x: 0, ofs_y: -1 }, // U+516C '公'
    twine_text::GlyphDsc { bitmap_index: 23552, adv_w: 224, box_w: 14, box_h: 13, ofs_x: 0, ofs_y: -1 }, // U+516D '六'
    twine_text::GlyphDsc { bitmap_index: 23616, adv_w: 224, box_w: 14, box_h: 14, ofs_x: 0, ofs_y: -2 }, // U+5171 '共'
    twine_text::GlyphDsc { bitmap_index: 23695, adv_w: 224, box_w: 14, box_h: 14, ofs_x: 0, ofs_y: -2 }, // U+5176 '其'
    twine_text::GlyphDsc { bitmap_index: 23775, adv_w: 224, box_w: 14, box_h: 14, ofs_x: 0, ofs_y: -2 }, // U+5177 '具'
    twine_text::GlyphDsc { bitmap_index: 23844, adv_w: 224, box_w: 12, box_h: 14, ofs_x: 1, ofs_y: -2 }, // U+5185 '内'
    twine_text::GlyphDsc { bitmap_index: 23906, adv_w: 224, box_w: 12, box_h: 13, ofs_x: 1, ofs_y: -2 }, // U+5186 '円'
    twine_text::GlyphDsc { bitmap_index: 23947, adv_w: 224, box_w: 14, box_h: 13, ofs_x: 0, ofs_y: -2 }, // U+518A '冊'
    twine_text::GlyphDsc { bitmap_index: 24002, adv_w: 224, box_w: 14, box_h: 13, ofs_x: 0, ofs_y: -2 }, // U+518D '再'
    twine_text::GlyphDsc { bitmap_index: 24076, adv_w: 224, box_w: 12, box_h: 13, ofs_x: 1, ofs_y: -1 }, // U+5199 '写'
    twine_text::GlyphDsc { bitmap_index: 24133, adv_w: 224, box_w: 13, box_h: 14, ofs_x: 1, ofs_y: -2 }, // U+519B '军'
    twine_text::GlyphDsc { bitmap_index: 24202, adv_w: 224, box_w: 14, box_h: 14, ofs_x: 0, ofs_y: -2 }, // U+51AC '冬'
    twine_text::GlyphDsc { bitmap_index: 24286, adv_w: 224, box_w: 14, box_h: 14, ofs_x: 0, ofs_y: -2 }, // U+51B7 '冷'
    twine_text::GlyphDsc { bitmap_index: 24375, adv_w: 224, box_w: 14, box_h: 14, ofs_x: 0, ofs_y: -2 }, // U+51CD '凍'
    twine_text::GlyphDsc { bitmap_index: 24465, adv_w: 224, box_w: 14, box_h: 14, ofs_x: 0, ofs_y: -2 }, // U+51DD '凝'
    twine_text::GlyphDsc { bitmap_index: 24561, adv_w: 224, box_w: 14, box_h: 14, ofs_x: 0, ofs_y: -2 }, // U+51E6 '処'
    twine_text::GlyphDsc { bitmap_index: 24649, adv_w: 224, box_w: 12, box_h: 14, ofs_x: 1, ofs_y: -2 }, // U+51FA '出'
    twine_text::GlyphDsc { bitmap_index: 24705, adv_w: 224, box_w: 14, box_h: 14, ofs_x: 0, ofs_y: -2 }, // U+5206 '分'
    twine_text::GlyphDsc { bitmap_index: 24789, adv_w: 224, box_w: 14, box_h: 14, ofs_x: 0, ofs_y: -2 }, // U+5207 '切'
    twine_text::GlyphDsc { bitmap_index: 24875, adv_w: 224, box_w: 13, box_h: 14, ofs_x: 0, ofs_y: -2 }, // U+520A '刊'
    twine_text::GlyphDsc { bitmap_index: 24933, adv_w: 224, box_w: 13, box_h: 14, ofs_x: 0, ofs_y: -2 }, // U+5217 '列'
    twine_text::GlyphDsc { bitmap_index: 25002, adv_w: 224, box_w: 13, box_h: 14, ofs_x: 0, ofs_y: -2 }, // U+521D '初'
    twine_text::GlyphDsc { bitmap_index: 25088, adv_w: 224, box_w: 13, box_h: 14, ofs_x: 0, ofs_y: -2 }, // U+5224 '判'
    twine_text::GlyphDsc { bitmap_index: 25163, adv_w: 224, box_w: 13, box_h: 14, ofs_x: 0, ofs_y: -2 }, // U+5225 '別'
    twine_text::GlyphDsc { bitmap_index: 25237, adv_w: 224, box_w: 13, box_h: 14, ofs_x: 0, ofs_y: -2 }, // U+5229 '利'
    twine_text::GlyphDsc { bitmap_index: 25312, adv_w: 224, box_w: 13, box_h: 13, ofs_x: 0, ofs_y: -1 }, // U+5230 '到'
    twine_text::GlyphDsc { bitmap_index: 25382, adv_w: 224, box_w: 13, box_h: 14, ofs_x: 0, ofs_y: -2 }, // U+5236 '制'
    twine_text::GlyphDsc { bitmap_index: 25460, adv_w: 224, box_w: 14, box_h: 14, ofs_x: 0, ofs_y: -2 }, // U+5238 '券'
    twine_text::GlyphDsc { bitmap_index: 25552, adv_w: 224, box_w: 13, box_h: 14, ofs_x: 0, ofs_y: -2 }, // U+523B '刻'
    twine_text::GlyphDsc { bitmap_index: 25634, adv_w: 224, box_w: 13, box_h: 14, ofs_x: 0, ofs_y: -2 }, // U+5247 '則'
    twine_text::GlyphDsc { bitmap_index: 25707, adv_w: 224, box_w: 13, box_h: 14, ofs_x: 0, ofs_y: -2 }, // U+524A '削'
    twine_text::GlyphDsc { bitmap_index: 25778, adv_w: 224, box_w: 14, box_h: 14, ofs_x: 0, ofs_y: -2 }, // U+524D '前'
    twine_text::GlyphDsc { bitmap_index: 25858, adv_w: 224, box_w: 12, box_h: 14, ofs_x: 1, ofs_y: -2 }, // U+525B '剛'
    twine_text::GlyphDsc { bitmap_index: 25921, adv_w: 224, box_w: 13, box_h: 14, ofs_x: 0, ofs_y: -2 }, // U+5272 '割'
    twine_text::GlyphDsc { bitmap_index: 26000, adv_w: 224, box_w: 13, box_h: 14, ofs_x: 0, ofs_y: -2 }, // U+5275 '創'
    twine_text::GlyphDsc { bitmap_index: 26079, adv_w: 224, box_w: 13, box_h: 14, ofs_x: 0, ofs_y: -2 }, // U+5283 '劃'
    twine_text::GlyphDsc { bitmap_index: 26159, adv_w: 224, box_w: 13, box_h: 14, ofs_x: 0, ofs_y: -2 }, // U+529B '力'
    twine_text::GlyphDsc { bitmap_index: 26230, adv_w: 224, box_w: 14, box_h: 14, ofs_x: 0, ofs_y: -2 }, // U+529F '功'
    twine_text::GlyphDsc { bitmap_index: 26315, adv_w: 224, box_w: 13, box_h: 14, ofs_x: 0, ofs_y: -2 }, // U+52A0 '加'
    twine_text::GlyphDsc { bitmap_index: 26388, adv_w: 224, box_w: 14, box_h: 14, ofs_x: 0, ofs_y: -2 }, // U+52A8 '动'
    twine_text::GlyphDsc { bitmap_index: 26477, adv_w: 224, box_w: 13, box_h: 14, ofs_x: 0, ofs_y: -2 }, // U+52A9 '助'
    twine_text::GlyphDsc { bitmap_index: 26563, adv_w: 224, box_w: 14, box_h: 14, ofs_x: 0, ofs_y: -2 }, // U+52AA '努'
    twine_text::GlyphDsc { bitmap_index: 26656, adv_w: 224, box_w: 14, box_h: 14, ofs_x: 0, ofs_y: -2 }, // U+52B3 '劳'
    twine_text::GlyphDsc { bitmap_index: 26746, adv_w: 224, box_w: 14, box_h: 14, ofs_x: 0, ofs_y: -2 }, // U+52C9 '勉'
    twine_text::GlyphDsc { bitmap_index: 26840, adv_w: 224, box_w: 14, box_h: 14, ofs_x: 0, ofs_y: -2 }, // U+52D5 '動'
    twine_text::GlyphDsc { bitmap_index: 26938, adv_w: 224, box_w: 14, box_h: 14, ofs_x: 0, ofs_y: -2 }, // U+52D9 '務'
    twine_text::GlyphDsc { bitmap_index: 27036, adv_w: 224, box_w: 14, box_h: 14, ofs_x: 0, ofs_y: -2 }, // U+52DD '勝'
    twine_text::GlyphDsc { bitmap_index: 27133, adv_w: 224, box_w: 14, box_h: 14, ofs_x: 0, ofs_y: -2 }, // U+52E4 '勤'
    twine_text::GlyphDsc { bitmap_index: 27230, adv_w: 224, box_w: 14, box_h: 14, ofs_x: 0, ofs_y: -2 }, // U+52F5 '勵'
    twine_text::GlyphDsc { bitmap_index: 27322, adv_w: 224, box_w: 14, box_h: 13, ofs_x: 0, ofs_y: -1 }, // U+5305 '包'
    twine_text::GlyphDsc { bitmap_index: 27394, adv_w: 224, box_w: 14, box_h: 14, ofs_x: 0, ofs_y: -2 }, // U+5316 '化'
    twine_text::GlyphDsc { bitmap_index: 27471, adv_w: 224, box_w: 14, box_h: 13, ofs_x: 0, ofs_y: -1 }, // U+5317 '北'
    twine_text::GlyphDsc { bitmap_index: 27535, adv_w: 224, box_w: 13, box_h: 13, ofs_x: 1, ofs_y: -1 }, // U+533B '医'
    twine_text::GlyphDsc { bitmap_index: 27605, adv_w: 224, box_w: 13, box_h: 13, ofs_x: 1, ofs_y: -1 }, // U+5340 '區'
    twine_text::GlyphDsc { bitmap_index: 27670, adv_w: 224, box_w: 14, box_h: 14, ofs_x: 0, ofs_y: -2 }, // U+5341 '十'
    twine_text::GlyphDsc { bitmap_index: 27699, adv_w: 224, box_w: 14, box_h: 14, ofs_x: 0, ofs_y: -2 }, // U+5343 '千'
    twine_text::GlyphDsc { bitmap_index: 27746, adv_w: 224, box_w: 14, box_h: 14, ofs_x: 0, ofs_y: -2 }, // U+5348 '午'
    twine_text::GlyphDsc { bitmap_index: 27798, adv_w: 224, box_w: 14, box_h: 14, ofs_x: 0, ofs_y: -2 }, // U+534A '半'
    twine_text::GlyphDsc { bitmap_index: 27867, adv_w: 224, box_w: 14, box_h: 14, ofs_x: 0, ofs_y: -2 }, // U+5352 '卒'
    twine_text::GlyphDsc { bitmap_index: 27937, adv_w: 224, box_w: 14, box_h: 14, ofs_x: 0, ofs_y: -2 }, // U+5354 '協'
    twine_text::GlyphDsc { bitmap_index: 28028, adv_w: 224, box_w: 14, box_h: 14, ofs_x: 0, ofs_y: -2 }, // U+5357 '南'
    twine_text::GlyphDsc { bitmap_index: 28107, adv_w: 224, box_w: 14, box_h: 14, ofs_x: 0, ofs_y: -2 }, // U+5358 '単'
    twine_text::GlyphDsc { bitmap_index: 28182, adv_w: 224, box_w: 14, box_h: 14, ofs_x: 0, ofs_y: -2 }, // U+5371 '危'
    twine_text::GlyphDsc { bitmap_index: 28265, adv_w: 224, box_w: 13, box_h: 14, ofs_x: 0, ofs_y: -2 }, // U+5373 '即'
    twine_text::GlyphDsc { bitmap_index: 28335, adv_w: 224, box_w: 13, box_h: 14, ofs_x: 0, ofs_y: -2 }, // U+537B '卻'
    twine_text::GlyphDsc { bitmap_index: 28410, adv_w: 224, box_w: 14, box_h: 14, ofs_x: 0, ofs_y: -2 }, // U+539A '厚'
    twine_text::GlyphDsc { bitmap_index: 28485, adv_w: 224, box_w: 14, box_h: 13, ofs_x: 0, ofs_y: -2 }, // U+539F '原'
    twine_text::GlyphDsc { bitmap_index: 28563, adv_w: 224, box_w: 14, box_h: 14, ofs_x: 0, ofs_y: -2 }, // U+53B3 '厳'
    twine_text::GlyphDsc { bitmap_index: 28663, adv_w: 224, box_w: 14, box_h: 13, ofs_x: 0, ofs_y: -1 }, // U+53BB '去'
    twine_text::GlyphDsc { bitmap_index: 28735, adv_w: 224, box_w: 14, box_h: 14, ofs_x: 0, ofs_y: -2 }, // U+53C2 '参'
    twine_text::GlyphDsc { bitmap_index: 28826, adv_w: 224, box_w: 14, box_h: 14, ofs_x: 0, ofs_y: -2 }, // U+53C3 '參'
    twine_text::GlyphDsc { bitmap_index: 28915, adv_w: 224, box_w: 14, box_h: 12, ofs_x: 0, ofs_y: -1 }, // U+53C8 '又'
    twine_text::GlyphDsc { bitmap_index: 28981, adv_w: 224, box_w: 14, box_h: 14, ofs_x: 0, ofs_y: -2 }, // U+53CA '及'
    twine_text::GlyphDsc { bitmap_index: 29066, adv_w: 224, box_w: 14, box_h: 14, ofs_x: 0, ofs_y: -2 }, // U+53CB '友'
    twine_text::GlyphDsc { bitmap_index: 29145, adv_w: 224, box_w: 14, box_h: 14, ofs_x: 0, ofs_y: -2 }, // U+53CD '反'
    twine_text::GlyphDsc { bitmap_index: 29227, adv_w: 224, box_w: 14, box_h: 14, ofs_x: 0, ofs_y: -2 }, // U+53D6 '取'
    twine_text::GlyphDsc { bitmap_index: 29318, adv_w: 224, box_w: 14, box_h: 14, ofs_x: 0, ofs_y: -2 }, // U+53D7 '受'
    twine_text::GlyphDsc { bitmap_index: 29408, adv_w: 224, box_w: 12, box_h: 12, ofs_x: 1, ofs_y: -1 }, // U+53E3 '口'
    twine_text::GlyphDsc { bitmap_index: 29433, adv_w: 224, box_w: 14, box_h: 14, ofs_x: 0, ofs_y: -2 }, // U+53E4 '古'
    twine_text::GlyphDsc { bitmap_index: 29490, adv_w: 224, box_w: 13, box_h: 14, ofs_x: 0, ofs_y: -2 }, // U+53E5 '句'
    twine_text::GlyphDsc { bitmap_index: 29562, adv_w: 224, box_w: 13, box_h: 14, ofs_x: 0, ofs_y: -2 }, // U+53E6 '另'
    twine_text::GlyphDsc { bitmap_index: 29633, adv_w: 224, box_w: 14, box_h: 13, ofs_x: 0, ofs_y: -2 }, // U+53EA '只'
    twine_text::GlyphDsc { bitmap_index: 29692, adv_w: 224, box_w: 12, box_h: 14, ofs_x: 1, ofs_y: -2 }, // U+53EB '叫'
    twine_text::GlyphDsc { bitmap_index: 29737, adv_w: 224, box_w: 14, box_h: 13, ofs_x: 0, ofs_y: -2 }, // U+53EF '可'
    twine_text::GlyphDsc { bitmap_index: 29792, adv_w: 224, box_w: 12, box_h: 14, ofs_x: 1, ofs_y: -2 }, // U+53F0 '台'
    twine_text::GlyphDsc { bitmap_index: 29856, adv_w: 224, box_w: 14, box_h: 14, ofs_x: 0, ofs_y: -2 }, // U+53F2 '史'
    twine_text::GlyphDsc { bitmap_index: 29933, adv_w: 224, box_w: 14, box_h: 14, ofs_x: 0, ofs_y: -2 }, // U+53F3 '右'
    twine_text::GlyphDsc { bitmap_index: 29998, adv_w: 224, box_w: 14, box_h: 14, ofs_x: 0, ofs_y: -2 }, // U+53F7 '号'
    twine_text::GlyphDsc { bitmap_index: 30064, adv_w: 224, box_w: 12, box_h: 13, ofs_x: 1, ofs_y: -2 }, // U+53F8 '司'
    twine_text::GlyphDsc { bitmap_index: 30116, adv_w: 224, box_w: 13, box_h: 13, ofs_x: 1, ofs_y: -1 }, // U+5403 '吃'
    twine_text::GlyphDsc { bitmap_index: 30188, adv_w: 224, box_w: 14, box_h: 14, ofs_x: 0, ofs_y: -2 }, // U+5404 '各'
    twine_text::GlyphDsc { bitmap_index: 30266, adv_w: 224, box_w: 14, box_h: 14, ofs_x: 0, ofs_y: -2 }, // U+5408 '合'
    twine_text::GlyphDsc { bitmap_index: 30333, adv_w: 224, box_w: 12, box_h: 14, ofs_x: 1, ofs_y: -2 }, // U+540C '同'
    twine_text::GlyphDsc { bitmap_index: 30388, adv_w: 224, box_w: 12, box_h: 14, ofs_x: 0, ofs_y: -2 }, // U+540D '名'
    twine_text::GlyphDsc { bitmap_index: 30456, adv_w: 224, box_w: 12, box_h: 14, ofs_x: 1, ofs_y: -2 }, // U+5411 '向'
    twine_text::GlyphDsc { bitmap_index: 30515, adv_w: 224, box_w: 14, box_h: 13, ofs_x: 0, ofs_y: -2 }, // U+5426 '否'
    twine_text::GlyphDsc { bitmap_index: 30581, adv_w: 224, box_w: 13, box_h: 12, ofs_x: 1, ofs_y: -1 }, // U+5427 '吧'
    twine_text::GlyphDsc { bitmap_index: 30636, adv_w: 224, box_w: 13, box_h: 14, ofs_x: 1, ofs_y: -2 }, // U+5440 '呀'
    twine_text::GlyphDsc { bitmap_index: 30710, adv_w: 224, box_w: 14, box_h: 14, ofs_x: 0, ofs_y: -2 }, // U+544A '告'
    twine_text::GlyphDsc { bitmap_index: 30781, adv_w: 224, box_w: 14, box_h: 13, ofs_x: 0, ofs_y: -1 }, // U+5462 '呢'
    twine_text::GlyphDsc { bitmap_index: 30857, adv_w: 224, box_w: 13, box_h: 14, ofs_x: 0, ofs_y: -2 }, // U+5468 '周'
    twine_text::GlyphDsc { bitmap_index: 30936, adv_w: 224, box_w: 13, box_h: 14, ofs_x: 1, ofs_y: -2 }, // U+5473 '味'
    twine_text::GlyphDsc { bitmap_index: 31020, adv_w: 224, box_w: 13, box_h: 14, ofs_x: 1, ofs_y: -2 }, // U+547C '呼'
    twine_text::GlyphDsc { bitmap_index: 31093, adv_w: 224, box_w: 14, box_h: 14, ofs_x: 0, ofs_y: -2 }, // U+547D '命'
    twine_text::GlyphDsc { bitmap_index: 31167, adv_w: 224, box_w: 13, box_h: 14, ofs_x: 0, ofs_y: -2 }, // U+548C '和'
    twine_text::GlyphDsc { bitmap_index: 31244, adv_w: 224, box_w: 13, box_h: 14, ofs_x: 1, ofs_y: -2 }, // U+54B2 '咲'
    twine_text::GlyphDsc { bitmap_index: 31329, adv_w: 224, box_w: 12, box_h: 14, ofs_x: 1, ofs_y: -2 }, // U+54C1 '品'
    twine_text::GlyphDsc { bitmap_index: 31388, adv_w: 224, box_w: 14, box_h: 14, ofs_x: 0, ofs_y: -2 }, // U+54E1 '員'
    twine_text::GlyphDsc { bitmap_index: 31459, adv_w: 224, box_w: 13, box_h: 14, ofs_x: 1, ofs_y: -2 }, // U+54EA '哪'
    twine_text::GlyphDsc { bitmap_index: 31542, adv_w: 224, box_w: 14, box_h: 14, ofs_x: 0, ofs_y: -2 }, // U+5546 '商'
    twine_text::GlyphDsc { bitmap_index: 31623, adv_w: 224, box_w: 13, box_h: 14, ofs_x: 1, ofs_y: -2 }, // U+554A '啊'
    twine_text::GlyphDsc { bitmap_index: 31696, adv_w: 224, box_w: 12, box_h: 14, ofs_x: 1, ofs_y: -2 }, // U+554F '問'
    twine_text::GlyphDsc { bitmap_index: 31767, adv_w: 224, box_w: 13, box_h: 14, ofs_x: 1, ofs_y: -2 }, // U+5566 '啦'
    twine_text::GlyphDsc { bitmap_index: 31852, adv_w: 224, box_w: 14, box_h: 14, ofs_x: 0, ofs_y: -2 }, // U+5584 '善'
    twine_text::GlyphDsc { bitmap_index: 31937, adv_w: 224, box_w: 13, box_h: 14, ofs_x: 1, ofs_y: -2 }, // U+5589 '喉'
    twine_text::GlyphDsc { bitmap_index: 32023, adv_w: 224, box_w: 14, box_h: 14, ofs_x: 0, ofs_y: -2 }, // U+559C '喜'
    twine_text::GlyphDsc { bitmap_index: 32098, adv_w: 224, box_w: 13, box_h: 14, ofs_x: 1, ofs_y: -2 }, // U+559D '喝'
    twine_text::GlyphDsc { bitmap_index: 32175, adv_w: 224, box_w: 14, box_h: 14, ofs_x: 0, ofs_y: -2 }, // U+55AE '單'
    twine_text::GlyphDsc { bitmap_index: 32261, adv_w: 224, box_w: 12, box_h: 14, ofs_x: 1, ofs_y: -2 }, // U+55B6 '営'
    twine_text::GlyphDsc { bitmap_index: 32332, adv_w: 224, box_w: 13, box_h: 14, ofs_x: 1, ofs_y: -2 }, // U+55CE '嗎'
    twine_text::GlyphDsc { bitmap_index: 32416, adv_w: 224, box_w: 13, box_h: 13, ofs_x: 1, ofs_y: -1 }, // U+55EF '嗯'
    twine_text::GlyphDsc { bitmap_index: 32491, adv_w: 224, box_w: 13, box_h: 14, ofs_x: 1, ofs_y: -2 }, // U+561B '嘛'
    twine_text::GlyphDsc { bitmap_index: 32578, adv_w: 224, box_w: 14, box_h: 14, ofs_x: 0, ofs_y: -2 }, // U+56B4 '嚴'
    twine_text::GlyphDsc { bitmap_index: 32676, adv_w: 224, box_w: 12, box_h: 12, ofs_x: 1, ofs_y: -1 }, // U+56DB '四'
    twine_text::GlyphDsc { bitmap_index: 32732, adv_w: 224, box_w: 12, box_h: 14, ofs_x: 1, ofs_y: -2 }, // U+56DE '回'
    twine_text::GlyphDsc { bitmap_index: 32778, adv_w: 224, box_w: 12, box_h: 14, ofs_x: 1, ofs_y: -2 }, // U+56E0 '因'
    twine_text::GlyphDsc { bitmap_index: 32839, adv_w: 224, box_w: 12, box_h: 14, ofs_x: 1, ofs_y: -2 }, // U+56F0 '困'
    twine_text::GlyphDsc { bitmap_index: 32904, adv_w: 224, box_w: 12, box_h: 14, ofs_x: 1, ofs_y: -2 }, // U+56F3 '図'
    twine_text::GlyphDsc { bitmap_index: 32971, adv_w: 224, box_w: 12, box_h: 14, ofs_x: 1, ofs_y: -2 }, // U+56FD '国'
    twine_text::GlyphDsc { bitmap_index: 33030, adv_w: 224, box_w: 12, box_h: 14, ofs_x: 1, ofs_y: -2 }, // U+570B '國'
    twine_text::GlyphDsc { bitmap_index: 33100, adv_w: 224, box_w: 12, box_h: 14, ofs_x: 1, ofs_y: -2 }, // U+570D '圍'
    twine_text::GlyphDsc { bitmap_index: 33170, adv_w: 224, box_w: 12, box_h: 14, ofs_x: 1, ofs_y: -2 }, // U+5712 '園'
    twine_text::GlyphDsc { bitmap_index: 33244, adv_w: 224, box_w: 12, box_h: 14, ofs_x: 1, ofs_y: -2 }, // U+5718 '團'
    twine_text::GlyphDsc { bitmap_index: 33315, adv_w: 224, box_w: 14, box_h: 13, ofs_x: 0, ofs_y: -1 }, // U+571F '土'
    twine_text::GlyphDsc { bitmap_index: 33354, adv_w: 224, box_w: 14, box_h: 12, ofs_x: 0, ofs_y: -1 }, // U+5723 '圣'
    twine_text::GlyphDsc { bitmap_index: 33427, adv_w: 224, box_w: 14, box_h: 14, ofs_x: 0, ofs_y: -2 }, // U+5728 '在'
    twine_text::GlyphDsc { bitmap_index: 33500, adv_w: 224, box_w: 14, box_h: 13, ofs_x: 0, ofs_y: -1 }, // U+5730 '地'
    twine_text::GlyphDsc { bitmap_index: 33576, adv_w: 224, box_w: 14, box_h: 14, ofs_x: 0, ofs_y: -2 }, // U+5747 '均'
    twine_text::GlyphDsc { bitmap_index: 33659, adv_w: 224, box_w: 14, box_h: 14, ofs_x: 0, ofs_y: -2 }, // U+574A '坊'
    twine_text::GlyphDsc { bitmap_index: 33744, adv_w: 224, box_w: 14, box_h: 13, ofs_x: 0, ofs_y: -1 }, // U+5750 '坐'
    twine_text::GlyphDsc { bitmap_index: 33819, adv_w: 224, box_w: 14, box_h: 13, ofs_x: 0, ofs_y: -1 }, // U+578B '型'
    twine_text::GlyphDsc { bitmap_index: 33899, adv_w: 224, box_w: 14, box_h: 14, ofs_x: 0, ofs_y: -2 }, // U+57DF '域'
    twine_text::GlyphDsc { bitmap_index: 33988, adv_w: 224, box_w: 14, box_h: 14, ofs_x: 0, ofs_y: -2 }, // U+57F7 '執'
    twine_text::GlyphDsc { bitmap_index: 34078, adv_w: 224, box_w: 14, box_h: 13, ofs_x: 0, ofs_y: -1 }, // U+57FA '基'
    twine_text::GlyphDsc { bitmap_index: 34157, adv_w: 224, box_w: 14, box_h: 14, ofs_x: 0, ofs_y: -2 }, // U+5831 '報'
    twine_text::GlyphDsc { bitmap_index: 34253, adv_w: 224, box_w: 14, box_h: 14, ofs_x: 0, ofs_y: -2 }, // U+5834 '場'
    twine_text::GlyphDsc { bitmap_index: 34338, adv_w: 224, box_w: 14, box_h: 14, ofs_x: 0, ofs_y: -2 }, // U+584A '塊'
    twine_text::GlyphDsc { bitmap_index: 34428, adv_w: 224, box_w: 14, box_h: 13, ofs_x: 0, ofs_y: -1 }, // U+5869 '塩'
    twine_text::GlyphDsc { bitmap_index: 34505, adv_w: 224, box_w: 14, box_h: 14, ofs_x: 0, ofs_y: -2 }, // U+5883 '境'
    twine_text::GlyphDsc { bitmap_index: 34593, adv_w: 224, box_w: 13, box_h: 14, ofs_x: 0, ofs_y: -2 }, // U+5897 '増'
    twine_text::GlyphDsc { bitmap_index: 34674, adv_w: 224, box_w: 13, box_h: 14, ofs_x: 0, ofs_y: -2 }, // U+589E '增'
    twine_text::GlyphDsc { bitmap_index: 34754, adv_w: 224, box_w: 14, box_h: 14, ofs_x: 0, ofs_y: -2 }, // U+58CA '壊'
    twine_text::GlyphDsc { bitmap_index: 34845, adv_w: 224, box_w: 14, box_h: 13, ofs_x: 0, ofs_y: -1 }, // U+58D3 '壓'
    twine_text::GlyphDsc { bitmap_index: 34927, adv_w: 224, box_w: 14, box_h: 13, ofs_x: 0, ofs_y: -1 }, // U+58EB '士'
    twine_text::GlyphDsc { bitmap_index: 34966, adv_w: 224, box_w: 14, box_h: 14, ofs_x: 0, ofs_y: -2 }, // U+58F0 '声'
    twine_text::GlyphDsc { bitmap_index: 35037, adv_w: 224, box_w: 14, box_h: 14, ofs_x: 0, ofs_y: -2 }, // U+58F2 '売'
    twine_text::GlyphDsc { bitmap_index: 35117, adv_w: 224, box_w: 14, box_h: 14, ofs_x: 0, ofs_y: -2 }, // U+5904 '处'
    twine_text::GlyphDsc { bitmap_index: 35201, adv_w: 224, box_w: 14, box_h: 14, ofs_x: 0, ofs_y: -2 }, // U+5909 '変'
    twine_text::GlyphDsc { bitmap_index: 35288, adv_w: 224, box_w: 14, box_h: 14, ofs_x: 0, ofs_y: -2 }, // U+590F '夏'
    twine_text::GlyphDsc { bitmap_index: 35369, adv_w: 224, box_w: 12, box_h: 14, ofs_x: 1, ofs_y: -2 }, // U+5915 '夕'
    twine_text::GlyphDsc { bitmap_index: 35435, adv_w: 224, box_w: 14, box_h: 14, ofs_x: 0, ofs_y: -2 }, // U+5916 '外'
    twine_text::GlyphDsc { bitmap_index: 35514, adv_w: 224, box_w: 13, box_h: 14, ofs_x: 1, ofs_y: -2 }, // U+591A '多'
    twine_text::GlyphDsc { bitmap_index: 35597, adv_w: 224, box_w: 14, box_h: 14, ofs_x: 0, ofs_y: -2 }, // U+591C '夜'
    twine_text::GlyphDsc { bitmap_index: 35683, adv_w: 224, box_w: 14, box_h: 14, ofs_x: 0, ofs_y: -2 }, // U+5920 '夠'
    twine_text::GlyphDsc { bitmap_index: 35776, adv_w: 224, box_w: 14, box_h: 14, ofs_x: 0, ofs_y: -2 }, // U+5927 '大'
    twine_text::GlyphDsc { bitmap_index: 35843, adv_w: 224, box_w: 14, box_h: 13, ofs_x: 0, ofs_y: -2 }, // U+5929 '天'
    twine_text::GlyphDsc { bitmap_index: 35911, adv_w: 224, box_w: 14, box_h: 14, ofs_x: 0, ofs_y: -2 }, // U+592A '太'
    twine_text::GlyphDsc { bitmap_index: 35985, adv_w: 224, box_w: 14, box_h: 14, ofs_x: 0, ofs_y: -2 }, // U+592B '夫'
    twine_text::GlyphDsc { bitmap_index: 36060, adv_w: 224, box_w: 14, box_h: 14, ofs_x: 0, ofs_y: -2 }, // U+592E '央'
    twine_text::GlyphDsc { bitmap_index: 36138, adv_w: 224, box_w: 14, box_h: 14, ofs_x: 0, ofs_y: -2 }, // U+5931 '失'
    twine_text::GlyphDsc { bitmap_index: 36219, adv_w: 224, box_w: 14, box_h: 14, ofs_x: 0, ofs_y: -2 }, // U+5947 '奇'
    twine_text::GlyphDsc { bitmap_index: 36300, adv_w: 224, box_w: 14, box_h: 14, ofs_x: 0, ofs_y: -2 }, // U+5951 '契'
    twine_text::GlyphDsc { bitmap_index: 36395, adv_w: 224, box_w: 14, box_h: 14, ofs_x: 0, ofs_y: -2 }, // U+5957 '套'
    twine_text::GlyphDsc { bitmap_index: 36483, adv_w: 224, box_w: 14, box_h: 14, ofs_x: 0, ofs_y: -2 }, // U+5973 '女'
    twine_text::GlyphDsc { bitmap_index: 36562, adv_w: 224, box_w: 14, box_h: 14, ofs_x: 0, ofs_y: -2 }, // U+5979 '她'
    twine_text::GlyphDsc { bitmap_index: 36650, adv_w: 224, box_w: 14, box_h: 14, ofs_x: 0, ofs_y: -2 }, // U+597D '好'
    twine_text::GlyphDsc { bitmap_index: 36732, adv_w: 224, box_w: 13, box_h: 14, ofs_x: 0, ofs_y: -2 }, // U+5982 '如'
    twine_text::GlyphDsc { bitmap_index: 36807, adv_w: 224, box_w: 13, box_h: 14, ofs_x: 0, ofs_y: -2 }, // U+5987 '妇'
    twine_text::GlyphDsc { bitmap_index: 36880, adv_w: 224, box_w: 14, box_h: 14, ofs_x: 0, ofs_y: -2 }, // U+59B3 '妳'
    twine_text::GlyphDsc { bitmap_index: 36972, adv_w: 224, box_w: 14, box_h: 14, ofs_x: 0, ofs_y: -2 }, // U+59B9 '妹'
    twine_text::GlyphDsc { bitmap_index: 37065, adv_w: 224, box_w: 14, box_h: 14, ofs_x: 0, ofs_y: -2 }, // U+59BB '妻'
    twine_text::GlyphDsc { bitmap_index: 37156, adv_w: 224, box_w: 14, box_h: 14, ofs_x: 0, ofs_y: -2 }, // U+59C9 '姉'
    twine_text::GlyphDsc { bitmap_index: 37242, adv_w: 224, box_w: 14, box_h: 14, ofs_x: 0, ofs_y: -2 }, // U+59CB '始'
    twine_text::GlyphDsc { bitmap_index: 37331, adv_w: 224, box_w: 14, box_h: 14, ofs_x: 0, ofs_y: -2 }, // U+59D0 '姐'
    twine_text::GlyphDsc { bitmap_index: 37411, adv_w: 224, box_w: 14, box_h: 14, ofs_x: 0, ofs_y: -2 }, // U+59D4 '委'
    twine_text::GlyphDsc { bitmap_index: 37506, adv_w: 224, box_w: 14, box_h: 14, ofs_x: 0, ofs_y: -2 }, // U+5A18 '娘'
    twine_text::GlyphDsc { bitmap_index: 37602, adv_w: 224, box_w: 14, box_h: 14, ofs_x: 0, ofs_y: -2 }, // U+5A5A '婚'
    twine_text::GlyphDsc { bitmap_index: 37696, adv_w: 224, box_w: 14, box_h: 14, ofs_x: 0, ofs_y: -2 }, // U+5A66 '婦'
    twine_text::GlyphDsc { bitmap_index: 37786, adv_w: 224, box_w: 14, box_h: 14, ofs_x: 0, ofs_y: -2 }, // U+5A92 '媒'
    twine_text::GlyphDsc { bitmap_index: 37882, adv_w: 224, box_w: 14, box_h: 14, ofs_x: 0, ofs_y: -2 }, // U+5ABD '媽'
    twine_text::GlyphDsc { bitmap_index: 37981, adv_w: 224, box_w: 14, box_h: 14, ofs_x: 0, ofs_y: -2 }, // U+5ACC '嫌'
    twine_text::GlyphDsc { bitmap_index: 38079, adv_w: 224, box_w: 14, box_h: 14, ofs_x: 0, ofs_y: -2 }, // U+5B09 '嬉'
    twine_text::GlyphDsc { bitmap_index: 38171, adv_w: 224, box_w: 14, box_h: 13, ofs_x: 0, ofs_y: -2 }, // U+5B50 '子'
    twine_text::GlyphDsc { bitmap_index: 38224, adv_w: 224, box_w: 14, box_h: 14, ofs_x: 0, ofs_y: -2 }, // U+5B57 '字'
    twine_text::GlyphDsc { bitmap_index: 38291, adv_w: 224, box_w: 14, box_h: 14, ofs_x: 0, ofs_y: -2 }, // U+5B58 '存'
    twine_text::GlyphDsc { bitmap_index: 38365, adv_w: 224, box_w: 14, box_h: 14, ofs_x: 0, ofs_y: -2 }, // U+5B63 '季'
    twine_text::GlyphDsc { bitmap_index: 38448, adv_w: 224, box_w: 14, box_h: 14, ofs_x: 0, ofs_y: -2 }, // U+5B66 '学'
    twine_text::GlyphDsc { bitmap_index: 38526, adv_w: 224, box_w: 14, box_h: 14, ofs_x: 0, ofs_y: -2 }, // U+5B69 '孩'
    twine_text::GlyphDsc { bitmap_index: 38619, adv_w: 224, box_w: 14, box_h: 14, ofs_x: 0, ofs_y: -2 }, // U+5B6B '孫'
    twine_text::GlyphDsc { bitmap_index: 38711, adv_w: 224, box_w: 14, box_h: 14, ofs_x: 0, ofs_y: -2 }, // U+5B78 '學'
    twine_text::GlyphDsc { bitmap_index: 38800, adv_w: 224, box_w: 12, box_h: 13, ofs_x: 1, ofs_y: -1 }, // U+5B83 '它'
    twine_text::GlyphDsc { bitmap_index: 38860, adv_w: 224, box_w: 14, box_h: 13, ofs_x: 0, ofs_y: -1 }, // U+5B85 '宅'
    twine_text::GlyphDsc { bitmap_index: 38938, adv_w: 224, box_w: 13, box_h: 14, ofs_x: 1, ofs_y: -2 }, // U+5B87 '宇'
    twine_text::GlyphDsc { bitmap_index: 38999, adv_w: 224, box_w: 14, box_h: 14, ofs_x: 0, ofs_y: -2 }, // U+5B88 '守'
    twine_text::GlyphDsc { bitmap_index: 39068, adv_w: 224, box_w: 14, box_h: 14, ofs_x: 0, ofs_y: -2 }, // U+5B89 '安'
    twine_text::GlyphDsc { bitmap_index: 39156, adv_w: 224, box_w: 14, box_h: 14, ofs_x: 0, ofs_y: -2 }, // U+5B8C '完'
    twine_text::GlyphDsc { bitmap_index: 39234, adv_w: 224, box_w: 12, box_h: 14, ofs_x: 1, ofs_y: -2 }, // U+5B98 '官'
    twine_text::GlyphDsc { bitmap_index: 39291, adv_w: 224, box_w: 12, box_h: 14, ofs_x: 1, ofs_y: -2 }, // U+5B99 '宙'
    twine_text::GlyphDsc { bitmap_index: 39365, adv_w: 224, box_w: 14, box_h: 14, ofs_x: 0, ofs_y: -2 }, // U+5B9A '定'
    twine_text::GlyphDsc { bitmap_index: 39445, adv_w: 224, box_w: 13, box_h: 14, ofs_x: 1, ofs_y: -2 }, // U+5B9E '实'
    twine_text::GlyphDsc { bitmap_index: 39526, adv_w: 224, box_w: 14, box_h: 14, ofs_x: 0, ofs_y: -2 }, // U+5B9F '実'
    twine_text::GlyphDsc { bitmap_index: 39613, adv_w: 224, box_w: 14, box_h: 14, ofs_x: 0, ofs_y: -2 }, // U+5BA2 '客'
    twine_text::GlyphDsc { bitmap_index: 39697, adv_w: 224, box_w: 14, box_h: 13, ofs_x: 0, ofs_y: -1 }, // U+5BA4 '室'
    twine_text::GlyphDsc { bitmap_index: 39773, adv_w: 224, box_w: 14, box_h: 14, ofs_x: 0, ofs_y: -2 }, // U+5BB3 '害'
    twine_text::GlyphDsc { bitmap_index: 39854, adv_w: 224, box_w: 12, box_h: 14, ofs_x: 1, ofs_y: -2 }, // U+5BB5 '宵'
    twine_text::GlyphDsc { bitmap_index: 39921, adv_w: 224, box_w: 14, box_h: 14, ofs_x: 0, ofs_y: -2 }, // U+5BB6 '家'
    twine_text::GlyphDsc { bitmap_index: 40009, adv_w: 224, box_w: 14, box_h: 14, ofs_x: 0, ofs_y: -2 }, // U+5BB9 '容'
    twine_text::GlyphDsc { bitmap_index: 40094, adv_w: 224, box_w: 14, box_h: 14, ofs_x: 0, ofs_y: -2 }, // U+5BBF '宿'
    twine_text::GlyphDsc { bitmap_index: 40175, adv_w: 224, box_w: 14, box_h: 14, ofs_x: 0, ofs_y: -2 }, // U+5BC4 '寄'
    twine_text::GlyphDsc { bitmap_index: 40258, adv_w: 224, box_w: 14, box_h: 14, ofs_x: 0, ofs_y: -2 }, // U+5BC6 '密'
    twine_text::GlyphDsc { bitmap_index: 40344, adv_w: 224, box_w: 12, box_h: 14, ofs_x: 1, ofs_y: -2 }, // U+5BCC '富'
    twine_text::GlyphDsc { bitmap_index: 40409, adv_w: 224, box_w: 14, box_h: 14, ofs_x: 0, ofs_y: -2 }, // U+5BD2 '寒'
    twine_text::GlyphDsc { bitmap_index: 40501, adv_w: 224, box_w: 14, box_h: 14, ofs_x: 0, ofs_y: -2 }, // U+5BDD '寝'
    twine_text::GlyphDsc { bitmap_index: 40583, adv_w: 224, box_w: 14, box_h: 14, ofs_x: 0, ofs_y: -2 }, // U+5BDF '察'
    twine_text::GlyphDsc { bitmap_index: 40673, adv_w: 224, box_w: 14, box_h: 14, ofs_x: 0, ofs_y: -2 }, // U+5BE6 '實'
    twine_text::GlyphDsc { bitmap_index: 40754, adv_w: 224, box_w: 13, box_h: 14, ofs_x: 0, ofs_y: -2 }, // U+5BEB '寫'
    twine_text::GlyphDsc { bitmap_index: 40839, adv_w: 224, box_w: 14, box_h: 13, ofs_x: 0, ofs_y: -1 }, // U+5BFA '寺'
    twine_text::GlyphDsc { bitmap_index: 40910, adv_w: 224, box_w: 14, box_h: 13, ofs_x: 0, ofs_y: -1 }, // U+5BFE '対'
    twine_text::GlyphDsc { bitmap_index: 40990, adv_w: 224, box_w: 14, box_h: 14, ofs_x: 0, ofs_y: -2 }, // U+5C04 '射'
    twine_text::GlyphDsc { bitmap_index: 41077, adv_w: 224, box_w: 14, box_h: 14, ofs_x: 0, ofs_y: -2 }, // U+5C07 '將'
    twine_text::GlyphDsc { bitmap_index: 41169, adv_w: 224, box_w: 14, box_h: 14, ofs_x: 0, ofs_y: -2 }, // U+5C08 '專'
    twine_text::GlyphDsc { bitmap_index: 41251, adv_w: 224, box_w: 14, box_h: 14, ofs_x: 0, ofs_y: -2 }, // U+5C0D '對'
    twine_text::GlyphDsc { bitmap_index: 41340, adv_w: 224, box_w: 14, box_h: 14, ofs_x: 0, ofs_y: -2 }, // U+5C0E '導'
    twine_text::GlyphDsc { bitmap_index: 41431, adv_w: 224, box_w: 14, box_h: 14, ofs_x: 0, ofs_y: -2 }, // U+5C0F '小'
    twine_text::GlyphDsc { bitmap_index: 41492, adv_w: 224, box_w: 14, box_h: 14, ofs_x: 0, ofs_y: -2 }, // U+5C11 '少'
    twine_text::GlyphDsc { bitmap_index: 41564, adv_w: 224, box_w: 12, box_h: 14, ofs_x: 1, ofs_y: -2 }, // U+5C1A '尚'
    twine_text::GlyphDsc { bitmap_index: 41636, adv_w: 224, box_w: 14, box_h: 14, ofs_x: 0, ofs_y: -2 }, // U+5C24 '尤'
    twine_text::GlyphDsc { bitmap_index: 41711, adv_w: 224, box_w: 14, box_h: 14, ofs_x: 0, ofs_y: -2 }, // U+5C31 '就'
    twine_text::GlyphDsc { bitmap_index: 41806, adv_w: 224, box_w: 14, box_h: 14, ofs_x: 0, ofs_y: -2 }, // U+5C3A '尺'
    twine_text::GlyphDsc { bitmap_index: 41870, adv_w: 224, box_w: 13, box_h: 14, ofs_x: 0, ofs_y: -2 }, // U+5C40 '局'
    twine_text::GlyphDsc { bitmap_index: 41944, adv_w: 224, box_w: 14, box_h: 14, ofs_x: 0, ofs_y: -2 }, // U+5C45 '居'
    twine_text::GlyphDsc { bitmap_index: 42022, adv_w: 224, box_w: 13, box_h: 14, ofs_x: 0, ofs_y: -2 }, // U+5C4A '届'
    twine_text::GlyphDsc { bitmap_index: 42102, adv_w: 224, box_w: 14, box_h: 14, ofs_x: 0, ofs_y: -2 }, // U+5C4B '屋'
    twine_text::GlyphDsc { bitmap_index: 42181, adv_w: 224, box_w: 14, box_h: 14, ofs_x: 0, ofs_y: -2 }, // U+5C55 '展'
    twine_text::GlyphDsc { bitmap_index: 42267, adv_w: 224, box_w: 14, box_h: 14, ofs_x: 0, ofs_y: -2 }, // U+5C65 '履'
    twine_text::GlyphDsc { bitmap_index: 42356, adv_w: 224, box_w: 13, box_h: 14, ofs_x: 0, ofs_y: -2 }, // U+5C6C '屬'
    twine_text::GlyphDsc { bitmap_index: 42439, adv_w: 224, box_w: 12, box_h: 14, ofs_x: 1, ofs_y: -2 }, // U+5C71 '山'
    twine_text::GlyphDsc { bitmap_index: 42475, adv_w: 224, box_w: 13, box_h: 14, ofs_x: 1, ofs_y: -2 }, // U+5CF6 '島'
    twine_text::GlyphDsc { bitmap_index: 42549, adv_w: 224, box_w: 14, box_h: 14, ofs_x: 0, ofs_y: -2 }, // U+5D4C '嵌'
    twine_text::GlyphDsc { bitmap_index: 42646, adv_w: 224, box_w: 13, box_h: 14, ofs_x: 0, ofs_y: -2 }, // U+5DDD '川'
    twine_text::GlyphDsc { bitmap_index: 42691, adv_w: 224, box_w: 13, box_h: 14, ofs_x: 0, ofs_y: -2 }, // U+5DDE '州'
    twine_text::GlyphDsc { bitmap_index: 42767, adv_w: 224, box_w: 14, box_h: 12, ofs_x: 0, ofs_y: -1 }, // U+5DE5 '工'
    twine_text::GlyphDsc { bitmap_index: 42796, adv_w: 224, box_w: 14, box_h: 13, ofs_x: 0, ofs_y: -1 }, // U+5DE6 '左'
    twine_text::GlyphDsc { bitmap_index: 42861, adv_w: 224, box_w: 14, box_h: 13, ofs_x: 0, ofs_y: -1 }, // U+5DEE '差'
    twine_text::GlyphDsc { bitmap_index: 42942, adv_w: 224, box_w: 13, box_h: 12, ofs_x: 1, ofs_y: -1 }, // U+5DF1 '己'
    twine_text::GlyphDsc { bitmap_index: 42989, adv_w: 224, box_w: 13, box_h: 12, ofs_x: 1, ofs_y: -1 }, // U+5DF2 '已'
    twine_text::GlyphDsc { bitmap_index: 43039, adv_w: 224, box_w: 14, box_h: 14, ofs_x: 0, ofs_y: -2 }, // U+5E02 '市'
    twine_text::GlyphDsc { bitmap_index: 43102, adv_w: 224, box_w: 14, box_h: 14, ofs_x: 0, ofs_y: -2 }, // U+5E03 '布'
    twine_text::GlyphDsc { bitmap_index: 43172, adv_w: 224, box_w: 13, box_h: 14, ofs_x: 1, ofs_y: -2 }, // U+5E08 '师'
    twine_text::GlyphDsc { bitmap_index: 43242, adv_w: 224, box_w: 14, box_h: 14, ofs_x: 0, ofs_y: -2 }, // U+5E0C '希'
    twine_text::GlyphDsc { bitmap_index: 43326, adv_w: 224, box_w: 13, box_h: 14, ofs_x: 1, ofs_y: -2 }, // U+5E2B '師'
    twine_text::GlyphDsc { bitmap_index: 43400, adv_w: 224, box_w: 14, box_h: 14, ofs_x: 0, ofs_y: -2 }, // U+5E2D '席'
    twine_text::GlyphDsc { bitmap_index: 43491, adv_w: 224, box_w: 14, box_h: 14, ofs_x: 0, ofs_y: -2 }, // U+5E2F '帯'
    twine_text::GlyphDsc { bitmap_index: 43576, adv_w: 224, box_w: 14, box_h: 14, ofs_x: 0, ofs_y: -2 }, // U+5E30 '帰'
    twine_text::GlyphDsc { bitmap_index: 43661, adv_w: 224, box_w: 14, box_h: 14, ofs_x: 0, ofs_y: -2 }, // U+5E33 '帳'
    twine_text::GlyphDsc { bitmap_index: 43748, adv_w: 224, box_w: 14, box_h: 14, ofs_x: 0, ofs_y: -2 }, // U+5E36 '帶'
    twine_text::GlyphDsc { bitmap_index: 43836, adv_w: 224, box_w: 12, box_h: 14, ofs_x: 1, ofs_y: -2 }, // U+5E38 '常'
    twine_text::GlyphDsc { bitmap_index: 43915, adv_w: 224, box_w: 14, box_h: 14, ofs_x: 0, ofs_y: -2 }, // U+5E45 '幅'
    twine_text::GlyphDsc { bitmap_index: 43992, adv_w: 224, box_w: 14, box_h: 13, ofs_x: 0, ofs_y: -2 }, // U+5E73 '平'
    twine_text::GlyphDsc { bitmap_index: 44051, adv_w: 224, box_w: 14, box_h: 14, ofs_x: 0, ofs_y: -2 }, // U+5E74 '年'
    twine_text::GlyphDsc { bitmap_index: 44117, adv_w: 224, box_w: 14, box_h: 14, ofs_x: 0, ofs_y: -2 }, // U+5E78 '幸'
    twine_text::GlyphDsc { bitmap_index: 44196, adv_w: 224, box_w: 14, box_h: 14, ofs_x: 0, ofs_y: -2 }, // U+5E7E '幾'
    twine_text::GlyphDsc { bitmap_index: 44296, adv_w: 224, box_w: 14, box_h: 14, ofs_x: 0, ofs_y: -2 }, // U+5E83 '広'
    twine_text::GlyphDsc { bitmap_index: 44376, adv_w: 224, box_w: 14, box_h: 14, ofs_x: 0, ofs_y: -2 }, // U+5E86 '庆'
    twine_text::GlyphDsc { bitmap_index: 44456, adv_w: 224, box_w: 14, box_h: 14, ofs_x: 0, ofs_y: -2 }, // U+5E95 '底'
    twine_text::GlyphDsc { bitmap_index: 44543, adv_w: 224, box_w: 14, box_h: 14, ofs_x: 0, ofs_y: -2 }, // U+5E97 '店'
    twine_text::GlyphDsc { bitmap_index: 44618, adv_w: 224, box_w: 14, box_h: 14, ofs_x: 0, ofs_y: -2 }, // U+5E9C '府'
    twine_text::GlyphDsc { bitmap_index: 44702, adv_w: 224, box_w: 14, box_h: 14, ofs_x: 0, ofs_y: -2 }, // U+5EA6 '度'
    twine_text::GlyphDsc { bitmap_index: 44795, adv_w: 224, box_w: 14, box_h: 14, ofs_x: 0, ofs_y: -2 }, // U+5EA7 '座'
    twine_text::GlyphDsc { bitmap_index: 44879, adv_w: 224, box_w: 14, box_h: 14, ofs_x: 0, ofs_y: -2 }, // U+5EAB '庫'
    twine_text::GlyphDsc { bitmap_index: 44960, adv_w: 224, box_w: 14, box_h: 14, ofs_x: 0, ofs_y: -2 }, // U+5EAD '庭'
    twine_text::GlyphDsc { bitmap_index: 45050, adv_w: 224, box_w: 14, box_h: 14, ofs_x: 0, ofs_y: -2 }, // U+5EB7 '康'
    twine_text::GlyphDsc { bitmap_index: 45141, adv_w: 224, box_w: 14, box_h: 14, ofs_x: 0, ofs_y: -2 }, // U+5EE0 '廠'
    twine_text::GlyphDsc { bitmap_index: 45236, adv_w: 224, box_w: 14, box_h: 14, ofs_x: 0, ofs_y: -2 }, // U+5EFA '建'
    twine_text::GlyphDsc { bitmap_index: 45331, adv_w: 224, box_w: 14, box_h: 14, ofs_x: 0, ofs_y: -2 }, // U+5EFF '廿'
    twine_text::GlyphDsc { bitmap_index: 45385, adv_w: 224, box_w: 14, box_h: 14, ofs_x: 0, ofs_y: -2 }, // U+5F0F '式'
    twine_text::GlyphDsc { bitmap_index: 45460, adv_w: 224, box_w: 11, box_h: 14, ofs_x: 1, ofs_y: -2 }, // U+5F15 '引'
    twine_text::GlyphDsc { bitmap_index: 45516, adv_w: 224, box_w: 13, box_h: 14, ofs_x: 0, ofs_y: -2 }, // U+5F1F '弟'
    twine_text::GlyphDsc { bitmap_index: 45600, adv_w: 224, box_w: 13, box_h: 14, ofs_x: 0, ofs_y: -2 }, // U+5F31 '弱'
    twine_text::GlyphDsc { bitmap_index: 45689, adv_w: 224, box_w: 14, box_h: 14, ofs_x: 0, ofs_y: -2 }, // U+5F35 '張'
    twine_text::GlyphDsc { bitmap_index: 45779, adv_w: 224, box_w: 14, box_h: 14, ofs_x: 0, ofs_y: -2 }, // U+5F37 '強'
    twine_text::GlyphDsc { bitmap_index: 45873, adv_w: 224, box_w: 12, box_h: 14, ofs_x: 1, ofs_y: -2 }, // U+5F53 '当'
    twine_text::GlyphDsc { bitmap_index: 45936, adv_w: 224, box_w: 14, box_h: 14, ofs_x: 0, ofs_y: -2 }, // U+5F62 '形'
    twine_text::GlyphDsc { bitmap_index: 46023, adv_w: 224, box_w: 14, box_h: 14, ofs_x: 0, ofs_y: -2 }, // U+5F71 '影'
    twine_text::GlyphDsc { bitmap_index: 46119, adv_w: 224, box_w: 14, box_h: 14, ofs_x: 0, ofs_y: -2 }, // U+5F79 '役'
    twine_text::GlyphDsc { bitmap_index: 46206, adv_w: 224, box_w: 14, box_h: 14, ofs_x: 0, ofs_y: -2 }, // U+5F7C '彼'
    twine_text::GlyphDsc { bitmap_index: 46296, adv_w: 224, box_w: 14, box_h: 14, ofs_x: 0, ofs_y: -2 }, // U+5F80 '往'
    twine_text::GlyphDsc { bitmap_index: 46373, adv_w: 224, box_w: 14, box_h: 14, ofs_x: 0, ofs_y: -2 }, // U+5F85 '待'
    twine_text::GlyphDsc { bitmap_index: 46457, adv_w: 224, box_w: 14, box_h: 14, ofs_x: 0, ofs_y: -2 }, // U+5F88 '很'
    twine_text::GlyphDsc { bitmap_index: 46540, adv_w: 224, box_w: 14, box_h: 14, ofs_x: 0, ofs_y: -2 }, // U+5F8B '律'
    twine_text::GlyphDsc { bitmap_index: 46626, adv_w: 224, box_w: 14, box_h: 14, ofs_x: 0, ofs_y: -2 }, // U+5F8C '後'
    twine_text::GlyphDsc { bitmap_index: 46718, adv_w: 224, box_w: 14, box_h: 14, ofs_x: 0, ofs_y: -2 }, // U+5F92 '徒'
    twine_text::GlyphDsc { bitmap_index: 46805, adv_w: 224, box_w: 14, box_h: 14, ofs_x: 0, ofs_y: -2 }, // U+5F93 '従'
    twine_text::GlyphDsc { bitmap_index: 46897, adv_w: 224, box_w: 14, box_h: 14, ofs_x: 0, ofs_y: -2 }, // U+5F97 '得'
    twine_text::GlyphDsc { bitmap_index: 46980, adv_w: 224, box_w: 14, box_h: 14, ofs_x: 0, ofs_y: -2 }, // U+5F9E '從'
    twine_text::GlyphDsc { bitmap_index: 47069, adv_w: 224, box_w: 14, box_h: 14, ofs_x: 0, ofs_y: -2 }, // U+5FA1 '御'
    twine_text::GlyphDsc { bitmap_index: 47151, adv_w: 224, box_w: 14, box_h: 14, ofs_x: 0, ofs_y: -2 }, // U+5FA9 '復'
    twine_text::GlyphDsc { bitmap_index: 47237, adv_w: 224, box_w: 14, box_h: 13, ofs_x: 0, ofs_y: -1 }, // U+5FC3 '心'
    twine_text::GlyphDsc { bitmap_index: 47305, adv_w: 224, box_w: 14, box_h: 13, ofs_x: 0, ofs_y: -1 }, // U+5FC5 '必'
    twine_text::GlyphDsc { bitmap_index: 47386, adv_w: 224, box_w: 14, box_h: 13, ofs_x: 0, ofs_y: -1 }, // U+5FD8 '忘'
    twine_text::GlyphDsc { bitmap_index: 47456, adv_w: 224, box_w: 14, box_h: 14, ofs_x: 0, ofs_y: -2 }, // U+5FD9 '忙'
    twine_text::GlyphDsc { bitmap_index: 47513, adv_w: 224, box_w: 14, box_h: 14, ofs_x: 0, ofs_y: -2 }, // U+5FEB '快'
    twine_text::GlyphDsc { bitmap_index: 47599, adv_w: 224, box_w: 14, box_h: 13, ofs_x: 0, ofs_y: -1 }, // U+5FF5 '念'
    twine_text::GlyphDsc { bitmap_index: 47680, adv_w: 224, box_w: 14, box_h: 13, ofs_x: 0, ofs_y: -1 }, // U+600E '怎'
    twine_text::GlyphDsc { bitmap_index: 47755, adv_w: 224, box_w: 14, box_h: 13, ofs_x: 0, ofs_y: -1 }, // U+6012 '怒'
    twine_text::GlyphDsc { bitmap_index: 47843, adv_w: 224, box_w: 14, box_h: 14, ofs_x: 0, ofs_y: -2 }, // U+6015 '怕'
    twine_text::GlyphDsc { bitmap_index: 47910, adv_w: 224, box_w: 14, box_h: 13, ofs_x: 0, ofs_y: -1 }, // U+601D '思'
    twine_text::GlyphDsc { bitmap_index: 47988, adv_w: 224, box_w: 14, box_h: 13, ofs_x: 0, ofs_y: -1 }, // U+6025 '急'
    twine_text::GlyphDsc { bitmap_index: 48059, adv_w: 224, box_w: 14, box_h: 14, ofs_x: 0, ofs_y: -2 }, // U+6027 '性'
    twine_text::GlyphDsc { bitmap_index: 48139, adv_w: 224, box_w: 14, box_h: 13, ofs_x: 0, ofs_y: -1 }, // U+606F '息'
    twine_text::GlyphDsc { bitmap_index: 48210, adv_w: 224, box_w: 14, box_h: 13, ofs_x: 0, ofs_y: -1 }, // U+60A8 '您'
    twine_text::GlyphDsc { bitmap_index: 48296, adv_w: 224, box_w: 14, box_h: 13, ofs_x: 0, ofs_y: -1 }, // U+60AA '悪'
    twine_text::GlyphDsc { bitmap_index: 48379, adv_w: 224, box_w: 14, box_h: 13, ofs_x: 0, ofs_y: -1 }, // U+60B2 '悲'
    twine_text::GlyphDsc { bitmap_index: 48458, adv_w: 224, box_w: 14, box_h: 14, ofs_x: 0, ofs_y: -2 }, // U+60C5 '情'
    twine_text::GlyphDsc { bitmap_index: 48537, adv_w: 224, box_w: 14, box_h: 14, ofs_x: 0, ofs_y: -2 }, // U+60CA '惊'
    twine_text::GlyphDsc { bitmap_index: 48622, adv_w: 224, box_w: 14, box_h: 13, ofs_x: 0, ofs_y: -1 }, // U+60F3 '想'
    twine_text::GlyphDsc { bitmap_index: 48711, adv_w: 224, box_w: 14, box_h: 13, ofs_x: 0, ofs_y: -1 }, // U+6108 '愈'
    twine_text::GlyphDsc { bitmap_index: 48791, adv_w: 224, box_w: 14, box_h: 13, ofs_x: 0, ofs_y: -1 }, // U+610F '意'
    twine_text::GlyphDsc { bitmap_index: 48868, adv_w: 224, box_w: 14, box_h: 13, ofs_x: 0, ofs_y: -1 }, // U+611A '愚'
    twine_text::GlyphDsc { bitmap_index: 48952, adv_w: 224, box_w: 14, box_h: 14, ofs_x: 0, ofs_y: -2 }, // U+611B '愛'
    twine_text::GlyphDsc { bitmap_index: 49049, adv_w: 224, box_w: 14, box_h: 13, ofs_x: 0, ofs_y: -1 }, // U+611F '感'
    twine_text::GlyphDsc { bitmap_index: 49136, adv_w: 224, box_w: 14, box_h: 13, ofs_x: 0, ofs_y: -1 }, // U+614B '態'
    twine_text::GlyphDsc { bitmap_index: 49225, adv_w: 224, box_w: 14, box_h: 14, ofs_x: 0, ofs_y: -2 }, // U+6163 '慣'
    twine_text::GlyphDsc { bitmap_index: 49308, adv_w: 224, box_w: 14, box_h: 13, ofs_x: 0, ofs_y: -1 }, // U+6167 '慧'
    twine_text::GlyphDsc { bitmap_index: 49390, adv_w: 224, box_w: 14, box_h: 14, ofs_x: 0, ofs_y: -2 }, // U+616E '慮'
    twine_text::GlyphDsc { bitmap_index: 49479, adv_w: 224, box_w: 14, box_h: 14, ofs_x: 0, ofs_y: -2 }, // U+61C9 '應'
    twine_text::GlyphDsc { bitmap_index: 49572, adv_w: 224, box_w: 14, box_h: 13, ofs_x: 0, ofs_y: -1 }, // U+61F8 '懸'
    twine_text::GlyphDsc { bitmap_index: 49661, adv_w: 224, box_w: 14, box_h: 14, ofs_x: 0, ofs_y: -2 }, // U+6210 '成'
    twine_text::GlyphDsc { bitmap_index: 49753, adv_w: 224, box_w: 14, box_h: 14, ofs_x: 0, ofs_y: -2 }, // U+6211 '我'
    twine_text::GlyphDsc { bitmap_index: 49849, adv_w: 224, box_w: 14, box_h: 14, ofs_x: 0, ofs_y: -2 }, // U+6216 '或'
    twine_text::GlyphDsc { bitmap_index: 49936, adv_w: 224, box_w: 14, box_h: 14, ofs_x: 0, ofs_y: -2 }, // U+6226 '戦'
    twine_text::GlyphDsc { bitmap_index: 50032, adv_w: 224, box_w: 14, box_h: 14, ofs_x: 0, ofs_y: -2 }, // U+6230 '戰'
    twine_text::GlyphDsc { bitmap_index: 50130, adv_w: 224, box_w: 14, box_h: 13, ofs_x: 0, ofs_y: -1 }, // U+623B '戻'
    twine_text::GlyphDsc { bitmap_index: 50204, adv_w: 224, box_w: 13, box_h: 14, ofs_x: 0, ofs_y: -2 }, // U+623F '房'
    twine_text::GlyphDsc { bitmap_index: 50283, adv_w: 224, box_w: 14, box_h: 14, ofs_x: 0, ofs_y: -2 }, // U+6240 '所'
    twine_text::GlyphDsc { bitmap_index: 50365, adv_w: 224, box_w: 14, box_h: 14, ofs_x: 0, ofs_y: -2 }, // U+624B '手'
    twine_text::GlyphDsc { bitmap_index: 50432, adv_w: 224, box_w: 14, box_h: 13, ofs_x: 0, ofs_y: -1 }, // U+624D '才'
    twine_text::GlyphDsc { bitmap_index: 50492, adv_w: 224, box_w: 14, box_h: 14, ofs_x: 0, ofs_y: -2 }, // U+6253 '打'
    twine_text::GlyphDsc { bitmap_index: 50558, adv_w: 224, box_w: 14, box_h: 13, ofs_x: 0, ofs_y: -1 }, // U+6255 '払'
    twine_text::GlyphDsc { bitmap_index: 50635, adv_w: 224, box_w: 14, box_h: 14, ofs_x: 0, ofs_y: -2 }, // U+627E '找'
    twine_text::GlyphDsc { bitmap_index: 50728, adv_w: 224, box_w: 14, box_h: 14, ofs_x: 0, ofs_y: -2 }, // U+6280 '技'
    twine_text::GlyphDsc { bitmap_index: 50817, adv_w: 224, box_w: 14, box_h: 14, ofs_x: 0, ofs_y: -2 }, // U+628A '把'
    twine_text::GlyphDsc { bitmap_index: 50891, adv_w: 224, box_w: 14, box_h: 14, ofs_x: 0, ofs_y: -2 }, // U+6295 '投'
    twine_text::GlyphDsc { bitmap_index: 50980, adv_w: 224, box_w: 14, box_h: 14, ofs_x: 0, ofs_y: -2 }, // U+62BC '押'
    twine_text::GlyphDsc { bitmap_index: 51058, adv_w: 224, box_w: 14, box_h: 13, ofs_x: 0, ofs_y: -1 }, // U+62C5 '担'
    twine_text::GlyphDsc { bitmap_index: 51125, adv_w: 224, box_w: 14, box_h: 14, ofs_x: 0, ofs_y: -2 }, // U+62C9 '拉'
    twine_text::GlyphDsc { bitmap_index: 51210, adv_w: 224, box_w: 13, box_h: 14, ofs_x: 0, ofs_y: -2 }, // U+62DB '招'
    twine_text::GlyphDsc { bitmap_index: 51288, adv_w: 224, box_w: 14, box_h: 14, ofs_x: 0, ofs_y: -2 }, // U+62E1 '拡'
    twine_text::GlyphDsc { bitmap_index: 51378, adv_w: 224, box_w: 14, box_h: 14, ofs_x: 0, ofs_y: -2 }, // U+62EC '括'
    twine_text::GlyphDsc { bitmap_index: 51462, adv_w: 224, box_w: 14, box_h: 14, ofs_x: 0, ofs_y: -2 }, // U+62ED '拭'
    twine_text::GlyphDsc { bitmap_index: 51550, adv_w: 224, box_w: 14, box_h: 14, ofs_x: 0, ofs_y: -2 }, // U+62FF '拿'
    twine_text::GlyphDsc { bitmap_index: 51629, adv_w: 224, box_w: 14, box_h: 14, ofs_x: 0, ofs_y: -2 }, // U+6301 '持'
    twine_text::GlyphDsc { bitmap_index: 51714, adv_w: 224, box_w: 14, box_h: 14, ofs_x: 0, ofs_y: -2 }, // U+6307 '指'
    twine_text::GlyphDsc { bitmap_index: 51798, adv_w: 224, box_w: 14, box_h: 14, ofs_x: 0, ofs_y: -2 }, // U+6319 '挙'
    twine_text::GlyphDsc { bitmap_index: 51889, adv_w: 224, box_w: 14, box_h: 14, ofs_x: 0, ofs_y: -2 }, // U+6355 '捕'
    twine_text::GlyphDsc { bitmap_index: 51980, adv_w: 224, box_w: 14, box_h: 14, ofs_x: 0, ofs_y: -2 }, // U+6368 '捨'
    twine_text::GlyphDsc { bitmap_index: 52067, adv_w: 224, box_w: 14, box_h: 14, ofs_x: 0, ofs_y: -2 }, // U+6388 '授'
    twine_text::GlyphDsc { bitmap_index: 52157, adv_w: 224, box_w: 14, box_h: 14, ofs_x: 0, ofs_y: -2 }, // U+6392 '排'
    twine_text::GlyphDsc { bitmap_index: 52239, adv_w: 224, box_w: 14, box_h: 14, ofs_x: 0, ofs_y: -2 }, // U+639B '掛'
    twine_text::GlyphDsc { bitmap_index: 52325, adv_w: 224, box_w: 14, box_h: 14, ofs_x: 0, ofs_y: -2 }, // U+63A1 '採'
    twine_text::GlyphDsc { bitmap_index: 52418, adv_w: 224, box_w: 14, box_h: 14, ofs_x: 0, ofs_y: -2 }, // U+63A2 '探'
    twine_text::GlyphDsc { bitmap_index: 52507, adv_w: 224, box_w: 14, box_h: 14, ofs_x: 0, ofs_y: -2 }, // U+63A5 '接'
    twine_text::GlyphDsc { bitmap_index: 52600, adv_w: 224, box_w: 14, box_h: 13, ofs_x: 0, ofs_y: -1 }, // U+63A7 '控'
    twine_text::GlyphDsc { bitmap_index: 52681, adv_w: 224, box_w: 14, box_h: 14, ofs_x: 0, ofs_y: -2 }, // U+63A8 '推'
    twine_text::GlyphDsc { bitmap_index: 52769, adv_w: 224, box_w: 14, box_h: 14, ofs_x: 0, ofs_y: -2 }, // U+63CF '描'
    twine_text::GlyphDsc { bitmap_index: 52858, adv_w: 224, box_w: 14, box_h: 14, ofs_x: 0, ofs_y: -2 }, // U+63D0 '提'
    twine_text::GlyphDsc { bitmap_index: 52945, adv_w: 224, box_w: 14, box_h: 14, ofs_x: 0, ofs_y: -2 }, // U+63DB '換'
    twine_text::GlyphDsc { bitmap_index: 53037, adv_w: 224, box_w: 14, box_h: 14, ofs_x: 0, ofs_y: -2 }, // U+63EE '揮'
    twine_text::GlyphDsc { bitmap_index: 53128, adv_w: 224, box_w: 14, box_h: 14, ofs_x: 0, ofs_y: -2 }, // U+63FA '揺'
    twine_text::GlyphDsc { bitmap_index: 53219, adv_w: 224, box_w: 14, box_h: 14, ofs_x: 0, ofs_y: -2 }, // U+643A '携'
    twine_text::GlyphDsc { bitmap_index: 53311, adv_w: 224, box_w: 14, box_h: 13, ofs_x: 0, ofs_y: -1 }, // U+64C1 '擁'
    twine_text::GlyphDsc { bitmap_index: 53398, adv_w: 224, box_w: 14, box_h: 14, ofs_x: 0, ofs_y: -2 }, // U+64C7 '擇'
    twine_text::GlyphDsc { bitmap_index: 53489, adv_w: 224, box_w: 14, box_h: 14, ofs_x: 0, ofs_y: -2 }, // U+64D4 '擔'
    twine_text::GlyphDsc { bitmap_index: 53581, adv_w: 224, box_w: 14, box_h: 14, ofs_x: 0, ofs_y: -2 }, // U+64DA '據'
    twine_text::GlyphDsc { bitmap_index: 53674, adv_w: 224, box_w: 14, box_h: 14, ofs_x: 0, ofs_y: -2 }, // U+652F '支'
    twine_text::GlyphDsc { bitmap_index: 53755, adv_w: 224, box_w: 14, box_h: 14, ofs_x: 0, ofs_y: -2 }, // U+6539 '改'
    twine_text::GlyphDsc { bitmap_index: 53842, adv_w: 224, box_w: 14, box_h: 14, ofs_x: 0, ofs_y: -2 }, // U+653E '放'
    twine_text::GlyphDsc { bitmap_index: 53937, adv_w: 224, box_w: 14, box_h: 14, ofs_x: 0, ofs_y: -2 }, // U+653F '政'
    twine_text::GlyphDsc { bitmap_index: 54023, adv_w: 224, box_w: 14, box_h: 14, ofs_x: 0, ofs_y: -2 }, // U+6545 '故'
    twine_text::GlyphDsc { bitmap_index: 54112, adv_w: 224, box_w: 14, box_h: 14, ofs_x: 0, ofs_y: -2 }, // U+6548 '效'
    twine_text::GlyphDsc { bitmap_index: 54206, adv_w: 224, box_w: 14, box_h: 14, ofs_x: 0, ofs_y: -2 }, // U+6557 '敗'
    twine_text::GlyphDsc { bitmap_index: 54302, adv_w: 224, box_w: 14, box_h: 14, ofs_x: 0, ofs_y: -2 }, // U+6559 '教'
    twine_text::GlyphDsc { bitmap_index: 54399, adv_w: 224, box_w: 14, box_h: 14, ofs_x: 0, ofs_y: -2 }, // U+6562 '敢'
    twine_text::GlyphDsc { bitmap_index: 54490, adv_w: 224, box_w: 14, box_h: 14, ofs_x: 0, ofs_y: -2 }, // U+6570 '数'
    twine_text::GlyphDsc { bitmap_index: 54587, adv_w: 224, box_w: 14, box_h: 13, ofs_x: 0, ofs_y: -1 }, // U+6574 '整'
    twine_text::GlyphDsc { bitmap_index: 54676, adv_w: 224, box_w: 14, box_h: 14, ofs_x: 0, ofs_y: -2 }, // U+6587 '文'
    twine_text::GlyphDsc { bitmap_index: 54755, adv_w: 224, box_w: 14, box_h: 14, ofs_x: 0, ofs_y: -2 }, // U+6599 '料'
    twine_text::GlyphDsc { bitmap_index: 54839, adv_w: 224, box_w: 13, box_h: 14, ofs_x: 1, ofs_y: -2 }, // U+65AD '断'
    twine_text::GlyphDsc { bitmap_index: 54918, adv_w: 224, box_w: 14, box_h: 14, ofs_x: 0, ofs_y: -2 }, // U+65B0 '新'
    twine_text::GlyphDsc { bitmap_index: 55007, adv_w: 224, box_w: 13, box_h: 14, ofs_x: 1, ofs_y: -2 }, // U+65B7 '斷'
    twine_text::GlyphDsc { bitmap_index: 55091, adv_w: 224, box_w: 14, box_h: 14, ofs_x: 0, ofs_y: -2 }, // U+65B9 '方'
    twine_text::GlyphDsc { bitmap_index: 55167, adv_w: 224, box_w: 14, box_h: 13, ofs_x: 0, ofs_y: -1 }, // U+65BC '於'
    twine_text::GlyphDsc { bitmap_index: 55255, adv_w: 224, box_w: 14, box_h: 14, ofs_x: 0, ofs_y: -2 }, // U+65BD '施'
    twine_text::GlyphDsc { bitmap_index: 55349, adv_w: 224, box_w: 14, box_h: 14, ofs_x: 0, ofs_y: -2 }, // U+65C1 '旁'
    twine_text::GlyphDsc { bitmap_index: 55435, adv_w: 224, box_w: 14, box_h: 14, ofs_x: 0, ofs_y: -2 }, // U+65C5 '旅'
    twine_text::GlyphDsc { bitmap_index: 55527, adv_w: 224, box_w: 14, box_h: 14, ofs_x: 0, ofs_y: -2 }, // U+65CF '族'
    twine_text::GlyphDsc { bitmap_index: 55621, adv_w: 224, box_w: 13, box_h: 13, ofs_x: 1, ofs_y: -2 }, // U+65E2 '既'
    twine_text::GlyphDsc { bitmap_index: 55704, adv_w: 224, box_w: 10, box_h: 12, ofs_x: 2, ofs_y: -1 }, // U+65E5 '日'
    twine_text::GlyphDsc { bitmap_index: 55737, adv_w: 224, box_w: 14, box_h: 12, ofs_x: 0, ofs_y: -1 }, // U+65E6 '旦'
    twine_text::GlyphDsc { bitmap_index: 55784, adv_w: 224, box_w: 14, box_h: 14, ofs_x: 0, ofs_y: -2 }, // U+65E9 '早'
    twine_text::GlyphDsc { bitmap_index: 55844, adv_w: 224, box_w: 13, box_h: 13, ofs_x: 1, ofs_y: -1 }, // U+65F6 '时'
    twine_text::GlyphDsc { bitmap_index: 55912, adv_w: 224, box_w: 14, box_h: 14, ofs_x: 0, ofs_y: -2 }, // U+6607 '昇'
    twine_text::GlyphDsc { bitmap_index: 55989, adv_w: 224, box_w: 12, box_h: 14, ofs_x: 1, ofs_y: -2 }, // U+660E '明'
    twine_text::GlyphDsc { bitmap_index: 56062, adv_w: 224, box_w: 13, box_h: 14, ofs_x: 0, ofs_y: -2 }, // U+6613 '易'
    twine_text::GlyphDsc { bitmap_index: 56139, adv_w: 224, box_w: 14, box_h: 14, ofs_x: 0, ofs_y: -2 }, // U+6614 '昔'
    twine_text::GlyphDsc { bitmap_index: 56215, adv_w: 224, box_w: 14, box_h: 13, ofs_x: 0, ofs_y: -1 }, // U+661F '星'
    twine_text::GlyphDsc { bitmap_index: 56286, adv_w: 224, box_w: 13, box_h: 14, ofs_x: 1, ofs_y: -2 }, // U+6620 '映'
    twine_text::GlyphDsc { bitmap_index: 56366, adv_w: 224, box_w: 14, box_h: 14, ofs_x: 0, ofs_y: -2 }, // U+6625 '春'
    twine_text::GlyphDsc { bitmap_index: 56447, adv_w: 224, box_w: 13, box_h: 14, ofs_x: 1, ofs_y: -2 }, // U+6628 '昨'
    twine_text::GlyphDsc { bitmap_index: 56519, adv_w: 224, box_w: 14, box_h: 14, ofs_x: 0, ofs_y: -2 }, // U+662F '是'
    twine_text::GlyphDsc { bitmap_index: 56597, adv_w: 224, box_w: 14, box_h: 13, ofs_x: 0, ofs_y: -1 }, // U+663C '昼'
    twine_text::GlyphDsc { bitmap_index: 56664, adv_w: 224, box_w: 13, box_h: 14, ofs_x: 1, ofs_y: -2 }, // U+6642 '時'
    twine_text::GlyphDsc { bitmap_index: 56746, adv_w: 224, box_w: 13, box_h: 14, ofs_x: 1, ofs_y: -2 }, // U+6669 '晩'
    twine_text::GlyphDsc { bitmap_index: 56831, adv_w: 224, box_w: 14, box_h: 14, ofs_x: 0, ofs_y: -2 }, // U+666E '普'
    twine_text::GlyphDsc { bitmap_index: 56911, adv_w: 224, box_w: 14, box_h: 14, ofs_x: 0, ofs_y: -2 }, // U+666F '景'
    twine_text::GlyphDsc { bitmap_index: 56990, adv_w: 224, box_w: 13, box_h: 14, ofs_x: 1, ofs_y: -2 }, // U+6674 '晴'
    twine_text::GlyphDsc { bitmap_index: 57071, adv_w: 224, box_w: 13, box_h: 14, ofs_x: 0, ofs_y: -2 }, // U+667A '智'
    twine_text::GlyphDsc { bitmap_index: 57145, adv_w: 224, box_w: 13, box_h: 14, ofs_x: 1, ofs_y: -2 }, // U+6687 '暇'
    twine_text::GlyphDsc { bitmap_index: 57228, adv_w: 224, box_w: 14, box_h: 14, ofs_x: 0, ofs_y: -2 }, // U+6691 '暑'
    twine_text::GlyphDsc { bitmap_index: 57307, adv_w: 224, box_w: 13, box_h: 14, ofs_x: 1, ofs_y: -2 }, // U+6696 '暖'
    twine_text::GlyphDsc { bitmap_index: 57393, adv_w: 224, box_w: 13, box_h: 14, ofs_x: 1, ofs_y: -2 }, // U+6697 '暗'
    twine_text::GlyphDsc { bitmap_index: 57474, adv_w: 224, box_w: 14, box_h: 14, ofs_x: 0, ofs_y: -2 }, // U+66C7 '曇'
    twine_text::GlyphDsc { bitmap_index: 57561, adv_w: 224, box_w: 13, box_h: 14, ofs_x: 1, ofs_y: -2 }, // U+66DC '曜'
    twine_text::GlyphDsc { bitmap_index: 57649, adv_w: 224, box_w: 12, box_h: 14, ofs_x: 1, ofs_y: -2 }, // U+66F2 '曲'
    twine_text::GlyphDsc { bitmap_index: 57720, adv_w: 224, box_w: 14, box_h: 14, ofs_x: 0, ofs_y: -2 }, // U+66F4 '更'
    twine_text::GlyphDsc { bitmap_index: 57801, adv_w: 224, box_w: 14, box_h: 14, ofs_x: 0, ofs_y: -2 }, // U+66F8 '書'
    twine_text::GlyphDsc { bitmap_index: 57880, adv_w: 224, box_w: 12, box_h: 14, ofs_x: 1, ofs_y: -2 }, // U+66FE '曾'
    twine_text::GlyphDsc { bitmap_index: 57950, adv_w: 224, box_w: 14, box_h: 14, ofs_x: 0, ofs_y: -2 }, // U+66FF '替'
    twine_text::GlyphDsc { bitmap_index: 58035, adv_w: 224, box_w: 14, box_h: 14, ofs_x: 0, ofs_y: -2 }, // U+6700 '最'
    twine_text::GlyphDsc { bitmap_index: 58118, adv_w: 224, box_w: 14, box_h: 14, ofs_x: 0, ofs_y: -2 }, // U+6703 '會'
    twine_text::GlyphDsc { bitmap_index: 58192, adv_w: 224, box_w: 12, box_h: 14, ofs_x: 0, ofs_y: -2 }, // U+6708 '月'
    twine_text::GlyphDsc { bitmap_index: 58248, adv_w: 224, box_w: 14, box_h: 14, ofs_x: 0, ofs_y: -2 }, // U+6709 '有'
    twine_text::GlyphDsc { bitmap_index: 58319, adv_w: 224, box_w: 13, box_h: 13, ofs_x: 0, ofs_y: -2 }, // U+670B '朋'
    twine_text::GlyphDsc { bitmap_index: 58398, adv_w: 224, box_w: 14, box_h: 14, ofs_x: 0, ofs_y: -2 }, // U+670D '服'
    twine_text::GlyphDsc { bitmap_index: 58487, adv_w: 224, box_w: 14, box_h: 13, ofs_x: 0, ofs_y: -1 }, // U+671B '望'
    twine_text::GlyphDsc { bitmap_index: 58572, adv_w: 224, box_w: 13, box_h: 14, ofs_x: 0, ofs_y: -2 }, // U+671D '朝'
    twine_text::GlyphDsc { bitmap_index: 58655, adv_w: 224, box_w: 13, box_h: 14, ofs_x: 0, ofs_y: -2 }, // U+671F '期'
    twine_text::GlyphDsc { bitmap_index: 58744, adv_w: 224, box_w: 14, box_h: 14, ofs_x: 0, ofs_y: -2 }, // U+6728 '木'
    twine_text::GlyphDsc { bitmap_index: 58813, adv_w: 224, box_w: 14, box_h: 14, ofs_x: 0, ofs_y: -2 }, // U+672A '未'
    twine_text::GlyphDsc { bitmap_index: 58886, adv_w: 224, box_w: 14, box_h: 14, ofs_x: 0, ofs_y: -2 }, // U+672B '末'
    twine_text::GlyphDsc { bitmap_index: 58962, adv_w: 224, box_w: 14, box_h: 14, ofs_x: 0, ofs_y: -2 }, // U+672C '本'
    twine_text::GlyphDsc { bitmap_index: 59034, adv_w: 224, box_w: 14, box_h: 14, ofs_x: 0, ofs_y: -2 }, // U+672D '札'
    twine_text::GlyphDsc { bitmap_index: 59104, adv_w: 224, box_w: 14, box_h: 14, ofs_x: 0, ofs_y: -2 }, // U+673A '机'
    twine_text::GlyphDsc { bitmap_index: 59181, adv_w: 224, box_w: 14, box_h: 14, ofs_x: 0, ofs_y: -2 }, // U+6750 '材'
    twine_text::GlyphDsc { bitmap_index: 59263, adv_w: 224, box_w: 14, box_h: 14, ofs_x: 0, ofs_y: -2 }, // U+6751 '村'
    twine_text::GlyphDsc { bitmap_index: 59341, adv_w: 224, box_w: 14, box_h: 14, ofs_x: 0, ofs_y: -2 }, // U+675F '束'
    twine_text::GlyphDsc { bitmap_index: 59424, adv_w: 224, box_w: 14, box_h: 14, ofs_x: 0, ofs_y: -2 }, // U+6761 '条'
    twine_text::GlyphDsc { bitmap_index: 59513, adv_w: 224, box_w: 14, box_h: 14, ofs_x: 0, ofs_y: -2 }, // U+6765 '来'
    twine_text::GlyphDsc { bitmap_index: 59600, adv_w: 224, box_w: 14, box_h: 14, ofs_x: 0, ofs_y: -2 }, // U+676F '杯'
    twine_text::GlyphDsc { bitmap_index: 59675, adv_w: 224, box_w: 14, box_h: 14, ofs_x: 0, ofs_y: -2 }, // U+6771 '東'
    twine_text::GlyphDsc { bitmap_index: 59759, adv_w: 224, box_w: 14, box_h: 14, ofs_x: 0, ofs_y: -2 }, // U+6790 '析'
    twine_text::GlyphDsc { bitmap_index: 59840, adv_w: 224, box_w: 14, box_h: 14, ofs_x: 0, ofs_y: -2 }, // U+6797 '林'
    twine_text::GlyphDsc { bitmap_index: 59923, adv_w: 224, box_w: 14, box_h: 14, ofs_x: 0, ofs_y: -2 }, // U+679C '果'
    twine_text::GlyphDsc { bitmap_index: 60011, adv_w: 224, box_w: 14, box_h: 14, ofs_x: 0, ofs_y: -2 }, // U+67D0 '某'
    twine_text::GlyphDsc { bitmap_index: 60098, adv_w: 224, box_w: 14, box_h: 13, ofs_x: 0, ofs_y: -1 }, // U+67E5 '查'
    twine_text::GlyphDsc { bitmap_index: 60170, adv_w: 224, box_w: 14, box_h: 14, ofs_x: 0, ofs_y: -2 }, // U+67F1 '柱'
    twine_text::GlyphDsc { bitmap_index: 60251, adv_w: 224, box_w: 14, box_h: 13, ofs_x: 0, ofs_y: -1 }, // U+67FB '査'
    twine_text::GlyphDsc { bitmap_index: 60324, adv_w: 224, box_w: 14, box_h: 14, ofs_x: 0, ofs_y: -2 }, // U+67FF '柿'
    twine_text::GlyphDsc { bitmap_index: 60404, adv_w: 224, box_w: 14, box_h: 14, ofs_x: 0, ofs_y: -2 }, // U+6811 '树'
    twine_text::GlyphDsc { bitmap_index: 60493, adv_w: 224, box_w: 14, box_h: 14, ofs_x: 0, ofs_y: -2 }, // U+6821 '校'
    twine_text::GlyphDsc { bitmap_index: 60584, adv_w: 224, box_w: 14, box_h: 14, ofs_x: 0, ofs_y: -2 }, // U+682A '株'
    twine_text::GlyphDsc { bitmap_index: 60674, adv_w: 224, box_w: 14, box_h: 14, ofs_x: 0, ofs_y: -2 }, // U+6839 '根'
    twine_text::GlyphDsc { bitmap_index: 60762, adv_w: 224, box_w: 14, box_h: 14, ofs_x: 0, ofs_y: -2 }, // U+683C '格'
    twine_text::GlyphDsc { bitmap_index: 60847, adv_w: 224, box_w: 14, box_h: 14, ofs_x: 0, ofs_y: -2 }, // U+6843 '桃'
    twine_text::GlyphDsc { bitmap_index: 60940, adv_w: 224, box_w: 14, box_h: 14, ofs_x: 0, ofs_y: -2 }, // U+6848 '案'
    twine_text::GlyphDsc { bitmap_index: 61034, adv_w: 224, box_w: 14, box_h: 14, ofs_x: 0, ofs_y: -2 }, // U+689D '條'
    twine_text::GlyphDsc { bitmap_index: 61126, adv_w: 224, box_w: 14, box_h: 14, ofs_x: 0, ofs_y: -2 }, // U+68B0 '械'
    twine_text::GlyphDsc { bitmap_index: 61219, adv_w: 224, box_w: 14, box_h: 14, ofs_x: 0, ofs_y: -2 }, // U+68EE '森'
    twine_text::GlyphDsc { bitmap_index: 61314, adv_w: 224, box_w: 14, box_h: 14, ofs_x: 0, ofs_y: -2 }, // U+690D '植'
    twine_text::GlyphDsc { bitmap_index: 61401, adv_w: 224, box_w: 14, box_h: 14, ofs_x: 0, ofs_y: -2 }, // U+691C '検'
    twine_text::GlyphDsc { bitmap_index: 61495, adv_w: 224, box_w: 14, box_h: 14, ofs_x: 0, ofs_y: -2 }, // U+695A '楚'
    twine_text::GlyphDsc { bitmap_index: 61588, adv_w: 224, box_w: 14, box_h: 14, ofs_x: 0, ofs_y: -2 }, // U+696D '業'
    twine_text::GlyphDsc { bitmap_index: 61685, adv_w: 224, box_w: 14, box_h: 14, ofs_x: 0, ofs_y: -2 }, // U+6975 '極'
    twine_text::GlyphDsc { bitmap_index: 61772, adv_w: 224, box_w: 14, box_h: 14, ofs_x: 0, ofs_y: -2 }, // U+697D '楽'
    twine_text::GlyphDsc { bitmap_index: 61866, adv_w: 224, box_w: 14, box_h: 14, ofs_x: 0, ofs_y: -2 }, // U+6982 '概'
    twine_text::GlyphDsc { bitmap_index: 61960, adv_w: 224, box_w: 14, box_h: 14, ofs_x: 0, ofs_y: -2 }, // U+69CB '構'
    twine_text::GlyphDsc { bitmap_index: 62053, adv_w: 224, box_w: 14, box_h: 14, ofs_x: 0, ofs_y: -2 }, // U+69D8 '様'
    twine_text::GlyphDsc { bitmap_index: 62151, adv_w: 224, box_w: 14, box_h: 14, ofs_x: 0, ofs_y: -2 }, // U+6A02 '樂'
    twine_text::GlyphDsc { bitmap_index: 62249, adv_w: 224, box_w: 14, box_h: 14, ofs_x: 0, ofs_y: -2 }, // U+6A19 '標'
    twine_text::GlyphDsc { bitmap_index: 62341, adv_w: 224, box_w: 14, box_h: 14, ofs_x: 0, ofs_y: -2 }, // U+6A21 '模'
    twine_text::GlyphDsc { bitmap_index: 62435, adv_w: 224, box_w: 14, box_h: 14, ofs_x: 0, ofs_y: -2 }, // U+6A23 '樣'
    twine_text::GlyphDsc { bitmap_index: 62531, adv_w: 224, box_w: 14, box_h: 14, ofs_x: 0, ofs_y: -2 }, // U+6A2A '横'
    twine_text::GlyphDsc { bitmap_index: 62626, adv_w: 224, box_w: 14, box_h: 14, ofs_x: 0, ofs_y: -2 }, // U+6A39 '樹'
    twine_text::GlyphDsc { bitmap_index: 62720, adv_w: 224, box_w: 14, box_h: 14, ofs_x: 0, ofs_y: -2 }, // U+6A4B '橋'
    twine_text::GlyphDsc { bitmap_index: 62811, adv_w: 224, box_w: 14, box_h: 14, ofs_x: 0, ofs_y: -2 }, // U+6A5F '機'
    twine_text::GlyphDsc { bitmap_index: 62910, adv_w: 224, box_w: 14, box_h: 14, ofs_x: 0, ofs_y: -2 }, // U+6B21 '次'
    twine_text::GlyphDsc { bitmap_index: 62998, adv_w: 224, box_w: 14, box_h: 14, ofs_x: 0, ofs_y: -2 }, // U+6B32 '欲'
    twine_text::GlyphDsc { bitmap_index: 63092, adv_w: 224, box_w: 14, box_h: 14, ofs_x: 0, ofs_y: -2 }, // U+6B4C '歌'
    twine_text::GlyphDsc { bitmap_index: 63185, adv_w: 224, box_w: 13, box_h: 14, ofs_x: 1, ofs_y: -2 }, // U+6B50 '歐'
    twine_text::GlyphDsc { bitmap_index: 63269, adv_w: 224, box_w: 14, box_h: 14, ofs_x: 0, ofs_y: -2 }, // U+6B61 '歡'
    twine_text::GlyphDsc { bitmap_index: 63365, adv_w: 224, box_w: 14, box_h: 13, ofs_x: 0, ofs_y: -1 }, // U+6B62 '止'
    twine_text::GlyphDsc { bitmap_index: 63406, adv_w: 224, box_w: 14, box_h: 12, ofs_x: 0, ofs_y: -1 }, // U+6B63 '正'
    twine_text::GlyphDsc { bitmap_index: 63455, adv_w: 224, box_w: 14, box_h: 13, ofs_x: 0, ofs_y: -1 }, // U+6B64 '此'
    twine_text::GlyphDsc { bitmap_index: 63517, adv_w: 224, box_w: 14, box_h: 14, ofs_x: 0, ofs_y: -2 }, // U+6B65 '步'
    twine_text::GlyphDsc { bitmap_index: 63599, adv_w: 224, box_w: 14, box_h: 14, ofs_x: 0, ofs_y: -2 }, // U+6B69 '歩'
    twine_text::GlyphDsc { bitmap_index: 63682, adv_w: 224, box_w: 14, box_h: 14, ofs_x: 0, ofs_y: -2 }, // U+6B6F '歯'
    twine_text::GlyphDsc { bitmap_index: 63765, adv_w: 224, box_w: 14, box_h: 14, ofs_x: 0, ofs_y: -2 }, // U+6B72 '歲'
    twine_text::GlyphDsc { bitmap_index: 63855, adv_w: 224, box_w: 14, box_h: 14, ofs_x: 0, ofs_y: -2 }, // U+6B73 '歳'
    twine_text::GlyphDsc { bitmap_index: 63945, adv_w: 224, box_w: 14, box_h: 14, ofs_x: 0, ofs_y: -2 }, // U+6B77 '歷'
    twine_text::GlyphDsc { bitmap_index: 64033, adv_w: 224, box_w: 14, box_h: 12, ofs_x: 0, ofs_y: -1 }, // U+6B7B '死'
    twine_text::GlyphDsc { bitmap_index: 64109, adv_w: 224, box_w: 14, box_h: 14, ofs_x: 0, ofs_y: -2 }, // U+6B8A '殊'
    twine_text::GlyphDsc { bitmap_index: 64202, adv_w: 224, box_w: 14, box_h: 14, ofs_x: 0, ofs_y: -2 }, // U+6B8B '残'
    twine_text::GlyphDsc { bitmap_index: 64301, adv_w: 224, box_w: 14, box_h: 14, ofs_x: 0, ofs_y: -2 }, // U+6BB5 '段'
    twine_text::GlyphDsc { bitmap_index: 64397, adv_w: 224, box_w: 14, box_h: 14, ofs_x: 0, ofs_y: -2 }, // U+6BCD '母'
    twine_text::GlyphDsc { bitmap_index: 64480, adv_w: 224, box_w: 14, box_h: 14, ofs_x: 0, ofs_y: -2 }, // U+6BCE '毎'
    twine_text::GlyphDsc { bitmap_index: 64569, adv_w: 224, box_w: 14, box_h: 14, ofs_x: 0, ofs_y: -2 }, // U+6BCF '每'
    twine_text::GlyphDsc { bitmap_index: 64652, adv_w: 224, box_w: 13, box_h: 13, ofs_x: 1, ofs_y: -1 }, // U+6BD4 '比'
    twine_text::GlyphDsc { bitmap_index: 64712, adv_w: 224, box_w: 14, box_h: 13, ofs_x: 0, ofs_y: -1 }, // U+6BDB '毛'
    twine_text::GlyphDsc { bitmap_index: 64792, adv_w: 224, box_w: 13, box_h: 13, ofs_x: 1, ofs_y: -1 }, // U+6C0F '氏'
    twine_text::GlyphDsc { bitmap_index: 64861, adv_w: 224, box_w: 12, box_h: 14, ofs_x: 1, ofs_y: -2 }, // U+6C11 '民'
    twine_text::GlyphDsc { bitmap_index: 64926, adv_w: 224, box_w: 14, box_h: 14, ofs_x: 0, ofs_y: -2 }, // U+6C14 '气'
    twine_text::GlyphDsc { bitmap_index: 64988, adv_w: 224, box_w: 14, box_h: 14, ofs_x: 0, ofs_y: -2 }, // U+6C17 '気'
    twine_text::GlyphDsc { bitmap_index: 65069, adv_w: 224, box_w: 14, box_h: 14, ofs_x: 0, ofs_y: -2 }, // U+6C34 '水'
    twine_text::GlyphDsc { bitmap_index: 65144, adv_w: 224, box_w: 14, box_h: 14, ofs_x: 0, ofs_y: -2 }, // U+6C37 '氷'
    twine_text::GlyphDsc { bitmap_index: 65228, adv_w: 224, box_w: 14, box_h: 14, ofs_x: 0, ofs_y: -2 }, // U+6C38 '永'
    twine_text::GlyphDsc { bitmap_index: 65312, adv_w: 224, box_w: 14, box_h: 14, ofs_x: 0, ofs_y: -2 }, // U+6C42 '求'
    twine_text::GlyphDsc { bitmap_index: 65400, adv_w: 224, box_w: 14, box_h: 14, ofs_x: 0, ofs_y: -2 }, // U+6C5A '汚'
    twine_text::GlyphDsc { bitmap_index: 65483, adv_w: 224, box_w: 14, box_h: 13, ofs_x: 0, ofs_y: -1 }, // U+6C60 '池'
    twine_text::GlyphDsc { bitmap_index: 65562, adv_w: 224, box_w: 14, box_h: 14, ofs_x: 0, ofs_y: -2 }, // U+6C7A '決'
    twine_text::GlyphDsc { bitmap_index: 65653, adv_w: 224, box_w: 14, box_h: 14, ofs_x: 0, ofs_y: -2 }, // U+6C88 '沈'
    twine_text::GlyphDsc { bitmap_index: 65743, adv_w: 224, box_w: 14, box_h: 14, ofs_x: 0, ofs_y: -2 }, // U+6C92 '沒'
    twine_text::GlyphDsc { bitmap_index: 65837, adv_w: 224, box_w: 13, box_h: 14, ofs_x: 0, ofs_y: -2 }, // U+6CB9 '油'
    twine_text::GlyphDsc { bitmap_index: 65916, adv_w: 224, box_w: 14, box_h: 14, ofs_x: 0, ofs_y: -2 }, // U+6CBB '治'
    twine_text::GlyphDsc { bitmap_index: 66000, adv_w: 224, box_w: 14, box_h: 14, ofs_x: 0, ofs_y: -2 }, // U+6CC1 '況'
    twine_text::GlyphDsc { bitmap_index: 66082, adv_w: 224, box_w: 13, box_h: 14, ofs_x: 0, ofs_y: -2 }, // U+6CCA '泊'
    twine_text::GlyphDsc { bitmap_index: 66155, adv_w: 224, box_w: 14, box_h: 14, ofs_x: 0, ofs_y: -2 }, // U+6CD5 '法'
    twine_text::GlyphDsc { bitmap_index: 66246, adv_w: 224, box_w: 14, box_h: 14, ofs_x: 0, ofs_y: -2 }, // U+6CE2 '波'
    twine_text::GlyphDsc { bitmap_index: 66340, adv_w: 224, box_w: 14, box_h: 13, ofs_x: 0, ofs_y: -1 }, // U+6CE3 '泣'
    twine_text::GlyphDsc { bitmap_index: 66423, adv_w: 224, box_w: 14, box_h: 13, ofs_x: 0, ofs_y: -1 }, // U+6CE8 '注'
    twine_text::GlyphDsc { bitmap_index: 66498, adv_w: 224, box_w: 14, box_h: 14, ofs_x: 0, ofs_y: -2 }, // U+6CF3 '泳'
    twine_text::GlyphDsc { bitmap_index: 66591, adv_w: 224, box_w: 14, box_h: 14, ofs_x: 0, ofs_y: -2 }, // U+6D0B '洋'
    twine_text::GlyphDsc { bitmap_index: 66678, adv_w: 224, box_w: 14, box_h: 14, ofs_x: 0, ofs_y: -2 }, // U+6D17 '洗'
    twine_text::GlyphDsc { bitmap_index: 66769, adv_w: 224, box_w: 13, box_h: 14, ofs_x: 0, ofs_y: -2 }, // U+6D32 '洲'
    twine_text::GlyphDsc { bitmap_index: 66850, adv_w: 224, box_w: 14, box_h: 14, ofs_x: 0, ofs_y: -2 }, // U+6D3B '活'
    twine_text::GlyphDsc { bitmap_index: 66938, adv_w: 224, box_w: 14, box_h: 14, ofs_x: 0, ofs_y: -2 }, // U+6D3E '派'
    twine_text::GlyphDsc { bitmap_index: 67033, adv_w: 224, box_w: 14, box_h: 14, ofs_x: 0, ofs_y: -2 }, // U+6D41 '流'
    twine_text::GlyphDsc { bitmap_index: 67122, adv_w: 224, box_w: 14, box_h: 14, ofs_x: 0, ofs_y: -2 }, // U+6D45 '浅'
    twine_text::GlyphDsc { bitmap_index: 67218, adv_w: 224, box_w: 14, box_h: 14, ofs_x: 0, ofs_y: -2 }, // U+6D74 '浴'
    twine_text::GlyphDsc { bitmap_index: 67309, adv_w: 224, box_w: 14, box_h: 13, ofs_x: 0, ofs_y: -1 }, // U+6D77 '海'
    twine_text::GlyphDsc { bitmap_index: 67393, adv_w: 224, box_w: 14, box_h: 14, ofs_x: 0, ofs_y: -2 }, // U+6D88 '消'
    twine_text::GlyphDsc { bitmap_index: 67486, adv_w: 224, box_w: 14, box_h: 13, ofs_x: 0, ofs_y: -1 }, // U+6DBC '涼'
    twine_text::GlyphDsc { bitmap_index: 67566, adv_w: 224, box_w: 14, box_h: 14, ofs_x: 0, ofs_y: -2 }, // U+6DF1 '深'
    twine_text::GlyphDsc { bitmap_index: 67657, adv_w: 224, box_w: 14, box_h: 14, ofs_x: 0, ofs_y: -2 }, // U+6DF7 '混'
    twine_text::GlyphDsc { bitmap_index: 67748, adv_w: 224, box_w: 14, box_h: 14, ofs_x: 0, ofs_y: -2 }, // U+6E05 '清'
    twine_text::GlyphDsc { bitmap_index: 67835, adv_w: 224, box_w: 14, box_h: 14, ofs_x: 0, ofs_y: -2 }, // U+6E07 '渇'
    twine_text::GlyphDsc { bitmap_index: 67927, adv_w: 224, box_w: 14, box_h: 14, ofs_x: 0, ofs_y: -2 }, // U+6E08 '済'
    twine_text::GlyphDsc { bitmap_index: 68016, adv_w: 224, box_w: 14, box_h: 14, ofs_x: 0, ofs_y: -2 }, // U+6E09 '渉'
    twine_text::GlyphDsc { bitmap_index: 68109, adv_w: 224, box_w: 14, box_h: 14, ofs_x: 0, ofs_y: -2 }, // U+6E1B '減'
    twine_text::GlyphDsc { bitmap_index: 68205, adv_w: 224, box_w: 14, box_h: 14, ofs_x: 0, ofs_y: -2 }, // U+6E21 '渡'
    twine_text::GlyphDsc { bitmap_index: 68300, adv_w: 224, box_w: 14, box_h: 13, ofs_x: 0, ofs_y: -1 }, // U+6E29 '温'
    twine_text::GlyphDsc { bitmap_index: 68378, adv_w: 224, box_w: 14, box_h: 13, ofs_x: 0, ofs_y: -1 }, // U+6E2F '港'
    twine_text::GlyphDsc { bitmap_index: 68467, adv_w: 224, box_w: 14, box_h: 14, ofs_x: 0, ofs_y: -2 }, // U+6E56 '湖'
    twine_text::GlyphDsc { bitmap_index: 68561, adv_w: 224, box_w: 14, box_h: 14, ofs_x: 0, ofs_y: -2 }, // U+6E90 '源'
    twine_text::GlyphDsc { bitmap_index: 68652, adv_w: 224, box_w: 14, box_h: 14, ofs_x: 0, ofs_y: -2 }, // U+6E96 '準'
    twine_text::GlyphDsc { bitmap_index: 68737, adv_w: 224, box_w: 14, box_h: 14, ofs_x: 0, ofs_y: -2 }, // U+6E9D '溝'
    twine_text::GlyphDsc { bitmap_index: 68833, adv_w: 224, box_w: 14, box_h: 14, ofs_x: 0, ofs_y: -2 }, // U+6EE1 '满'
    twine_text::GlyphDsc { bitmap_index: 68928, adv_w: 224, box_w: 14, box_h: 14, ofs_x: 0, ofs_y: -2 }, // U+6EFF '滿'
    twine_text::GlyphDsc { bitmap_index: 69025, adv_w: 224, box_w: 14, box_h: 14, ofs_x: 0, ofs_y: -2 }, // U+6F22 '漢'
    twine_text::GlyphDsc { bitmap_index: 69122, adv_w: 224, box_w: 14, box_h: 14, ofs_x: 0, ofs_y: -2 }, // U+6F38 '漸'
    twine_text::GlyphDsc { bitmap_index: 69212, adv_w: 224, box_w: 14, box_h: 14, ofs_x: 0, ofs_y: -2 }, // U+6FC3 '濃'
    twine_text::GlyphDsc { bitmap_index: 69306, adv_w: 224, box_w: 14, box_h: 14, ofs_x: 0, ofs_y: -2 }, // U+6FDF '濟'
    twine_text::GlyphDsc { bitmap_index: 69395, adv_w: 224, box_w: 14, box_h: 14, ofs_x: 0, ofs_y: -2 }, // U+7063 '灣'
    twine_text::GlyphDsc { bitmap_index: 69488, adv_w: 224, box_w: 14, box_h: 14, ofs_x: 0, ofs_y: -2 }, // U+706B '火'
    twine_text::GlyphDsc { bitmap_index: 69567, adv_w: 224, box_w: 14, box_h: 14, ofs_x: 0, ofs_y: -2 }, // U+707D '災'
    twine_text::GlyphDsc { bitmap_index: 69664, adv_w: 224, box_w: 14, box_h: 14, ofs_x: 0, ofs_y: -2 }, // U+70B9 '点'
    twine_text::GlyphDsc { bitmap_index: 69735, adv_w: 224, box_w: 14, box_h: 14, ofs_x: 0, ofs_y: -2 }, // U+70BA '為'
    twine_text::GlyphDsc { bitmap_index: 69824, adv_w: 224, box_w: 14, box_h: 14, ofs_x: 0, ofs_y: -2 }, // U+7121 '無'
    twine_text::GlyphDsc { bitmap_index: 69915, adv_w: 224, box_w: 14, box_h: 14, ofs_x: 0, ofs_y: -2 }, // U+7136 '然'
    twine_text::GlyphDsc { bitmap_index: 70012, adv_w: 224, box_w: 14, box_h: 14, ofs_x: 0, ofs_y: -2 }, // U+7159 '煙'
    twine_text::GlyphDsc { bitmap_index: 70104, adv_w: 224, box_w: 14, box_h: 14, ofs_x: 0, ofs_y: -2 }, // U+71B1 '熱'
    twine_text::GlyphDsc { bitmap_index: 70201, adv_w: 224, box_w: 13, box_h: 14, ofs_x: 0, ofs_y: -2 }, // U+71DF '營'
    twine_text::GlyphDsc { bitmap_index: 70280, adv_w: 224, box_w: 14, box_h: 14, ofs_x: 0, ofs_y: -2 }, // U+722D '爭'
    twine_text::GlyphDsc { bitmap_index: 70363, adv_w: 224, box_w: 14, box_h: 14, ofs_x: 0, ofs_y: -2 }, // U+7236 '父'
    twine_text::GlyphDsc { bitmap_index: 70448, adv_w: 224, box_w: 14, box_h: 13, ofs_x: 0, ofs_y: -1 }, // U+7238 '爸'
    twine_text::GlyphDsc { bitmap_index: 70532, adv_w: 224, box_w: 13, box_h: 14, ofs_x: 0, ofs_y: -2 }, // U+7247 '片'
    twine_text::GlyphDsc { bitmap_index: 70592, adv_w: 224, box_w: 14, box_h: 14, ofs_x: 0, ofs_y: -2 }, // U+725B '牛'
    twine_text::GlyphDsc { bitmap_index: 70649, adv_w: 224, box_w: 14, box_h: 14, ofs_x: 0, ofs_y: -2 }, // U+7260 '牠'
    twine_text::GlyphDsc { bitmap_index: 70734, adv_w: 224, box_w: 14, box_h: 14, ofs_x: 0, ofs_y: -2 }, // U+7269 '物'
    twine_text::GlyphDsc { bitmap_index: 70824, adv_w: 224, box_w: 14, box_h: 14, ofs_x: 0, ofs_y: -2 }, // U+7279 '特'
    twine_text::GlyphDsc { bitmap_index: 70908, adv_w: 224, box_w: 14, box_h: 14, ofs_x: 0, ofs_y: -2 }, // U+72AC '犬'
    twine_text::GlyphDsc { bitmap_index: 70984, adv_w: 224, box_w: 14, box_h: 14, ofs_x: 0, ofs_y: -2 }, // U+72AF '犯'
    twine_text::GlyphDsc { bitmap_index: 71066, adv_w: 224, box_w: 14, box_h: 14, ofs_x: 0, ofs_y: -2 }, // U+72B6 '状'
    twine_text::GlyphDsc { bitmap_index: 71154, adv_w: 224, box_w: 14, box_h: 14, ofs_x: 0, ofs_y: -2 }, // U+72C0 '狀'
    twine_text::GlyphDsc { bitmap_index: 71244, adv_w: 224, box_w: 14, box_h: 14, ofs_x: 0, ofs_y: -2 }, // U+72EC '独'
    twine_text::GlyphDsc { bitmap_index: 71333, adv_w: 224, box_w: 14, box_h: 14, ofs_x: 0, ofs_y: -2 }, // U+72ED '狭'
    twine_text::GlyphDsc { bitmap_index: 71427, adv_w: 224, box_w: 14, box_h: 14, ofs_x: 0, ofs_y: -2 }, // U+732B '猫'
    twine_text::GlyphDsc { bitmap_index: 71523, adv_w: 224, box_w: 14, box_h: 14, ofs_x: 0, ofs_y: -2 }, // U+733F '猿'
    twine_text::GlyphDsc { bitmap_index: 71621, adv_w: 224, box_w: 14, box_h: 14, ofs_x: 0, ofs_y: -2 }, // U+7372 '獲'
    twine_text::GlyphDsc { bitmap_index: 71720, adv_w: 224, box_w: 14, box_h: 13, ofs_x: 0, ofs_y: -2 }, // U+73A9 '玩'
    twine_text::GlyphDsc { bitmap_index: 71796, adv_w: 224, box_w: 14, box_h: 14, ofs_x: 0, ofs_y: -2 }, // U+73FE '現'
    twine_text::GlyphDsc { bitmap_index: 71883, adv_w: 224, box_w: 14, box_h: 14, ofs_x: 0, ofs_y: -2 }, // U+7403 '球'
    twine_text::GlyphDsc { bitmap_index: 71975, adv_w: 224, box_w: 14, box_h: 13, ofs_x: 0, ofs_y: -1 }, // U+7406 '理'
    twine_text::GlyphDsc { bitmap_index: 72057, adv_w: 224, box_w: 14, box_h: 14, ofs_x: 0, ofs_y: -2 }, // U+74B0 '環'
    twine_text::GlyphDsc { bitmap_index: 72144, adv_w: 224, box_w: 14, box_h: 14, ofs_x: 0, ofs_y: -2 }, // U+7518 '甘'
    twine_text::GlyphDsc { bitmap_index: 72200, adv_w: 224, box_w: 14, box_h: 13, ofs_x: 0, ofs_y: -1 }, // U+751A '甚'
    twine_text::GlyphDsc { bitmap_index: 72275, adv_w: 224, box_w: 14, box_h: 13, ofs_x: 0, ofs_y: -1 }, // U+751F '生'
    twine_text::GlyphDsc { bitmap_index: 72340, adv_w: 224, box_w: 14, box_h: 14, ofs_x: 0, ofs_y: -2 }, // U+7522 '產'
    twine_text::GlyphDsc { bitmap_index: 72427, adv_w: 224, box_w: 14, box_h: 14, ofs_x: 0, ofs_y: -2 }, // U+7523 '産'
    twine_text::GlyphDsc { bitmap_index: 72517, adv_w: 224, box_w: 13, box_h: 13, ofs_x: 0, ofs_y: -2 }, // U+7528 '用'
    twine_text::GlyphDsc { bitmap_index: 72587, adv_w: 224, box_w: 12, box_h: 13, ofs_x: 1, ofs_y: -2 }, // U+7530 '田'
    twine_text::GlyphDsc { bitmap_index: 72637, adv_w: 224, box_w: 12, box_h: 14, ofs_x: 1, ofs_y: -2 }, // U+7531 '由'
    twine_text::GlyphDsc { bitmap_index: 72694, adv_w: 224, box_w: 12, box_h: 14, ofs_x: 1, ofs_y: -2 }, // U+7533 '申'
    twine_text::GlyphDsc { bitmap_index: 72757, adv_w: 224, box_w: 13, box_h: 13, ofs_x: 1, ofs_y: -1 }, // U+7535 '电'
    twine_text::GlyphDsc { bitmap_index: 72824, adv_w: 224, box_w: 13, box_h: 14, ofs_x: 0, ofs_y: -2 }, // U+7537 '男'
    twine_text::GlyphDsc { bitmap_index: 72903, adv_w: 224, box_w: 14, box_h: 13, ofs_x: 0, ofs_y: -2 }, // U+753A '町'
    twine_text::GlyphDsc { bitmap_index: 72962, adv_w: 224, box_w: 12, box_h: 13, ofs_x: 1, ofs_y: -2 }, // U+753B '画'
    twine_text::GlyphDsc { bitmap_index: 73021, adv_w: 224, box_w: 14, box_h: 14, ofs_x: 0, ofs_y: -2 }, // U+754C '界'
    twine_text::GlyphDsc { bitmap_index: 73105, adv_w: 224, box_w: 12, box_h: 14, ofs_x: 1, ofs_y: -2 }, // U+7559 '留'
    twine_text::GlyphDsc { bitmap_index: 73186, adv_w: 224, box_w: 14, box_h: 14, ofs_x: 0, ofs_y: -2 }, // U+756A '番'
    twine_text::GlyphDsc { bitmap_index: 73277, adv_w: 224, box_w: 14, box_h: 13, ofs_x: 0, ofs_y: -1 }, // U+756B '畫'
    twine_text::GlyphDsc { bitmap_index: 73351, adv_w: 224, box_w: 14, box_h: 14, ofs_x: 0, ofs_y: -2 }, // U+7570 '異'
    twine_text::GlyphDsc { bitmap_index: 73440, adv_w: 224, box_w: 12, box_h: 14, ofs_x: 1, ofs_y: -2 }, // U+7576 '當'
    twine_text::GlyphDsc { bitmap_index: 73519, adv_w: 224, box_w: 14, box_h: 14, ofs_x: 0, ofs_y: -2 }, // U+75B2 '疲'
    twine_text::GlyphDsc { bitmap_index: 73612, adv_w: 224, box_w: 14, box_h: 14, ofs_x: 0, ofs_y: -2 }, // U+75C5 '病'
    twine_text::GlyphDsc { bitmap_index: 73700, adv_w: 224, box_w: 14, box_h: 14, ofs_x: 0, ofs_y: -2 }, // U+75DB '痛'
    twine_text::GlyphDsc { bitmap_index: 73791, adv_w: 224, box_w: 14, box_h: 14, ofs_x: 0, ofs_y: -2 }, // U+767A '発'
    twine_text::GlyphDsc { bitmap_index: 73888, adv_w: 224, box_w: 14, box_h: 14, ofs_x: 0, ofs_y: -2 }, // U+767C '發'
    twine_text::GlyphDsc { bitmap_index: 73985, adv_w: 224, box_w: 11, box_h: 14, ofs_x: 2, ofs_y: -2 }, // U+767D '白'
    twine_text::GlyphDsc { bitmap_index: 74032, adv_w: 224, box_w: 14, box_h: 14, ofs_x: 0, ofs_y: -2 }, // U+767E '百'
    twine_text::GlyphDsc { bitmap_index: 74091, adv_w: 224, box_w: 12, box_h: 13, ofs_x: 1, ofs_y: -1 }, // U+7684 '的'
    twine_text::GlyphDsc { bitmap_index: 74165, adv_w: 224, box_w: 13, box_h: 14, ofs_x: 1, ofs_y: -2 }, // U+7686 '皆'
    twine_text::GlyphDsc { bitmap_index: 74239, adv_w: 224, box_w: 14, box_h: 12, ofs_x: 0, ofs_y: -1 }, // U+76BF '皿'
    twine_text::GlyphDsc { bitmap_index: 74277, adv_w: 224, box_w: 14, box_h: 13, ofs_x: 0, ofs_y: -1 }, // U+76D7 '盗'
    twine_text::GlyphDsc { bitmap_index: 74360, adv_w: 224, box_w: 10, box_h: 13, ofs_x: 2, ofs_y: -2 }, // U+76EE '目'
    twine_text::GlyphDsc { bitmap_index: 74405, adv_w: 224, box_w: 14, box_h: 13, ofs_x: 0, ofs_y: -1 }, // U+76F4 '直'
    twine_text::GlyphDsc { bitmap_index: 74460, adv_w: 224, box_w: 13, box_h: 14, ofs_x: 0, ofs_y: -2 }, // U+76F8 '相'
    twine_text::GlyphDsc { bitmap_index: 74536, adv_w: 224, box_w: 14, box_h: 14, ofs_x: 0, ofs_y: -2 }, // U+770B '看'
    twine_text::GlyphDsc { bitmap_index: 74614, adv_w: 224, box_w: 14, box_h: 14, ofs_x: 0, ofs_y: -2 }, // U+771F '真'
    twine_text::GlyphDsc { bitmap_index: 74693, adv_w: 224, box_w: 13, box_h: 14, ofs_x: 1, ofs_y: -2 }, // U+7720 '眠'
    twine_text::GlyphDsc { bitmap_index: 74778, adv_w: 224, box_w: 14, box_h: 14, ofs_x: 0, ofs_y: -2 }, // U+773E '眾'
    twine_text::GlyphDsc { bitmap_index: 74871, adv_w: 224, box_w: 14, box_h: 14, ofs_x: 0, ofs_y: -2 }, // U+7740 '着'
    twine_text::GlyphDsc { bitmap_index: 74954, adv_w: 224, box_w: 13, box_h: 14, ofs_x: 0, ofs_y: -2 }, // U+77E5 '知'
    twine_text::GlyphDsc { bitmap_index: 75031, adv_w: 224, box_w: 14, box_h: 13, ofs_x: 0, ofs_y: -1 }, // U+77ED '短'
    twine_text::GlyphDsc { bitmap_index: 75117, adv_w: 224, box_w: 14, box_h: 13, ofs_x: 0, ofs_y: -2 }, // U+77F3 '石'
    twine_text::GlyphDsc { bitmap_index: 75173, adv_w: 224, box_w: 14, box_h: 14, ofs_x: 0, ofs_y: -2 }, // U+7802 '砂'
    twine_text::GlyphDsc { bitmap_index: 75261, adv_w: 224, box_w: 14, box_h: 13, ofs_x: 0, ofs_y: -2 }, // U+7814 '研'
    twine_text::GlyphDsc { bitmap_index: 75335, adv_w: 224, box_w: 14, box_h: 14, ofs_x: 0, ofs_y: -2 }, // U+7834 '破'
    twine_text::GlyphDsc { bitmap_index: 75428, adv_w: 224, box_w: 14, box_h: 14, ofs_x: 0, ofs_y: -2 }, // U+78BA '確'
    twine_text::GlyphDsc { bitmap_index: 75520, adv_w: 224, box_w: 14, box_h: 13, ofs_x: 0, ofs_y: -2 }, // U+793A '示'
    twine_text::GlyphDsc { bitmap_index: 75587, adv_w: 224, box_w: 14, box_h: 14, ofs_x: 0, ofs_y: -2 }, // U+793C '礼'
    twine_text::GlyphDsc { bitmap_index: 75658, adv_w: 224, box_w: 14, box_h: 14, ofs_x: 0, ofs_y: -2 }, // U+793E '社'
    twine_text::GlyphDsc { bitmap_index: 75732, adv_w: 224, box_w: 14, box_h: 14, ofs_x: 0, ofs_y: -2 }, // U+7956 '祖'
    twine_text::GlyphDsc { bitmap_index: 75810, adv_w: 224, box_w: 14, box_h: 14, ofs_x: 0, ofs_y: -2 }, // U+795D '祝'
    twine_text::GlyphDsc { bitmap_index: 75893, adv_w: 224, box_w: 13, box_h: 14, ofs_x: 0, ofs_y: -2 }, // U+795E '神'
    twine_text::GlyphDsc { bitmap_index: 75970, adv_w: 224, box_w: 14, box_h: 14, ofs_x: 0, ofs_y: -2 }, // U+796D '祭'
    twine_text::GlyphDsc { bitmap_index: 76062, adv_w: 224, box_w: 14, box_h: 14, ofs_x: 0, ofs_y: -2 }, // U+7981 '禁'
    twine_text::GlyphDsc { bitmap_index: 76152, adv_w: 224, box_w: 14, box_h: 14, ofs_x: 0, ofs_y: -2 }, // U+79C0 '秀'
    twine_text::GlyphDsc { bitmap_index: 76246, adv_w: 224, box_w: 14, box_h: 14, ofs_x: 0, ofs_y: -2 }, // U+79C1 '私'
    twine_text::GlyphDsc { bitmap_index: 76337, adv_w: 224, box_w: 14, box_h: 14, ofs_x: 0, ofs_y: -2 }, // U+79CB '秋'
    twine_text::GlyphDsc { bitmap_index: 76429, adv_w: 224, box_w: 14, box_h: 14, ofs_x: 0, ofs_y: -2 }, // U+79CD '种'
    twine_text::GlyphDsc { bitmap_index: 76509, adv_w: 224, box_w: 14, box_h: 14, ofs_x: 0, ofs_y: -2 }, // U+79D1 '科'
    twine_text::GlyphDsc { bitmap_index: 76591, adv_w: 224, box_w: 14, box_h: 14, ofs_x: 0, ofs_y: -2 }, // U+79D8 '秘'
    twine_text::GlyphDsc { bitmap_index: 76685, adv_w: 224, box_w: 14, box_h: 14, ofs_x: 0, ofs_y: -2 }, // U+79FB '移'
    twine_text::GlyphDsc { bitmap_index: 76779, adv_w: 224, box_w: 14, box_h: 14, ofs_x: 0, ofs_y: -2 }, // U+7A0B '程'
    twine_text::GlyphDsc { bitmap_index: 76867, adv_w: 224, box_w: 14, box_h: 14, ofs_x: 0, ofs_y: -2 }, // U+7A2E '種'
    twine_text::GlyphDsc { bitmap_index: 76960, adv_w: 224, box_w: 14, box_h: 14, ofs_x: 0, ofs_y: -2 }, // U+7A4D '積'
    twine_text::GlyphDsc { bitmap_index: 77054, adv_w: 224, box_w: 14, box_h: 14, ofs_x: 0, ofs_y: -2 }, // U+7A76 '究'
    twine_text::GlyphDsc { bitmap_index: 77140, adv_w: 224, box_w: 12, box_h: 13, ofs_x: 1, ofs_y: -1 }, // U+7A7A '空'
    twine_text::GlyphDsc { bitmap_index: 77204, adv_w: 224, box_w: 14, box_h: 13, ofs_x: 0, ofs_y: -1 }, // U+7A93 '窓'
    twine_text::GlyphDsc { bitmap_index: 77290, adv_w: 224, box_w: 14, box_h: 13, ofs_x: 0, ofs_y: -1 }, // U+7ACB '立'
    twine_text::GlyphDsc { bitmap_index: 77359, adv_w: 224, box_w: 14, box_h: 14, ofs_x: 0, ofs_y: -2 }, // U+7AD9 '站'
    twine_text::GlyphDsc { bitmap_index: 77444, adv_w: 224, box_w: 14, box_h: 13, ofs_x: 0, ofs_y: -1 }, // U+7AE5 '童'
    twine_text::GlyphDsc { bitmap_index: 77522, adv_w: 224, box_w: 14, box_h: 14, ofs_x: 0, ofs_y: -2 }, // U+7AEF '端'
    twine_text::GlyphDsc { bitmap_index: 77610, adv_w: 224, box_w: 14, box_h: 14, ofs_x: 0, ofs_y: -2 }, // U+7B11 '笑'
    twine_text::GlyphDsc { bitmap_index: 77699, adv_w: 224, box_w: 14, box_h: 14, ofs_x: 0, ofs_y: -2 }, // U+7B26 '符'
    twine_text::GlyphDsc { bitmap_index: 77783, adv_w: 224, box_w: 14, box_h: 14, ofs_x: 0, ofs_y: -2 }, // U+7B2C '第'
    twine_text::GlyphDsc { bitmap_index: 77875, adv_w: 224, box_w: 14, box_h: 14, ofs_x: 0, ofs_y: -2 }, // U+7B46 '筆'
    twine_text::GlyphDsc { bitmap_index: 77961, adv_w: 224, box_w: 14, box_h: 14, ofs_x: 0, ofs_y: -2 }, // U+7B49 '等'
    twine_text::GlyphDsc { bitmap_index: 78045, adv_w: 224, box_w: 14, box_h: 14, ofs_x: 0, ofs_y: -2 }, // U+7B54 '答'
    twine_text::GlyphDsc { bitmap_index: 78127, adv_w: 224, box_w: 14, box_h: 14, ofs_x: 0, ofs_y: -2 }, // U+7B56 '策'
    twine_text::GlyphDsc { bitmap_index: 78218, adv_w: 224, box_w: 14, box_h: 14, ofs_x: 0, ofs_y: -2 }, // U+7B97 '算'
    twine_text::GlyphDsc { bitmap_index: 78298, adv_w: 224, box_w: 14, box_h: 14, ofs_x: 0, ofs_y: -2 }, // U+7BA1 '管'
    twine_text::GlyphDsc { bitmap_index: 78376, adv_w: 224, box_w: 14, box_h: 14, ofs_x: 0, ofs_y: -2 }, // U+7BC0 '節'
    twine_text::GlyphDsc { bitmap_index: 78465, adv_w: 224, box_w: 14, box_h: 14, ofs_x: 0, ofs_y: -2 }, // U+7BC4 '範'
    twine_text::GlyphDsc { bitmap_index: 78558, adv_w: 224, box_w: 14, box_h: 14, ofs_x: 0, ofs_y: -2 }, // U+7C21 '簡'
    twine_text::GlyphDsc { bitmap_index: 78644, adv_w: 224, box_w: 14, box_h: 14, ofs_x: 0, ofs_y: -2 }, // U+7C73 '米'
    twine_text::GlyphDsc { bitmap_index: 78728, adv_w: 224, box_w: 14, box_h: 14, ofs_x: 0, ofs_y: -2 }, // U+7CBE '精'
    twine_text::GlyphDsc { bitmap_index: 78821, adv_w: 224, box_w: 14, box_h: 14, ofs_x: 0, ofs_y: -2 }, // U+7CD6 '糖'
    twine_text::GlyphDsc { bitmap_index: 78917, adv_w: 224, box_w: 13, box_h: 13, ofs_x: 1, ofs_y: -1 }, // U+7CFB '系'
    twine_text::GlyphDsc { bitmap_index: 78999, adv_w: 224, box_w: 14, box_h: 13, ofs_x: 0, ofs_y: -1 }, // U+7D00 '紀'
    twine_text::GlyphDsc { bitmap_index: 79077, adv_w: 224, box_w: 13, box_h: 14, ofs_x: 0, ofs_y: -2 }, // U+7D04 '約'
    twine_text::GlyphDsc { bitmap_index: 79164, adv_w: 224, box_w: 14, box_h: 14, ofs_x: 0, ofs_y: -2 }, // U+7D19 '紙'
    twine_text::GlyphDsc { bitmap_index: 79259, adv_w: 224, box_w: 14, box_h: 14, ofs_x: 0, ofs_y: -2 }, // U+7D20 '素'
    twine_text::GlyphDsc { bitmap_index: 79349, adv_w: 224, box_w: 14, box_h: 13, ofs_x: 0, ofs_y: -1 }, // U+7D30 '細'
    twine_text::GlyphDsc { bitmap_index: 79425, adv_w: 224, box_w: 13, box_h: 14, ofs_x: 0, ofs_y: -2 }, // U+7D39 '紹'
    twine_text::GlyphDsc { bitmap_index: 79511, adv_w: 224, box_w: 14, box_h: 14, ofs_x: 0, ofs_y: -2 }, // U+7D42 '終'
    twine_text::GlyphDsc { bitmap_index: 79607, adv_w: 224, box_w: 14, box_h: 13, ofs_x: 0, ofs_y: -1 }, // U+7D44 '組'
    twine_text::GlyphDsc { bitmap_index: 79688, adv_w: 224, box_w: 14, box_h: 13, ofs_x: 0, ofs_y: -1 }, // U+7D4C '経'
    twine_text::GlyphDsc { bitmap_index: 79777, adv_w: 224, box_w: 14, box_h: 14, ofs_x: 0, ofs_y: -2 }, // U+7D50 '結'
    twine_text::GlyphDsc { bitmap_index: 79866, adv_w: 224, box_w: 14, box_h: 14, ofs_x: 0, ofs_y: -2 }, // U+7D61 '絡'
    twine_text::GlyphDsc { bitmap_index: 79960, adv_w: 224, box_w: 14, box_h: 14, ofs_x: 0, ofs_y: -2 }, // U+7D66 '給'
    twine_text::GlyphDsc { bitmap_index: 80050, adv_w: 224, box_w: 14, box_h: 14, ofs_x: 0, ofs_y: -2 }, // U+7D71 '統'
    twine_text::GlyphDsc { bitmap_index: 80144, adv_w: 224, box_w: 14, box_h: 14, ofs_x: 0, ofs_y: -2 }, // U+7D75 '絵'
    twine_text::GlyphDsc { bitmap_index: 80237, adv_w: 224, box_w: 14, box_h: 13, ofs_x: 0, ofs_y: -1 }, // U+7D93 '經'
    twine_text::GlyphDsc { bitmap_index: 80325, adv_w: 224, box_w: 14, box_h: 14, ofs_x: 0, ofs_y: -2 }, // U+7D9A '続'
    twine_text::GlyphDsc { bitmap_index: 80420, adv_w: 224, box_w: 14, box_h: 14, ofs_x: 0, ofs_y: -2 }, // U+7DAD '維'
    twine_text::GlyphDsc { bitmap_index: 80515, adv_w: 224, box_w: 14, box_h: 14, ofs_x: 0, ofs_y: -2 }, // U+7DB2 '網'
    twine_text::GlyphDsc { bitmap_index: 80610, adv_w: 224, box_w: 14, box_h: 14, ofs_x: 0, ofs_y: -2 }, // U+7DD1 '緑'
    twine_text::GlyphDsc { bitmap_index: 80704, adv_w: 224, box_w: 14, box_h: 14, ofs_x: 0, ofs_y: -2 }, // U+7DD2 '緒'
    twine_text::GlyphDsc { bitmap_index: 80803, adv_w: 224, box_w: 14, box_h: 14, ofs_x: 0, ofs_y: -2 }, // U+7DDA '線'
    twine_text::GlyphDsc { bitmap_index: 80900, adv_w: 224, box_w: 14, box_h: 14, ofs_x: 0, ofs_y: -2 }, // U+7DE0 '締'
    twine_text::GlyphDsc { bitmap_index: 80995, adv_w: 224, box_w: 14, box_h: 14, ofs_x: 0, ofs_y: -2 }, // U+7DE9 '緩'
    twine_text::GlyphDsc { bitmap_index: 81093, adv_w: 224, box_w: 14, box_h: 14, ofs_x: 0, ofs_y: -2 }, // U+7DF4 '練'
    twine_text::GlyphDsc { bitmap_index: 81190, adv_w: 224, box_w: 14, box_h: 13, ofs_x: 0, ofs_y: -1 }, // U+7E3D '總'
    twine_text::GlyphDsc { bitmap_index: 81282, adv_w: 224, box_w: 14, box_h: 14, ofs_x: 0, ofs_y: -2 }, // U+7E3E '績'
    twine_text::GlyphDsc { bitmap_index: 81375, adv_w: 224, box_w: 14, box_h: 13, ofs_x: 0, ofs_y: -1 }, // U+7E54 '織'
    twine_text::GlyphDsc { bitmap_index: 81466, adv_w: 224, box_w: 14, box_h: 14, ofs_x: 0, ofs_y: -2 }, // U+7E70 '繰'
    twine_text::GlyphDsc { bitmap_index: 81564, adv_w: 224, box_w: 14, box_h: 13, ofs_x: 0, ofs_y: -1 }, // U+7E7C '繼'
    twine_text::GlyphDsc { bitmap_index: 81656, adv_w: 224, box_w: 14, box_h: 14, ofs_x: 0, ofs_y: -2 }, // U+7E8C '續'
    twine_text::GlyphDsc { bitmap_index: 81746, adv_w: 224, box_w: 14, box_h: 14, ofs_x: 0, ofs_y: -2 }, // U+7EDF '统'
    twine_text::GlyphDsc { bitmap_index: 81840, adv_w: 224, box_w: 14, box_h: 14, ofs_x: 0, ofs_y: -2 }, // U+7F3A '缺'
    twine_text::GlyphDsc { bitmap_index: 81930, adv_w: 224, box_w: 14, box_h: 13, ofs_x: 0, ofs_y: -1 }, // U+7F6E '置'
    twine_text::GlyphDsc { bitmap_index: 81999, adv_w: 224, box_w: 14, box_h: 14, ofs_x: 0, ofs_y: -2 }, // U+7F8E '美'
    twine_text::GlyphDsc { bitmap_index: 82087, adv_w: 224, box_w: 14, box_h: 14, ofs_x: 0, ofs_y: -2 }, // U+7FA9 '義'
    twine_text::GlyphDsc { bitmap_index: 82183, adv_w: 224, box_w: 12, box_h: 14, ofs_x: 1, ofs_y: -2 }, // U+7FD2 '習'
    twine_text::GlyphDsc { bitmap_index: 82255, adv_w: 224, box_w: 14, box_h: 13, ofs_x: 0, ofs_y: -1 }, // U+8001 '老'
    twine_text::GlyphDsc { bitmap_index: 82336, adv_w: 224, box_w: 14, box_h: 13, ofs_x: 0, ofs_y: -1 }, // U+8003 '考'
    twine_text::GlyphDsc { bitmap_index: 82413, adv_w: 224, box_w: 14, box_h: 14, ofs_x: 0, ofs_y: -2 }, // U+8005 '者'
    twine_text::GlyphDsc { bitmap_index: 82491, adv_w: 224, box_w: 14, box_h: 14, ofs_x: 0, ofs_y: -2 }, // U+800C '而'
    twine_text::GlyphDsc { bitmap_index: 82542, adv_w: 224, box_w: 14, box_h: 13, ofs_x: 0, ofs_y: -2 }, // U+8033 '耳'
    twine_text::GlyphDsc { bitmap_index: 82610, adv_w: 224, box_w: 12, box_h: 14, ofs_x: 1, ofs_y: -2 }, // U+805E '聞'
    twine_text::GlyphDsc { bitmap_index: 82686, adv_w: 224, box_w: 14, box_h: 14, ofs_x: 0, ofs_y: -2 }, // U+806F '聯'
    twine_text::GlyphDsc { bitmap_index: 82780, adv_w: 224, box_w: 14, box_h: 14, ofs_x: 0, ofs_y: -2 }, // U+8072 '聲'
    twine_text::GlyphDsc { bitmap_index: 82872, adv_w: 224, box_w: 14, box_h: 14, ofs_x: 0, ofs_y: -2 }, // U+8077 '職'
    twine_text::GlyphDsc { bitmap_index: 82968, adv_w: 224, box_w: 14, box_h: 14, ofs_x: 0, ofs_y: -2 }, // U+807D '聽'
    twine_text::GlyphDsc { bitmap_index: 83061, adv_w: 224, box_w: 12, box_h: 14, ofs_x: 1, ofs_y: -2 }, // U+8089 '肉'
    twine_text::GlyphDsc { bitmap_index: 83130, adv_w: 224, box_w: 13, box_h: 14, ofs_x: 0, ofs_y: -2 }, // U+80A9 '肩'
    twine_text::GlyphDsc { bitmap_index: 83200, adv_w: 224, box_w: 14, box_h: 14, ofs_x: 0, ofs_y: -2 }, // U+80AF '肯'
    twine_text::GlyphDsc { bitmap_index: 83270, adv_w: 224, box_w: 14, box_h: 14, ofs_x: 0, ofs_y: -2 }, // U+80B2 '育'
    twine_text::GlyphDsc { bitmap_index: 83346, adv_w: 224, box_w: 14, box_h: 14, ofs_x: 0, ofs_y: -2 }, // U+80CC '背'
    twine_text::GlyphDsc { bitmap_index: 83425, adv_w: 224, box_w: 14, box_h: 14, ofs_x: 0, ofs_y: -2 }, // U+80F8 '胸'
    twine_text::GlyphDsc { bitmap_index: 83511, adv_w: 224, box_w: 14, box_h: 14, ofs_x: 0, ofs_y: -2 }, // U+80FD '能'
    twine_text::GlyphDsc { bitmap_index: 83607, adv_w: 224, box_w: 14, box_h: 14, ofs_x: 0, ofs_y: -2 }, // U+8131 '脱'
    twine_text::GlyphDsc { bitmap_index: 83696, adv_w: 224, box_w: 14, box_h: 14, ofs_x: 0, ofs_y: -2 }, // U+814A '腊'
    twine_text::GlyphDsc { bitmap_index: 83789, adv_w: 224, box_w: 14, box_h: 14, ofs_x: 0, ofs_y: -2 }, // U+8155 '腕'
    twine_text::GlyphDsc { bitmap_index: 83881, adv_w: 224, box_w: 14, box_h: 14, ofs_x: 0, ofs_y: -2 }, // U+8166 '腦'
    twine_text::GlyphDsc { bitmap_index: 83974, adv_w: 224, box_w: 14, box_h: 14, ofs_x: 0, ofs_y: -2 }, // U+8170 '腰'
    twine_text::GlyphDsc { bitmap_index: 84066, adv_w: 224, box_w: 14, box_h: 14, ofs_x: 0, ofs_y: -2 }, // U+819D '膝'
    twine_text::GlyphDsc { bitmap_index: 84162, adv_w: 224, box_w: 14, box_h: 14, ofs_x: 0, ofs_y: -2 }, // U+81C9 '臉'
    twine_text::GlyphDsc { bitmap_index: 84255, adv_w: 224, box_w: 10, box_h: 14, ofs_x: 2, ofs_y: -2 }, // U+81EA '自'
    twine_text::GlyphDsc { bitmap_index: 84308, adv_w: 224, box_w: 14, box_h: 12, ofs_x: 0, ofs_y: -1 }, // U+81F3 '至'
    twine_text::GlyphDsc { bitmap_index: 84376, adv_w: 224, box_w: 14, box_h: 13, ofs_x: 0, ofs_y: -1 }, // U+81FA '臺'
    twine_text::GlyphDsc { bitmap_index: 84452, adv_w: 224, box_w: 14, box_h: 14, ofs_x: 0, ofs_y: -2 }, // U+8207 '與'
    twine_text::GlyphDsc { bitmap_index: 84546, adv_w: 224, box_w: 14, box_h: 14, ofs_x: 0, ofs_y: -2 }, // U+8208 '興'
    twine_text::GlyphDsc { bitmap_index: 84641, adv_w: 224, box_w: 14, box_h: 14, ofs_x: 0, ofs_y: -2 }, // U+8209 '舉'
    twine_text::GlyphDsc { bitmap_index: 84730, adv_w: 224, box_w: 14, box_h: 14, ofs_x: 0, ofs_y: -2 }, // U+822A '航'
    twine_text::GlyphDsc { bitmap_index: 84821, adv_w: 224, box_w: 14, box_h: 14, ofs_x: 0, ofs_y: -2 }, // U+822C '般'
    twine_text::GlyphDsc { bitmap_index: 84916, adv_w: 224, box_w: 14, box_h: 14, ofs_x: 0, ofs_y: -2 }, // U+8239 '船'
    twine_text::GlyphDsc { bitmap_index: 85000, adv_w: 224, box_w: 13, box_h: 14, ofs_x: 1, ofs_y: -2 }, // U+826F '良'
    twine_text::GlyphDsc { bitmap_index: 85074, adv_w: 224, box_w: 14, box_h: 13, ofs_x: 0, ofs_y: -1 }, // U+8272 '色'
    twine_text::GlyphDsc { bitmap_index: 85145, adv_w: 224, box_w: 14, box_h: 14, ofs_x: 0, ofs_y: -2 }, // U+8282 '节'
    twine_text::GlyphDsc { bitmap_index: 85213, adv_w: 224, box_w: 14, box_h: 13, ofs_x: 0, ofs_y: -1 }, // U+8292 '芒'
    twine_text::GlyphDsc { bitmap_index: 85278, adv_w: 224, box_w: 14, box_h: 14, ofs_x: 0, ofs_y: -2 }, // U+82B1 '花'
    twine_text::GlyphDsc { bitmap_index: 85364, adv_w: 224, box_w: 14, box_h: 14, ofs_x: 0, ofs_y: -2 }, // U+82E5 '若'
    twine_text::GlyphDsc { bitmap_index: 85438, adv_w: 224, box_w: 14, box_h: 14, ofs_x: 0, ofs_y: -2 }, // U+82E6 '苦'
    twine_text::GlyphDsc { bitmap_index: 85512, adv_w: 224, box_w: 14, box_h: 14, ofs_x: 0, ofs_y: -2 }, // U+82F1 '英'
    twine_text::GlyphDsc { bitmap_index: 85596, adv_w: 224, box_w: 14, box_h: 14, ofs_x: 0, ofs_y: -2 }, // U+8336 '茶'
    twine_text::GlyphDsc { bitmap_index: 85689, adv_w: 224, box_w: 14, box_h: 14, ofs_x: 0, ofs_y: -2 }, // U+8377 '荷'
    twine_text::GlyphDsc { bitmap_index: 85773, adv_w: 224, box_w: 14, box_h: 14, ofs_x: 0, ofs_y: -2 }, // U+83D3 '菓'
    twine_text::GlyphDsc { bitmap_index: 85865, adv_w: 224, box_w: 14, box_h: 14, ofs_x: 0, ofs_y: -2 }, // U+83DC '菜'
    twine_text::GlyphDsc { bitmap_index: 85961, adv_w: 224, box_w: 14, box_h: 14, ofs_x: 0, ofs_y: -2 }, // U+843D '落'
    twine_text::GlyphDsc { bitmap_index: 86055, adv_w: 224, box_w: 14, box_h: 14, ofs_x: 0, ofs_y: -2 }, // U+8449 '葉'
    twine_text::GlyphDsc { bitmap_index: 86146, adv_w: 224, box_w: 14, box_h: 14, ofs_x: 0, ofs_y: -2 }, // U+8457 '著'
    twine_text::GlyphDsc { bitmap_index: 86230, adv_w: 224, box_w: 14, box_h: 14, ofs_x: 0, ofs_y: -2 }, // U+8535 '蔵'
    twine_text::GlyphDsc { bitmap_index: 86325, adv_w: 224, box_w: 14, box_h: 14, ofs_x: 0, ofs_y: -2 }, // U+8584 '薄'
    twine_text::GlyphDsc { bitmap_index: 86422, adv_w: 224, box_w: 14, box_h: 14, ofs_x: 0, ofs_y: -2 }, // U+85AC '薬'
    twine_text::GlyphDsc { bitmap_index: 86520, adv_w: 224, box_w: 14, box_h: 14, ofs_x: 0, ofs_y: -2 }, // U+85DD '藝'
    twine_text::GlyphDsc { bitmap_index: 86616, adv_w: 224, box_w: 14, box_h: 14, ofs_x: 0, ofs_y: -2 }, // U+8607 '蘇'
    twine_text::GlyphDsc { bitmap_index: 86713, adv_w: 224, box_w: 14, box_h: 14, ofs_x: 0, ofs_y: -2 }, // U+8655 '處'
    twine_text::GlyphDsc { bitmap_index: 86803, adv_w: 224, box_w: 14, box_h: 14, ofs_x: 0, ofs_y: -2 }, // U+86F0 '蛰'
    twine_text::GlyphDsc { bitmap_index: 86897, adv_w: 224, box_w: 14, box_h: 14, ofs_x: 0, ofs_y: -2 }, // U+884C '行'
    twine_text::GlyphDsc { bitmap_index: 86958, adv_w: 224, box_w: 14, box_h: 14, ofs_x: 0, ofs_y: -2 }, // U+8853 '術'
    twine_text::GlyphDsc { bitmap_index: 87044, adv_w: 224, box_w: 14, box_h: 14, ofs_x: 0, ofs_y: -2 }, // U+8868 '表'
    twine_text::GlyphDsc { bitmap_index: 87130, adv_w: 224, box_w: 14, box_h: 14, ofs_x: 0, ofs_y: -2 }, // U+88AB '被'
    twine_text::GlyphDsc { bitmap_index: 87224, adv_w: 224, box_w: 14, box_h: 14, ofs_x: 0, ofs_y: -2 }, // U+88CF '裏'
    twine_text::GlyphDsc { bitmap_index: 87313, adv_w: 224, box_w: 14, box_h: 14, ofs_x: 0, ofs_y: -2 }, // U+88DC '補'
    twine_text::GlyphDsc { bitmap_index: 87404, adv_w: 224, box_w: 14, box_h: 14, ofs_x: 0, ofs_y: -2 }, // U+88E1 '裡'
    twine_text::GlyphDsc { bitmap_index: 87496, adv_w: 224, box_w: 14, box_h: 14, ofs_x: 0, ofs_y: -2 }, // U+88FD '製'
    twine_text::GlyphDsc { bitmap_index: 87589, adv_w: 224, box_w: 14, box_h: 14, ofs_x: 0, ofs_y: -2 }, // U+8907 '複'
    twine_text::GlyphDsc { bitmap_index: 87681, adv_w: 224, box_w: 14, box_h: 13, ofs_x: 0, ofs_y: -2 }, // U+897F '西'
    twine_text::GlyphDsc { bitmap_index: 87753, adv_w: 224, box_w: 14, box_h: 14, ofs_x: 0, ofs_y: -2 }, // U+8981 '要'
    twine_text::GlyphDsc { bitmap_index: 87845, adv_w: 224, box_w: 14, box_h: 14, ofs_x: 0, ofs_y: -2 }, // U+898B '見'
    twine_text::GlyphDsc { bitmap_index: 87919, adv_w: 224, box_w: 14, box_h: 14, ofs_x: 0, ofs_y: -2 }, // U+898F '規'
    twine_text::GlyphDsc { bitmap_index: 88015, adv_w: 224, box_w: 14, box_h: 14, ofs_x: 0, ofs_y: -2 }, // U+8996 '視'
    twine_text::GlyphDsc { bitmap_index: 88107, adv_w: 224, box_w: 14, box_h: 14, ofs_x: 0, ofs_y: -2 }, // U+899A '覚'
    twine_text::GlyphDsc { bitmap_index: 88193, adv_w: 224, box_w: 14, box_h: 14, ofs_x: 0, ofs_y: -2 }, // U+89AA '親'
    twine_text::GlyphDsc { bitmap_index: 88293, adv_w: 224, box_w: 14, box_h: 14, ofs_x: 0, ofs_y: -2 }, // U+89BA '覺'
    twine_text::GlyphDsc { bitmap_index: 88379, adv_w: 224, box_w: 14, box_h: 14, ofs_x: 0, ofs_y: -2 }, // U+89C0 '觀'
    twine_text::GlyphDsc { bitmap_index: 88476, adv_w: 224, box_w: 13, box_h: 14, ofs_x: 0, ofs_y: -2 }, // U+89D2 '角'
    twine_text::GlyphDsc { bitmap_index: 88559, adv_w: 224, box_w: 14, box_h: 14, ofs_x: 0, ofs_y: -2 }, // U+89E3 '解'
    twine_text::GlyphDsc { bitmap_index: 88655, adv_w: 224, box_w: 14, box_h: 14, ofs_x: 0, ofs_y: -2 }, // U+89E6 '触'
    twine_text::GlyphDsc { bitmap_index: 88745, adv_w: 224, box_w: 14, box_h: 14, ofs_x: 0, ofs_y: -2 }, // U+8A00 '言'
    twine_text::GlyphDsc { bitmap_index: 88807, adv_w: 224, box_w: 14, box_h: 14, ofs_x: 0, ofs_y: -2 }, // U+8A08 '計'
    twine_text::GlyphDsc { bitmap_index: 88881, adv_w: 224, box_w: 14, box_h: 14, ofs_x: 0, ofs_y: -2 }, // U+8A0A '訊'
    twine_text::GlyphDsc { bitmap_index: 88961, adv_w: 224, box_w: 14, box_h: 14, ofs_x: 0, ofs_y: -2 }, // U+8A0E '討'
    twine_text::GlyphDsc { bitmap_index: 89042, adv_w: 224, box_w: 14, box_h: 14, ofs_x: 0, ofs_y: -2 }, // U+8A13 '訓'
    twine_text::GlyphDsc { bitmap_index: 89118, adv_w: 224, box_w: 14, box_h: 14, ofs_x: 0, ofs_y: -2 }, // U+8A18 '記'
    twine_text::GlyphDsc { bitmap_index: 89201, adv_w: 224, box_w: 14, box_h: 14, ofs_x: 0, ofs_y: -2 }, // U+8A2A '訪'
    twine_text::GlyphDsc { bitmap_index: 89295, adv_w: 224, box_w: 14, box_h: 14, ofs_x: 0, ofs_y: -2 }, // U+8A2D '設'
    twine_text::GlyphDsc { bitmap_index: 89388, adv_w: 224, box_w: 14, box_h: 14, ofs_x: 0, ofs_y: -2 }, // U+8A31 '許'
    twine_text::GlyphDsc { bitmap_index: 89467, adv_w: 224, box_w: 14, box_h: 14, ofs_x: 0, ofs_y: -2 }, // U+8A33 '訳'
    twine_text::GlyphDsc { bitmap_index: 89555, adv_w: 224, box_w: 14, box_h: 14, ofs_x: 0, ofs_y: -2 }, // U+8A34 '訴'
    twine_text::GlyphDsc { bitmap_index: 89646, adv_w: 224, box_w: 14, box_h: 14, ofs_x: 0, ofs_y: -2 }, // U+8A55 '評'
    twine_text::GlyphDsc { bitmap_index: 89728, adv_w: 224, box_w: 14, box_h: 14, ofs_x: 0, ofs_y: -2 }, // U+8A66 '試'
    twine_text::GlyphDsc { bitmap_index: 89815, adv_w: 224, box_w: 14, box_h: 14, ofs_x: 0, ofs_y: -2 }, // U+8A71 '話'
    twine_text::GlyphDsc { bitmap_index: 89906, adv_w: 224, box_w: 14, box_h: 14, ofs_x: 0, ofs_y: -2 }, // U+8A72 '該'
    twine_text::GlyphDsc { bitmap_index: 90000, adv_w: 224, box_w: 14, box_h: 14, ofs_x: 0, ofs_y: -2 }, // U+8A73 '詳'
    twine_text::GlyphDsc { bitmap_index: 90092, adv_w: 224, box_w: 14, box_h: 13, ofs_x: 0, ofs_y: -1 }, // U+8A8C '誌'
    twine_text::GlyphDsc { bitmap_index: 90181, adv_w: 224, box_w: 14, box_h: 13, ofs_x: 0, ofs_y: -1 }, // U+8A8D '認'
    twine_text::GlyphDsc { bitmap_index: 90272, adv_w: 224, box_w: 14, box_h: 14, ofs_x: 0, ofs_y: -2 }, // U+8A95 '誕'
    twine_text::GlyphDsc { bitmap_index: 90364, adv_w: 224, box_w: 14, box_h: 14, ofs_x: 0, ofs_y: -2 }, // U+8A98 '誘'
    twine_text::GlyphDsc { bitmap_index: 90463, adv_w: 224, box_w: 14, box_h: 14, ofs_x: 0, ofs_y: -2 }, // U+8A9E '語'
    twine_text::GlyphDsc { bitmap_index: 90552, adv_w: 224, box_w: 14, box_h: 14, ofs_x: 0, ofs_y: -2 }, // U+8AAA '說'
    twine_text::GlyphDsc { bitmap_index: 90644, adv_w: 224, box_w: 14, box_h: 14, ofs_x: 0, ofs_y: -2 }, // U+8AAC '説'
    twine_text::GlyphDsc { bitmap_index: 90737, adv_w: 224, box_w: 14, box_h: 14, ofs_x: 0, ofs_y: -2 }, // U+8AAD '読'
    twine_text::GlyphDsc { bitmap_index: 90832, adv_w: 224, box_w: 14, box_h: 14, ofs_x: 0, ofs_y: -2 }, // U+8AB0 '誰'
    twine_text::GlyphDsc { bitmap_index: 90927, adv_w: 224, box_w: 14, box_h: 14, ofs_x: 0, ofs_y: -2 }, // U+8AB2 '課'
    twine_text::GlyphDsc { bitmap_index: 91023, adv_w: 224, box_w: 14, box_h: 14, ofs_x: 0, ofs_y: -2 }, // U+8ABF '調'
    twine_text::GlyphDsc { bitmap_index: 91116, adv_w: 224, box_w: 14, box_h: 14, ofs_x: 0, ofs_y: -2 }, // U+8AC7 '談'
    twine_text::GlyphDsc { bitmap_index: 91212, adv_w: 224, box_w: 14, box_h: 14, ofs_x: 0, ofs_y: -2 }, // U+8ACB '請'
    twine_text::GlyphDsc { bitmap_index: 91303, adv_w: 224, box_w: 14, box_h: 14, ofs_x: 0, ofs_y: -2 }, // U+8AD6 '論'
    twine_text::GlyphDsc { bitmap_index: 91394, adv_w: 224, box_w: 14, box_h: 14, ofs_x: 0, ofs_y: -2 }, // U+8AF8 '諸'
    twine_text::GlyphDsc { bitmap_index: 91487, adv_w: 224, box_w: 14, box_h: 14, ofs_x: 0, ofs_y: -2 }, // U+8B02 '謂'
    twine_text::GlyphDsc { bitmap_index: 91579, adv_w: 224, box_w: 14, box_h: 14, ofs_x: 0, ofs_y: -2 }, // U+8B1B '講'
    twine_text::GlyphDsc { bitmap_index: 91675, adv_w: 224, box_w: 14, box_h: 14, ofs_x: 0, ofs_y: -2 }, // U+8B1D '謝'
    twine_text::GlyphDsc { bitmap_index: 91767, adv_w: 224, box_w: 14, box_h: 14, ofs_x: 0, ofs_y: -2 }, // U+8B58 '識'
    twine_text::GlyphDsc { bitmap_index: 91867, adv_w: 224, box_w: 14, box_h: 14, ofs_x: 0, ofs_y: -2 }, // U+8B70 '議'
    twine_text::GlyphDsc { bitmap_index: 91967, adv_w: 224, box_w: 14, box_h: 14, ofs_x: 0, ofs_y: -2 }, // U+8B77 '護'
    twine_text::GlyphDsc { bitmap_index: 92062, adv_w: 224, box_w: 14, box_h: 14, ofs_x: 0, ofs_y: -2 }, // U+8B8A '變'
    twine_text::GlyphDsc { bitmap_index: 92161, adv_w: 224, box_w: 14, box_h: 14, ofs_x: 0, ofs_y: -2 }, // U+8B93 '讓'
    twine_text::GlyphDsc { bitmap_index: 92259, adv_w: 224, box_w: 14, box_h: 14, ofs_x: 0, ofs_y: -2 }, // U+8BA1 '计'
    twine_text::GlyphDsc { bitmap_index: 92320, adv_w: 224, box_w: 14, box_h: 14, ofs_x: 0, ofs_y: -2 }, // U+8BDE '诞'
    twine_text::GlyphDsc { bitmap_index: 92411, adv_w: 224, box_w: 14, box_h: 14, ofs_x: 0, ofs_y: -2 }, // U+8C37 '谷'
    twine_text::GlyphDsc { bitmap_index: 92493, adv_w: 224, box_w: 14, box_h: 13, ofs_x: 0, ofs_y: -1 }, // U+8C50 '豐'
    twine_text::GlyphDsc { bitmap_index: 92571, adv_w: 224, box_w: 14, box_h: 13, ofs_x: 0, ofs_y: -1 }, // U+8C61 '象'
    twine_text::GlyphDsc { bitmap_index: 92654, adv_w: 224, box_w: 14, box_h: 14, ofs_x: 0, ofs_y: -2 }, // U+8CA0 '負'
    twine_text::GlyphDsc { bitmap_index: 92730, adv_w: 224, box_w: 14, box_h: 14, ofs_x: 0, ofs_y: -2 }, // U+8CA1 '財'
    twine_text::GlyphDsc { bitmap_index: 92817, adv_w: 224, box_w: 14, box_h: 14, ofs_x: 0, ofs_y: -2 }, // U+8CA7 '貧'
    twine_text::GlyphDsc { bitmap_index: 92901, adv_w: 224, box_w: 14, box_h: 14, ofs_x: 0, ofs_y: -2 }, // U+8CA9 '販'
    twine_text::GlyphDsc { bitmap_index: 92995, adv_w: 224, box_w: 14, box_h: 14, ofs_x: 0, ofs_y: -2 }, // U+8CAC '責'
    twine_text::GlyphDsc { bitmap_index: 93070, adv_w: 224, box_w: 14, box_h: 14, ofs_x: 0, ofs_y: -2 }, // U+8CB7 '買'
    twine_text::GlyphDsc { bitmap_index: 93150, adv_w: 224, box_w: 14, box_h: 14, ofs_x: 0, ofs_y: -2 }, // U+8CB8 '貸'
    twine_text::GlyphDsc { bitmap_index: 93234, adv_w: 224, box_w: 14, box_h: 14, ofs_x: 0, ofs_y: -2 }, // U+8CBB '費'
    twine_text::GlyphDsc { bitmap_index: 93321, adv_w: 224, box_w: 14, box_h: 14, ofs_x: 0, ofs_y: -2 }, // U+8CBF '貿'
    twine_text::GlyphDsc { bitmap_index: 93406, adv_w: 224, box_w: 14, box_h: 14, ofs_x: 0, ofs_y: -2 }, // U+8CC3 '賃'
    twine_text::GlyphDsc { bitmap_index: 93490, adv_w: 224, box_w: 14, box_h: 14, ofs_x: 0, ofs_y: -2 }, // U+8CC7 '資'
    twine_text::GlyphDsc { bitmap_index: 93574, adv_w: 224, box_w: 14, box_h: 14, ofs_x: 0, ofs_y: -2 }, // U+8CEA '質'
    twine_text::GlyphDsc { bitmap_index: 93659, adv_w: 224, box_w: 14, box_h: 14, ofs_x: 0, ofs_y: -2 }, // U+8CFD '賽'
    twine_text::GlyphDsc { bitmap_index: 93746, adv_w: 224, box_w: 14, box_h: 14, ofs_x: 0, ofs_y: -2 }, // U+8D39 '费'
    twine_text::GlyphDsc { bitmap_index: 93839, adv_w: 224, box_w: 14, box_h: 14, ofs_x: 0, ofs_y: -2 }, // U+8D64 '赤'
    twine_text::GlyphDsc { bitmap_index: 93921, adv_w: 224, box_w: 14, box_h: 14, ofs_x: 0, ofs_y: -2 }, // U+8D70 '走'
    twine_text::GlyphDsc { bitmap_index: 93998, adv_w: 224, box_w: 14, box_h: 14, ofs_x: 0, ofs_y: -2 }, // U+8D77 '起'
    twine_text::GlyphDsc { bitmap_index: 94085, adv_w: 224, box_w: 14, box_h: 14, ofs_x: 0, ofs_y: -2 }, // U+8D85 '超'
    twine_text::GlyphDsc { bitmap_index: 94179, adv_w: 224, box_w: 14, box_h: 14, ofs_x: 0, ofs_y: -2 }, // U+8D8A '越'
    twine_text::GlyphDsc { bitmap_index: 94275, adv_w: 224, box_w: 14, box_h: 14, ofs_x: 0, ofs_y: -2 }, // U+8DA3 '趣'
    twine_text::GlyphDsc { bitmap_index: 94372, adv_w: 224, box_w: 14, box_h: 14, ofs_x: 0, ofs_y: -2 }, // U+8DB3 '足'
    twine_text::GlyphDsc { bitmap_index: 94445, adv_w: 224, box_w: 14, box_h: 14, ofs_x: 0, ofs_y: -2 }, // U+8DDF '跟'
    twine_text::GlyphDsc { bitmap_index: 94533, adv_w: 224, box_w: 14, box_h: 14, ofs_x: 0, ofs_y: -2 }, // U+8DEF '路'
    twine_text::GlyphDsc { bitmap_index: 94624, adv_w: 224, box_w: 14, box_h: 14, ofs_x: 0, ofs_y: -2 }, // U+8EAB '身'
    twine_text::GlyphDsc { bitmap_index: 94698, adv_w: 224, box_w: 14, box_h: 14, ofs_x: 0, ofs_y: -2 }, // U+8ECA '車'
    twine_text::GlyphDsc { bitmap_index: 94771, adv_w: 224, box_w: 14, box_h: 14, ofs_x: 0, ofs_y: -2 }, // U+8EDF '軟'
    twine_text::GlyphDsc { bitmap_index: 94866, adv_w: 224, box_w: 14, box_h: 14, ofs_x: 0, ofs_y: -2 }, // U+8EE2 '転'
    twine_text::GlyphDsc { bitmap_index: 94956, adv_w: 224, box_w: 14, box_h: 14, ofs_x: 0, ofs_y: -2 }, // U+8EFD '軽'
    twine_text::GlyphDsc { bitmap_index: 95052, adv_w: 224, box_w: 14, box_h: 14, ofs_x: 0, ofs_y: -2 }, // U+8F03 '較'
    twine_text::GlyphDsc { bitmap_index: 95148, adv_w: 224, box_w: 14, box_h: 14, ofs_x: 0, ofs_y: -2 }, // U+8F09 '載'
    twine_text::GlyphDsc { bitmap_index: 95246, adv_w: 224, box_w: 14, box_h: 14, ofs_x: 0, ofs_y: -2 }, // U+8F15 '輕'
    twine_text::GlyphDsc { bitmap_index: 95341, adv_w: 224, box_w: 14, box_h: 14, ofs_x: 0, ofs_y: -2 }, // U+8F2A '輪'
    twine_text::GlyphDsc { bitmap_index: 95430, adv_w: 224, box_w: 14, box_h: 14, ofs_x: 0, ofs_y: -2 }, // U+8F38 '輸'
    twine_text::GlyphDsc { bitmap_index: 95522, adv_w: 224, box_w: 14, box_h: 14, ofs_x: 0, ofs_y: -2 }, // U+8F9B '辛'
    twine_text::GlyphDsc { bitmap_index: 95589, adv_w: 224, box_w: 14, box_h: 14, ofs_x: 0, ofs_y: -2 }, // U+8F9E '辞'
    twine_text::GlyphDsc { bitmap_index: 95680, adv_w: 224, box_w: 14, box_h: 14, ofs_x: 0, ofs_y: -2 }, // U+8FA6 '辦'
    twine_text::GlyphDsc { bitmap_index: 95777, adv_w: 224, box_w: 14, box_h: 14, ofs_x: 0, ofs_y: -2 }, // U+8FB2 '農'
    twine_text::GlyphDsc { bitmap_index: 95863, adv_w: 224, box_w: 14, box_h: 13, ofs_x: 0, ofs_y: -1 }, // U+8FBA '辺'
    twine_text::GlyphDsc { bitmap_index: 95946, adv_w: 224, box_w: 14, box_h: 13, ofs_x: 0, ofs_y: -1 }, // U+8FBC '込'
    twine_text::GlyphDsc { bitmap_index: 96027, adv_w: 224, box_w: 14, box_h: 14, ofs_x: 0, ofs_y: -2 }, // U+8FCE '迎'
    twine_text::GlyphDsc { bitmap_index: 96109, adv_w: 224, box_w: 14, box_h: 13, ofs_x: 0, ofs_y: -1 }, // U+8FD1 '近'
    twine_text::GlyphDsc { bitmap_index: 96186, adv_w: 224, box_w: 14, box_h: 13, ofs_x: 0, ofs_y: -1 }, // U+8FD4 '返'
    twine_text::GlyphDsc { bitmap_index: 96271, adv_w: 224, box_w: 14, box_h: 14, ofs_x: 0, ofs_y: -2 }, // U+8FEB '迫'
    twine_text::GlyphDsc { bitmap_index: 96351, adv_w: 224, box_w: 14, box_h: 13, ofs_x: 0, ofs_y: -1 }, // U+8FFD '追'
    twine_text::GlyphDsc { bitmap_index: 96428, adv_w: 224, box_w: 14, box_h: 13, ofs_x: 0, ofs_y: -1 }, // U+9000 '退'
    twine_text::GlyphDsc { bitmap_index: 96508, adv_w: 224, box_w: 14, box_h: 14, ofs_x: 0, ofs_y: -2 }, // U+9001 '送'
    twine_text::GlyphDsc { bitmap_index: 96600, adv_w: 224, box_w: 14, box_h: 13, ofs_x: 0, ofs_y: -1 }, // U+9003 '逃'
    twine_text::GlyphDsc { bitmap_index: 96686, adv_w: 224, box_w: 14, box_h: 14, ofs_x: 0, ofs_y: -2 }, // U+900F '透'
    twine_text::GlyphDsc { bitmap_index: 96780, adv_w: 224, box_w: 14, box_h: 13, ofs_x: 0, ofs_y: -1 }, // U+9010 '逐'
    twine_text::GlyphDsc { bitmap_index: 96866, adv_w: 224, box_w: 14, box_h: 14, ofs_x: 0, ofs_y: -2 }, // U+9019 '這'
    twine_text::GlyphDsc { bitmap_index: 96949, adv_w: 224, box_w: 14, box_h: 13, ofs_x: 0, ofs_y: -1 }, // U+901A '通'
    twine_text::GlyphDsc { bitmap_index: 97033, adv_w: 224, box_w: 14, box_h: 13, ofs_x: 0, ofs_y: -1 }, // U+901F '速'
    twine_text::GlyphDsc { bitmap_index: 97119, adv_w: 224, box_w: 14, box_h: 13, ofs_x: 0, ofs_y: -1 }, // U+9020 '造'
    twine_text::GlyphDsc { bitmap_index: 97199, adv_w: 224, box_w: 14, box_h: 14, ofs_x: 0, ofs_y: -2 }, // U+9023 '連'
    twine_text::GlyphDsc { bitmap_index: 97289, adv_w: 224, box_w: 14, box_h: 14, ofs_x: 0, ofs_y: -2 }, // U+902E '逮'
    twine_text::GlyphDsc { bitmap_index: 97382, adv_w: 224, box_w: 14, box_h: 13, ofs_x: 0, ofs_y: -1 }, // U+9031 '週'
    twine_text::GlyphDsc { bitmap_index: 97467, adv_w: 224, box_w: 14, box_h: 13, ofs_x: 0, ofs_y: -1 }, // U+9032 '進'
    twine_text::GlyphDsc { bitmap_index: 97554, adv_w: 224, box_w: 14, box_h: 14, ofs_x: 0, ofs_y: -2 }, // U+9045 '遅'
    twine_text::GlyphDsc { bitmap_index: 97646, adv_w: 224, box_w: 14, box_h: 14, ofs_x: 0, ofs_y: -2 }, // U+904A '遊'
    twine_text::GlyphDsc { bitmap_index: 97742, adv_w: 224, box_w: 14, box_h: 13, ofs_x: 0, ofs_y: -1 }, // U+904B '運'
    twine_text::GlyphDsc { bitmap_index: 97828, adv_w: 224, box_w: 14, box_h: 14, ofs_x: 0, ofs_y: -2 }, // U+904E '過'
    twine_text::GlyphDsc { bitmap_index: 97912, adv_w: 224, box_w: 14, box_h: 13, ofs_x: 0, ofs_y: -1 }, // U+9053 '道'
    twine_text::GlyphDsc { bitmap_index: 97995, adv_w: 224, box_w: 14, box_h: 13, ofs_x: 0, ofs_y: -1 }, // U+9054 '達'
    twine_text::GlyphDsc { bitmap_index: 98082, adv_w: 224, box_w: 14, box_h: 13, ofs_x: 0, ofs_y: -1 }, // U+9055 '違'
    twine_text::GlyphDsc { bitmap_index: 98166, adv_w: 224, box_w: 14, box_h: 14, ofs_x: 0, ofs_y: -2 }, // U+9060 '遠'
    twine_text::GlyphDsc { bitmap_index: 98257, adv_w: 224, box_w: 14, box_h: 13, ofs_x: 0, ofs_y: -1 }, // U+9069 '適'
    twine_text::GlyphDsc { bitmap_index: 98341, adv_w: 224, box_w: 14, box_h: 13, ofs_x: 0, ofs_y: -1 }, // U+9078 '選'
    twine_text::GlyphDsc { bitmap_index: 98431, adv_w: 224, box_w: 14, box_h: 13, ofs_x: 0, ofs_y: -1 }, // U+907F '避'
    twine_text::GlyphDsc { bitmap_index: 98518, adv_w: 224, box_w: 14, box_h: 14, ofs_x: 0, ofs_y: -2 }, // U+9084 '還'
    twine_text::GlyphDsc { bitmap_index: 98605, adv_w: 224, box_w: 14, box_h: 14, ofs_x: 0, ofs_y: -2 }, // U+908A '邊'
    twine_text::GlyphDsc { bitmap_index: 98693, adv_w: 224, box_w: 14, box_h: 14, ofs_x: 0, ofs_y: -2 }, // U+90A3 '那'
    twine_text::GlyphDsc { bitmap_index: 98780, adv_w: 224, box_w: 14, box_h: 13, ofs_x: 0, ofs_y: -2 }, // U+90AA '邪'
    twine_text::GlyphDsc { bitmap_index: 98860, adv_w: 224, box_w: 14, box_h: 14, ofs_x: 0, ofs_y: -2 }, // U+90E8 '部'
    twine_text::GlyphDsc { bitmap_index: 98947, adv_w: 224, box_w: 14, box_h: 14, ofs_x: 0, ofs_y: -2 }, // U+90F5 '郵'
    twine_text::GlyphDsc { bitmap_index: 99039, adv_w: 224, box_w: 14, box_h: 14, ofs_x: 0, ofs_y: -2 }, // U+90FD '都'
    twine_text::GlyphDsc { bitmap_index: 99132, adv_w: 224, box_w: 14, box_h: 14, ofs_x: 0, ofs_y: -2 }, // U+914D '配'
    twine_text::GlyphDsc { bitmap_index: 99214, adv_w: 224, box_w: 14, box_h: 14, ofs_x: 0, ofs_y: -2 }, // U+9152 '酒'
    twine_text::GlyphDsc { bitmap_index: 99302, adv_w: 224, box_w: 14, box_h: 14, ofs_x: 0, ofs_y: -2 }, // U+9154 '酔'
    twine_text::GlyphDsc { bitmap_index: 99394, adv_w: 224, box_w: 14, box_h: 14, ofs_x: 0, ofs_y: -2 }, // U+9178 '酸'
    twine_text::GlyphDsc { bitmap_index: 99491, adv_w: 224, box_w: 14, box_h: 14, ofs_x: 0, ofs_y: -2 }, // U+91AB '醫'
    twine_text::GlyphDsc { bitmap_index: 99578, adv_w: 224, box_w: 14, box_h: 13, ofs_x: 0, ofs_y: -1 }, // U+91CD '重'
    twine_text::GlyphDsc { bitmap_index: 99659, adv_w: 224, box_w: 14, box_h: 14, ofs_x: 0, ofs_y: -2 }, // U+91CE '野'
    twine_text::GlyphDsc { bitmap_index: 99750, adv_w: 224, box_w: 14, box_h: 13, ofs_x: 0, ofs_y: -1 }, // U+91CF '量'
    twine_text::GlyphDsc { bitmap_index: 99824, adv_w: 224, box_w: 14, box_h: 13, ofs_x: 0, ofs_y: -1 }, // U+91D1 '金'
    twine_text::GlyphDsc { bitmap_index: 99906, adv_w: 224, box_w: 14, box_h: 14, ofs_x: 0, ofs_y: -2 }, // U+91DD '針'
    twine_text::GlyphDsc { bitmap_index: 99986, adv_w: 224, box_w: 14, box_h: 14, ofs_x: 0, ofs_y: -2 }, // U+9244 '鉄'
    twine_text::GlyphDsc { bitmap_index: 100082, adv_w: 224, box_w: 14, box_h: 14, ofs_x: 0, ofs_y: -2 }, // U+925B '鉛'
    twine_text::GlyphDsc { bitmap_index: 100171, adv_w: 224, box_w: 14, box_h: 14, ofs_x: 0, ofs_y: -2 }, // U+9280 '銀'
    twine_text::GlyphDsc { bitmap_index: 100268, adv_w: 224, box_w: 14, box_h: 14, ofs_x: 0, ofs_y: -2 }, // U+9322 '錢'
    twine_text::GlyphDsc { bitmap_index: 100366, adv_w: 224, box_w: 14, box_h: 14, ofs_x: 0, ofs_y: -2 }, // U+932F '錯'
    twine_text::GlyphDsc { bitmap_index: 100461, adv_w: 224, box_w: 14, box_h: 14, ofs_x: 0, ofs_y: -2 }, // U+9332 '録'
    twine_text::GlyphDsc { bitmap_index: 100554, adv_w: 224, box_w: 14, box_h: 14, ofs_x: 0, ofs_y: -2 }, // U+9577 '長'
    twine_text::GlyphDsc { bitmap_index: 100629, adv_w: 224, box_w: 12, box_h: 14, ofs_x: 1, ofs_y: -2 }, // U+9589 '閉'
    twine_text::GlyphDsc { bitmap_index: 100708, adv_w: 224, box_w: 12, box_h: 14, ofs_x: 1, ofs_y: -2 }, // U+958B '開'
    twine_text::GlyphDsc { bitmap_index: 100789, adv_w: 224, box_w: 12, box_h: 14, ofs_x: 1, ofs_y: -2 }, // U+9593 '間'
    twine_text::GlyphDsc { bitmap_index: 100863, adv_w: 224, box_w: 12, box_h: 14, ofs_x: 1, ofs_y: -2 }, // U+95A2 '関'
    twine_text::GlyphDsc { bitmap_index: 100942, adv_w: 224, box_w: 12, box_h: 14, ofs_x: 1, ofs_y: -2 }, // U+95DC '關'
    twine_text::GlyphDsc { bitmap_index: 101021, adv_w: 224, box_w: 12, box_h: 14, ofs_x: 1, ofs_y: -2 }, // U+95F0 '闰'
    twine_text::GlyphDsc { bitmap_index: 101087, adv_w: 224, box_w: 12, box_h: 14, ofs_x: 1, ofs_y: -2 }, // U+9633 '阳'
    twine_text::GlyphDsc { bitmap_index: 101155, adv_w: 224, box_w: 13, box_h: 14, ofs_x: 1, ofs_y: -2 }, // U+9644 '附'
    twine_text::GlyphDsc { bitmap_index: 101232, adv_w: 224, box_w: 13, box_h: 14, ofs_x: 1, ofs_y: -2 }, // U+964D '降'
    twine_text::GlyphDsc { bitmap_index: 101316, adv_w: 224, box_w: 13, box_h: 14, ofs_x: 1, ofs_y: -2 }, // U+9650 '限'
    twine_text::GlyphDsc { bitmap_index: 101397, adv_w: 224, box_w: 13, box_h: 14, ofs_x: 1, ofs_y: -2 }, // U+9662 '院'
    twine_text::GlyphDsc { bitmap_index: 101481, adv_w: 224, box_w: 13, box_h: 14, ofs_x: 1, ofs_y: -2 }, // U+9664 '除'
    twine_text::GlyphDsc { bitmap_index: 101568, adv_w: 224, box_w: 13, box_h: 14, ofs_x: 1, ofs_y: -2 }, // U+9678 '陸'
    twine_text::GlyphDsc { bitmap_index: 101656, adv_w: 224, box_w: 13, box_h: 14, ofs_x: 1, ofs_y: -2 }, // U+967D '陽'
    twine_text::GlyphDsc { bitmap_index: 101740, adv_w: 224, box_w: 13, box_h: 14, ofs_x: 1, ofs_y: -2 }, // U+968E '階'
    twine_text::GlyphDsc { bitmap_index: 101825, adv_w: 224, box_w: 13, box_h: 14, ofs_x: 1, ofs_y: -2 }, // U+969B '際'
    twine_text::GlyphDsc { bitmap_index: 101913, adv_w: 224, box_w: 14, box_h: 14, ofs_x: 0, ofs_y: -2 }, // U+969C '障'
    twine_text::GlyphDsc { bitmap_index: 101998, adv_w: 224, box_w: 13, box_h: 14, ofs_x: 1, ofs_y: -2 }, // U+96A3 '隣'
    twine_text::GlyphDsc { bitmap_index: 102088, adv_w: 224, box_w: 13, box_h: 14, ofs_x: 1, ofs_y: -2 }, // U+96A8 '隨'
    twine_text::GlyphDsc { bitmap_index: 102175, adv_w: 224, box_w: 14, box_h: 14, ofs_x: 0, ofs_y: -2 }, // U+96BB '隻'
    twine_text::GlyphDsc { bitmap_index: 102264, adv_w: 224, box_w: 14, box_h: 14, ofs_x: 0, ofs_y: -2 }, // U+96C6 '集'
    twine_text::GlyphDsc { bitmap_index: 102356, adv_w: 224, box_w: 14, box_h: 14, ofs_x: 0, ofs_y: -2 }, // U+96D1 '雑'
    twine_text::GlyphDsc { bitmap_index: 102454, adv_w: 224, box_w: 14, box_h: 14, ofs_x: 0, ofs_y: -2 }, // U+96D6 '雖'
    twine_text::GlyphDsc { bitmap_index: 102551, adv_w: 224, box_w: 14, box_h: 14, ofs_x: 0, ofs_y: -2 }, // U+96D9 '雙'
    twine_text::GlyphDsc { bitmap_index: 102645, adv_w: 224, box_w: 14, box_h: 14, ofs_x: 0, ofs_y: -2 }, // U+96E2 '離'
    twine_text::GlyphDsc { bitmap_index: 102744, adv_w: 224, box_w: 14, box_h: 14, ofs_x: 0, ofs_y: -2 }, // U+96E3 '難'
    twine_text::GlyphDsc { bitmap_index: 102842, adv_w: 224, box_w: 14, box_h: 13, ofs_x: 0, ofs_y: -2 }, // U+96E8 '雨'
    twine_text::GlyphDsc { bitmap_index: 102914, adv_w: 224, box_w: 12, box_h: 14, ofs_x: 1, ofs_y: -2 }, // U+96EA '雪'
    twine_text::GlyphDsc { bitmap_index: 102983, adv_w: 224, box_w: 14, box_h: 14, ofs_x: 0, ofs_y: -2 }, // U+96F2 '雲'
    twine_text::GlyphDsc { bitmap_index: 103071, adv_w: 224, box_w: 13, box_h: 14, ofs_x: 1, ofs_y: -2 }, // U+96FB '電'
    twine_text::GlyphDsc { bitmap_index: 103153, adv_w: 224, box_w: 14, box_h: 14, ofs_x: 0, ofs_y: -2 }, // U+9700 '需'
    twine_text::GlyphDsc { bitmap_index: 103234, adv_w: 224, box_w: 14, box_h: 14, ofs_x: 0, ofs_y: -2 }, // U+9707 '震'
    twine_text::GlyphDsc { bitmap_index: 103326, adv_w: 224, box_w: 14, box_h: 14, ofs_x: 0, ofs_y: -2 }, // U+971C '霜'
    twine_text::GlyphDsc { bitmap_index: 103417, adv_w: 224, box_w: 14, box_h: 14, ofs_x: 0, ofs_y: -2 }, // U+9732 '露'
    twine_text::GlyphDsc { bitmap_index: 103511, adv_w: 224, box_w: 14, box_h: 14, ofs_x: 0, ofs_y: -2 }, // U+9752 '青'
    twine_text::GlyphDsc { bitmap_index: 103583, adv_w: 224, box_w: 14, box_h: 14, ofs_x: 0, ofs_y: -2 }, // U+9759 '静'
    twine_text::GlyphDsc { bitmap_index: 103678, adv_w: 224, box_w: 14, box_h: 14, ofs_x: 0, ofs_y: -2 }, // U+975E '非'
    twine_text::GlyphDsc { bitmap_index: 103751, adv_w: 224, box_w: 14, box_h: 13, ofs_x: 0, ofs_y: -2 }, // U+9762 '面'
    twine_text::GlyphDsc { bitmap_index: 103818, adv_w: 224, box_w: 14, box_h: 14, ofs_x: 0, ofs_y: -2 }, // U+9769 '革'
    twine_text::GlyphDsc { bitmap_index: 103897, adv_w: 224, box_w: 14, box_h: 14, ofs_x: 0, ofs_y: -2 }, // U+9774 '靴'
    twine_text::GlyphDsc { bitmap_index: 103987, adv_w: 224, box_w: 14, box_h: 14, ofs_x: 0, ofs_y: -2 }, // U+97F3 '音'
    twine_text::GlyphDsc { bitmap_index: 104058, adv_w: 224, box_w: 14, box_h: 14, ofs_x: 0, ofs_y: -2 }, // U+97FF '響'
    twine_text::GlyphDsc { bitmap_index: 104148, adv_w: 224, box_w: 13, box_h: 14, ofs_x: 1, ofs_y: -2 }, // U+9803 '頃'
    twine_text::GlyphDsc { bitmap_index: 104229, adv_w: 224, box_w: 14, box_h: 14, ofs_x: 0, ofs_y: -2 }, // U+9805 '項'
    twine_text::GlyphDsc { bitmap_index: 104312, adv_w: 224, box_w: 14, box_h: 14, ofs_x: 0, ofs_y: -2 }, // U+9808 '須'
    twine_text::GlyphDsc { bitmap_index: 104404, adv_w: 224, box_w: 14, box_h: 14, ofs_x: 0, ofs_y: -2 }, // U+9817 '頗'
    twine_text::GlyphDsc { bitmap_index: 104498, adv_w: 224, box_w: 14, box_h: 14, ofs_x: 0, ofs_y: -2 }, // U+9818 '領'
    twine_text::GlyphDsc { bitmap_index: 104592, adv_w: 224, box_w: 14, box_h: 14, ofs_x: 0, ofs_y: -2 }, // U+982D '頭'
    twine_text::GlyphDsc { bitmap_index: 104682, adv_w: 224, box_w: 14, box_h: 14, ofs_x: 0, ofs_y: -2 }, // U+983C '頼'
    twine_text::GlyphDsc { bitmap_index: 104779, adv_w: 224, box_w: 14, box_h: 14, ofs_x: 0, ofs_y: -2 }, // U+984C '題'
    twine_text::GlyphDsc { bitmap_index: 104874, adv_w: 224, box_w: 14, box_h: 14, ofs_x: 0, ofs_y: -2 }, // U+9854 '顔'
    twine_text::GlyphDsc { bitmap_index: 104969, adv_w: 224, box_w: 14, box_h: 14, ofs_x: 0, ofs_y: -2 }, // U+9858 '願'
    twine_text::GlyphDsc { bitmap_index: 105064, adv_w: 224, box_w: 14, box_h: 14, ofs_x: 0, ofs_y: -2 }, // U+985E '類'
    twine_text::GlyphDsc { bitmap_index: 105161, adv_w: 224, box_w: 14, box_h: 14, ofs_x: 0, ofs_y: -2 }, // U+986F '顯'
    twine_text::GlyphDsc { bitmap_index: 105257, adv_w: 224, box_w: 14, box_h: 14, ofs_x: 0, ofs_y: -2 }, // U+98A8 '風'
    twine_text::GlyphDsc { bitmap_index: 105335, adv_w: 224, box_w: 14, box_h: 14, ofs_x: 0, ofs_y: -2 }, // U+98DB '飛'
    twine_text::GlyphDsc { bitmap_index: 105425, adv_w: 224, box_w: 14, box_h: 14, ofs_x: 0, ofs_y: -2 }, // U+98DF '食'
    twine_text::GlyphDsc { bitmap_index: 105506, adv_w: 224, box_w: 14, box_h: 14, ofs_x: 0, ofs_y: -2 }, // U+98EF '飯'
    twine_text::GlyphDsc { bitmap_index: 105600, adv_w: 224, box_w: 14, box_h: 14, ofs_x: 0, ofs_y: -2 }, // U+98F2 '飲'
    twine_text::GlyphDsc { bitmap_index: 105694, adv_w: 224, box_w: 14, box_h: 14, ofs_x: 0, ofs_y: -2 }, // U+9928 '館'
    twine_text::GlyphDsc { bitmap_index: 105784, adv_w: 224, box_w: 14, box_h: 14, ofs_x: 0, ofs_y: -2 }, // U+9996 '首'
    twine_text::GlyphDsc { bitmap_index: 105858, adv_w: 224, box_w: 14, box_h: 14, ofs_x: 0, ofs_y: -2 }, // U+9999 '香'
    twine_text::GlyphDsc { bitmap_index: 105942, adv_w: 224, box_w: 14, box_h: 14, ofs_x: 0, ofs_y: -2 }, // U+99C4 '駄'
    twine_text::GlyphDsc { bitmap_index: 106035, adv_w: 224, box_w: 14, box_h: 14, ofs_x: 0, ofs_y: -2 }, // U+99C5 '駅'
    twine_text::GlyphDsc { bitmap_index: 106124, adv_w: 224, box_w: 14, box_h: 14, ofs_x: 0, ofs_y: -2 }, // U+9A12 '騒'
    twine_text::GlyphDsc { bitmap_index: 106221, adv_w: 224, box_w: 14, box_h: 14, ofs_x: 0, ofs_y: -2 }, // U+9A13 '験'
    twine_text::GlyphDsc { bitmap_index: 106318, adv_w: 224, box_w: 14, box_h: 14, ofs_x: 0, ofs_y: -2 }, // U+9A57 '驗'
    twine_text::GlyphDsc { bitmap_index: 106416, adv_w: 224, box_w: 14, box_h: 14, ofs_x: 0, ofs_y: -2 }, // U+9AD4 '體'
    twine_text::GlyphDsc { bitmap_index: 106509, adv_w: 224, box_w: 14, box_h: 14, ofs_x: 0, ofs_y: -2 }, // U+9AD8 '高'
    twine_text::GlyphDsc { bitmap_index: 106578, adv_w: 224, box_w: 14, box_h: 14, ofs_x: 0, ofs_y: -2 }, // U+9AEA '髪'
    twine_text::GlyphDsc { bitmap_index: 106670, adv_w: 224, box_w: 14, box_h: 14, ofs_x: 0, ofs_y: -2 }, // U+9B5A '魚'
    twine_text::GlyphDsc { bitmap_index: 106760, adv_w: 224, box_w: 14, box_h: 14, ofs_x: 0, ofs_y: -2 }, // U+9CE5 '鳥'
    twine_text::GlyphDsc { bitmap_index: 106838, adv_w: 224, box_w: 14, box_h: 14, ofs_x: 0, ofs_y: -2 }, // U+9E97 '麗'
    twine_text::GlyphDsc { bitmap_index: 106936, adv_w: 224, box_w: 14, box_h: 14, ofs_x: 0, ofs_y: -2 }, // U+9EBC '麼'
    twine_text::GlyphDsc { bitmap_index: 107028, adv_w: 224, box_w: 14, box_h: 14, ofs_x: 0, ofs_y: -2 }, // U+9EC4 '黄'
    twine_text::GlyphDsc { bitmap_index: 107121, adv_w: 224, box_w: 14, box_h: 14, ofs_x: 0, ofs_y: -2 }, // U+9ED2 '黒'
    twine_text::GlyphDsc { bitmap_index: 107208, adv_w: 224, box_w: 14, box_h: 14, ofs_x: 0, ofs_y: -2 }, // U+9EDE '點'
    twine_text::GlyphDsc { bitmap_index: 107298, adv_w: 224, box_w: 14, box_h: 14, ofs_x: 0, ofs_y: -2 }, // U+9EE8 '黨'
    twine_text::GlyphDsc { bitmap_index: 107391, adv_w: 224, box_w: 14, box_h: 14, ofs_x: 0, ofs_y: -2 }, // U+9F13 '鼓'
    twine_text::GlyphDsc { bitmap_index: 107488, adv_w: 224, box_w: 14, box_h: 14, ofs_x: 0, ofs_y: -2 }, // U+9F3B '鼻'
    twine_text::GlyphDsc { bitmap_index: 107566, adv_w: 224, box_w: 14, box_h: 15, ofs_x: 0, ofs_y: -2 }, // U+F001
    twine_text::GlyphDsc { bitmap_index: 107636, adv_w: 224, box_w: 14, box_h: 11, ofs_x: 0, ofs_y: 0 }, // U+F008
    twine_text::GlyphDsc { bitmap_index: 107699, adv_w: 224, box_w: 14, box_h: 13, ofs_x: 0, ofs_y: -1 }, // U+F00B
    twine_text::GlyphDsc { bitmap_index: 107762, adv_w: 224, box_w: 14, box_h: 11, ofs_x: 0, ofs_y: 0 }, // U+F00C
    twine_text::GlyphDsc { bitmap_index: 107823, adv_w: 154, box_w: 10, box_h: 11, ofs_x: 0, ofs_y: 0 }, // U+F00D
    twine_text::GlyphDsc { bitmap_index: 107876, adv_w: 224, box_w: 14, box_h: 15, ofs_x: 0, ofs_y: -2 }, // U+F011
    twine_text::GlyphDsc { bitmap_index: 107966, adv_w: 224, box_w: 14, box_h: 15, ofs_x: 0, ofs_y: -2 }, // U+F013
    twine_text::GlyphDsc { bitmap_index: 108056, adv_w: 252, box_w: 16, box_h: 13, ofs_x: 0, ofs_y: -1 }, // U+F015
    twine_text::GlyphDsc { bitmap_index: 108134, adv_w: 224, box_w: 14, box_h: 15, ofs_x: 0, ofs_y: -2 }, // U+F019
    twine_text::GlyphDsc { bitmap_index: 108195, adv_w: 252, box_w: 16, box_h: 11, ofs_x: 0, ofs_y: 0 }, // U+F01C
    twine_text::GlyphDsc { bitmap_index: 108256, adv_w: 224, box_w: 14, box_h: 15, ofs_x: 0, ofs_y: -2 }, // U+F021
    twine_text::GlyphDsc { bitmap_index: 108351, adv_w: 112, box_w: 7, box_h: 11, ofs_x: 0, ofs_y: 0 }, // U+F026
    twine_text::GlyphDsc { bitmap_index: 108378, adv_w: 168, box_w: 11, box_h: 11, ofs_x: 0, ofs_y: 0 }, // U+F027
    twine_text::GlyphDsc { bitmap_index: 108422, adv_w: 252, box_w: 16, box_h: 14, ofs_x: 0, ofs_y: -1 }, // U+F028
    twine_text::GlyphDsc { bitmap_index: 108513, adv_w: 224, box_w: 14, box_h: 11, ofs_x: 0, ofs_y: 0 }, // U+F03E
    twine_text::GlyphDsc { bitmap_index: 108569, adv_w: 154, box_w: 10, box_h: 15, ofs_x: 0, ofs_y: -2 }, // U+F043
    twine_text::GlyphDsc { bitmap_index: 108630, adv_w: 196, box_w: 10, box_h: 13, ofs_x: 1, ofs_y: -1 }, // U+F048
    twine_text::GlyphDsc { bitmap_index: 108674, adv_w: 196, box_w: 13, box_h: 15, ofs_x: 0, ofs_y: -2 }, // U+F04B
    twine_text::GlyphDsc { bitmap_index: 108733, adv_w: 196, box_w: 13, box_h: 13, ofs_x: 0, ofs_y: -1 }, // U+F04C
    twine_text::GlyphDsc { bitmap_index: 108769, adv_w: 196, box_w: 13, box_h: 13, ofs_x: 0, ofs_y: -1 }, // U+F04D
    twine_text::GlyphDsc { bitmap_index: 108794, adv_w: 196, box_w: 10, box_h: 13, ofs_x: 1, ofs_y: -1 }, // U+F051
    twine_text::GlyphDsc { bitmap_index: 108839, adv_w: 196, box_w: 13, box_h: 13, ofs_x: 0, ofs_y: -1 }, // U+F052
    twine_text::GlyphDsc { bitmap_index: 108893, adv_w: 140, box_w: 8, box_h: 13, ofs_x: 0, ofs_y: -1 }, // U+F053
    twine_text::GlyphDsc { bitmap_index: 108939, adv_w: 140, box_w: 8, box_h: 13, ofs_x: 0, ofs_y: -1 }, // U+F054
    twine_text::GlyphDsc { bitmap_index: 108988, adv_w: 196, box_w: 13, box_h: 13, ofs_x: 0, ofs_y: -1 }, // U+F067
    twine_text::GlyphDsc { bitmap_index: 109035, adv_w: 196, box_w: 13, box_h: 4, ofs_x: 0, ofs_y: 4 }, // U+F068
    twine_text::GlyphDsc { bitmap_index: 109050, adv_w: 252, box_w: 16, box_h: 11, ofs_x: 0, ofs_y: 0 }, // U+F06E
    twine_text::GlyphDsc { bitmap_index: 109134, adv_w: 280, box_w: 18, box_h: 15, ofs_x: 0, ofs_y: -2 }, // U+F070
    twine_text::GlyphDsc { bitmap_index: 109252, adv_w: 252, box_w: 16, box_h: 15, ofs_x: 0, ofs_y: -2 }, // U+F071
    twine_text::GlyphDsc { bitmap_index: 109338, adv_w: 224, box_w: 14, box_h: 13, ofs_x: 0, ofs_y: -1 }, // U+F074
    twine_text::GlyphDsc { bitmap_index: 109421, adv_w: 196, box_w: 13, box_h: 8, ofs_x: 0, ofs_y: 2 }, // U+F077
    twine_text::GlyphDsc { bitmap_index: 109464, adv_w: 196, box_w: 13, box_h: 8, ofs_x: 0, ofs_y: 2 }, // U+F078
    twine_text::GlyphDsc { bitmap_index: 109510, adv_w: 280, box_w: 18, box_h: 12, ofs_x: 0, ofs_y: 0 }, // U+F079
    twine_text::GlyphDsc { bitmap_index: 109590, adv_w: 224, box_w: 14, box_h: 11, ofs_x: 0, ofs_y: 0 }, // U+F07B
    twine_text::GlyphDsc { bitmap_index: 109618, adv_w: 224, box_w: 14, box_h: 15, ofs_x: 0, ofs_y: -2 }, // U+F093
    twine_text::GlyphDsc { bitmap_index: 109686, adv_w: 224, box_w: 14, box_h: 15, ofs_x: 0, ofs_y: -2 }, // U+F095
    twine_text::GlyphDsc { bitmap_index: 109764, adv_w: 196, box_w: 13, box_h: 13, ofs_x: 0, ofs_y: -1 }, // U+F0C4
    twine_text::GlyphDsc { bitmap_index: 109845, adv_w: 196, box_w: 13, box_h: 15, ofs_x: 0, ofs_y: -2 }, // U+F0C5
    twine_text::GlyphDsc { bitmap_index: 109895, adv_w: 196, box_w: 13, box_h: 13, ofs_x: 0, ofs_y: -1 }, // U+F0C7
    twine_text::GlyphDsc { bitmap_index: 109953, adv_w: 196, box_w: 13, box_h: 12, ofs_x: 0, ofs_y: 0 }, // U+F0C9
    twine_text::GlyphDsc { bitmap_index: 109991, adv_w: 224, box_w: 14, box_h: 11, ofs_x: 0, ofs_y: 0 }, // U+F0E0
    twine_text::GlyphDsc { bitmap_index: 110042, adv_w: 140, box_w: 9, box_h: 15, ofs_x: 0, ofs_y: -2 }, // U+F0E7
    twine_text::GlyphDsc { bitmap_index: 110099, adv_w: 196, box_w: 13, box_h: 15, ofs_x: 0, ofs_y: -2 }, // U+F0EA
    twine_text::GlyphDsc { bitmap_index: 110164, adv_w: 196, box_w: 13, box_h: 15, ofs_x: 0, ofs_y: -2 }, // U+F0F3
    twine_text::GlyphDsc { bitmap_index: 110230, adv_w: 252, box_w: 16, box_h: 11, ofs_x: 0, ofs_y: 0 }, // U+F11C
    twine_text::GlyphDsc { bitmap_index: 110302, adv_w: 224, box_w: 14, box_h: 15, ofs_x: 0, ofs_y: -2 }, // U+F124
    twine_text::GlyphDsc { bitmap_index: 110368, adv_w: 168, box_w: 11, box_h: 15, ofs_x: 0, ofs_y: -2 }, // U+F15B
    twine_text::GlyphDsc { bitmap_index: 110402, adv_w: 280, box_w: 18, box_h: 13, ofs_x: 0, ofs_y: -1 }, // U+F1EB
    twine_text::GlyphDsc { bitmap_index: 110499, adv_w: 280, box_w: 18, box_h: 10, ofs_x: 0, ofs_y: 1 }, // U+F240
    twine_text::GlyphDsc { bitmap_index: 110551, adv_w: 280, box_w: 18, box_h: 10, ofs_x: 0, ofs_y: 1 }, // U+F241
    twine_text::GlyphDsc { bitmap_index: 110607, adv_w: 280, box_w: 18, box_h: 10, ofs_x: 0, ofs_y: 1 }, // U+F242
    twine_text::GlyphDsc { bitmap_index: 110663, adv_w: 280, box_w: 18, box_h: 10, ofs_x: 0, ofs_y: 1 }, // U+F243
    twine_text::GlyphDsc { bitmap_index: 110719, adv_w: 280, box_w: 18, box_h: 10, ofs_x: 0, ofs_y: 1 }, // U+F244
    twine_text::GlyphDsc { bitmap_index: 110769, adv_w: 280, box_w: 18, box_h: 12, ofs_x: 0, ofs_y: 0 }, // U+F287
    twine_text::GlyphDsc { bitmap_index: 110850, adv_w: 196, box_w: 12, box_h: 15, ofs_x: 0, ofs_y: -2 }, // U+F293
    twine_text::GlyphDsc { bitmap_index: 110937, adv_w: 196, box_w: 13, box_h: 15, ofs_x: 0, ofs_y: -2 }, // U+F2ED
    twine_text::GlyphDsc { bitmap_index: 110994, adv_w: 224, box_w: 14, box_h: 15, ofs_x: 0, ofs_y: -2 }, // U+F304
    twine_text::GlyphDsc { bitmap_index: 111069, adv_w: 280, box_w: 18, box_h: 11, ofs_x: 0, ofs_y: 0 }, // U+F55A
    twine_text::GlyphDsc { bitmap_index: 111144, adv_w: 168, box_w: 11, box_h: 15, ofs_x: 0, ofs_y: -2 }, // U+F7C2
    twine_text::GlyphDsc { bitmap_index: 111184, adv_w: 224, box_w: 15, box_h: 9, ofs_x: 0, ofs_y: 1 }, // U+F8A2
    twine_text::GlyphDsc { bitmap_index: 111230, adv_w: 224, box_w: 3, box_h: 12, ofs_x: 2, ofs_y: -1 }, // U+FF01 '！'
    twine_text::GlyphDsc { bitmap_index: 111248, adv_w: 224, box_w: 6, box_h: 6, ofs_x: 4, ofs_y: 7 }, // U+FF02 '＂'
    twine_text::GlyphDsc { bitmap_index: 111268, adv_w: 224, box_w: 10, box_h: 11, ofs_x: 2, ofs_y: 0 }, // U+FF03 '＃'
    twine_text::GlyphDsc { bitmap_index: 111321, adv_w: 224, box_w: 8, box_h: 15, ofs_x: 3, ofs_y: -2 }, // U+FF04 '＄'
    twine_text::GlyphDsc { bitmap_index: 111377, adv_w: 224, box_w: 12, box_h: 12, ofs_x: 1, ofs_y: -1 }, // U+FF05 '％'
    twine_text::GlyphDsc { bitmap_index: 111449, adv_w: 224, box_w: 10, box_h: 12, ofs_x: 2, ofs_y: -1 }, // U+FF06 '＆'
    twine_text::GlyphDsc { bitmap_index: 111504, adv_w: 224, box_w: 2, box_h: 6, ofs_x: 6, ofs_y: 7 }, // U+FF07 '＇'
    twine_text::GlyphDsc { bitmap_index: 111511, adv_w: 224, box_w: 5, box_h: 14, ofs_x: 9, ofs_y: -2 }, // U+FF08 '（'
    twine_text::GlyphDsc { bitmap_index: 111546, adv_w: 224, box_w: 5, box_h: 14, ofs_x: 0, ofs_y: -2 }, // U+FF09 '）'
    twine_text::GlyphDsc { bitmap_index: 111581, adv_w: 224, box_w: 10, box_h: 12, ofs_x: 2, ofs_y: -1 }, // U+FF0A '＊'
    twine_text::GlyphDsc { bitmap_index: 111632, adv_w: 224, box_w: 12, box_h: 11, ofs_x: 1, ofs_y: 0 }, // U+FF0B '＋'
    twine_text::GlyphDsc { bitmap_index: 111661, adv_w: 224, box_w: 4, box_h: 6, ofs_x: 1, ofs_y: -2 }, // U+FF0C '，'
    twine_text::GlyphDsc { bitmap_index: 111674, adv_w: 224, box_w: 12, box_h: 2, ofs_x: 1, ofs_y: 4 }, // U+FF0D '－'
    twine_text::GlyphDsc { bitmap_index: 111681, adv_w: 224, box_w: 3, box_h: 3, ofs_x: 2, ofs_y: 0 }, // U+FF0E '．'
    twine_text::GlyphDsc { bitmap_index: 111686, adv_w: 224, box_w: 14, box_h: 14, ofs_x: 0, ofs_y: -2 }, // U+FF0F '／'
    twine_text::GlyphDsc { bitmap_index: 111739, adv_w: 224, box_w: 8, box_h: 12, ofs_x: 3, ofs_y: -1 }, // U+FF10 '０'
    twine_text::GlyphDsc { bitmap_index: 111783, adv_w: 224, box_w: 8, box_h: 11, ofs_x: 3, ofs_y: 0 }, // U+FF11 '１'
    twine_text::GlyphDsc { bitmap_index: 111805, adv_w: 224, box_w: 8, box_h: 11, ofs_x: 3, ofs_y: 0 }, // U+FF12 '２'
    twine_text::GlyphDsc { bitmap_index: 111846, adv_w: 224, box_w: 8, box_h: 12, ofs_x: 3, ofs_y: -1 }, // U+FF13 '３'
    twine_text::GlyphDsc { bitmap_index: 111894, adv_w: 224, box_w: 9, box_h: 11, ofs_x: 3, ofs_y: 0 }, // U+FF14 '４'
    twine_text::GlyphDsc { bitmap_index: 111932, adv_w: 224, box_w: 8, box_h: 12, ofs_x: 3, ofs_y: -1 }, // U+FF15 '５'
    twine_text::GlyphDsc { bitmap_index: 111974, adv_w: 224, box_w: 8, box_h: 12, ofs_x: 3, ofs_y: -1 }, // U+FF16 '６'
    twine_text::GlyphDsc { bitmap_index: 112023, adv_w: 224, box_w: 8, box_h: 11, ofs_x: 3, ofs_y: 0 }, // U+FF17 '７'
    twine_text::GlyphDsc { bitmap_index: 112057, adv_w: 224, box_w: 8, box_h: 12, ofs_x: 3, ofs_y: -1 }, // U+FF18 '８'
    twine_text::GlyphDsc { bitmap_index: 112106, adv_w: 224, box_w: 8, box_h: 12, ofs_x: 3, ofs_y: -1 }, // U+FF19 '９'
    twine_text::GlyphDsc { bitmap_index: 112154, adv_w: 224, box_w: 3, box_h: 10, ofs_x: 2, ofs_y: -1 }, // U+FF1A '：'
    twine_text::GlyphDsc { bitmap_index: 112166, adv_w: 224, box_w: 3, box_h: 12, ofs_x: 2, ofs_y: -3 }, // U+FF1B '；'
    twine_text::GlyphDsc { bitmap_index: 112183, adv_w: 224, box_w: 12, box_h: 12, ofs_x: 1, ofs_y: -1 }, // U+FF1C '＜'
    twine_text::GlyphDsc { bitmap_index: 112235, adv_w: 224, box_w: 12, box_h: 5, ofs_x: 1, ofs_y: 3 }, // U+FF1D '＝'
    twine_text::GlyphDsc { bitmap_index: 112251, adv_w: 224, box_w: 12, box_h: 12, ofs_x: 1, ofs_y: -1 }, // U+FF1E '＞'
    twine_text::GlyphDsc { bitmap_index: 112303, adv_w: 224, box_w: 7, box_h: 12, ofs_x: 0, ofs_y: -1 }, // U+FF1F '？'
    twine_text::GlyphDsc { bitmap_index: 112340, adv_w: 224, box_w: 12, box_h: 13, ofs_x: 1, ofs_y: -1 }, // U+FF20 '＠'
    twine_text::GlyphDsc { bitmap_index: 112418, adv_w: 224, box_w: 10, box_h: 11, ofs_x: 2, ofs_y: 0 }, // U+FF21 'Ａ'
    twine_text::GlyphDsc { bitmap_index: 112465, adv_w: 224, box_w: 9, box_h: 11, ofs_x: 3, ofs_y: 0 }, // U+FF22 'Ｂ'
    twine_text::GlyphDsc { bitmap_index: 112510, adv_w: 224, box_w: 10, box_h: 12, ofs_x: 2, ofs_y: -1 }, // U+FF23 'Ｃ'
    twine_text::GlyphDsc { bitmap_index: 112561, adv_w: 224, box_w: 9, box_h: 11, ofs_x: 3, ofs_y: 0 }, // U+FF24 'Ｄ'
    twine_text::GlyphDsc { bitmap_index: 112602, adv_w: 224, box_w: 8, box_h: 11, ofs_x: 3, ofs_y: 0 }, // U+FF25 'Ｅ'
    twine_text::GlyphDsc { bitmap_index: 112632, adv_w: 224, box_w: 7, box_h: 11, ofs_x: 4, ofs_y: 0 }, // U+FF26 'Ｆ'
    twine_text::GlyphDsc { bitmap_index: 112654, adv_w: 224, box_w: 10, box_h: 12, ofs_x: 2, ofs_y: -1 }, // U+FF27 'Ｇ'
    twine_text::GlyphDsc { bitmap_index: 112709, adv_w: 224, box_w: 10, box_h: 11, ofs_x: 2, ofs_y: 0 }, // U+FF28 'Ｈ'
    twine_text::GlyphDsc { bitmap_index: 112734, adv_w: 224, box_w: 8, box_h: 11, ofs_x: 3, ofs_y: 0 }, // U+FF29 'Ｉ'
    twine_text::GlyphDsc { bitmap_index: 112757, adv_w: 224, box_w: 7, box_h: 12, ofs_x: 3, ofs_y: -1 }, // U+FF2A 'Ｊ'
    twine_text::GlyphDsc { bitmap_index: 112777, adv_w: 224, box_w: 9, box_h: 11, ofs_x: 3, ofs_y: 0 }, // U+FF2B 'Ｋ'
    twine_text::GlyphDsc { bitmap_index: 112820, adv_w: 224, box_w: 7, box_h: 11, ofs_x: 4, ofs_y: 0 }, // U+FF2C 'Ｌ'
    twine_text::GlyphDsc { bitmap_index: 112832, adv_w: 224, box_w: 10, box_h: 11, ofs_x: 2, ofs_y: 0 }, // U+FF2D 'Ｍ'
    twine_text::GlyphDsc { bitmap_index: 112879, adv_w: 224, box_w: 10, box_h: 11, ofs_x: 2, ofs_y: 0 }, // U+FF2E 'Ｎ'
    twine_text::GlyphDsc { bitmap_index: 112918, adv_w: 224, box_w: 10, box_h: 12, ofs_x: 2, ofs_y: -1 }, // U+FF2F 'Ｏ'
    twine_text::GlyphDsc { bitmap_index: 112971, adv_w: 224, box_w: 9, box_h: 11, ofs_x: 3, ofs_y: 0 }, // U+FF30 'Ｐ'
    twine_text::GlyphDsc { bitmap_index: 113007, adv_w: 224, box_w: 11, box_h: 14, ofs_x: 2, ofs_y: -3 }, // U+FF31 'Ｑ'
    twine_text::GlyphDsc { bitmap_index: 113072, adv_w: 224, box_w: 9, box_h: 11, ofs_x: 3, ofs_y: 0 }, // U+FF32 'Ｒ'
    twine_text::GlyphDsc { bitmap_index: 113114, adv_w: 224, box_w: 9, box_h: 12, ofs_x: 3, ofs_y: -1 }, // U+FF33 'Ｓ'
    twine_text::GlyphDsc { bitmap_index: 113165, adv_w: 224, box_w: 10, box_h: 11, ofs_x: 2, ofs_y: 0 }, // U+FF34 'Ｔ'
    twine_text::GlyphDsc { bitmap_index: 113182, adv_w: 224, box_w: 10, box_h: 12, ofs_x: 2, ofs_y: -1 }, // U+FF35 'Ｕ'
    twine_text::GlyphDsc { bitmap_index: 113218, adv_w: 224, box_w: 10, box_h: 11, ofs_x: 2, ofs_y: 0 }, // U+FF36 'Ｖ'
    twine_text::GlyphDsc { bitmap_index: 113267, adv_w: 224, box_w: 14, box_h: 11, ofs_x: 0, ofs_y: 0 }, // U+FF37 'Ｗ'
    twine_text::GlyphDsc { bitmap_index: 113342, adv_w: 224, box_w: 10, box_h: 11, ofs_x: 2, ofs_y: 0 }, // U+FF38 'Ｘ'
    twine_text::GlyphDsc { bitmap_index: 113392, adv_w: 224, box_w: 10, box_h: 11, ofs_x: 2, ofs_y: 0 }, // U+FF39 'Ｙ'
    twine_text::GlyphDsc { bitmap_index: 113430, adv_w: 224, box_w: 9, box_h: 11, ofs_x: 3, ofs_y: 0 }, // U+FF3A 'Ｚ'
    twine_text::GlyphDsc { bitmap_index: 113468, adv_w: 224, box_w: 5, box_h: 14, ofs_x: 9, ofs_y: -2 }, // U+FF3B '［'
    twine_text::GlyphDsc { bitmap_index: 113482, adv_w: 224, box_w: 14, box_h: 14, ofs_x: 0, ofs_y: -2 }, // U+FF3C '＼'
    twine_text::GlyphDsc { bitmap_index: 113533, adv_w: 224, box_w: 5, box_h: 14, ofs_x: 0, ofs_y: -2 }, // U+FF3D '］'
    twine_text::GlyphDsc { bitmap_index: 113547, adv_w: 224, box_w: 6, box_h: 3, ofs_x: 4, ofs_y: 11 }, // U+FF3E '＾'
    twine_text::GlyphDsc { bitmap_index: 113557, adv_w: 224, box_w: 14, box_h: 1, ofs_x: 0, ofs_y: -2 }, // U+FF3F '＿'
    twine_text::GlyphDsc { bitmap_index: 113561, adv_w: 224, box_w: 4, box_h: 3, ofs_x: 4, ofs_y: 11 }, // U+FF40 '｀'
    twine_text::GlyphDsc { bitmap_index: 113568, adv_w: 224, box_w: 8, box_h: 9, ofs_x: 3, ofs_y: -1 }, // U+FF41 'ａ'
    twine_text::GlyphDsc { bitmap_index: 113605, adv_w: 224, box_w: 8, box_h: 13, ofs_x: 3, ofs_y: -1 }, // U+FF42 'ｂ'
    twine_text::GlyphDsc { bitmap_index: 113644, adv_w: 224, box_w: 8, box_h: 9, ofs_x: 3, ofs_y: -1 }, // U+FF43 'ｃ'
    twine_text::GlyphDsc { bitmap_index: 113677, adv_w: 224, box_w: 9, box_h: 13, ofs_x: 2, ofs_y: -1 }, // U+FF44 'ｄ'
    twine_text::GlyphDsc { bitmap_index: 113721, adv_w: 224, box_w: 8, box_h: 9, ofs_x: 3, ofs_y: -1 }, // U+FF45 'ｅ'
    twine_text::GlyphDsc { bitmap_index: 113756, adv_w: 224, box_w: 9, box_h: 12, ofs_x: 3, ofs_y: 0 }, // U+FF46 'ｆ'
    twine_text::GlyphDsc { bitmap_index: 113789, adv_w: 224, box_w: 9, box_h: 12, ofs_x: 3, ofs_y: -4 }, // U+FF47 'ｇ'
    twine_text::GlyphDsc { bitmap_index: 113843, adv_w: 224, box_w: 8, box_h: 12, ofs_x: 3, ofs_y: 0 }, // U+FF48 'ｈ'
    twine_text::GlyphDsc { bitmap_index: 113868, adv_w: 224, box_w: 2, box_h: 12, ofs_x: 6, ofs_y: 0 }, // U+FF49 'ｉ'
    twine_text::GlyphDsc { bitmap_index: 113877, adv_w: 224, box_w: 6, box_h: 16, ofs_x: 3, ofs_y: -4 }, // U+FF4A 'ｊ'
    twine_text::GlyphDsc { bitmap_index: 113901, adv_w: 224, box_w: 8, box_h: 12, ofs_x: 4, ofs_y: 0 }, // U+FF4B 'ｋ'
    twine_text::GlyphDsc { bitmap_index: 113934, adv_w: 224, box_w: 5, box_h: 13, ofs_x: 6, ofs_y: -1 }, // U+FF4C 'ｌ'
    twine_text::GlyphDsc { bitmap_index: 113950, adv_w: 224, box_w: 13, box_h: 8, ofs_x: 1, ofs_y: 0 }, // U+FF4D 'ｍ'
    twine_text::GlyphDsc { bitmap_index: 113979, adv_w: 224, box_w: 8, box_h: 8, ofs_x: 3, ofs_y: 0 }, // U+FF4E 'ｎ'
    twine_text::GlyphDsc { bitmap_index: 114001, adv_w: 224, box_w: 8, box_h: 9, ofs_x: 3, ofs_y: -1 }, // U+FF4F 'ｏ'
    twine_text::GlyphDsc { bitmap_index: 114036, adv_w: 224, box_w: 8, box_h: 12, ofs_x: 3, ofs_y: -4 }, // U+FF50 'ｐ'
    twine_text::GlyphDsc { bitmap_index: 114075, adv_w: 224, box_w: 8, box_h: 12, ofs_x: 3, ofs_y: -4 }, // U+FF51 'ｑ'
    twine_text::GlyphDsc { bitmap_index: 114114, adv_w: 224, box_w: 7, box_h: 8, ofs_x: 4, ofs_y: 0 }, // U+FF52 'ｒ'
    twine_text::GlyphDsc { bitmap_index: 114132, adv_w: 224, box_w: 8, box_h: 9, ofs_x: 3, ofs_y: -1 }, // U+FF53 'ｓ'
    twine_text::GlyphDsc { bitmap_index: 114168, adv_w: 224, box_w: 8, box_h: 11, ofs_x: 3, ofs_y: -1 }, // U+FF54 'ｔ'
    twine_text::GlyphDsc { bitmap_index: 114203, adv_w: 224, box_w: 8, box_h: 9, ofs_x: 3, ofs_y: -1 }, // U+FF55 'ｕ'
    twine_text::GlyphDsc { bitmap_index: 114228, adv_w: 224, box_w: 8, box_h: 8, ofs_x: 3, ofs_y: 0 }, // U+FF56 'ｖ'
    twine_text::GlyphDsc { bitmap_index: 114259, adv_w: 224, box_w: 12, box_h: 8, ofs_x: 1, ofs_y: 0 }, // U+FF57 'ｗ'
    twine_text::GlyphDsc { bitmap_index: 114308, adv_w: 224, box_w: 8, box_h: 8, ofs_x: 3, ofs_y: 0 }, // U+FF58 'ｘ'
    twine_text::GlyphDsc { bitmap_index: 114340, adv_w: 224, box_w: 8, box_h: 12, ofs_x: 3, ofs_y: -4 }, // U+FF59 'ｙ'
    twine_text::GlyphDsc { bitmap_index: 114384, adv_w: 224, box_w: 8, box_h: 8, ofs_x: 3, ofs_y: 0 }, // U+FF5A 'ｚ'
    twine_text::GlyphDsc { bitmap_index: 114412, adv_w: 224, box_w: 5, box_h: 14, ofs_x: 9, ofs_y: -2 }, // U+FF5B '｛'
    twine_text::GlyphDsc { bitmap_index: 114443, adv_w: 224, box_w: 2, box_h: 15, ofs_x: 6, ofs_y: -2 }, // U+FF5C '｜'
    twine_text::GlyphDsc { bitmap_index: 114450, adv_w: 224, box_w: 5, box_h: 14, ofs_x: 0, ofs_y: -2 }, // U+FF5D '｝'
    twine_text::GlyphDsc { bitmap_index: 114480, adv_w: 224, box_w: 14, box_h: 5, ofs_x: 0, ofs_y: 3 }, // U+FF5E '～'
];

#[rustfmt::skip]
static SOURCE_HAN_SANS_SC_14_CJK_UNICODE_LIST_1: [u16; 2] = [
    0x0000, 0x1f72,
];

#[rustfmt::skip]
static SOURCE_HAN_SANS_SC_14_CJK_UNICODE_LIST_5: [u16; 2] = [
    0x0000, 0x0003,
];

#[rustfmt::skip]
static SOURCE_HAN_SANS_SC_14_CJK_UNICODE_LIST_7: [u16; 34] = [
    0x0000, 0x0006, 0x0007, 0x0009, 0x0014, 0x0019, 0x0020, 0x002e, 0x0038, 0x003e, 0x0041, 0x0042,
    0x004a, 0x0050, 0x0052, 0x0079, 0x007b, 0x007c, 0x007e, 0x007f, 0x0087, 0x008e, 0x0094, 0x0097,
    0x0099, 0x009f, 0x00ad, 0x00b3, 0x00bd, 0x00be, 0x00c0, 0x00c8, 0x00c9, 0x00cb,
];

#[rustfmt::skip]
static SOURCE_HAN_SANS_SC_14_CJK_UNICODE_LIST_9: [u16; 12] = [
    0x0000, 0x0008, 0x000d, 0x000f, 0x0013, 0x001c, 0x0023, 0x002c, 0x002f, 0x004a, 0x004e, 0x0058,
];

#[rustfmt::skip]
static SOURCE_HAN_SANS_SC_14_CJK_UNICODE_LIST_11: [u16; 36] = [
    0x0000, 0x0002, 0x0006, 0x0009, 0x000d, 0x002c, 0x0033, 0x0038, 0x0048, 0x004a, 0x004e, 0x006c,
    0x006f, 0x008a, 0x008e, 0x009b, 0x00b8, 0x00be, 0x00c6, 0x00cc, 0x00d1, 0x00e9, 0x0107, 0x0109,
    0x0112, 0x0121, 0x0146, 0x0160, 0x0172, 0x017a, 0x017c, 0x0182, 0x01a6, 0x01b1, 0x01d7, 0x01ec,
];

#[rustfmt::skip]
static SOURCE_HAN_SANS_SC_14_CJK_UNICODE_LIST_13: [u16; 7] = [
    0x0000, 0x0001, 0x0003, 0x0005, 0x000a, 0x0012, 0x001d,
];

#[rustfmt::skip]
static SOURCE_HAN_SANS_SC_14_CJK_UNICODE_LIST_16: [u16; 37] = [
    0x0000, 0x0005, 0x0006, 0x0014, 0x0015, 0x0019, 0x001c, 0x0028, 0x002a, 0x003b, 0x0046, 0x005c,
    0x006c, 0x0075, 0x0089, 0x0095, 0x0096, 0x0099, 0x00a6, 0x00ac, 0x00b3, 0x00b4, 0x00b8, 0x00bf,
    0x00c5, 0x00c7, 0x00ca, 0x00d6, 0x00d9, 0x00dc, 0x00ea, 0x0101, 0x0104, 0x0112, 0x012a, 0x012e,
    0x012f,
];

#[rustfmt::skip]
static SOURCE_HAN_SANS_SC_14_CJK_UNICODE_LIST_18: [u16; 35] = [
    0x0000, 0x0016, 0x0022, 0x0026, 0x002a, 0x0031, 0x0042, 0x0052, 0x0063, 0x0064, 0x0088, 0x008d,
    0x008e, 0x0090, 0x0095, 0x0097, 0x009f, 0x00a1, 0x00a4, 0x00a5, 0x00be, 0x00c0, 0x00c8, 0x00e7,
    0x00ec, 0x0100, 0x0108, 0x010f, 0x0110, 0x0115, 0x0117, 0x0118, 0x011a, 0x0123, 0x0124,
];

#[rustfmt::skip]
static SOURCE_HAN_SANS_SC_14_CJK_UNICODE_LIST_20: [u16; 84] = [
    0x0000, 0x0001, 0x0005, 0x0006, 0x0008, 0x0009, 0x000d, 0x000e, 0x0019, 0x001a, 0x001e, 0x0022,
    0x0023, 0x0027, 0x003c, 0x003d, 0x0056, 0x0060, 0x0078, 0x007e, 0x0089, 0x0092, 0x0093, 0x00a2,
    0x00c8, 0x00d7, 0x00f7, 0x0100, 0x015c, 0x0160, 0x0165, 0x017c, 0x019a, 0x019f, 0x01b2, 0x01b3,
    0x01c4, 0x01cc, 0x01e4, 0x0205, 0x0231, 0x02ca, 0x02f1, 0x02f4, 0x02f6, 0x0306, 0x0309, 0x0313,
    0x0321, 0x0323, 0x0328, 0x032e, 0x0335, 0x0339, 0x033e, 0x0346, 0x035d, 0x0360, 0x0366, 0x03a1,
    0x03f5, 0x040d, 0x0410, 0x0447, 0x044a, 0x0460, 0x047f, 0x0499, 0x04ad, 0x04b4, 0x04e0, 0x04e9,
    0x0501, 0x0506, 0x0508, 0x051a, 0x051f, 0x0525, 0x052b, 0x052c, 0x0530, 0x0532, 0x0536, 0x053d,
];

#[rustfmt::skip]
static SOURCE_HAN_SANS_SC_14_CJK_UNICODE_LIST_22: [u16; 34] = [
    0x0000, 0x0003, 0x0019, 0x0023, 0x0029, 0x0045, 0x004b, 0x004f, 0x0054, 0x0059, 0x0085, 0x008b,
    0x008d, 0x009b, 0x009d, 0x00a2, 0x00a6, 0x00ea, 0x012c, 0x0138, 0x0164, 0x018f, 0x019e, 0x01db,
    0x0222, 0x0229, 0x022a, 0x0235, 0x0238, 0x023b, 0x023d, 0x024a, 0x0255, 0x0257,
];

#[rustfmt::skip]
static SOURCE_HAN_SANS_SC_14_CJK_UNICODE_LIST_24: [u16; 1] = [
    0x0000,
];

#[rustfmt::skip]
static SOURCE_HAN_SANS_SC_14_CJK_UNICODE_LIST_26: [u16; 22] = [
    0x0000, 0x0001, 0x0004, 0x0006, 0x0015, 0x0017, 0x0018, 0x001b, 0x0021, 0x0026, 0x0028, 0x002e,
    0x0034, 0x003f, 0x0041, 0x0048, 0x004d, 0x005c, 0x0060, 0x0066, 0x0069, 0x006a,
];

#[rustfmt::skip]
static SOURCE_HAN_SANS_SC_14_CJK_UNICODE_LIST_28: [u16; 202] = [
    0x0000, 0x0009, 0x0013, 0x0020, 0x0029, 0x002f, 0x0034, 0x0039, 0x003a, 0x0044, 0x0054, 0x005b,
    0x0060, 0x00e5, 0x013b, 0x01cc, 0x01cd, 0x01d4, 0x01d5, 0x01dd, 0x01e0, 0x01e1, 0x01f1, 0x01f2,
    0x01f7, 0x01fb, 0x021a, 0x021c, 0x021e, 0x021f, 0x0222, 0x0225, 0x0227, 0x0234, 0x0262, 0x0263,
    0x0267, 0x026d, 0x0272, 0x0275, 0x0284, 0x0286, 0x028b, 0x0295, 0x0296, 0x029a, 0x029c, 0x02a6,
    0x02cf, 0x02e9, 0x02ee, 0x02fe, 0x0304, 0x030e, 0x0320, 0x0324, 0x0326, 0x0342, 0x0351, 0x0360,
    0x0368, 0x036b, 0x036f, 0x0374, 0x0377, 0x037a, 0x037b, 0x0381, 0x0382, 0x0386, 0x038d, 0x0390,
    0x0398, 0x03b2, 0x03b4, 0x03c7, 0x03c8, 0x03da, 0x03e4, 0x03fd, 0x0401, 0x0404, 0x040c, 0x0414,
    0x0416, 0x045e, 0x0497, 0x0499, 0x04a1, 0x04b4, 0x04b9, 0x04e2, 0x04f7, 0x04fe, 0x0509, 0x050a,
    0x050e, 0x053a, 0x0552, 0x0556, 0x055d, 0x05b8, 0x05e7, 0x05ff, 0x0600, 0x0605, 0x0615, 0x061f,
    0x062a, 0x062e, 0x062f, 0x063a, 0x063c, 0x0642, 0x0644, 0x066d, 0x066f, 0x0679, 0x0684, 0x06ab,
    0x06b4, 0x06b8, 0x06ca, 0x06d0, 0x06db, 0x06dc, 0x06ee, 0x06f0, 0x06f6, 0x0708, 0x0744, 0x0757,
    0x0777, 0x0781, 0x078a, 0x0790, 0x0791, 0x0794, 0x0796, 0x0797, 0x07be, 0x07bf, 0x07ca, 0x07dd,
    0x07e9, 0x0829, 0x08b0, 0x08b6, 0x08c3, 0x08c9, 0x091e, 0x0928, 0x092d, 0x092e, 0x0934, 0x0937,
    0x0946, 0x0948, 0x0951, 0x095f, 0x0963, 0x0976, 0x0988, 0x099c, 0x099f, 0x09a6, 0x09a8, 0x09ab,
    0x09ac, 0x09b0, 0x09b4, 0x09be, 0x09d1, 0x09d4, 0x09d5, 0x09d8, 0x09e5, 0x09f6, 0x09fd, 0x0a02,
    0x0a03, 0x0a0e, 0x0a0f, 0x0a14, 0x0a17, 0x0a1e, 0x0a2b, 0x0a31, 0x0a58, 0x0a5d, 0x0a5e, 0x0a63,
    0x0a69, 0x0a76, 0x0a80, 0x0a85, 0x0a86, 0x0ab6, 0x0acb, 0x0ae1, 0x0ae3, 0x0ae7,
];

#[rustfmt::skip]
static SOURCE_HAN_SANS_SC_14_CJK_UNICODE_LIST_30: [u16; 9] = [
    0x0000, 0x0005, 0x0006, 0x0008, 0x000a, 0x0018, 0x001a, 0x001c, 0x0025,
];

#[rustfmt::skip]
static SOURCE_HAN_SANS_SC_14_CJK_UNICODE_LIST_32: [u16; 47] = [
    0x0000, 0x0016, 0x0017, 0x0025, 0x0027, 0x002b, 0x0035, 0x0037, 0x0056, 0x005d, 0x0062, 0x0096,
    0x00ab, 0x00b7, 0x00c1, 0x00c5, 0x00d7, 0x00e7, 0x00f0, 0x00ff, 0x0102, 0x0109, 0x010e, 0x0163,
    0x0176, 0x01b4, 0x01d3, 0x01e2, 0x0220, 0x0233, 0x023b, 0x0243, 0x0248, 0x0291, 0x029e, 0x02c8,
    0x02df, 0x02e7, 0x02e9, 0x02f0, 0x02ff, 0x0311, 0x0325, 0x03e7, 0x03f8, 0x0412, 0x0416,
];

#[rustfmt::skip]
static SOURCE_HAN_SANS_SC_14_CJK_UNICODE_LIST_34: [u16; 9] = [
    0x0000, 0x0006, 0x0009, 0x000a, 0x000e, 0x0012, 0x0021, 0x0022, 0x004c,
];

#[rustfmt::skip]
static SOURCE_HAN_SANS_SC_14_CJK_UNICODE_LIST_36: [u16; 38] = [
    0x0000, 0x0007, 0x003b, 0x003d, 0x0040, 0x0043, 0x0060, 0x0063, 0x0064, 0x006e, 0x0086, 0x008c,
    0x00a6, 0x00b4, 0x00be, 0x00e5, 0x00e7, 0x00ed, 0x00f6, 0x0101, 0x010e, 0x010f, 0x0114, 0x011f,
    0x0137, 0x0143, 0x015e, 0x0167, 0x016a, 0x016d, 0x0171, 0x01a0, 0x01a3, 0x01b4, 0x01e8, 0x021d,
    0x0223, 0x0231,
];

#[rustfmt::skip]
static SOURCE_HAN_SANS_SC_14_CJK_UNICODE_LIST_38: [u16; 69] = [
    0x0000, 0x0006, 0x000e, 0x0014, 0x003b, 0x0075, 0x007b, 0x0082, 0x00c6, 0x00e4, 0x0107, 0x011d,
    0x01a8, 0x01c4, 0x0248, 0x0250, 0x0262, 0x029e, 0x029f, 0x0306, 0x031b, 0x033e, 0x0396, 0x03c4,
    0x0412, 0x041b, 0x041d, 0x042c, 0x0440, 0x0445, 0x044e, 0x045e, 0x0491, 0x0494, 0x049b, 0x04a5,
    0x04d1, 0x04d2, 0x0510, 0x0524, 0x0557, 0x058e, 0x05e3, 0x05e8, 0x05eb, 0x0695, 0x06fd, 0x06ff,
    0x0704, 0x0707, 0x0708, 0x070d, 0x0715, 0x0716, 0x0718, 0x071a, 0x071c, 0x071f, 0x0720, 0x0731,
    0x073e, 0x074f, 0x0750, 0x0755, 0x075b, 0x0797, 0x07aa, 0x07c0, 0x085f,
];

#[rustfmt::skip]
static SOURCE_HAN_SANS_SC_14_CJK_UNICODE_LIST_40: [u16; 123] = [
    0x0000, 0x0002, 0x003b, 0x0053, 0x006a, 0x0070, 0x0074, 0x0087, 0x009b, 0x009c, 0x00ba, 0x00bc,
    0x0161, 0x0169, 0x016f, 0x017e, 0x0190, 0x01b0, 0x0236, 0x02b6, 0x02b8, 0x02ba, 0x02d2, 0x02d9,
    0x02da, 0x02e9, 0x02fd, 0x033c, 0x033d, 0x0347, 0x0349, 0x034d, 0x0354, 0x0377, 0x0387, 0x03aa,
    0x03c9, 0x03f2, 0x03f6, 0x040f, 0x0447, 0x0455, 0x0461, 0x046b, 0x048d, 0x04a2, 0x04a8, 0x04c2,
    0x04c5, 0x04d0, 0x04d2, 0x0513, 0x051d, 0x053c, 0x0540, 0x059d, 0x05ef, 0x063a, 0x0652, 0x0677,
    0x067c, 0x0680, 0x0695, 0x069c, 0x06ac, 0x06b5, 0x06be, 0x06c0, 0x06c8, 0x06cc, 0x06dd, 0x06e2,
    0x06ed, 0x06f1, 0x070f, 0x0716, 0x0729, 0x072e, 0x074d, 0x074e, 0x0756, 0x075c, 0x0765, 0x0770,
    0x07b9, 0x07ba, 0x07d0, 0x07ec, 0x07f8, 0x0808, 0x085b, 0x08b6, 0x08ea, 0x090a, 0x0925, 0x094e,
    0x097d, 0x097f, 0x0981, 0x0988, 0x09af, 0x09da, 0x09eb, 0x09ee, 0x09f3, 0x09f9, 0x0a05, 0x0a25,
    0x0a2b, 0x0a2e, 0x0a48, 0x0a74, 0x0a79, 0x0aad, 0x0ac6, 0x0ad1, 0x0ae2, 0x0aec, 0x0b19, 0x0b45,
    0x0b66, 0x0b6f, 0x0b76,
];

#[rustfmt::skip]
static SOURCE_HAN_SANS_SC_14_CJK_UNICODE_LIST_42: [u16; 59] = [
    0x0000, 0x0002, 0x000f, 0x0045, 0x0048, 0x0058, 0x0068, 0x0087, 0x00bb, 0x00bc, 0x00c7, 0x010c,
    0x014d, 0x01a9, 0x01b2, 0x0213, 0x021f, 0x022d, 0x030b, 0x035a, 0x0382, 0x03b3, 0x03dd, 0x042b,
    0x04c6, 0x0622, 0x0629, 0x063e, 0x0681, 0x06a5, 0x06b2, 0x06b7, 0x06d3, 0x06dd, 0x0755, 0x0757,
    0x0761, 0x0765, 0x076c, 0x0770, 0x0780, 0x0790, 0x0796, 0x07a8, 0x07b9, 0x07bc, 0x07d6, 0x07de,
    0x07e0, 0x07e4, 0x07e9, 0x07ee, 0x0800, 0x0803, 0x0807, 0x0809, 0x080a, 0x082b, 0x083c,
];

#[rustfmt::skip]
static SOURCE_HAN_SANS_SC_14_CJK_UNICODE_LIST_44: [u16; 89] = [
    0x0000, 0x0001, 0x0009, 0x000c, 0x0012, 0x001e, 0x0020, 0x0021, 0x0024, 0x0026, 0x0033, 0x003b,
    0x003f, 0x004a, 0x006c, 0x0076, 0x008f, 0x0091, 0x00cc, 0x00e4, 0x00eb, 0x00fe, 0x0107, 0x0115,
    0x0152, 0x01ab, 0x01c4, 0x01d5, 0x0214, 0x0215, 0x021b, 0x021d, 0x0220, 0x022b, 0x022c, 0x022f,
    0x0233, 0x0237, 0x023b, 0x025e, 0x0271, 0x02ad, 0x02d8, 0x02e4, 0x02eb, 0x02f9, 0x02fe, 0x0317,
    0x0327, 0x0353, 0x0363, 0x041f, 0x043e, 0x0453, 0x0456, 0x0471, 0x0477, 0x047d, 0x0489, 0x049e,
    0x04ac, 0x050f, 0x0512, 0x051a, 0x0526, 0x052e, 0x0530, 0x0542, 0x0545, 0x0548, 0x055f, 0x0571,
    0x0574, 0x0575, 0x0577, 0x0583, 0x0584, 0x058d, 0x058e, 0x0593, 0x0594, 0x0597, 0x05a2, 0x05a5,
    0x05a6, 0x05b9, 0x05be, 0x05bf, 0x05c2,
];

#[rustfmt::skip]
static SOURCE_HAN_SANS_SC_14_CJK_UNICODE_LIST_46: [u16; 16] = [
    0x0000, 0x0009, 0x0018, 0x001f, 0x0024, 0x002a, 0x0043, 0x004a, 0x0088, 0x0095, 0x009d, 0x00ed,
    0x00f2, 0x00f4, 0x0118, 0x014b,
];

#[rustfmt::skip]
static SOURCE_HAN_SANS_SC_14_CJK_UNICODE_LIST_48: [u16; 91] = [
    0x0000, 0x000c, 0x0073, 0x008a, 0x00af, 0x0151, 0x015e, 0x0161, 0x03a6, 0x03b8, 0x03ba, 0x03c2,
    0x03d1, 0x040b, 0x041f, 0x0462, 0x0473, 0x047c, 0x047f, 0x0491, 0x0493, 0x04a7, 0x04ac, 0x04bd,
    0x04ca, 0x04cb, 0x04d2, 0x04d7, 0x04ea, 0x04f5, 0x0500, 0x0505, 0x0508, 0x0511, 0x0512, 0x0517,
    0x0519, 0x0521, 0x052a, 0x052f, 0x0536, 0x054b, 0x0561, 0x0581, 0x0588, 0x058d, 0x0591, 0x0598,
    0x05a3, 0x0622, 0x062e, 0x0632, 0x0634, 0x0637, 0x0646, 0x0647, 0x065c, 0x066b, 0x067b, 0x0683,
    0x0687, 0x068d, 0x069e, 0x06d7, 0x070a, 0x070e, 0x071e, 0x0721, 0x0757, 0x07c5, 0x07c8, 0x07f3,
    0x07f4, 0x0841, 0x0842, 0x0886, 0x0903, 0x0907, 0x0919, 0x0989, 0x0b14, 0x0cc6, 0x0ceb, 0x0cf3,
    0x0d01, 0x0d0d, 0x0d17, 0x0d42, 0x0d6a, 0x5e30, 0x5e37,
];

#[rustfmt::skip]
static SOURCE_HAN_SANS_SC_14_CJK_UNICODE_LIST_50: [u16; 6] = [
    0x0000, 0x0002, 0x0004, 0x0008, 0x000b, 0x0010,
];

#[rustfmt::skip]
static SOURCE_HAN_SANS_SC_14_CJK_UNICODE_LIST_52: [u16; 3] = [
    0x0000, 0x0005, 0x000a,
];

#[rustfmt::skip]
static SOURCE_HAN_SANS_SC_14_CJK_UNICODE_LIST_55: [u16; 6] = [
    0x0000, 0x0001, 0x0007, 0x0009, 0x000a, 0x000d,
];

#[rustfmt::skip]
static SOURCE_HAN_SANS_SC_14_CJK_UNICODE_LIST_57: [u16; 15] = [
    0x0000, 0x0018, 0x001a, 0x0049, 0x004a, 0x004c, 0x004e, 0x0065, 0x006c, 0x006f, 0x0078, 0x00a1,
    0x00a9, 0x00e0, 0x0170,
];

#[rustfmt::skip]
static SOURCE_HAN_SANS_SC_14_CJK_UNICODE_LIST_59: [u16; 7] = [
    0x0000, 0x000c, 0x0066, 0x007d, 0x02d3, 0x053b, 0x061b,
];

#[rustfmt::skip]
static SOURCE_HAN_SANS_SC_14_CJK_CMAPS: [twine_text::Cmap; 61] = [
    twine_text::Cmap { range_start: 0x20, range_length: 95, glyph_id_start: 1, unicode_list: &[], glyph_id_ofs_list: twine_text::GlyphIdOfs::None, kind: twine_text::CmapKind::Format0Tiny },
    twine_text::Cmap { range_start: 0xb0, range_length: 8051, glyph_id_start: 96, unicode_list: &SOURCE_HAN_SANS_SC_14_CJK_UNICODE_LIST_1, glyph_id_ofs_list: twine_text::GlyphIdOfs::None, kind: twine_text::CmapKind::SparseTiny },
    twine_text::Cmap { range_start: 0x3000, range_length: 64, glyph_id_start: 98, unicode_list: &[], glyph_id_ofs_list: twine_text::GlyphIdOfs::None, kind: twine_text::CmapKind::Format0Tiny },
    twine_text::Cmap { range_start: 0x3041, range_length: 86, glyph_id_start: 162, unicode_list: &[], glyph_id_ofs_list: twine_text::GlyphIdOfs::None, kind: twine_text::CmapKind::Format0Tiny },
    twine_text::Cmap { range_start: 0x3099, range_length: 103, glyph_id_start: 248, unicode_list: &[], glyph_id_ofs_list: twine_text::GlyphIdOfs::None, kind: twine_text::CmapKind::Format0Tiny },
    twine_text::Cmap { range_start: 0x4e00, range_length: 4, glyph_id_start: 351, unicode_list: &SOURCE_HAN_SANS_SC_14_CJK_UNICODE_LIST_5, glyph_id_ofs_list: twine_text::GlyphIdOfs::None, kind: twine_text::CmapKind::SparseTiny },
    twine_text::Cmap { range_start: 0x4e07, range_length: 5, glyph_id_start: 353, unicode_list: &[], glyph_id_ofs_list: twine_text::GlyphIdOfs::None, kind: twine_text::CmapKind::Format0Tiny },
    twine_text::Cmap { range_start: 0x4e0d, range_length: 204, glyph_id_start: 358, unicode_list: &SOURCE_HAN_SANS_SC_14_CJK_UNICODE_LIST_7, glyph_id_ofs_list: twine_text::GlyphIdOfs::None, kind: twine_text::CmapKind::SparseTiny },
    twine_text::Cmap { range_start: 0x4ee3, range_length: 3, glyph_id_start: 392, unicode_list: &[], glyph_id_ofs_list: twine_text::GlyphIdOfs::None, kind: twine_text::CmapKind::Format0Tiny },
    twine_text::Cmap { range_start: 0x4eee, range_length: 89, glyph_id_start: 395, unicode_list: &SOURCE_HAN_SANS_SC_14_CJK_UNICODE_LIST_9, glyph_id_ofs_list: twine_text::GlyphIdOfs::None, kind: twine_text::CmapKind::SparseTiny },
    twine_text::Cmap { range_start: 0x4f4d, range_length: 3, glyph_id_start: 407, unicode_list: &[], glyph_id_ofs_list: twine_text::GlyphIdOfs::None, kind: twine_text::CmapKind::Format0Tiny },
    twine_text::Cmap { range_start: 0x4f53, range_length: 493, glyph_id_start: 410, unicode_list: &SOURCE_HAN_SANS_SC_14_CJK_UNICODE_LIST_11, glyph_id_ofs_list: twine_text::GlyphIdOfs::None, kind: twine_text::CmapKind::SparseTiny },
    twine_text::Cmap { range_start: 0x5143, range_length: 3, glyph_id_start: 446, unicode_list: &[], glyph_id_ofs_list: twine_text::GlyphIdOfs::None, kind: twine_text::CmapKind::Format0Tiny },
    twine_text::Cmap { range_start: 0x5148, range_length: 30, glyph_id_start: 449, unicode_list: &SOURCE_HAN_SANS_SC_14_CJK_UNICODE_LIST_13, glyph_id_ofs_list: twine_text::GlyphIdOfs::None, kind: twine_text::CmapKind::SparseTiny },
    twine_text::Cmap { range_start: 0x5167, range_length: 3, glyph_id_start: 456, unicode_list: &[], glyph_id_ofs_list: twine_text::GlyphIdOfs::None, kind: twine_text::CmapKind::Format0Tiny },
    twine_text::Cmap { range_start: 0x516b, range_length: 3, glyph_id_start: 459, unicode_list: &[], glyph_id_ofs_list: twine_text::GlyphIdOfs::None, kind: twine_text::CmapKind::Format0Tiny },
    twine_text::Cmap { range_start: 0x5171, range_length: 304, glyph_id_start: 462, unicode_list: &SOURCE_HAN_SANS_SC_14_CJK_UNICODE_LIST_16, glyph_id_ofs_list: twine_text::GlyphIdOfs::None, kind: twine_text::CmapKind::SparseTiny },
    twine_text::Cmap { range_start: 0x52a8, range_length: 3, glyph_id_start: 499, unicode_list: &[], glyph_id_ofs_list: twine_text::GlyphIdOfs::None, kind: twine_text::CmapKind::Format0Tiny },
    twine_text::Cmap { range_start: 0x52b3, range_length: 293, glyph_id_start: 502, unicode_list: &SOURCE_HAN_SANS_SC_14_CJK_UNICODE_LIST_18, glyph_id_ofs_list: twine_text::GlyphIdOfs::None, kind: twine_text::CmapKind::SparseTiny },
    twine_text::Cmap { range_start: 0x53e3, range_length: 4, glyph_id_start: 537, unicode_list: &[], glyph_id_ofs_list: twine_text::GlyphIdOfs::None, kind: twine_text::CmapKind::Format0Tiny },
    twine_text::Cmap { range_start: 0x53ea, range_length: 1342, glyph_id_start: 541, unicode_list: &SOURCE_HAN_SANS_SC_14_CJK_UNICODE_LIST_20, glyph_id_ofs_list: twine_text::GlyphIdOfs::None, kind: twine_text::CmapKind::SparseTiny },
    twine_text::Cmap { range_start: 0x5929, range_length: 3, glyph_id_start: 625, unicode_list: &[], glyph_id_ofs_list: twine_text::GlyphIdOfs::None, kind: twine_text::CmapKind::Format0Tiny },
    twine_text::Cmap { range_start: 0x592e, range_length: 600, glyph_id_start: 628, unicode_list: &SOURCE_HAN_SANS_SC_14_CJK_UNICODE_LIST_22, glyph_id_ofs_list: twine_text::GlyphIdOfs::None, kind: twine_text::CmapKind::SparseTiny },
    twine_text::Cmap { range_start: 0x5b87, range_length: 3, glyph_id_start: 662, unicode_list: &[], glyph_id_ofs_list: twine_text::GlyphIdOfs::None, kind: twine_text::CmapKind::Format0Tiny },
    twine_text::Cmap { range_start: 0x5b8c, range_length: 1, glyph_id_start: 665, unicode_list: &SOURCE_HAN_SANS_SC_14_CJK_UNICODE_LIST_24, glyph_id_ofs_list: twine_text::GlyphIdOfs::None, kind: twine_text::CmapKind::SparseTiny },
    twine_text::Cmap { range_start: 0x5b98, range_length: 3, glyph_id_start: 666, unicode_list: &[], glyph_id_ofs_list: twine_text::GlyphIdOfs::None, kind: twine_text::CmapKind::Format0Tiny },
    twine_text::Cmap { range_start: 0x5b9e, range_length: 107, glyph_id_start: 669, unicode_list: &SOURCE_HAN_SANS_SC_14_CJK_UNICODE_LIST_26, glyph_id_ofs_list: twine_text::GlyphIdOfs::None, kind: twine_text::CmapKind::SparseTiny },
    twine_text::Cmap { range_start: 0x5c0d, range_length: 3, glyph_id_start: 691, unicode_list: &[], glyph_id_ofs_list: twine_text::GlyphIdOfs::None, kind: twine_text::CmapKind::Format0Tiny },
    twine_text::Cmap { range_start: 0x5c11, range_length: 2792, glyph_id_start: 694, unicode_list: &SOURCE_HAN_SANS_SC_14_CJK_UNICODE_LIST_28, glyph_id_ofs_list: twine_text::GlyphIdOfs::None, kind: twine_text::CmapKind::SparseTiny },
    twine_text::Cmap { range_start: 0x66fe, range_length: 3, glyph_id_start: 896, unicode_list: &[], glyph_id_ofs_list: twine_text::GlyphIdOfs::None, kind: twine_text::CmapKind::Format0Tiny },
    twine_text::Cmap { range_start: 0x6703, range_length: 38, glyph_id_start: 899, unicode_list: &SOURCE_HAN_SANS_SC_14_CJK_UNICODE_LIST_30, glyph_id_ofs_list: twine_text::GlyphIdOfs::None, kind: twine_text::CmapKind::SparseTiny },
    twine_text::Cmap { range_start: 0x672a, range_length: 4, glyph_id_start: 908, unicode_list: &[], glyph_id_ofs_list: twine_text::GlyphIdOfs::None, kind: twine_text::CmapKind::Format0Tiny },
    twine_text::Cmap { range_start: 0x673a, range_length: 1047, glyph_id_start: 912, unicode_list: &SOURCE_HAN_SANS_SC_14_CJK_UNICODE_LIST_32, glyph_id_ofs_list: twine_text::GlyphIdOfs::None, kind: twine_text::CmapKind::SparseTiny },
    twine_text::Cmap { range_start: 0x6b61, range_length: 5, glyph_id_start: 959, unicode_list: &[], glyph_id_ofs_list: twine_text::GlyphIdOfs::None, kind: twine_text::CmapKind::Format0Tiny },
    twine_text::Cmap { range_start: 0x6b69, range_length: 77, glyph_id_start: 964, unicode_list: &SOURCE_HAN_SANS_SC_14_CJK_UNICODE_LIST_34, glyph_id_ofs_list: twine_text::GlyphIdOfs::None, kind: twine_text::CmapKind::SparseTiny },
    twine_text::Cmap { range_start: 0x6bcd, range_length: 3, glyph_id_start: 973, unicode_list: &[], glyph_id_ofs_list: twine_text::GlyphIdOfs::None, kind: twine_text::CmapKind::Format0Tiny },
    twine_text::Cmap { range_start: 0x6bd4, range_length: 562, glyph_id_start: 976, unicode_list: &SOURCE_HAN_SANS_SC_14_CJK_UNICODE_LIST_36, glyph_id_ofs_list: twine_text::GlyphIdOfs::None, kind: twine_text::CmapKind::SparseTiny },
    twine_text::Cmap { range_start: 0x6e07, range_length: 3, glyph_id_start: 1014, unicode_list: &[], glyph_id_ofs_list: twine_text::GlyphIdOfs::None, kind: twine_text::CmapKind::Format0Tiny },
    twine_text::Cmap { range_start: 0x6e1b, range_length: 2144, glyph_id_start: 1017, unicode_list: &SOURCE_HAN_SANS_SC_14_CJK_UNICODE_LIST_38, glyph_id_ofs_list: twine_text::GlyphIdOfs::None, kind: twine_text::CmapKind::SparseTiny },
    twine_text::Cmap { range_start: 0x767c, range_length: 3, glyph_id_start: 1086, unicode_list: &[], glyph_id_ofs_list: twine_text::GlyphIdOfs::None, kind: twine_text::CmapKind::Format0Tiny },
    twine_text::Cmap { range_start: 0x7684, range_length: 2935, glyph_id_start: 1089, unicode_list: &SOURCE_HAN_SANS_SC_14_CJK_UNICODE_LIST_40, glyph_id_ofs_list: twine_text::GlyphIdOfs::None, kind: twine_text::CmapKind::SparseTiny },
    twine_text::Cmap { range_start: 0x8207, range_length: 3, glyph_id_start: 1212, unicode_list: &[], glyph_id_ofs_list: twine_text::GlyphIdOfs::None, kind: twine_text::CmapKind::Format0Tiny },
    twine_text::Cmap { range_start: 0x822a, range_length: 2109, glyph_id_start: 1215, unicode_list: &SOURCE_HAN_SANS_SC_14_CJK_UNICODE_LIST_42, glyph_id_ofs_list: twine_text::GlyphIdOfs::None, kind: twine_text::CmapKind::SparseTiny },
    twine_text::Cmap { range_start: 0x8a71, range_length: 3, glyph_id_start: 1274, unicode_list: &[], glyph_id_ofs_list: twine_text::GlyphIdOfs::None, kind: twine_text::CmapKind::Format0Tiny },
    twine_text::Cmap { range_start: 0x8a8c, range_length: 1475, glyph_id_start: 1277, unicode_list: &SOURCE_HAN_SANS_SC_14_CJK_UNICODE_LIST_44, glyph_id_ofs_list: twine_text::GlyphIdOfs::None, kind: twine_text::CmapKind::SparseTiny },
    twine_text::Cmap { range_start: 0x9053, range_length: 3, glyph_id_start: 1366, unicode_list: &[], glyph_id_ofs_list: twine_text::GlyphIdOfs::None, kind: twine_text::CmapKind::Format0Tiny },
    twine_text::Cmap { range_start: 0x9060, range_length: 332, glyph_id_start: 1369, unicode_list: &SOURCE_HAN_SANS_SC_14_CJK_UNICODE_LIST_46, glyph_id_ofs_list: twine_text::GlyphIdOfs::None, kind: twine_text::CmapKind::SparseTiny },
    twine_text::Cmap { range_start: 0x91cd, range_length: 3, glyph_id_start: 1385, unicode_list: &[], glyph_id_ofs_list: twine_text::GlyphIdOfs::None, kind: twine_text::CmapKind::Format0Tiny },
    twine_text::Cmap { range_start: 0x91d1, range_length: 24120, glyph_id_start: 1388, unicode_list: &SOURCE_HAN_SANS_SC_14_CJK_UNICODE_LIST_48, glyph_id_ofs_list: twine_text::GlyphIdOfs::None, kind: twine_text::CmapKind::SparseTiny },
    twine_text::Cmap { range_start: 0xf00b, range_length: 3, glyph_id_start: 1479, unicode_list: &[], glyph_id_ofs_list: twine_text::GlyphIdOfs::None, kind: twine_text::CmapKind::Format0Tiny },
    twine_text::Cmap { range_start: 0xf011, range_length: 17, glyph_id_start: 1482, unicode_list: &SOURCE_HAN_SANS_SC_14_CJK_UNICODE_LIST_50, glyph_id_ofs_list: twine_text::GlyphIdOfs::None, kind: twine_text::CmapKind::SparseTiny },
    twine_text::Cmap { range_start: 0xf026, range_length: 3, glyph_id_start: 1488, unicode_list: &[], glyph_id_ofs_list: twine_text::GlyphIdOfs::None, kind: twine_text::CmapKind::Format0Tiny },
    twine_text::Cmap { range_start: 0xf03e, range_length: 11, glyph_id_start: 1491, unicode_list: &SOURCE_HAN_SANS_SC_14_CJK_UNICODE_LIST_52, glyph_id_ofs_list: twine_text::GlyphIdOfs::None, kind: twine_text::CmapKind::SparseTiny },
    twine_text::Cmap { range_start: 0xf04b, range_length: 3, glyph_id_start: 1494, unicode_list: &[], glyph_id_ofs_list: twine_text::GlyphIdOfs::None, kind: twine_text::CmapKind::Format0Tiny },
    twine_text::Cmap { range_start: 0xf051, range_length: 4, glyph_id_start: 1497, unicode_list: &[], glyph_id_ofs_list: twine_text::GlyphIdOfs::None, kind: twine_text::CmapKind::Format0Tiny },
    twine_text::Cmap { range_start: 0xf067, range_length: 14, glyph_id_start: 1501, unicode_list: &SOURCE_HAN_SANS_SC_14_CJK_UNICODE_LIST_55, glyph_id_ofs_list: twine_text::GlyphIdOfs::None, kind: twine_text::CmapKind::SparseTiny },
    twine_text::Cmap { range_start: 0xf077, range_length: 3, glyph_id_start: 1507, unicode_list: &[], glyph_id_ofs_list: twine_text::GlyphIdOfs::None, kind: twine_text::CmapKind::Format0Tiny },
    twine_text::Cmap { range_start: 0xf07b, range_length: 369, glyph_id_start: 1510, unicode_list: &SOURCE_HAN_SANS_SC_14_CJK_UNICODE_LIST_57, glyph_id_ofs_list: twine_text::GlyphIdOfs::None, kind: twine_text::CmapKind::SparseTiny },
    twine_text::Cmap { range_start: 0xf240, range_length: 5, glyph_id_start: 1525, unicode_list: &[], glyph_id_ofs_list: twine_text::GlyphIdOfs::None, kind: twine_text::CmapKind::Format0Tiny },
    twine_text::Cmap { range_start: 0xf287, range_length: 1564, glyph_id_start: 1530, unicode_list: &SOURCE_HAN_SANS_SC_14_CJK_UNICODE_LIST_59, glyph_id_ofs_list: twine_text::GlyphIdOfs::None, kind: twine_text::CmapKind::SparseTiny },
    twine_text::Cmap { range_start: 0xff01, range_length: 94, glyph_id_start: 1537, unicode_list: &[], glyph_id_ofs_list: twine_text::GlyphIdOfs::None, kind: twine_text::CmapKind::Format0Tiny },
];

static SOURCE_HAN_SANS_SC_14_CJK_DATA: twine_text::BitmapFont = twine_text::BitmapFont {
    bpp: 4,
    bitmap: &SOURCE_HAN_SANS_SC_14_CJK_BITMAP,
    glyphs: &SOURCE_HAN_SANS_SC_14_CJK_GLYPHS,
    cmaps: &SOURCE_HAN_SANS_SC_14_CJK_CMAPS,
    kern: twine_text::Kern::None,
    kern_scale: 16,
    format: twine_text::BitmapFormat::Compressed,
};

/// SourceHanSansCN-Regular.otf at 14 px, 4 bpp, 1630 glyphs (line height 22 px).
pub static SOURCE_HAN_SANS_SC_14_CJK: twine_text::Font = twine_text::Font {
    line_height: 22,
    base_line: 5,
    underline_position: -2,
    underline_thickness: 1,
    provider: &SOURCE_HAN_SANS_SC_14_CJK_DATA,
    fallback: None,
    subpx: twine_text::Subpx::None,
};
